사고번호,사고일시,요일,시군구,사고내용,사망자수,중상자수,경상자수,부상신고자수,사고유형,법규위반,노면상태,기상상태,도로형태,가해운전자 차종,가해운전자 성별,가해운전자 연령,가해운전자 상해정도,피해운전자 차종,피해운전자 성별,피해운전자 연령,피해운전자 상해정도
2018010500100386,2018년 1월 5일 18시,금요일,경상남도 창원시 마산합포구 월남동1가,경상사고,0,0,1,0,차대차 - 측면충돌,신호위반,건조,맑음,교차로 - 교차로안,이륜,남,29세,경상,승용,여,22세,상해없음
2018010500100387,2018년 1월 5일 18시,금요일,경상남도 창원시 진해구 충무동,경상사고,0,0,1,0,차대차 - 추돌,안전운전불이행,건조,맑음,단일로 - 기타,승용,남,73세,상해없음,원동기,남,43세,경상
2018010500100388,2018년 1월 5일 18시,금요일,경상남도 사천시 사천읍,중상사고,0,1,0,0,차대차 - 측면충돌,안전운전불이행,건조,맑음,교차로 - 교차로부근,화물,남,51세,상해없음,자전거,남,18세,중상
2018010500100389,2018년 1월 5일 18시,금요일,경상남도 밀양시 산외면,사망사고,1,0,0,0,차대사람 - 횡단중,안전운전불이행,건조,맑음,단일로 - 기타,승용,여,56세,상해없음,보행자,여,67세,사망
2018010500100390,2018년 1월 5일 18시,금요일,경상남도 창녕군 영산면,중상사고,0,1,0,0,차대사람 - 횡단중,보행자보호의무위반,건조,맑음,교차로 - 교차로부근,승용,남,48세,상해없음,보행자,여,70세,중상
2018010500100391,2018년 1월 5일 18시,금요일,경상남도 양산시 중부동,경상사고,0,0,3,0,차대차 - 측면충돌,안전운전불이행,건조,맑음,단일로 - 기타,원동기,남,21세,경상,승용,여,34세,경상
2018010500100392,2018년 1월 5일 18시,금요일,경상남도 거제시 아주동,중상사고,0,1,1,0,차대차 - 추돌,안전운전불이행,건조,맑음,단일로 - 터널,화물,남,51세,상해없음,화물,남,46세,경상
2018010500100464,2018년 1월 5일 20시,금요일,경상남도 김해시 동상동,중상사고,0,1,0,0,차대사람 - 횡단중,보행자보호의무위반,건조,맑음,교차로 - 교차로횡단보도내,승용,남,52세,상해없음,보행자,남,57세,중상
2018010600100034,2018년 1월 6일 01시,토요일,경상남도 창원시 마산합포구 현동,부상신고사고,0,0,0,1,차량단독 - 전도전복 - 전도,안전운전불이행,건조,맑음,교차로 - 교차로부근,이륜,남,19세,부상신고,미분류,미분류,미분류,미분류
2018010600100064,2018년 1월 6일 03시,토요일,경상남도 창원시 성산구 남산동,경상사고,0,0,2,0,차대차 - 추돌,안전운전불이행,건조,맑음,단일로 - 기타,승용,남,38세,상해없음,승용,남,56세,경상
2018010600100143,2018년 1월 6일 09시,토요일,경상남도 창원시 의창구 동읍,경상사고,0,0,1,0,차대차 - 기타,안전운전불이행,건조,맑음,단일로 - 기타,승용,남,37세,상해없음,승합,남,60세,경상
2018010600100245,2018년 1월 6일 13시,토요일,경상남도 진주시 봉곡동,중상사고,0,2,0,0,차대사람 - 횡단중,보행자보호의무위반,건조,맑음,단일로 - 기타,승용,여,44세,상해없음,보행자,여,20세,중상
2018010600100275,2018년 1월 6일 14시,토요일,경상남도 통영시 봉평동,경상사고,0,0,1,0,차대사람 - 횡단중,안전운전불이행,건조,맑음,단일로 - 기타,승용,남,48세,상해없음,보행자,여,64세,경상
2018010600100276,2018년 1월 6일 14시,토요일,경상남도 사천시 선구동,경상사고,0,0,4,0,차대차 - 측면충돌,직진우회전진행방해,건조,맑음,교차로 - 교차로안,승용,여,45세,경상,이륜,남,44세,경상
2018010600100277,2018년 1월 6일 14시,토요일,경상남도 창원시 성산구 귀곡동,경상사고,0,0,4,0,차대차 - 추돌,안전운전불이행,건조,맑음,단일로 - 기타,화물,남,43세,경상,승용,남,61세,상해없음
2018010600100302,2018년 1월 6일 15시,토요일,경상남도 양산시 물금읍,중상사고,0,1,1,0,차대차 - 기타,차로위반,건조,맑음,단일로 - 기타,승용,남,55세,상해없음,승용,여,28세,중상
2018010600100303,2018년 1월 6일 15시,토요일,경상남도 김해시 진례면,중상사고,0,1,0,0,차량단독 - 기타,안전운전불이행,건조,맑음,단일로 - 기타,이륜,남,17세,상해없음,,,,
2018010600100360,2018년 1월 6일 17시,토요일,경상남도 통영시 무전동,경상사고,0,0,2,0,차대차 - 측면충돌,기타,건조,맑음,교차로 - 교차로안,이륜,남,46세,상해없음,승용,여,36세,경상
2018010600100361,2018년 1월 6일 17시,토요일,경상남도 김해시 외동,경상사고,0,0,1,0,차대차 - 측면충돌,안전운전불이행,건조,맑음,단일로 - 기타,승용,남,58세,상해없음,승용,남,24세,경상
2018010600100397,2018년 1월 6일 18시,토요일,경상남도 고성군 고성읍,사망사고,1,0,0,0,차대사람 - 차도통행중,안전운전불이행,건조,맑음,단일로 - 기타,화물,남,44세,상해없음,보행자,여,15세,사망
2018010600100425,2018년 1월 6일 19시,토요일,경상남도 창원시 의창구 북면,경상사고,0,0,1,0,차대차 - 측면충돌,중앙선침범,건조,맑음,단일로 - 기타,화물,남,59세,상해없음,승용,여,66세,경상
2018010600100457,2018년 1월 6일 20시,토요일,경상남도 거창군 주상면,경상사고,0,0,1,0,차량단독 - 공작물충돌,안전운전불이행,건조,맑음,단일로 - 기타,화물,남,47세,경상,,,,
2018010600100523,2018년 1월 6일 23시,토요일,경상남도 김해시 어방동,경상사고,0,0,1,0,차대사람 - 횡단중,안전운전불이행,건조,맑음,교차로 - 교차로부근,승용,남,67세,상해없음,보행자,남,19세,경상
2018010700100091,2018년 1월 7일 07시,일요일,경상남도 거제시 수월동,경상사고,0,0,2,0,차대차 - 정면충돌,신호위반,건조,맑음,교차로 - 교차로안,승용,남,60세,경상,승용,남,51세,경상
2018010700100129,2018년 1월 7일 10시,일요일,경상남도 창녕군 남지읍,경상사고,0,0,3,0,차대차 - 기타,중앙선침범,건조,맑음,단일로 - 기타,승용,남,70세,경상,화물,남,27세,경상
2018010700100130,2018년 1월 7일 10시,일요일,경상남도 남해군 남해읍,중상사고,0,1,0,0,차대차 - 측면충돌,중앙선침범,건조,맑음,단일로 - 기타,이륜,남,42세,상해없음,이륜,여,33세,중상
2018010700100175,2018년 1월 7일 13시,일요일,경상남도 양산시 물금읍,경상사고,0,0,3,0,차대차 - 추돌,안전운전불이행,건조,맑음,단일로 - 기타,화물,기타불명,미분류,기타불명,승용,남,38세,경상
2018010700100176,2018년 1월 7일 13시,일요일,경상남도 창원시 의창구 동읍,경상사고,0,0,1,0,차대차 - 측면충돌,안전운전불이행,건조,맑음,교차로 - 교차로부근,이륜,여,56세,경상,승용,여,51세,상해없음
2018010700100201,2018년 1월 7일 15시,일요일,경상남도 창원시 진해구 이동,중상사고,0,1,6,0,차대차 - 측면충돌,교차로운행방법위반,건조,맑음,교차로 - 교차로안,승용,남,60세,중상,승용,여,34세,경상
2018010700100202,2018년 1월 7일 15시,일요일,경상남도 창녕군 부곡면,경상사고,0,0,4,0,차대차 - 기타,안전운전불이행,건조,맑음,단일로 - 기타,승용,남,73세,경상,승용,여,32세,경상
2018010700100203,2018년 1월 7일 15시,일요일,경상남도 산청군 삼장면,중상사고,0,1,2,0,차대차 - 정면충돌,중앙선침범,건조,흐림,단일로 - 기타,화물,남,58세,경상,승용,남,67세,경상
2018010700100223,2018년 1월 7일 16시,일요일,경상남도 의령군 부림면,중상사고,0,1,0,0,차대차 - 정면충돌,신호위반,건조,흐림,교차로 - 교차로안,승용,여,59세,상해없음,승용,남,60세,중상
2018010700100239,2018년 1월 7일 17시,일요일,경상남도 밀양시 하남읍,중상사고,0,1,1,0,차대차 - 추돌,안전운전불이행,건조,흐림,단일로 - 기타,승용,남,36세,상해없음,승용,남,58세,경상
2018010700100240,2018년 1월 7일 17시,일요일,경상남도 거제시 거제면,중상사고,0,2,0,0,차대차 - 측면충돌,기타,건조,맑음,단일로 - 기타,승용,남,60세,상해없음,승용,남,53세,중상
2018010700100241,2018년 1월 7일 17시,일요일,경상남도 남해군 삼동면,중상사고,0,1,2,0,차대차 - 측면충돌,과속,건조,흐림,교차로 - 교차로안,승용,남,35세,경상,승용,남,69세,경상
2018010700100266,2018년 1월 7일 18시,일요일,경상남도 거제시 아주동,중상사고,0,1,4,0,차대차 - 기타,교차로운행방법위반,건조,맑음,교차로 - 교차로안,승용,남,64세,상해없음,승합,남,41세,경상
2018010700100267,2018년 1월 7일 18시,일요일,경상남도 창원시 의창구 소답동,경상사고,0,0,1,0,차대사람 - 길가장자리구역통행중,안전운전불이행,건조,맑음,단일로 - 기타,기타불명,기타불명,미분류,기타불명,보행자,남,70세,경상
2018010700100292,2018년 1월 7일 19시,일요일,경상남도 통영시 무전동,중상사고,0,1,0,0,차대차 - 측면충돌,직진우회전진행방해,건조,맑음,교차로 - 교차로안,승용,남,72세,상해없음,이륜,남,29세,중상
2018010700100293,2018년 1월 7일 19시,일요일,경상남도 창원시 의창구 동읍,중상사고,0,1,0,0,차대차 - 정면충돌,신호위반,건조,흐림,교차로 - 교차로안,화물,남,61세,상해없음,승용,여,59세,중상
2018010700100310,2018년 1월 7일 20시,일요일,경상남도 양산시 산막동,부상신고사고,0,0,0,1,차량단독 - 전도전복 - 전도,안전운전불이행,건조,맑음,단일로 - 기타,원동기,남,35세,부상신고,미분류,미분류,미분류,미분류
2018010700100361,2018년 1월 7일 23시,일요일,경상남도 밀양시 상남면,경상사고,0,0,1,0,차대사람 - 길가장자리구역통행중,안전운전불이행,젖음/습기,비,단일로 - 기타,원동기,남,45세,상해없음,보행자,남,50세,경상
2018010800100026,2018년 1월 8일 02시,월요일,경상남도 양산시 남부동,경상사고,0,0,1,0,차량단독 - 공작물충돌,안전운전불이행,건조,맑음,교차로 - 교차로부근,승용,남,26세,경상,,,,
2018010800100027,2018년 1월 8일 02시,월요일,경상남도 거제시 고현동,경상사고,0,0,1,0,차대사람 - 기타,안전운전불이행,건조,맑음,교차로 - 교차로부근,승용,남,36세,상해없음,보행자,여,24세,경상
2018010800100059,2018년 1월 8일 06시,월요일,경상남도 창원시 성산구 내동,중상사고,0,1,0,0,차대사람 - 횡단중,신호위반,건조,맑음,단일로 - 기타,승용,남,61세,상해없음,보행자,남,28세,중상
2018010800100096,2018년 1월 8일 07시,월요일,경상남도 함안군 대산면,중상사고,0,1,0,0,차대사람 - 길가장자리구역통행중,안전운전불이행,서리/결빙,비,단일로 - 기타,승용,여,22세,상해없음,보행자,남,67세,중상
2018010800100131,2018년 1월 8일 08시,월요일,경상남도 합천군 대양면,중상사고,0,1,1,0,차대차 - 추돌,안전운전불이행,서리/결빙,눈,단일로 - 기타,승합,남,42세,경상,화물,남,65세,중상
2018010800100132,2018년 1월 8일 08시,월요일,경상남도 김해시 진영읍,경상사고,0,0,1,0,차대차 - 추돌,안전운전불이행,젖음/습기,비,교차로 - 교차로부근,화물,남,36세,상해없음,승용,남,53세,경상
2018010800100133,2018년 1월 8일 08시,월요일,경상남도 김해시 한림면,경상사고,0,0,3,0,차대차 - 추돌,안전운전불이행,젖음/습기,비,교차로 - 교차로부근,승용,남,29세,경상,승용,남,48세,경상
2018010800100207,2018년 1월 8일 11시,월요일,경상남도 김해시 생림면,경상사고,0,0,1,0,차대차 - 측면충돌,안전운전불이행,젖음/습기,흐림,단일로 - 기타,건설기계,남,60세,상해없음,화물,남,30세,경상
2018010800100208,2018년 1월 8일 11시,월요일,경상남도 김해시 생림면,중상사고,0,2,1,0,차대차 - 측면충돌,안전운전불이행,젖음/습기,비,교차로 - 교차로안,화물,남,68세,상해없음,승용,남,57세,중상
2018010800100225,2018년 1월 8일 12시,월요일,경상남도 김해시 대동면,중상사고,0,1,0,0,차대차 - 측면충돌,안전거리미확보,건조,맑음,단일로 - 기타,승용,남,51세,상해없음,화물,남,40세,중상
2018010800100234,2018년 1월 8일 12시,월요일,경상남도 진주시 상대동,경상사고,0,0,1,0,차대차 - 추돌,안전운전불이행,건조,맑음,교차로 - 교차로안,승용,여,68세,상해없음,승용,여,34세,경상
2018010800100235,2018년 1월 8일 12시,월요일,경상남도 창원시 진해구 제황산동,경상사고,0,0,1,0,차대차 - 측면충돌,안전운전불이행,젖음/습기,비,교차로 - 교차로부근,원동기,남,46세,경상,승용,남,49세,상해없음
2018010800100236,2018년 1월 8일 12시,월요일,경상남도 김해시 대동면,경상사고,0,0,1,0,차량단독 - 도로외이탈 - 추락,안전운전불이행,젖음/습기,비,단일로 - 기타,화물,남,64세,경상,,,,
2018010800100237,2018년 1월 8일 12시,월요일,경상남도 창녕군 대지면,중상사고,0,1,0,0,차대차 - 측면충돌,안전운전불이행,젖음/습기,흐림,단일로 - 지하차도(도로)내,승용,남,47세,상해없음,이륜,여,73세,중상
2018010800100238,2018년 1월 8일 12시,월요일,경상남도 남해군 고현면,경상사고,0,0,1,0,차량단독 - 전도전복 - 전복,안전운전불이행,젖음/습기,비,단일로 - 기타,승용,남,60세,경상,미분류,미분류,미분류,미분류
2018010800100270,2018년 1월 8일 13시,월요일,경상남도 고성군 마암면,중상사고,0,1,0,1,차대차 - 기타,기타,젖음/습기,비,단일로 - 기타,화물,남,53세,상해없음,승용,남,36세,중상
2018010800100303,2018년 1월 8일 14시,월요일,경상남도 창원시 마산합포구 신포동2가,중상사고,0,1,0,0,차대차 - 측면충돌,안전운전불이행,젖음/습기,비,교차로 - 교차로안,승용,여,65세,상해없음,자전거,남,70세,중상
2018010800100304,2018년 1월 8일 14시,월요일,경상남도 창원시 마산합포구 월남동2가,중상사고,0,1,0,0,차대사람 - 길가장자리구역통행중,안전운전불이행,젖음/습기,비,단일로 - 기타,승합,남,52세,상해없음,보행자,남,18세,중상
2018010800100333,2018년 1월 8일 15시,월요일,경상남도 통영시 북신동,경상사고,0,0,1,0,차대사람 - 기타,안전운전불이행,건조,맑음,주차장 - 주차장,승용,남,58세,상해없음,보행자,여,45세,경상
2018010800100334,2018년 1월 8일 15시,월요일,경상남도 양산시 동면,경상사고,0,0,1,0,차대차 - 추돌,안전운전불이행,젖음/습기,맑음,단일로 - 기타,화물,남,30세,상해없음,승용,여,53세,경상
2018010800100392,2018년 1월 8일 17시,월요일,경상남도 양산시 중부동,중상사고,0,1,0,0,차대차 - 측면충돌,안전운전불이행,건조,맑음,교차로 - 교차로안,승용,여,38세,상해없음,이륜,남,48세,중상
2018010800100393,2018년 1월 8일 17시,월요일,경상남도 김해시 진례면,중상사고,0,1,3,0,차대차 - 측면충돌,신호위반,젖음/습기,흐림,교차로 - 교차로안,화물,남,29세,기타불명,승용,남,73세,중상
2018010800100394,2018년 1월 8일 17시,월요일,경상남도 김해시 삼문동,경상사고,0,0,1,0,차대차 - 측면충돌,안전운전불이행,젖음/습기,비,교차로 - 교차로부근,화물,남,37세,상해없음,승용,여,57세,경상
2018010800100445,2018년 1월 8일 18시,월요일,경상남도 김해시 삼계동,경상사고,0,0,1,0,차대차 - 기타,안전거리미확보,건조,맑음,단일로 - 기타,승용,남,58세,상해없음,원동기,남,39세,경상
2018010800100446,2018년 1월 8일 18시,월요일,경상남도 창원시 의창구 봉곡동,경상사고,0,0,1,0,차대차 - 기타,차로위반,건조,맑음,단일로 - 기타,승용,남,59세,상해없음,승용,남,26세,경상
2018010800100499,2018년 1월 8일 19시,월요일,경상남도 통영시 도남동,경상사고,0,0,1,0,차대차 - 측면충돌,안전운전불이행,건조,맑음,교차로 - 교차로안,승용,여,38세,경상,승합,남,40세,상해없음
2018010800100572,2018년 1월 8일 21시,월요일,경상남도 창원시 마산합포구 신포동2가,중상사고,0,1,2,0,차대차 - 측면충돌,직진우회전진행방해,젖음/습기,비,교차로 - 교차로안,승용,남,39세,경상,화물,남,41세,중상
2018010800100593,2018년 1월 8일 22시,월요일,경상남도 진주시 충무공동,중상사고,0,2,0,0,차대차 - 측면충돌,신호위반,젖음/습기,흐림,교차로 - 교차로안,승용,남,25세,상해없음,승용,남,55세,중상
2018010900100017,2018년 1월 9일 00시,화요일,경상남도 진주시 평거동,중상사고,0,1,0,0,차대차 - 측면충돌,직진우회전진행방해,건조,맑음,교차로 - 교차로안,승용,남,55세,상해없음,원동기,남,15세,중상
2018010900100049,2018년 1월 9일 03시,화요일,경상남도 창원시 진해구 용원동,경상사고,0,0,3,0,차대차 - 측면충돌,안전운전불이행,건조,맑음,단일로 - 기타,승용,남,35세,기타불명,승용,남,53세,경상
2018010900100106,2018년 1월 9일 07시,화요일,경상남도 통영시 항남동,중상사고,0,1,0,0,차대사람 - 횡단중,보행자보호의무위반,건조,맑음,교차로 - 교차로부근,승용,남,31세,상해없음,보행자,여,69세,중상
2018010900100152,2018년 1월 9일 08시,화요일,경상남도 통영시 무전동,경상사고,0,0,2,0,차대차 - 측면충돌,안전운전불이행,건조,맑음,교차로 - 교차로안,승용,남,68세,상해없음,승용,여,33세,경상
2018010900100224,2018년 1월 9일 10시,화요일,경상남도 창원시 성산구 중앙동,경상사고,0,0,1,0,차대차 - 측면충돌,안전운전불이행,건조,맑음,교차로 - 교차로안,승용,남,48세,상해없음,승용,남,60세,경상
2018010900100283,2018년 1월 9일 12시,화요일,경상남도 양산시 상북면,경상사고,0,0,1,0,차대차 - 기타,차로위반,건조,맑음,단일로 - 기타,승용,남,48세,상해없음,승용,남,60세,상해없음
2018010900100366,2018년 1월 9일 15시,화요일,경상남도 밀양시 내일동,경상사고,0,0,1,0,차대차 - 측면충돌,기타,건조,맑음,단일로 - 기타,승용,남,54세,상해없음,이륜,남,51세,경상
2018010900100367,2018년 1월 9일 15시,화요일,경상남도 김해시 관동동,경상사고,0,0,1,0,차대차 - 추돌,안전운전불이행,건조,맑음,단일로 - 교량,승용,여,27세,상해없음,승용,여,39세,경상
2018010900100387,2018년 1월 9일 16시,화요일,경상남도 김해시 신문동,경상사고,0,0,1,0,차대차 - 측면충돌,안전거리미확보,건조,맑음,단일로 - 기타,화물,남,53세,상해없음,승용,남,58세,경상
2018010900100404,2018년 1월 9일 16시,화요일,경상남도 양산시 덕계동,중상사고,0,1,0,0,차대사람 - 기타,안전운전불이행,건조,맑음,단일로 - 기타,승합,여,55세,상해없음,보행자,여,77세,중상
2018010900100405,2018년 1월 9일 16시,화요일,경상남도 창원시 마산회원구 내서읍,경상사고,0,0,2,0,차대차 - 추돌,안전운전불이행,건조,맑음,단일로 - 기타,화물,남,50세,상해없음,화물,남,47세,경상
2018010900100502,2018년 1월 9일 18시,화요일,경상남도 김해시 이동,부상신고사고,0,0,0,1,차대차 - 측면충돌,불법유턴,건조,맑음,단일로 - 교량,자전거,남,30세,부상신고,승용,남,59세,상해없음
2018010900100536,2018년 1월 9일 19시,화요일,경상남도 김해시 대성동,경상사고,0,0,1,0,차대사람 - 횡단중,안전운전불이행,건조,맑음,교차로 - 교차로부근,승용,남,63세,상해없음,보행자,여,38세,경상
2018010900100537,2018년 1월 9일 19시,화요일,경상남도 양산시 삼호동,중상사고,0,2,1,0,차대사람 - 횡단중,보행자보호의무위반,건조,맑음,단일로 - 기타,이륜,남,19세,경상,보행자,남,52세,중상
2018010900100538,2018년 1월 9일 19시,화요일,경상남도 창원시 의창구 명서동,경상사고,0,0,1,0,차대차 - 측면충돌,안전운전불이행,건조,맑음,교차로 - 교차로안,승용,남,37세,상해없음,승용,남,58세,경상
2018010900100589,2018년 1월 9일 21시,화요일,경상남도 양산시 물금읍,중상사고,0,1,0,0,차대차 - 측면충돌,신호위반,건조,맑음,교차로 - 교차로안,승합,남,55세,상해없음,이륜,남,27세,중상
2018010900100633,2018년 1월 9일 23시,화요일,경상남도 김해시 어방동,중상사고,0,2,0,0,차대차 - 추돌,안전운전불이행,건조,맑음,단일로 - 기타,승용,여,41세,상해없음,승용,남,46세,중상
2018010900100634,2018년 1월 9일 23시,화요일,경상남도 양산시 동면,중상사고,0,1,0,0,차대차 - 추돌,안전운전불이행,건조,맑음,단일로 - 기타,승용,남,51세,상해없음,승용,남,38세,중상
2018011000100013,2018년 1월 10일 00시,수요일,경상남도 창원시 성산구 상남동,중상사고,0,2,0,0,차대사람 - 횡단중,안전운전불이행,건조,맑음,교차로 - 교차로안,승용,남,56세,상해없음,보행자,남,42세,중상
2018011000100053,2018년 1월 10일 05시,수요일,경상남도 창원시 마산합포구 창포동3가,경상사고,0,0,1,0,차대차 - 측면충돌,직진우회전진행방해,건조,맑음,교차로 - 교차로안,승용,남,74세,상해없음,승용,남,57세,상해없음
2018011000100054,2018년 1월 10일 05시,수요일,경상남도 거제시 옥포동,경상사고,0,0,1,0,차대사람 - 기타,안전운전불이행,건조,맑음,교차로 - 교차로부근,승용,남,61세,상해없음,보행자,여,41세,경상
2018011000100085,2018년 1월 10일 07시,수요일,경상남도 창원시 성산구 남산동,경상사고,0,0,2,0,차대차 - 측면충돌,신호위반,건조,맑음,교차로 - 교차로안,승용,여,51세,상해없음,승용,남,27세,경상
2018011000100120,2018년 1월 10일 08시,수요일,경상남도 창녕군 이방면,중상사고,0,2,0,0,차대차 - 정면충돌,중앙선침범,서리/결빙,눈,단일로 - 기타,승용,남,55세,상해없음,화물,남,70세,중상
2018011000100142,2018년 1월 10일 09시,수요일,경상남도 김해시 주촌면,경상사고,0,0,2,0,차대차 - 추돌,안전운전불이행,적설,눈,단일로 - 기타,승용,남,40세,경상,승용,남,35세,경상
2018011000100175,2018년 1월 10일 09시,수요일,경상남도 김해시 외동,경상사고,0,0,1,0,차대차 - 기타,안전운전불이행,적설,눈,교차로 - 교차로부근,이륜,남,26세,경상,화물,남,63세,상해없음
2018011000100176,2018년 1월 10일 09시,수요일,경상남도 창녕군 유어면,중상사고,0,1,0,0,차대차 - 정면충돌,중앙선침범,서리/결빙,눈,단일로 - 기타,승용,여,55세,상해없음,승용,여,49세,중상
2018011000100177,2018년 1월 10일 09시,수요일,경상남도 양산시 원동면,중상사고,0,1,0,0,차대차 - 기타,중앙선침범,서리/결빙,눈,단일로 - 기타,승용,남,67세,상해없음,승용,남,24세,중상
2018011000100178,2018년 1월 10일 09시,수요일,경상남도 산청군 단성면,경상사고,0,0,1,0,차대사람 - 기타,안전운전불이행,적설,눈,단일로 - 기타,승용,남,52세,상해없음,보행자,남,70세,경상
2018011000100179,2018년 1월 10일 09시,수요일,경상남도 의령군 부림면,중상사고,0,1,0,0,차대사람 - 차도통행중,안전운전불이행,서리/결빙,눈,단일로 - 기타,화물,남,34세,상해없음,보행자,여,77세,중상
2018011000100203,2018년 1월 10일 10시,수요일,경상남도 합천군 야로면,경상사고,0,0,1,0,차량단독 - 도로외이탈 - 추락,안전운전불이행,적설,눈,단일로 - 기타,승용,여,59세,상해없음,,,,
2018011000100204,2018년 1월 10일 10시,수요일,경상남도 의령군 부림면,경상사고,0,0,1,0,차대사람 - 기타,안전운전불이행,서리/결빙,눈,교차로 - 교차로안,승용,남,61세,상해없음,보행자,여,20세,경상
2018011000100205,2018년 1월 10일 10시,수요일,경상남도 김해시 응달동,중상사고,0,1,0,0,차대차 - 추돌,안전운전불이행,적설,눈,단일로 - 기타,화물,남,48세,중상,승용,남,39세,상해없음
2018011000100230,2018년 1월 10일 11시,수요일,경상남도 함양군 함양읍,중상사고,0,2,0,0,차대차 - 기타,안전운전불이행,서리/결빙,기타,단일로 - 터널,승용,남,47세,상해없음,승용,여,46세,중상
2018011000100235,2018년 1월 10일 11시,수요일,경상남도 사천시 정동면,경상사고,0,0,1,0,차대차 - 측면충돌,안전운전불이행,건조,맑음,교차로 - 교차로안,특수,남,59세,상해없음,승용,여,50세,경상
2018011000100236,2018년 1월 10일 11시,수요일,경상남도 합천군 청덕면,중상사고,0,1,0,0,차대차 - 정면충돌,안전운전불이행,적설,눈,단일로 - 기타,승합,남,31세,중상,승합,남,48세,상해없음
2018011000100237,2018년 1월 10일 11시,수요일,경상남도 양산시 물금읍,경상사고,0,0,1,0,차대차 - 측면충돌,안전운전불이행,서리/결빙,눈,단일로 - 기타,승용,남,27세,상해없음,승용,여,59세,경상
2018011000100238,2018년 1월 10일 11시,수요일,경상남도 함안군 칠서면,경상사고,0,0,2,0,차대차 - 측면충돌,안전운전불이행,서리/결빙,맑음,교차로 - 교차로횡단보도내,승용,남,38세,상해없음,화물,남,54세,상해없음
2018011000100297,2018년 1월 10일 13시,수요일,경상남도 밀양시 부북면,경상사고,0,0,1,0,차대차 - 정면충돌,안전운전불이행,건조,맑음,교차로 - 교차로부근,자전거,여,60세,경상,승용,여,52세,상해없음
2018011000100335,2018년 1월 10일 14시,수요일,경상남도 통영시 당동,경상사고,0,0,3,0,차대차 - 추돌,안전거리미확보,건조,맑음,단일로 - 교량,승용,남,49세,상해없음,승용,남,47세,상해없음
2018011000100378,2018년 1월 10일 15시,수요일,경상남도 통영시 광도면,경상사고,0,0,1,0,차대차 - 추돌,안전운전불이행,건조,맑음,교차로 - 교차로부근,승용,남,28세,상해없음,승용,여,37세,경상
2018011000100410,2018년 1월 10일 16시,수요일,경상남도 창원시 마산합포구 월영동,경상사고,0,0,2,0,차대차 - 측면충돌,중앙선침범,젖음/습기,맑음,기타 - 기타,승용,여,48세,상해없음,승합,남,61세,경상
2018011000100462,2018년 1월 10일 17시,수요일,경상남도 함안군 칠원읍,중상사고,0,1,0,0,차대차 - 측면충돌,안전거리미확보,서리/결빙,맑음,단일로 - 기타,승용,남,53세,상해없음,이륜,남,67세,중상
2018011000100509,2018년 1월 10일 18시,수요일,경상남도 양산시 평산동,경상사고,0,0,1,0,차대차 - 측면충돌,신호위반,건조,맑음,교차로 - 교차로안,승용,남,57세,상해없음,승용,남,41세,경상
2018011000100548,2018년 1월 10일 19시,수요일,경상남도 통영시 무전동,경상사고,0,0,1,0,차대차 - 정면충돌,직진우회전진행방해,건조,맑음,교차로 - 교차로안,승용,여,46세,상해없음,이륜,남,36세,경상
2018011000100549,2018년 1월 10일 19시,수요일,경상남도 김해시 진영읍,경상사고,0,0,2,0,차대차 - 추돌,안전운전불이행,건조,맑음,단일로 - 기타,승용,남,58세,상해없음,승용,남,36세,경상
2018011000100646,2018년 1월 10일 21시,수요일,경상남도 진주시 상대동,중상사고,0,1,0,0,차대차 - 측면충돌,안전운전불이행,건조,맑음,교차로 - 교차로횡단보도내,이륜,남,19세,상해없음,자전거,남,66세,중상
2018011000100647,2018년 1월 10일 21시,수요일,경상남도 고성군 고성읍,중상사고,0,1,1,0,차대차 - 기타,중앙선침범,건조,맑음,단일로 - 기타,승용,남,58세,상해없음,승용,여,34세,경상
2018011000100648,2018년 1월 10일 21시,수요일,경상남도 김해시 신문동,경상사고,0,0,3,0,차대차 - 측면충돌,신호위반,건조,맑음,교차로 - 교차로안,화물,남,73세,상해없음,승용,남,26세,경상
2018011100100021,2018년 1월 11일 00시,목요일,경상남도 김해시 부원동,경상사고,0,0,1,1,차대차 - 추돌,안전운전불이행,건조,맑음,단일로 - 기타,승용,남,35세,상해없음,승용,남,40세,경상
2018011100100071,2018년 1월 11일 05시,목요일,경상남도 김해시 강동,경상사고,0,0,1,0,차대차 - 기타,기타,건조,맑음,단일로 - 기타,화물,남,69세,상해없음,승용,남,43세,경상
2018011100100138,2018년 1월 11일 08시,목요일,경상남도 합천군 합천읍,중상사고,0,1,0,0,차대사람 - 횡단중,안전운전불이행,건조,맑음,교차로 - 교차로부근,승용,여,43세,상해없음,보행자,남,88세,중상
2018011100100178,2018년 1월 11일 09시,목요일,경상남도 김해시 어방동,중상사고,0,1,0,0,차대사람 - 길가장자리구역통행중,교차로운행방법위반,건조,맑음,교차로 - 교차로부근,승용,여,55세,상해없음,보행자,여,54세,중상
2018011100100204,2018년 1월 11일 10시,목요일,경상남도 창원시 마산회원구 석전동,경상사고,0,0,1,0,차대차 - 측면충돌,안전운전불이행,건조,흐림,교차로 - 교차로부근,승용,여,45세,상해없음,승용,남,51세,경상
2018011100100239,2018년 1월 11일 11시,목요일,경상남도 창원시 마산합포구 자산동,경상사고,0,0,1,0,차대차 - 측면충돌,안전거리미확보,건조,맑음,교차로 - 교차로부근,이륜,남,38세,상해없음,승용,여,28세,경상