사고번호,사고일시,요일,시군구,사고내용,사망자수,중상자수,경상자수,부상신고자수,사고유형,법규위반,노면상태,기상상태,도로형태,가해운전자 차종,가해운전자 성별,가해운전자 연령,가해운전자 상해정도,피해운전자 차종,피해운전자 성별,피해운전자 연령,피해운전자 상해정도
2018011100100331,2018년 1월 11일 14시,목요일,경상남도 창원시 진해구 마천동,경상사고,0,0,1,0,차대차 - 추돌,안전거리미확보,건조,맑음,단일로 - 기타,승용,남,41세,상해없음,승용,남,28세,경상
2018011100100332,2018년 1월 11일 14시,목요일,경상남도 남해군 삼동면,중상사고,0,2,0,0,차대차 - 정면충돌,신호위반,건조,맑음,교차로 - 교차로안,승용,남,56세,상해없음,승용,남,36세,중상
2018011100100357,2018년 1월 11일 15시,목요일,경상남도 양산시 용당동,경상사고,0,0,1,0,차대차 - 측면충돌,신호위반,건조,맑음,교차로 - 교차로안,화물,남,32세,상해없음,승용,남,54세,경상
2018011100100383,2018년 1월 11일 16시,목요일,경상남도 양산시 물금읍,부상신고사고,0,0,0,1,차대차 - 기타,안전거리미확보,건조,맑음,기타 - 기타,기타불명,기타불명,미분류,기타불명,승용,남,59세,상해없음
2018011100100458,2018년 1월 11일 18시,목요일,경상남도 창원시 마산합포구 서성동,중상사고,0,1,1,0,차대차 - 추돌,안전거리미확보,젖음/습기,흐림,교차로 - 교차로부근,승용,여,49세,상해없음,승용,여,68세,경상
2018011100100459,2018년 1월 11일 18시,목요일,경상남도 양산시 하북면,중상사고,0,1,0,0,차대차 - 측면충돌,신호위반,건조,맑음,교차로 - 교차로안,승용,남,56세,상해없음,승용,여,41세,중상
2018011100100460,2018년 1월 11일 18시,목요일,경상남도 거제시 상동동,중상사고,0,1,0,0,차대차 - 추돌,안전거리미확보,건조,맑음,단일로 - 기타,승용,남,47세,상해없음,승용,남,53세,중상
2018011100100487,2018년 1월 11일 19시,목요일,경상남도 김해시 주촌면,중상사고,0,1,0,0,차대차 - 측면충돌,안전거리미확보,건조,맑음,단일로 - 기타,기타불명,기타불명,미분류,기타불명,승용,남,46세,중상
2018011100100511,2018년 1월 11일 19시,목요일,경상남도 하동군 하동읍,경상사고,0,0,1,0,차대차 - 측면충돌,안전운전불이행,건조,맑음,단일로 - 기타,승용,남,24세,상해없음,이륜,남,19세,경상
2018011100100512,2018년 1월 11일 19시,목요일,경상남도 거제시 고현동,경상사고,0,0,1,0,차대차 - 측면충돌,교차로운행방법위반,건조,맑음,교차로 - 교차로안,승용,여,56세,상해없음,이륜,남,42세,경상
2018011100100513,2018년 1월 11일 19시,목요일,경상남도 김해시 한림면,경상사고,0,0,1,0,차대차 - 측면충돌,안전거리미확보,건조,맑음,단일로 - 기타,특수,남,46세,상해없음,화물,남,63세,경상
2018011100100542,2018년 1월 11일 20시,목요일,경상남도 통영시 광도면,중상사고,0,1,1,0,차대차 - 측면충돌,직진우회전진행방해,건조,맑음,교차로 - 교차로안,승용,여,35세,상해없음,승용,남,60세,중상
2018011100100543,2018년 1월 11일 20시,목요일,경상남도 거창군 위천면,경상사고,0,0,1,0,차대차 - 추돌,안전운전불이행,건조,맑음,단일로 - 기타,화물,남,63세,상해없음,승용,여,46세,경상
2018011100100576,2018년 1월 11일 21시,목요일,경상남도 김해시 동상동,경상사고,0,0,1,0,차대차 - 측면충돌,신호위반,건조,맑음,교차로 - 교차로안,승용,여,43세,상해없음,이륜,남,24세,경상
2018011100100603,2018년 1월 11일 22시,목요일,경상남도 밀양시 내이동,중상사고,0,1,0,0,차대차 - 측면충돌,안전운전불이행,건조,흐림,단일로 - 기타,승용,남,26세,상해없음,자전거,남,45세,중상
2018011100100604,2018년 1월 11일 22시,목요일,경상남도 김해시 외동,경상사고,0,0,1,0,차대차 - 추돌,안전거리미확보,건조,맑음,단일로 - 기타,이륜,남,27세,경상,승용,남,60세,상해없음
2018011100100605,2018년 1월 11일 22시,목요일,경상남도 거제시 양정동,경상사고,0,0,2,0,차대차 - 추돌,안전거리미확보,건조,맑음,단일로 - 기타,이륜,남,40세,경상,승용,남,51세,상해없음
2018011100100606,2018년 1월 11일 22시,목요일,경상남도 창원시 성산구 상남동,중상사고,0,1,0,0,차대사람 - 횡단중,보행자보호의무위반,건조,맑음,교차로 - 교차로부근,승합,남,69세,상해없음,보행자,남,35세,중상
2018011100100641,2018년 1월 11일 23시,목요일,경상남도 창녕군 영산면,경상사고,0,0,1,0,차대차 - 기타,신호위반,건조,맑음,교차로 - 교차로안,승용,여,36세,상해없음,화물,남,75세,경상
2018011100100642,2018년 1월 11일 23시,목요일,경상남도 창원시 성산구 대방동,경상사고,0,0,1,0,차대차 - 추돌,안전운전불이행,건조,맑음,교차로 - 교차로부근,승용,남,24세,상해없음,승용,남,51세,경상
2018011100100643,2018년 1월 11일 23시,목요일,경상남도 김해시 흥동,중상사고,0,1,0,0,차대사람 - 횡단중,기타,건조,맑음,교차로 - 교차로안,승용,남,69세,상해없음,보행자,남,42세,중상
2018011200100049,2018년 1월 12일 02시,금요일,경상남도 양산시 물금읍,중상사고,0,1,0,0,차대사람 - 횡단중,안전운전불이행,건조,맑음,교차로 - 교차로부근,이륜,남,16세,상해없음,보행자,여,56세,중상
2018011200100097,2018년 1월 12일 06시,금요일,경상남도 거제시 덕포동,경상사고,0,0,2,0,차대차 - 추돌,안전거리미확보,건조,맑음,단일로 - 기타,화물,남,40세,경상,화물,남,44세,경상
2018011200100119,2018년 1월 12일 07시,금요일,경상남도 창원시 마산합포구 현동,경상사고,0,0,1,0,차대차 - 기타,안전거리미확보,건조,맑음,단일로 - 기타,승용,여,34세,상해없음,승용,남,44세,경상
2018011200100120,2018년 1월 12일 07시,금요일,경상남도 고성군 동해면,경상사고,0,0,3,0,차대차 - 추돌,안전거리미확보,건조,맑음,단일로 - 기타,승용,남,56세,상해없음,승용,남,31세,경상
2018011200100161,2018년 1월 12일 08시,금요일,경상남도 진주시 가좌동,중상사고,0,1,0,0,차대차 - 추돌,안전운전불이행,건조,맑음,교차로 - 교차로부근,승용,남,64세,상해없음,승용,남,54세,중상
2018011200100162,2018년 1월 12일 08시,금요일,경상남도 창원시 진해구 남문동,경상사고,0,0,1,0,차대차 - 측면충돌,교차로운행방법위반,건조,맑음,교차로 - 교차로안,원동기,남,73세,경상,승용,여,44세,상해없음
2018011200100163,2018년 1월 12일 08시,금요일,경상남도 거제시 옥포동,중상사고,0,1,0,0,차대차 - 기타,안전거리미확보,건조,맑음,단일로 - 기타,승용,여,29세,상해없음,승용,여,44세,중상
2018011200100203,2018년 1월 12일 09시,금요일,경상남도 창원시 마산합포구 해운동,경상사고,0,0,1,0,차대차 - 추돌,안전운전불이행,건조,맑음,단일로 - 기타,승용,여,55세,상해없음,승용,남,59세,경상
2018011200100204,2018년 1월 12일 09시,금요일,경상남도 하동군 양보면,중상사고,0,1,1,0,차대차 - 정면충돌,중앙선침범,건조,맑음,단일로 - 기타,승용,남,56세,경상,승용,남,44세,중상
2018011200100205,2018년 1월 12일 09시,금요일,경상남도 창원시 의창구 두대동,경상사고,0,0,1,0,차대차 - 추돌,안전운전불이행,건조,맑음,교차로 - 교차로부근,승용,남,76세,상해없음,승용,남,52세,경상
2018011200100238,2018년 1월 12일 10시,금요일,경상남도 사천시 벌리동,중상사고,0,1,1,0,차대차 - 측면충돌,직진우회전진행방해,건조,맑음,교차로 - 교차로안,승용,남,53세,상해없음,승용,여,57세,경상
2018011200100270,2018년 1월 12일 11시,금요일,경상남도 창원시 마산합포구 유록동,경상사고,0,0,1,0,차대사람 - 길가장자리구역통행중,안전운전불이행,건조,맑음,교차로 - 교차로안,승용,여,44세,상해없음,보행자,여,75세,경상
2018011200100271,2018년 1월 12일 11시,금요일,경상남도 진주시 대평면,중상사고,0,1,0,0,차대사람 - 기타,중앙선침범,건조,맑음,단일로 - 기타,특수,남,40세,상해없음,보행자,남,72세,중상
2018011200100273,2018년 1월 12일 11시,금요일,경상남도 김해시 한림면,중상사고,0,1,0,0,차대차 - 추돌,안전운전불이행,건조,맑음,단일로 - 기타,화물,남,46세,상해없음,화물,남,73세,중상
2018011200100302,2018년 1월 12일 12시,금요일,경상남도 통영시 태평동,중상사고,0,1,0,0,차대사람 - 차도통행중,안전운전불이행,건조,맑음,단일로 - 기타,승용,남,59세,상해없음,보행자,여,75세,중상
2018011200100303,2018년 1월 12일 12시,금요일,경상남도 밀양시 청도면,중상사고,0,1,0,0,차량단독 - 전도전복 - 전도,안전운전불이행,건조,맑음,교차로 - 교차로부근,원동기,남,77세,중상,미분류,미분류,미분류,미분류
2018011200100304,2018년 1월 12일 12시,금요일,경상남도 창녕군 대합면,중상사고,0,1,0,0,차대차 - 측면충돌,안전운전불이행,건조,맑음,단일로 - 지하차도(도로)내,승용,여,48세,상해없음,원동기,남,84세,중상
2018011200100305,2018년 1월 12일 12시,금요일,경상남도 양산시 북정동,경상사고,0,0,1,0,차대차 - 기타,안전운전불이행,건조,맑음,단일로 - 기타,화물,남,36세,상해없음,승용,여,55세,경상
2018011200100306,2018년 1월 12일 12시,금요일,경상남도 남해군 삼동면,중상사고,0,1,1,0,차대사람 - 횡단중,안전운전불이행,건조,맑음,교차로 - 교차로안,화물,남,68세,상해없음,보행자,남,13세,중상
2018011200100363,2018년 1월 12일 14시,금요일,경상남도 밀양시 상남면,중상사고,0,1,0,0,차대차 - 측면충돌,신호위반,건조,맑음,교차로 - 교차로안,승용,여,42세,상해없음,승용,여,26세,중상
2018011200100364,2018년 1월 12일 14시,금요일,경상남도 창녕군 창녕읍,경상사고,0,0,1,0,차대사람 - 기타,불법유턴,건조,맑음,주차장 - 주차장,승용,남,51세,상해없음,보행자,여,85세,경상
2018011200100365,2018년 1월 12일 14시,금요일,경상남도 양산시 삼호동,부상신고사고,0,0,0,1,차대차 - 측면충돌,안전운전불이행,건조,맑음,교차로 - 교차로안,특수,남,28세,상해없음,이륜,남,20세,상해없음
2018011200100366,2018년 1월 12일 14시,금요일,경상남도 거제시 옥포동,경상사고,0,0,1,0,차대사람 - 길가장자리구역통행중,안전운전불이행,건조,맑음,교차로 - 교차로안,승용,남,41세,상해없음,보행자,여,80세,경상
2018011200100401,2018년 1월 12일 15시,금요일,경상남도 진주시 옥봉동,경상사고,0,0,1,0,차대사람 - 횡단중,안전운전불이행,건조,맑음,단일로 - 기타,승합,남,20세,상해없음,보행자,남,9세,경상
2018011200100402,2018년 1월 12일 15시,금요일,경상남도 거제시 옥포동,경상사고,0,0,1,0,차대차 - 정면충돌,직진우회전진행방해,건조,맑음,교차로 - 교차로안,승용,여,38세,상해없음,이륜,남,35세,경상
2018011200100403,2018년 1월 12일 15시,금요일,경상남도 창원시 성산구 웅남동,경상사고,0,0,1,0,차대차 - 측면충돌,안전운전불이행,건조,맑음,교차로 - 교차로부근,특수,남,58세,상해없음,승용,여,51세,경상
2018011200100447,2018년 1월 12일 16시,금요일,경상남도 진주시 호탄동,경상사고,0,0,1,0,차대차 - 추돌,안전운전불이행,건조,맑음,단일로 - 기타,승용,남,63세,상해없음,승용,여,59세,경상
2018011200100448,2018년 1월 12일 16시,금요일,경상남도 함안군 칠원읍,경상사고,0,0,3,0,차대차 - 추돌,안전운전불이행,건조,맑음,교차로 - 교차로부근,승용,여,59세,상해없음,승용,여,36세,경상
2018011200100481,2018년 1월 12일 17시,금요일,경상남도 창원시 의창구 봉곡동,부상신고사고,0,0,0,1,차대사람 - 기타,안전운전불이행,건조,맑음,단일로 - 기타,승용,여,50세,상해없음,보행자,여,44세,부상신고
2018011200100531,2018년 1월 12일 18시,금요일,경상남도 창원시 마산합포구 중앙동2가,경상사고,0,0,2,0,차대차 - 기타,안전운전불이행,건조,맑음,교차로 - 교차로부근,화물,남,65세,상해없음,승합,남,52세,상해없음
2018011200100532,2018년 1월 12일 18시,금요일,경상남도 사천시 사남면,중상사고,0,1,0,0,차대사람 - 횡단중,보행자보호의무위반,건조,맑음,교차로 - 교차로횡단보도내,승용,여,46세,상해없음,보행자,여,44세,중상
2018011200100534,2018년 1월 12일 18시,금요일,경상남도 양산시 평산동,경상사고,0,0,2,0,차대차 - 측면충돌,안전운전불이행,건조,맑음,교차로 - 교차로안,화물,남,64세,상해없음,승용,여,47세,경상
2018011200100535,2018년 1월 12일 18시,금요일,경상남도 거제시 사등면,경상사고,0,0,3,0,차대차 - 추돌,안전운전불이행,건조,맑음,단일로 - 기타,승용,남,60세,상해없음,승용,남,30세,경상
2018011200100536,2018년 1월 12일 18시,금요일,경상남도 산청군 생비량면,부상신고사고,0,0,0,1,차대차 - 추돌,안전운전불이행,건조,맑음,단일로 - 기타,승용,남,50세,상해없음,자전거,남,40세,부상신고
2018011200100537,2018년 1월 12일 18시,금요일,경상남도 창원시 의창구 용호동,중상사고,0,1,0,0,차대차 - 측면충돌,안전운전불이행,건조,맑음,교차로 - 교차로안,승용,남,68세,상해없음,승용,남,34세,중상
2018011200100538,2018년 1월 12일 18시,금요일,경상남도 김해시 한림면,경상사고,0,0,2,0,차대차 - 측면충돌,중앙선침범,건조,맑음,교차로 - 교차로부근,승용,여,43세,상해없음,승용,남,37세,경상
2018011200100588,2018년 1월 12일 19시,금요일,경상남도 창원시 마산합포구 동성동,경상사고,0,0,1,0,차대차 - 추돌,안전운전불이행,건조,맑음,교차로 - 교차로부근,승용,남,64세,상해없음,승용,여,62세,기타불명
2018011200100589,2018년 1월 12일 19시,금요일,경상남도 밀양시 산내면,부상신고사고,0,0,0,1,차대차 - 측면충돌,기타,건조,맑음,단일로 - 기타,승용,남,56세,상해없음,승용,남,62세,부상신고
2018011200100590,2018년 1월 12일 19시,금요일,경상남도 거제시 아주동,경상사고,0,0,4,0,차대차 - 측면충돌,직진우회전진행방해,건조,맑음,교차로 - 교차로안,승용,여,34세,경상,승용,여,45세,경상
2018011200100630,2018년 1월 12일 20시,금요일,경상남도 김해시 주촌면,중상사고,0,1,0,0,차대차 - 측면충돌,중앙선침범,서리/결빙,맑음,단일로 - 기타,승용,남,22세,기타불명,승용,남,67세,중상
2018011200100656,2018년 1월 12일 21시,금요일,경상남도 거제시 고현동,중상사고,0,1,0,0,차대사람 - 차도통행중,안전운전불이행,건조,맑음,교차로 - 교차로안,승용,남,44세,상해없음,보행자,남,43세,중상
2018011200100688,2018년 1월 12일 22시,금요일,경상남도 김해시 동상동,중상사고,0,2,1,0,차대차 - 추돌,안전운전불이행,건조,맑음,교차로 - 교차로부근,승용,남,46세,상해없음,승용,남,59세,경상
2018011200100689,2018년 1월 12일 22시,금요일,경상남도 창원시 의창구 명서동,경상사고,0,0,1,0,차대차 - 측면충돌,차로위반,건조,맑음,단일로 - 기타,승용,여,48세,상해없음,승용,남,65세,경상
2018011200100715,2018년 1월 12일 23시,금요일,경상남도 창원시 의창구 북면,경상사고,0,0,1,0,차대차 - 측면충돌,신호위반,건조,맑음,교차로 - 교차로안,승용,여,57세,상해없음,승용,여,33세,경상
2018011300100027,2018년 1월 13일 00시,토요일,경상남도 김해시 내동,경상사고,0,0,2,0,차대차 - 측면충돌,신호위반,건조,맑음,교차로 - 교차로안,원동기,남,21세,상해없음,승용,남,53세,경상
2018011300100118,2018년 1월 13일 05시,토요일,경상남도 창원시 진해구 안골동,사망사고,1,0,0,0,차대사람 - 차도통행중,안전운전불이행,건조,맑음,교차로 - 교차로안,승용,여,56세,상해없음,보행자,여,82세,사망
2018011300100126,2018년 1월 13일 06시,토요일,경상남도 김해시 대동면,경상사고,0,0,1,0,차량단독 - 도로외이탈 - 추락,안전운전불이행,건조,맑음,단일로 - 기타,승용,여,49세,경상,,,,
2018011300100140,2018년 1월 13일 07시,토요일,경상남도 김해시 내동,경상사고,0,0,2,2,차대차 - 정면충돌,신호위반,건조,맑음,교차로 - 교차로안,승용,남,69세,상해없음,승용,남,56세,경상
2018011300100171,2018년 1월 13일 09시,토요일,경상남도 창원시 진해구 석동,경상사고,0,0,2,0,차대차 - 후진중충돌,안전운전불이행,건조,맑음,교차로 - 교차로부근,승용,남,70세,상해없음,승용,남,37세,경상
2018011300100190,2018년 1월 13일 10시,토요일,경상남도 사천시 동금동,경상사고,0,0,2,0,차대차 - 측면충돌,직진우회전진행방해,건조,맑음,교차로 - 교차로안,승용,여,58세,상해없음,승용,남,38세,경상
2018011300100191,2018년 1월 13일 10시,토요일,경상남도 밀양시 삼랑진읍,경상사고,0,0,1,0,차대사람 - 길가장자리구역통행중,안전운전불이행,건조,맑음,교차로 - 교차로부근,승용,여,50세,상해없음,보행자,여,74세,경상
2018011300100192,2018년 1월 13일 10시,토요일,경상남도 김해시 부원동,부상신고사고,0,0,0,1,차대차 - 기타,안전운전불이행,건조,맑음,단일로 - 기타,자전거,남,73세,상해없음,이륜,남,61세,부상신고
2018011300100209,2018년 1월 13일 11시,토요일,경상남도 통영시 서호동,중상사고,0,1,0,0,차대사람 - 횡단중,보행자보호의무위반,건조,맑음,교차로 - 교차로횡단보도내,승용,남,67세,상해없음,보행자,여,42세,중상
2018011300100235,2018년 1월 13일 12시,토요일,경상남도 진주시 봉곡동,중상사고,0,2,0,0,차대차 - 측면충돌,직진우회전진행방해,건조,맑음,교차로 - 교차로안,승용,남,49세,상해없음,화물,남,51세,중상
2018011300100236,2018년 1월 13일 12시,토요일,경상남도 거제시 동부면,중상사고,0,3,1,0,차량단독 - 공작물충돌,안전운전불이행,건조,맑음,단일로 - 기타,승용,여,71세,상해없음,,,,
2018011300100269,2018년 1월 13일 13시,토요일,경상남도 창원시 마산회원구 내서읍,중상사고,0,1,0,0,차대차 - 정면충돌,안전운전불이행,젖음/습기,맑음,단일로 - 기타,승용,여,40세,상해없음,원동기,남,48세,중상
2018011300100314,2018년 1월 13일 15시,토요일,경상남도 진주시 봉곡동,경상사고,0,0,1,0,차대차 - 측면충돌,직진우회전진행방해,건조,맑음,교차로 - 교차로안,원동기,남,79세,경상,승용,남,24세,상해없음
2018011300100363,2018년 1월 13일 17시,토요일,경상남도 창원시 마산합포구 자산동,경상사고,0,0,1,0,차대차 - 측면충돌,안전운전불이행,건조,맑음,교차로 - 교차로부근,승용,남,53세,상해없음,이륜,남,40세,경상
2018011300100364,2018년 1월 13일 17시,토요일,경상남도 김해시 삼정동,경상사고,0,0,4,0,차대차 - 추돌,안전거리미확보,건조,맑음,교차로 - 교차로횡단보도내,승용,여,37세,상해없음,승용,남,25세,경상
2018011300100365,2018년 1월 13일 17시,토요일,경상남도 김해시 삼계동,중상사고,0,1,0,0,차대차 - 추돌,안전운전불이행,건조,맑음,단일로 - 기타,승용,남,27세,상해없음,승용,남,64세,중상
2018011300100402,2018년 1월 13일 18시,토요일,경상남도 창원시 마산합포구 월남동5가,중상사고,0,1,0,0,차대사람 - 차도통행중,안전운전불이행,건조,맑음,단일로 - 기타,승용,여,50세,상해없음,보행자,남,63세,중상
2018011300100403,2018년 1월 13일 18시,토요일,경상남도 창원시 마산합포구 남성동,중상사고,0,1,0,0,차대사람 - 횡단중,보행자보호의무위반,건조,맑음,교차로 - 교차로안,승용,남,74세,상해없음,보행자,여,53세,중상
2018011300100404,2018년 1월 13일 18시,토요일,경상남도 진주시 평거동,경상사고,0,0,1,0,차대차 - 측면충돌,안전거리미확보,건조,맑음,단일로 - 기타,승용,남,33세,상해없음,승용,남,62세,경상
2018011300100405,2018년 1월 13일 18시,토요일,경상남도 김해시 부곡동,경상사고,0,0,1,0,차대차 - 추돌,안전운전불이행,서리/결빙,맑음,교차로 - 교차로부근,이륜,남,18세,경상,승용,남,51세,상해없음
2018011300100445,2018년 1월 13일 19시,토요일,경상남도 양산시 물금읍,중상사고,0,1,0,0,차량단독 - 기타,기타,건조,맑음,단일로 - 기타,원동기,남,40세,중상,,,,
2018011300100446,2018년 1월 13일 19시,토요일,경상남도 산청군 산청읍,경상사고,0,0,1,0,차대차 - 측면충돌,교차로운행방법위반,건조,맑음,교차로 - 교차로안,승용,남,51세,상해없음,화물,남,30세,경상
2018011300100447,2018년 1월 13일 19시,토요일,경상남도 창원시 의창구 소답동,경상사고,0,0,1,0,차대사람 - 기타,안전운전불이행,건조,맑음,단일로 - 기타,승용,남,72세,상해없음,보행자,여,44세,경상
2018011300100482,2018년 1월 13일 20시,토요일,경상남도 창원시 마산합포구 구산면,중상사고,0,1,0,0,차대사람 - 차도통행중,안전운전불이행,건조,맑음,단일로 - 기타,승용,남,58세,상해없음,보행자,여,43세,중상
2018011300100483,2018년 1월 13일 20시,토요일,경상남도 창원시 진해구 이동,경상사고,0,0,1,0,차대차 - 측면충돌,교차로운행방법위반,건조,맑음,교차로 - 교차로안,승용,남,31세,상해없음,승용,남,21세,경상
2018011300100484,2018년 1월 13일 20시,토요일,경상남도 거제시 고현동,중상사고,0,1,0,0,차대사람 - 횡단중,안전운전불이행,건조,맑음,단일로 - 기타,승용,남,56세,상해없음,보행자,여,57세,중상
2018011300100485,2018년 1월 13일 20시,토요일,경상남도 함안군 산인면,중상사고,0,2,0,0,차대차 - 추돌,안전운전불이행,건조,맑음,기타 - 기타,승용,남,47세,상해없음,승용,여,29세,중상
2018011300100515,2018년 1월 13일 21시,토요일,경상남도 사천시 동금동,경상사고,0,0,1,0,차대사람 - 기타,안전운전불이행,건조,맑음,단일로 - 기타,승용,남,54세,상해없음,보행자,남,48세,경상
2018011300100534,2018년 1월 13일 22시,토요일,경상남도 김해시 삼정동,경상사고,0,0,1,0,차대차 - 측면충돌,중앙선침범,건조,맑음,단일로 - 기타,화물,남,62세,상해없음,이륜,남,52세,경상
2018011300100535,2018년 1월 13일 22시,토요일,경상남도 고성군 고성읍,중상사고,0,1,2,0,차량단독 - 공작물충돌,안전운전불이행,건조,맑음,교차로 - 교차로안,승용,남,41세,상해없음,,,,
2018011300100536,2018년 1월 13일 22시,토요일,경상남도 거제시 사등면,경상사고,0,0,1,0,차대차 - 추돌,안전운전불이행,건조,맑음,단일로 - 기타,승용,남,34세,상해없음,승용,여,46세,기타불명
2018011300100537,2018년 1월 13일 22시,토요일,경상남도 창원시 의창구 서상동,경상사고,0,0,1,0,차대차 - 기타,안전운전불이행,건조,맑음,단일로 - 기타,승용,남,68세,상해없음,원동기,남,23세,경상
2018011300100560,2018년 1월 13일 23시,토요일,경상남도 사천시 선구동,경상사고,0,0,1,0,차대차 - 추돌,직진우회전진행방해,건조,맑음,교차로 - 교차로안,승용,남,51세,상해없음,이륜,남,67세,경상
2018011300100561,2018년 1월 13일 23시,토요일,경상남도 창원시 의창구 도계동,경상사고,0,0,1,1,차대차 - 추돌,안전운전불이행,건조,맑음,단일로 - 기타,승용,남,22세,상해없음,승용,남,51세,경상
2018011400100013,2018년 1월 14일 00시,일요일,경상남도 진주시 평거동,경상사고,0,0,1,0,차대사람 - 기타,안전운전불이행,건조,맑음,기타 - 기타,승용,여,25세,상해없음,보행자,여,23세,경상
2018011400100014,2018년 1월 14일 00시,일요일,경상남도 진주시 망경동,중상사고,0,1,0,0,차대차 - 정면충돌,신호위반,건조,맑음,교차로 - 교차로안,승용,남,66세,상해없음,승용,여,45세,중상
2018011400100015,2018년 1월 14일 00시,일요일,경상남도 양산시 평산동,중상사고,0,1,0,0,차대차 - 추돌,안전운전불이행,건조,맑음,단일로 - 기타,이륜,남,19세,중상,화물,남,51세,상해없음
2018011400100037,2018년 1월 14일 01시,일요일,경상남도 거제시 아주동,경상사고,0,0,2,0,차대차 - 측면충돌,교차로운행방법위반,건조,맑음,교차로 - 교차로안,승용,남,45세,경상,화물,남,28세,경상
2018011400100063,2018년 1월 14일 02시,일요일,경상남도 창원시 마산합포구 오동동,경상사고,0,0,3,0,차대차 - 측면충돌,안전거리미확보,건조,맑음,단일로 - 기타,승용,남,55세,상해없음,승용,남,56세,경상
2018011400100086,2018년 1월 14일 04시,일요일,경상남도 김해시 삼계동,경상사고,0,0,1,0,차량단독 - 전도전복 - 전복,안전운전불이행,건조,맑음,단일로 - 기타,승용,남,44세,경상,미분류,미분류,미분류,미분류
2018011400100103,2018년 1월 14일 05시,일요일,경상남도 양산시 물금읍,중상사고,0,1,0,0,차대사람 - 기타,안전운전불이행,건조,맑음,교차로 - 교차로부근,승용,남,50세,상해없음,보행자,남,63세,중상
2018011400100114,2018년 1월 14일 07시,일요일,경상남도 김해시 응달동,경상사고,0,0,1,0,차대차 - 측면충돌,안전운전불이행,건조,맑음,단일로 - 기타,화물,남,68세,상해없음,화물,남,45세,경상
2018011400100148,2018년 1월 14일 10시,일요일,경상남도 함양군 함양읍,경상사고,0,0,1,0,차대차 - 측면충돌,교차로운행방법위반,건조,맑음,교차로 - 교차로안,승용,남,70세,상해없음,이륜,남,79세,경상
2018011400100149,2018년 1월 14일 10시,일요일,경상남도 김해시 부곡동,중상사고,0,1,0,0,차대차 - 측면충돌,신호위반,건조,맑음,교차로 - 교차로안,승용,여,37세,상해없음,승용,여,57세,중상
2018011400100211,2018년 1월 14일 13시,일요일,경상남도 김해시 부원동,경상사고,0,0,1,0,차대차 - 후진중충돌,안전운전불이행,건조,맑음,단일로 - 기타,승용,여,39세,상해없음,승용,남,32세,경상
2018011400100212,2018년 1월 14일 13시,일요일,경상남도 거창군 웅양면,중상사고,0,2,0,0,차대차 - 정면충돌,중앙선침범,건조,맑음,단일로 - 기타,승용,여,54세,상해없음,승용,남,59세,상해없음
2018011400100213,2018년 1월 14일 13시,일요일,경상남도 양산시 명곡동,중상사고,0,1,0,0,차대차 - 정면충돌,중앙선침범,건조,맑음,단일로 - 기타,승용,남,39세,상해없음,승용,남,63세,중상
2018011400100236,2018년 1월 14일 14시,일요일,경상남도 창원시 진해구 경화동,중상사고,0,1,0,0,차량단독 - 공작물충돌,안전운전불이행,건조,맑음,단일로 - 기타,승용,남,52세,상해없음,,,,
2018011400100269,2018년 1월 14일 16시,일요일,경상남도 사천시 동동,중상사고,0,1,0,0,차대차 - 정면충돌,안전운전불이행,건조,맑음,교차로 - 교차로안,화물,남,76세,상해없음,이륜,남,42세,중상
2018011400100293,2018년 1월 14일 17시,일요일,경상남도 진주시 이현동,중상사고,0,1,0,0,차대차 - 정면충돌,신호위반,건조,맑음,교차로 - 교차로안,승용,남,62세,상해없음,승용,남,30세,중상
2018011400100294,2018년 1월 14일 17시,일요일,경상남도 김해시 불암동,중상사고,0,1,0,0,차대차 - 추돌,안전운전불이행,건조,맑음,단일로 - 교량,기타불명,기타불명,미분류,기타불명,원동기,남,36세,중상
2018011400100324,2018년 1월 14일 18시,일요일,경상남도 김해시 어방동,경상사고,0,0,1,0,차대차 - 기타,안전운전불이행,건조,맑음,단일로 - 기타,승용,남,53세,상해없음,원동기,남,61세,경상
2018011400100359,2018년 1월 14일 19시,일요일,경상남도 창원시 마산회원구 구암동,중상사고,0,1,0,0,차대차 - 기타,안전운전불이행,건조,맑음,교차로 - 교차로부근,승용,남,54세,상해없음,자전거,남,44세,중상
2018011400100395,2018년 1월 14일 20시,일요일,경상남도 김해시 내동,경상사고,0,0,1,0,차대차 - 기타,안전운전불이행,건조,맑음,단일로 - 기타,원동기,남,44세,경상,승합,남,63세,상해없음
2018011400100396,2018년 1월 14일 20시,일요일,경상남도 김해시 외동,경상사고,0,0,2,0,차대차 - 추돌,안전운전불이행,건조,맑음,단일로 - 기타,승용,여,43세,상해없음,승용,남,27세,경상
2018011400100397,2018년 1월 14일 20시,일요일,경상남도 양산시 북부동,경상사고,0,0,1,0,차대차 - 추돌,안전운전불이행,건조,맑음,단일로 - 교량,승용,남,49세,상해없음,승용,남,37세,경상
2018011400100398,2018년 1월 14일 20시,일요일,경상남도 김해시 진영읍,중상사고,0,1,0,0,차대사람 - 횡단중,안전운전불이행,건조,맑음,교차로 - 교차로안,승용,남,34세,상해없음,보행자,여,49세,중상