사고번호,사고일시,요일,시군구,사고내용,사망자수,중상자수,경상자수,부상신고자수,사고유형,법규위반,노면상태,기상상태,도로형태,가해운전자 차종,가해운전자 성별,가해운전자 연령,가해운전자 상해정도,피해운전자 차종,피해운전자 성별,피해운전자 연령,피해운전자 상해정도
2018013100100526,2018년 1월 31일 20시,수요일,경상남도 김해시 관동동,경상사고,0,0,1,0,차대차 - 후진중충돌,안전운전불이행,건조,맑음,단일로 - 기타,승용,남,49세,상해없음,승용,여,45세,경상
2018013100100570,2018년 1월 31일 22시,수요일,경상남도 거제시 옥포동,경상사고,0,0,2,0,차대차 - 정면충돌,중앙선침범,건조,맑음,교차로 - 교차로안,승용,남,39세,상해없음,승용,남,23세,경상
2018013100100571,2018년 1월 31일 22시,수요일,경상남도 함안군 여항면,사망사고,1,0,0,0,차량단독 - 전도전복 - 전복,안전운전불이행,건조,맑음,단일로 - 기타,승용,남,30세,사망,미분류,미분류,미분류,미분류
2018020100100021,2018년 2월 1일 00시,목요일,경상남도 김해시 내덕동,중상사고,0,1,0,0,차대차 - 측면충돌,신호위반,건조,맑음,교차로 - 교차로안,승용,남,37세,상해없음,승용,남,31세,중상
2018020100100051,2018년 2월 1일 03시,목요일,경상남도 사천시 정동면,사망사고,1,0,0,0,차량단독 - 공작물충돌,안전운전불이행,건조,맑음,교차로 - 교차로안,승합,남,47세,사망,,,,
2018020100100100,2018년 2월 1일 07시,목요일,경상남도 김해시 주촌면,중상사고,0,1,1,0,차대차 - 측면충돌,안전운전불이행,건조,맑음,기타 - 기타,승용,남,41세,경상,승용,남,42세,중상
2018020100100135,2018년 2월 1일 08시,목요일,경상남도 창원시 마산합포구 자산동,중상사고,0,1,0,0,차대사람 - 횡단중,보행자보호의무위반,건조,맑음,단일로 - 기타,승용,여,27세,상해없음,보행자,여,9세,중상
2018020100100136,2018년 2월 1일 08시,목요일,경상남도 함안군 칠원읍,중상사고,0,1,0,0,차대차 - 측면충돌,교차로운행방법위반,건조,맑음,교차로 - 교차로안,승용,남,57세,상해없음,승용,여,42세,중상
2018020100100182,2018년 2월 1일 09시,목요일,경상남도 진주시 대곡면,경상사고,0,0,1,0,차대차 - 기타,안전운전불이행,서리/결빙,맑음,교차로 - 교차로안,승용,여,45세,상해없음,승용,여,65세,경상
2018020100100213,2018년 2월 1일 10시,목요일,경상남도 김해시 생림면,경상사고,0,0,1,0,차대차 - 기타,직진우회전진행방해,건조,맑음,교차로 - 교차로안,화물,남,59세,상해없음,승용,남,67세,경상
2018020100100214,2018년 2월 1일 10시,목요일,경상남도 거창군 웅양면,경상사고,0,0,1,0,차대차 - 측면충돌,안전운전불이행,건조,맑음,교차로 - 교차로안,화물,남,73세,경상,화물,남,42세,상해없음
2018020100100215,2018년 2월 1일 10시,목요일,경상남도 함안군 칠서면,경상사고,0,0,1,0,차대차 - 측면충돌,안전운전불이행,건조,맑음,교차로 - 교차로안,이륜,남,80세,경상,화물,남,46세,상해없음
2018020100100249,2018년 2월 1일 11시,목요일,경상남도 진주시 문산읍,중상사고,0,1,0,0,차대차 - 추돌,안전운전불이행,건조,맑음,단일로 - 기타,승용,남,77세,중상,승용,남,37세,상해없음
2018020100100250,2018년 2월 1일 11시,목요일,경상남도 창녕군 창녕읍,경상사고,0,0,2,0,차대차 - 측면충돌,안전운전불이행,건조,맑음,교차로 - 교차로부근,화물,여,57세,경상,승용,여,51세,경상
2018020100100281,2018년 2월 1일 12시,목요일,경상남도 양산시 주남동,경상사고,0,0,1,0,차대차 - 기타,교차로운행방법위반,건조,맑음,교차로 - 교차로안,승용,남,50세,상해없음,승용,남,23세,경상
2018020100100324,2018년 2월 1일 13시,목요일,경상남도 진주시 인사동,중상사고,0,1,0,0,차대차 - 기타,안전운전불이행,건조,맑음,교차로 - 교차로부근,자전거,남,74세,중상,승용,남,29세,상해없음
2018020100100352,2018년 2월 1일 14시,목요일,경상남도 양산시 동면,경상사고,0,0,1,0,차량단독 - 기타,안전운전불이행,건조,맑음,단일로 - 기타,승합,남,49세,상해없음,,,,
2018020100100376,2018년 2월 1일 15시,목요일,경상남도 진주시 계동,중상사고,0,1,0,0,차대차 - 기타,안전운전불이행,건조,맑음,교차로 - 교차로안,승용,여,41세,상해없음,이륜,여,51세,중상
2018020100100377,2018년 2월 1일 15시,목요일,경상남도 진주시 대곡면,중상사고,0,1,1,0,차대차 - 추돌,안전운전불이행,건조,맑음,교차로 - 교차로부근,화물,남,30세,상해없음,승용,여,45세,경상
2018020100100378,2018년 2월 1일 15시,목요일,경상남도 고성군 고성읍,중상사고,0,1,0,0,차대차 - 측면충돌,안전운전불이행,건조,맑음,단일로 - 기타,승용,남,63세,상해없음,이륜,여,56세,중상
2018020100100379,2018년 2월 1일 15시,목요일,경상남도 거제시 고현동,경상사고,0,0,1,0,차대차 - 측면충돌,직진우회전진행방해,건조,맑음,교차로 - 교차로안,승용,남,65세,상해없음,승용,여,20세,상해없음
2018020100100416,2018년 2월 1일 16시,목요일,경상남도 창원시 진해구 대천동,부상신고사고,0,0,0,1,차대차 - 측면충돌,안전운전불이행,건조,맑음,교차로 - 교차로안,승용,남,36세,상해없음,원동기,남,62세,부상신고
2018020100100444,2018년 2월 1일 17시,목요일,경상남도 양산시 용당동,경상사고,0,0,1,0,차대차 - 기타,신호위반,건조,맑음,교차로 - 교차로안,승용,여,40세,상해없음,승용,남,46세,경상
2018020100100445,2018년 2월 1일 17시,목요일,경상남도 창원시 의창구 신월동,중상사고,0,1,0,0,차대차 - 측면충돌,신호위반,건조,맑음,교차로 - 교차로안,이륜,남,34세,상해없음,승용,남,48세,중상
2018020100100446,2018년 2월 1일 17시,목요일,경상남도 창원시 마산회원구 양덕동,경상사고,0,0,1,0,차대사람 - 길가장자리구역통행중,보행자보호의무위반,건조,맑음,단일로 - 기타,승용,여,28세,상해없음,보행자,남,3세,경상
2018020100100492,2018년 2월 1일 18시,목요일,경상남도 창녕군 대합면,중상사고,0,1,1,0,차대차 - 추돌,안전운전불이행,건조,맑음,교차로 - 교차로부근,승용,남,26세,상해없음,승용,남,39세,경상
2018020100100493,2018년 2월 1일 18시,목요일,경상남도 거제시 연초면,경상사고,0,0,1,0,차대차 - 추돌,안전운전불이행,건조,맑음,교차로 - 교차로부근,승용,남,67세,상해없음,승용,남,21세,경상
2018020100100494,2018년 2월 1일 18시,목요일,경상남도 함안군 법수면,중상사고,0,1,0,0,차대사람 - 횡단중,안전운전불이행,건조,맑음,교차로 - 교차로부근,화물,남,55세,상해없음,보행자,여,70세,중상
2018020100100551,2018년 2월 1일 19시,목요일,경상남도 창원시 의창구 팔용동,중상사고,0,1,0,0,차대차 - 측면충돌,안전운전불이행,건조,맑음,교차로 - 교차로안,승용,남,51세,상해없음,원동기,남,29세,중상
2018020100100588,2018년 2월 1일 20시,목요일,경상남도 통영시 무전동,경상사고,0,0,1,0,차대차 - 정면충돌,중앙선침범,건조,맑음,교차로 - 교차로안,승용,남,56세,상해없음,이륜,남,19세,경상
2018020100100589,2018년 2월 1일 20시,목요일,경상남도 창원시 의창구 봉곡동,경상사고,0,0,2,0,차대차 - 추돌,안전운전불이행,건조,맑음,단일로 - 기타,승용,남,38세,상해없음,승용,남,29세,경상
2018020100100590,2018년 2월 1일 20시,목요일,경상남도 통영시 광도면,사망사고,1,0,1,0,차대차 - 추돌,안전운전불이행,건조,맑음,단일로 - 기타,승용,여,52세,경상,승용,남,57세,사망
2018020100100615,2018년 2월 1일 21시,목요일,경상남도 창원시 성산구 중앙동,경상사고,0,0,1,0,차대차 - 추돌,신호위반,건조,맑음,단일로 - 기타,승용,남,60세,상해없음,이륜,남,23세,경상
2018020100100616,2018년 2월 1일 21시,목요일,경상남도 김해시 율하동,경상사고,0,0,1,0,차대차 - 측면충돌,신호위반,건조,맑음,교차로 - 교차로안,승용,남,63세,상해없음,승용,남,42세,경상
2018020100100651,2018년 2월 1일 22시,목요일,경상남도 창원시 마산합포구 월남동2가,경상사고,0,0,1,0,차대사람 - 기타,안전운전불이행,건조,맑음,교차로 - 교차로안,승합,남,52세,상해없음,보행자,여,56세,경상
2018020100100652,2018년 2월 1일 22시,목요일,경상남도 진주시 신안동,경상사고,0,0,1,0,차대차 - 추돌,안전운전불이행,건조,맑음,교차로 - 교차로부근,승용,남,45세,상해없음,승용,여,55세,경상
2018020100100682,2018년 2월 1일 23시,목요일,경상남도 사천시 향촌동,경상사고,0,0,1,0,차대차 - 추돌,안전운전불이행,건조,맑음,단일로 - 기타,승용,남,34세,상해없음,승합,남,48세,상해없음
2018020200100072,2018년 2월 2일 06시,금요일,경상남도 진주시 상평동,부상신고사고,0,0,0,1,차대차 - 추돌,안전운전불이행,건조,맑음,단일로 - 기타,승용,남,24세,부상신고,화물,남,55세,기타불명
2018020200100098,2018년 2월 2일 07시,금요일,경상남도 양산시 물금읍,경상사고,0,0,2,0,차대차 - 추돌,안전운전불이행,건조,맑음,교차로 - 교차로부근,승용,남,36세,상해없음,승용,남,39세,경상
2018020200100146,2018년 2월 2일 08시,금요일,경상남도 김해시 부원동,부상신고사고,0,0,0,1,차대차 - 기타,신호위반,건조,맑음,교차로 - 교차로안,자전거,남,81세,부상신고,승용,여,32세,상해없음
2018020200100147,2018년 2월 2일 08시,금요일,경상남도 산청군 신안면,중상사고,0,1,0,0,차대차 - 기타,안전운전불이행,건조,맑음,단일로 - 기타,화물,남,65세,상해없음,자전거,여,71세,중상
2018020200100148,2018년 2월 2일 08시,금요일,경상남도 창원시 마산회원구 석전동,중상사고,0,1,0,0,차대사람 - 횡단중,신호위반,건조,맑음,단일로 - 기타,승용,여,53세,상해없음,보행자,여,53세,중상
2018020200100180,2018년 2월 2일 09시,금요일,경상남도 통영시 무전동,중상사고,0,1,0,0,차대사람 - 횡단중,안전운전불이행,건조,맑음,교차로 - 교차로안,화물,남,29세,상해없음,보행자,남,58세,중상
2018020200100181,2018년 2월 2일 09시,금요일,경상남도 김해시 어방동,중상사고,0,1,0,0,차대사람 - 기타,안전운전불이행,건조,맑음,단일로 - 기타,승용,여,40세,상해없음,보행자,남,53세,중상
2018020200100182,2018년 2월 2일 09시,금요일,경상남도 김해시 대청동,중상사고,0,1,0,0,차대차 - 측면충돌,안전운전불이행,건조,맑음,단일로 - 기타,승용,여,45세,상해없음,승용,여,36세,중상
2018020200100287,2018년 2월 2일 13시,금요일,경상남도 하동군 악양면,중상사고,0,1,1,0,차대차 - 측면충돌,교차로운행방법위반,건조,맑음,교차로 - 교차로안,화물,남,59세,상해없음,원동기,남,83세,경상
2018020200100288,2018년 2월 2일 13시,금요일,경상남도 함안군 법수면,중상사고,0,2,3,0,차대차 - 정면충돌,중앙선침범,건조,맑음,단일로 - 기타,승용,남,63세,상해없음,화물,남,46세,경상
2018020200100289,2018년 2월 2일 13시,금요일,경상남도 함안군 가야읍,경상사고,0,0,1,0,차대차 - 측면충돌,안전운전불이행,건조,맑음,교차로 - 교차로안,승용,남,36세,상해없음,이륜,남,69세,경상
2018020200100323,2018년 2월 2일 14시,금요일,경상남도 진주시 망경동,중상사고,0,1,0,0,차대사람 - 기타,안전운전불이행,건조,맑음,교차로 - 교차로안,화물,남,59세,상해없음,보행자,남,41세,중상
2018020200100324,2018년 2월 2일 14시,금요일,경상남도 합천군 합천읍,경상사고,0,0,1,0,차대차 - 측면충돌,안전운전불이행,건조,맑음,주차장 - 주차장,승용,여,56세,상해없음,이륜,남,67세,경상
2018020200100325,2018년 2월 2일 14시,금요일,경상남도 창녕군 부곡면,경상사고,0,0,2,0,차대차 - 기타,안전운전불이행,건조,맑음,교차로 - 교차로부근,화물,남,55세,경상,승용,여,23세,경상
2018020200100326,2018년 2월 2일 14시,금요일,경상남도 김해시 삼문동,중상사고,0,3,0,0,차대차 - 측면충돌,중앙선침범,건조,맑음,교차로 - 교차로부근,승용,남,53세,상해없음,승용,여,41세,중상
2018020200100395,2018년 2월 2일 16시,금요일,경상남도 거제시 상동동,경상사고,0,0,3,0,차대차 - 측면충돌,신호위반,건조,맑음,교차로 - 교차로안,승합,남,63세,상해없음,승용,남,46세,경상
2018020200100424,2018년 2월 2일 17시,금요일,경상남도 창원시 마산합포구 월영동,경상사고,0,0,2,0,차대차 - 추돌,안전거리미확보,건조,맑음,교차로 - 교차로안,승용,남,51세,상해없음,승용,여,34세,경상
2018020200100425,2018년 2월 2일 17시,금요일,경상남도 창원시 진해구 두동,중상사고,0,1,0,0,차대차 - 추돌,안전운전불이행,건조,맑음,단일로 - 기타,승용,남,65세,상해없음,승용,여,34세,중상
2018020200100426,2018년 2월 2일 17시,금요일,경상남도 산청군 금서면,부상신고사고,0,0,0,1,차량단독 - 도로외이탈 - 추락,안전운전불이행,건조,맑음,단일로 - 기타,화물,남,68세,부상신고,,,,
2018020200100469,2018년 2월 2일 18시,금요일,경상남도 창녕군 창녕읍,중상사고,0,1,0,0,차대차 - 후진중충돌,안전운전불이행,건조,흐림,단일로 - 기타,승용,남,36세,상해없음,승용,남,57세,상해없음
2018020200100470,2018년 2월 2일 18시,금요일,경상남도 창녕군 남지읍,경상사고,0,0,1,0,차대차 - 측면충돌,안전운전불이행,건조,맑음,교차로 - 교차로부근,자전거,남,80세,경상,화물,남,49세,상해없음
2018020200100516,2018년 2월 2일 19시,금요일,경상남도 김해시 어방동,경상사고,0,0,1,0,차대사람 - 횡단중,안전운전불이행,건조,맑음,단일로 - 기타,원동기,남,38세,상해없음,보행자,여,48세,경상
2018020200100517,2018년 2월 2일 19시,금요일,경상남도 양산시 하북면,경상사고,0,0,2,0,차대차 - 측면충돌,중앙선침범,건조,맑음,단일로 - 기타,승용,여,58세,상해없음,승용,여,27세,경상
2018020200100545,2018년 2월 2일 20시,금요일,경상남도 통영시 용남면,경상사고,0,0,1,0,차대차 - 측면충돌,안전운전불이행,건조,맑음,단일로 - 기타,승용,남,53세,상해없음,이륜,남,18세,경상
2018020200100581,2018년 2월 2일 21시,금요일,경상남도 진주시 내동면,중상사고,0,2,0,0,차대차 - 측면충돌,신호위반,건조,맑음,교차로 - 교차로안,승용,남,67세,상해없음,승용,남,57세,중상
2018020200100582,2018년 2월 2일 21시,금요일,경상남도 사천시 벌리동,중상사고,0,1,0,0,차대차 - 측면충돌,안전운전불이행,건조,맑음,교차로 - 교차로안,화물,남,45세,상해없음,원동기,남,39세,중상
2018020200100658,2018년 2월 2일 23시,금요일,경상남도 합천군 덕곡면,중상사고,0,1,0,0,차량단독 - 공작물충돌,안전운전불이행,건조,맑음,교차로 - 교차로안,승용,남,63세,중상,,,,
2018020300100049,2018년 2월 3일 01시,토요일,경상남도 창원시 마산회원구 석전동,중상사고,0,1,0,0,차대사람 - 기타,안전운전불이행,건조,흐림,단일로 - 기타,승용,남,68세,상해없음,보행자,남,43세,중상
2018020300100106,2018년 2월 3일 05시,토요일,경상남도 김해시 외동,중상사고,0,1,0,0,차대차 - 측면충돌,안전운전불이행,건조,맑음,단일로 - 기타,자전거,남,55세,상해없음,이륜,남,65세,중상
2018020300100107,2018년 2월 3일 05시,토요일,경상남도 창원시 성산구 상남동,경상사고,0,0,2,0,차대차 - 측면충돌,안전운전불이행,건조,맑음,교차로 - 교차로부근,승용,남,24세,상해없음,승용,남,56세,경상
2018020300100108,2018년 2월 3일 05시,토요일,경상남도 김해시 율하동,중상사고,0,1,0,0,차대차 - 측면충돌,신호위반,건조,맑음,교차로 - 교차로안,승용,남,49세,상해없음,승용,남,70세,중상
2018020300100124,2018년 2월 3일 06시,토요일,경상남도 진주시 평거동,중상사고,0,2,0,0,차량단독 - 공작물충돌,안전운전불이행,건조,맑음,교차로 - 교차로안,승용,남,23세,중상,,,,
2018020300100125,2018년 2월 3일 06시,토요일,경상남도 양산시 물금읍,경상사고,0,0,1,0,차대차 - 측면충돌,안전운전불이행,건조,맑음,단일로 - 기타,화물,남,26세,상해없음,승용,남,64세,경상
2018020300100136,2018년 2월 3일 07시,토요일,경상남도 양산시 상북면,경상사고,0,0,2,0,차대차 - 측면충돌,직진우회전진행방해,건조,맑음,교차로 - 교차로안,화물,여,59세,경상,승용,여,43세,경상
2018020300100156,2018년 2월 3일 08시,토요일,경상남도 창녕군 부곡면,경상사고,0,0,2,0,차대차 - 측면충돌,안전운전불이행,건조,맑음,기타 - 기타,승용,여,47세,경상,화물,남,60세,경상
2018020300100157,2018년 2월 3일 08시,토요일,경상남도 창원시 마산합포구 산호동,중상사고,0,1,0,0,차대사람 - 기타,안전운전불이행,건조,맑음,단일로 - 기타,승용,남,80세,상해없음,보행자,여,58세,중상
2018020300100211,2018년 2월 3일 10시,토요일,경상남도 창원시 마산합포구 월영동,중상사고,0,2,0,0,차대차 - 추돌,안전운전불이행,건조,맑음,미분류 - 미분류,승용,여,72세,상해없음,승용,남,55세,상해없음
2018020300100257,2018년 2월 3일 11시,토요일,경상남도 통영시 도천동,중상사고,0,1,0,0,차대차 - 측면충돌,중앙선침범,건조,맑음,단일로 - 기타,이륜,여,56세,중상,승용,남,48세,상해없음
2018020300100258,2018년 2월 3일 11시,토요일,경상남도 창녕군 대지면,경상사고,0,0,1,0,차대차 - 측면충돌,안전운전불이행,건조,맑음,교차로 - 교차로안,승용,여,49세,상해없음,이륜,남,69세,경상
2018020300100306,2018년 2월 3일 12시,토요일,경상남도 김해시 구산동,중상사고,0,1,0,0,차대차 - 기타,안전운전불이행,건조,맑음,교차로 - 교차로안,원동기,남,70세,중상,화물,남,66세,상해없음
2018020300100353,2018년 2월 3일 13시,토요일,경상남도 양산시 북부동,경상사고,0,0,1,3,차대차 - 측면충돌,기타,건조,맑음,단일로 - 지하차도(도로)내,화물,남,53세,상해없음,이륜,남,36세,경상
2018020300100354,2018년 2월 3일 13시,토요일,경상남도 거제시 고현동,경상사고,0,0,2,0,차대차 - 측면충돌,교차로운행방법위반,건조,맑음,교차로 - 교차로안,승합,남,32세,상해없음,승용,남,30세,경상
2018020300100405,2018년 2월 3일 14시,토요일,경상남도 사천시 사천읍,중상사고,0,1,0,0,차량단독 - 공작물충돌,안전운전불이행,건조,맑음,단일로 - 기타,화물,남,62세,중상,,,,
2018020300100406,2018년 2월 3일 14시,토요일,경상남도 김해시 어방동,경상사고,0,0,2,0,차대차 - 기타,신호위반,건조,맑음,교차로 - 교차로안,승용,여,52세,상해없음,승용,여,46세,경상
2018020300100439,2018년 2월 3일 15시,토요일,경상남도 남해군 남해읍,중상사고,0,2,0,0,차대차 - 측면충돌,안전운전불이행,건조,맑음,교차로 - 교차로안,승용,여,46세,상해없음,승용,남,26세,중상
2018020300100468,2018년 2월 3일 16시,토요일,경상남도 거창군 북상면,중상사고,0,1,0,0,차대차 - 추돌,안전운전불이행,건조,맑음,단일로 - 기타,화물,남,68세,상해없음,화물,남,38세,기타불명
2018020300100496,2018년 2월 3일 17시,토요일,경상남도 김해시 외동,중상사고,0,1,0,0,차대차 - 기타,안전운전불이행,건조,맑음,교차로 - 교차로안,승합,남,36세,상해없음,원동기,남,57세,중상
2018020300100497,2018년 2월 3일 17시,토요일,경상남도 양산시 평산동,경상사고,0,0,1,0,차대차 - 기타,안전운전불이행,건조,맑음,단일로 - 기타,승용,여,56세,상해없음,이륜,남,22세,경상
2018020300100543,2018년 2월 3일 18시,토요일,경상남도 김해시 진영읍,경상사고,0,0,1,0,차대차 - 측면충돌,안전운전불이행,건조,맑음,교차로 - 교차로안,승용,남,25세,상해없음,이륜,남,46세,경상
2018020300100589,2018년 2월 3일 19시,토요일,경상남도 사천시 용현면,경상사고,0,0,1,0,차대차 - 기타,안전운전불이행,건조,맑음,교차로 - 교차로부근,승용,여,47세,기타불명,승용,여,52세,경상
2018020300100590,2018년 2월 3일 19시,토요일,경상남도 김해시 어방동,경상사고,0,0,1,0,차대차 - 추돌,안전운전불이행,건조,맑음,단일로 - 기타,승용,남,33세,상해없음,승용,남,21세,경상
2018020300100591,2018년 2월 3일 19시,토요일,경상남도 창원시 의창구 대산면,중상사고,0,1,0,0,차대사람 - 횡단중,안전운전불이행,건조,맑음,교차로 - 교차로부근,승용,남,46세,상해없음,보행자,여,74세,중상
2018020300100592,2018년 2월 3일 19시,토요일,경상남도 함안군 산인면,경상사고,0,0,2,0,차대차 - 기타,안전운전불이행,건조,맑음,단일로 - 기타,승용,남,54세,상해없음,승용,여,52세,경상
2018020300100633,2018년 2월 3일 20시,토요일,경상남도 창원시 성산구 안민동,중상사고,0,1,0,0,차대사람 - 보도통행중,안전운전불이행,건조,맑음,교차로 - 교차로횡단보도내,승용,남,61세,상해없음,보행자,남,50세,중상
2018020300100671,2018년 2월 3일 21시,토요일,경상남도 양산시 물금읍,부상신고사고,0,0,0,1,차대차 - 측면충돌,안전거리미확보,건조,맑음,단일로 - 기타,승용,남,33세,상해없음,이륜,남,17세,부상신고
2018020300100712,2018년 2월 3일 22시,토요일,경상남도 창원시 성산구 상남동,경상사고,0,0,1,0,차대차 - 측면충돌,안전운전불이행,건조,맑음,단일로 - 기타,승용,남,23세,상해없음,이륜,남,20세,경상
2018020400100039,2018년 2월 4일 01시,일요일,경상남도 창원시 마산합포구 자산동,경상사고,0,0,2,0,차대차 - 추돌,안전운전불이행,건조,맑음,교차로 - 교차로부근,화물,남,56세,상해없음,승용,남,41세,경상
2018020400100040,2018년 2월 4일 01시,일요일,경상남도 양산시 물금읍,중상사고,0,1,0,0,차대사람 - 횡단중,안전운전불이행,건조,맑음,단일로 - 기타,이륜,남,31세,상해없음,보행자,남,21세,중상
2018020400100041,2018년 2월 4일 01시,일요일,경상남도 양산시 삼호동,중상사고,0,1,1,0,차대차 - 기타,중앙선침범,건조,맑음,단일로 - 기타,승용,남,19세,상해없음,화물,기타불명,미분류,기타불명
2018020400100042,2018년 2월 4일 01시,일요일,경상남도 거제시 아주동,중상사고,0,1,1,0,차대차 - 측면충돌,안전거리미확보,건조,맑음,단일로 - 기타,승용,여,38세,상해없음,승용,남,39세,중상
2018020400100124,2018년 2월 4일 07시,일요일,경상남도 양산시 중부동,경상사고,0,0,1,0,차대차 - 측면충돌,신호위반,건조,맑음,교차로 - 교차로안,승용,여,55세,상해없음,승용,남,39세,경상
2018020400100139,2018년 2월 4일 08시,일요일,경상남도 김해시 주촌면,중상사고,0,1,0,0,차대차 - 측면충돌,신호위반,건조,맑음,교차로 - 교차로안,승용,남,52세,상해없음,승용,남,45세,중상
2018020400100156,2018년 2월 4일 09시,일요일,경상남도 통영시 광도면,경상사고,0,0,1,0,차대차 - 측면충돌,직진우회전진행방해,건조,맑음,교차로 - 교차로안,승용,여,47세,상해없음,승용,남,46세,경상
2018020400100157,2018년 2월 4일 09시,일요일,경상남도 거제시 옥포동,경상사고,0,0,2,0,차대사람 - 횡단중,보행자보호의무위반,건조,맑음,교차로 - 교차로안,승용,여,58세,상해없음,보행자,남,59세,경상
2018020400100158,2018년 2월 4일 09시,일요일,경상남도 함안군 산인면,경상사고,0,0,1,0,차대차 - 측면충돌,안전운전불이행,건조,맑음,단일로 - 기타,승용,남,24세,상해없음,승용,여,56세,경상
2018020400100205,2018년 2월 4일 11시,일요일,경상남도 거제시 연초면,경상사고,0,0,1,0,차대차 - 측면충돌,직진우회전진행방해,건조,맑음,교차로 - 교차로안,승합,여,64세,상해없음,승용,남,35세,경상
2018020400100243,2018년 2월 4일 13시,일요일,경상남도 거제시 옥포동,경상사고,0,0,1,0,차대차 - 측면충돌,안전운전불이행,건조,맑음,교차로 - 교차로안,이륜,남,34세,경상,승용,남,43세,상해없음
2018020400100296,2018년 2월 4일 15시,일요일,경상남도 양산시 중부동,중상사고,0,1,0,0,차대사람 - 횡단중,안전운전불이행,건조,맑음,단일로 - 기타,승용,남,69세,상해없음,보행자,여,21세,중상
2018020400100297,2018년 2월 4일 15시,일요일,경상남도 김해시 부곡동,경상사고,0,0,1,0,차대차 - 측면충돌,안전운전불이행,건조,맑음,교차로 - 교차로안,승용,남,46세,상해없음,승용,여,39세,경상
2018020400100332,2018년 2월 4일 16시,일요일,경상남도 양산시 상북면,중상사고,0,1,1,0,차대차 - 측면충돌,과속,건조,맑음,교차로 - 교차로안,승용,남,27세,중상,승용,여,65세,경상
2018020400100333,2018년 2월 4일 16시,일요일,경상남도 창원시 의창구 봉곡동,경상사고,0,0,1,0,차대차 - 측면충돌,안전운전불이행,건조,맑음,교차로 - 교차로안,승용,남,45세,상해없음,원동기,남,23세,경상
2018020400100395,2018년 2월 4일 18시,일요일,경상남도 김해시 어방동,경상사고,0,0,1,0,차대차 - 측면충돌,안전거리미확보,건조,맑음,교차로 - 교차로안,이륜,남,16세,경상,승용,남,51세,상해없음
2018020400100450,2018년 2월 4일 20시,일요일,경상남도 창원시 진해구 장천동,경상사고,0,0,2,0,차대차 - 기타,중앙선침범,건조,맑음,단일로 - 기타,승용,남,46세,기타불명,승용,여,44세,경상
2018020400100451,2018년 2월 4일 20시,일요일,경상남도 통영시 용남면,경상사고,0,0,1,0,차대차 - 기타,중앙선침범,건조,맑음,단일로 - 기타,승용,여,59세,상해없음,승용,남,48세,상해없음
2018020400100452,2018년 2월 4일 20시,일요일,경상남도 양산시 남부동,중상사고,0,1,0,0,차대사람 - 횡단중,안전운전불이행,건조,맑음,단일로 - 기타,승용,여,41세,상해없음,보행자,남,55세,중상
2018020400100453,2018년 2월 4일 20시,일요일,경상남도 김해시 대청동,경상사고,0,0,2,0,차대차 - 정면충돌,안전운전불이행,건조,맑음,단일로 - 기타,승용,남,49세,상해없음,승용,여,34세,경상
2018020400100480,2018년 2월 4일 21시,일요일,경상남도 창원시 마산회원구 내서읍,경상사고,0,0,1,0,차대차 - 후진중충돌,안전운전불이행,건조,맑음,교차로 - 교차로부근,승용,남,41세,상해없음,승용,남,65세,경상
2018020400100529,2018년 2월 4일 23시,일요일,경상남도 김해시 지내동,경상사고,0,0,2,0,차대차 - 추돌,안전거리미확보,건조,맑음,교차로 - 교차로부근,승용,여,54세,상해없음,화물,남,41세,경상
2018020400100530,2018년 2월 4일 23시,일요일,경상남도 김해시 동상동,경상사고,0,0,2,0,차대차 - 기타,안전거리미확보,건조,맑음,단일로 - 기타,승용,남,54세,경상,승용,남,30세,경상
2018020500100054,2018년 2월 5일 05시,월요일,경상남도 김해시 서상동,중상사고,0,1,0,0,차대차 - 측면충돌,교차로운행방법위반,건조,맑음,교차로 - 교차로안,승용,남,26세,상해없음,이륜,남,44세,중상
2018020500100093,2018년 2월 5일 07시,월요일,경상남도 창원시 성산구 대방동,경상사고,0,0,2,0,차대차 - 추돌,안전운전불이행,건조,맑음,단일로 - 기타,승용,남,58세,상해없음,승용,남,60세,경상
2018020500100134,2018년 2월 5일 08시,월요일,경상남도 창원시 마산합포구 우산동,경상사고,0,0,1,0,차대차 - 기타,안전거리미확보,건조,맑음,단일로 - 기타,승용,여,33세,경상,건설기계,남,55세,상해없음
2018020500100135,2018년 2월 5일 08시,월요일,경상남도 진주시 칠암동,중상사고,0,1,1,0,차대차 - 정면충돌,안전거리미확보,건조,맑음,단일로 - 기타,승용,남,68세,상해없음,승용,여,29세,중상
2018020500100136,2018년 2월 5일 08시,월요일,경상남도 통영시 인평동,중상사고,0,1,0,0,차대사람 - 횡단중,보행자보호의무위반,건조,맑음,단일로 - 기타,승용,여,43세,상해없음,보행자,남,13세,중상
2018020500100137,2018년 2월 5일 08시,월요일,경상남도 창녕군 창녕읍,중상사고,0,1,0,0,차대차 - 측면충돌,신호위반,건조,맑음,교차로 - 교차로안,화물,남,61세,상해없음,원동기,여,69세,중상
2018020500100139,2018년 2월 5일 08시,월요일,경상남도 김해시 신문동,중상사고,0,1,1,0,차대차 - 측면충돌,중앙선침범,건조,맑음,단일로 - 기타,승용,여,48세,경상,화물,남,37세,중상
2018020500100187,2018년 2월 5일 09시,월요일,경상남도 양산시 삼호동,중상사고,0,1,0,0,차대차 - 측면충돌,안전운전불이행,건조,맑음,교차로 - 교차로안,승용,남,47세,상해없음,자전거,남,69세,중상