사고번호,사고일시,요일,시군구,사고내용,사망자수,중상자수,경상자수,부상신고자수,사고유형,법규위반,노면상태,기상상태,도로형태,가해운전자 차종,가해운전자 성별,가해운전자 연령,가해운전자 상해정도,피해운전자 차종,피해운전자 성별,피해운전자 연령,피해운전자 상해정도
2018020500100228,2018년 2월 5일 10시,월요일,경상남도 진주시 상평동,경상사고,0,0,1,0,차대차 - 측면충돌,중앙선침범,건조,맑음,단일로 - 기타,승용,남,28세,상해없음,화물,남,30세,경상
2018020500100229,2018년 2월 5일 10시,월요일,경상남도 거제시 상동동,중상사고,0,1,0,0,차대사람 - 기타,안전운전불이행,건조,맑음,단일로 - 기타,이륜,여,51세,중상,보행자,남,70세,상해없음
2018020500100230,2018년 2월 5일 10시,월요일,경상남도 창원시 마산회원구 구암동,경상사고,0,0,1,0,차대사람 - 기타,안전운전불이행,건조,맑음,단일로 - 기타,승용,남,35세,상해없음,보행자,남,75세,경상
2018020500100258,2018년 2월 5일 11시,월요일,경상남도 함양군 함양읍,중상사고,0,2,1,0,차대차 - 측면충돌,안전운전불이행,건조,맑음,단일로 - 기타,승용,남,47세,경상,승용,남,69세,중상
2018020500100259,2018년 2월 5일 11시,월요일,경상남도 창원시 마산회원구 석전동,중상사고,0,1,0,0,차대차 - 측면충돌,안전운전불이행,건조,맑음,단일로 - 기타,승용,남,67세,상해없음,원동기,남,75세,중상
2018020500100291,2018년 2월 5일 12시,월요일,경상남도 사천시 벌리동,중상사고,0,1,0,0,차대차 - 측면충돌,신호위반,건조,맑음,교차로 - 교차로안,승합,남,45세,상해없음,승합,남,55세,중상
2018020500100292,2018년 2월 5일 12시,월요일,경상남도 함안군 함안면,중상사고,0,1,0,0,차대차 - 측면충돌,안전운전불이행,건조,맑음,단일로 - 기타,화물,남,66세,상해없음,승용,여,59세,중상
2018020500100318,2018년 2월 5일 13시,월요일,경상남도 합천군 초계면,중상사고,0,1,0,0,차대사람 - 기타,안전운전불이행,건조,맑음,주차장 - 주차장,승용,남,76세,상해없음,보행자,남,72세,중상
2018020500100319,2018년 2월 5일 13시,월요일,경상남도 김해시 대청동,중상사고,0,2,6,0,차대차 - 추돌,안전운전불이행,건조,맑음,단일로 - 기타,승용,남,29세,상해없음,승용,남,31세,경상
2018020500100320,2018년 2월 5일 13시,월요일,경상남도 김해시 한림면,경상사고,0,0,1,0,차대차 - 정면충돌,안전운전불이행,건조,맑음,단일로 - 기타,화물,남,53세,상해없음,승용,남,55세,경상
2018020500100391,2018년 2월 5일 15시,월요일,경상남도 창원시 마산합포구 중앙동2가,중상사고,0,1,0,0,차대차 - 측면충돌,안전운전불이행,건조,맑음,교차로 - 교차로안,승용,여,23세,상해없음,이륜,남,68세,중상
2018020500100500,2018년 2월 5일 18시,월요일,경상남도 김해시 어방동,중상사고,0,1,0,0,차대사람 - 횡단중,안전운전불이행,건조,맑음,단일로 - 기타,승용,여,52세,상해없음,보행자,여,46세,중상
2018020500100536,2018년 2월 5일 19시,월요일,경상남도 진주시 상대동,경상사고,0,0,1,0,차대사람 - 기타,안전운전불이행,건조,맑음,단일로 - 기타,승합,남,47세,상해없음,보행자,여,58세,경상
2018020500100537,2018년 2월 5일 19시,월요일,경상남도 함양군 수동면,사망사고,1,0,0,0,차대사람 - 길가장자리구역통행중,안전운전불이행,건조,맑음,단일로 - 기타,승용,남,49세,상해없음,보행자,여,79세,사망
2018020500100566,2018년 2월 5일 20시,월요일,경상남도 김해시 한림면,중상사고,0,1,0,0,차대차 - 측면충돌,안전운전불이행,건조,맑음,교차로 - 교차로부근,화물,남,60세,상해없음,승용,남,27세,중상
2018020500100593,2018년 2월 5일 21시,월요일,경상남도 거제시 고현동,경상사고,0,0,2,0,차대차 - 기타,중앙선침범,건조,맑음,교차로 - 교차로부근,승용,남,35세,상해없음,승용,남,23세,경상
2018020600100040,2018년 2월 6일 03시,화요일,경상남도 창원시 진해구 풍호동,중상사고,0,2,0,0,차량단독 - 기타,안전운전불이행,건조,맑음,단일로 - 기타,승용,남,27세,중상,,,,
2018020600100079,2018년 2월 6일 07시,화요일,경상남도 양산시 물금읍,중상사고,0,1,1,0,차대차 - 측면충돌,안전운전불이행,건조,맑음,단일로 - 기타,화물,남,36세,상해없음,승합,남,54세,중상
2018020600100137,2018년 2월 6일 08시,화요일,경상남도 창원시 진해구 여좌동,경상사고,0,0,2,0,차대차 - 측면충돌,교차로운행방법위반,건조,맑음,교차로 - 교차로안,승용,남,68세,상해없음,승용,남,60세,경상
2018020600100138,2018년 2월 6일 08시,화요일,경상남도 김해시 삼정동,경상사고,0,0,1,0,차대차 - 추돌,안전운전불이행,건조,맑음,교차로 - 교차로부근,승용,여,34세,상해없음,승용,여,48세,경상
2018020600100139,2018년 2월 6일 08시,화요일,경상남도 남해군 남해읍,중상사고,0,1,0,0,차대차 - 측면충돌,안전운전불이행,건조,맑음,교차로 - 교차로안,승용,여,48세,상해없음,자전거,남,56세,중상
2018020600100181,2018년 2월 6일 09시,화요일,경상남도 김해시 구산동,경상사고,0,0,5,0,차대차 - 추돌,안전운전불이행,건조,맑음,단일로 - 기타,승용,남,32세,상해없음,승용,여,40세,경상
2018020600100208,2018년 2월 6일 10시,화요일,경상남도 진주시 이현동,경상사고,0,0,2,0,차대차 - 측면충돌,안전운전불이행,건조,맑음,교차로 - 교차로안,승용,남,64세,상해없음,승용,여,43세,경상
2018020600100209,2018년 2월 6일 10시,화요일,경상남도 거제시 고현동,경상사고,0,0,1,0,차대차 - 추돌,안전거리미확보,건조,맑음,단일로 - 기타,승용,여,58세,상해없음,승용,여,33세,경상
2018020600100235,2018년 2월 6일 11시,화요일,경상남도 창원시 마산합포구 완월동,경상사고,0,0,1,0,차량단독 - 기타,안전운전불이행,건조,맑음,단일로 - 기타,승합,남,35세,상해없음,,,,
2018020600100236,2018년 2월 6일 11시,화요일,경상남도 거창군 남하면,중상사고,0,1,1,0,차대차 - 측면충돌,과속,건조,맑음,교차로 - 교차로안,승용,여,55세,경상,승용,여,67세,중상
2018020600100277,2018년 2월 6일 12시,화요일,경상남도 양산시 물금읍,경상사고,0,0,1,0,차대사람 - 횡단중,신호위반,건조,맑음,교차로 - 교차로횡단보도내,승용,여,31세,상해없음,보행자,남,19세,경상
2018020600100307,2018년 2월 6일 13시,화요일,경상남도 거제시 수월동,경상사고,0,0,1,0,차대차 - 측면충돌,안전운전불이행,건조,맑음,단일로 - 기타,승합,남,49세,상해없음,승용,여,39세,경상
2018020600100347,2018년 2월 6일 14시,화요일,경상남도 창원시 마산합포구 진동면,경상사고,0,0,1,0,차대사람 - 차도통행중,안전운전불이행,건조,맑음,단일로 - 기타,승용,여,58세,상해없음,보행자,여,47세,경상
2018020600100375,2018년 2월 6일 15시,화요일,경상남도 창원시 마산합포구 월영동,중상사고,0,1,0,0,차량단독 - 기타,기타,건조,맑음,단일로 - 기타,승합,남,48세,상해없음,,,,
2018020600100376,2018년 2월 6일 15시,화요일,경상남도 창녕군 창녕읍,중상사고,0,1,0,0,차대사람 - 기타,안전운전불이행,건조,맑음,단일로 - 기타,승용,남,52세,상해없음,보행자,여,73세,중상
2018020600100442,2018년 2월 6일 17시,화요일,경상남도 사천시 사천읍,경상사고,0,0,1,0,차대차 - 추돌,안전운전불이행,건조,맑음,교차로 - 교차로부근,승용,남,62세,상해없음,승용,여,25세,경상
2018020600100443,2018년 2월 6일 17시,화요일,경상남도 김해시 내덕동,경상사고,0,0,1,0,차대차 - 추돌,안전운전불이행,건조,맑음,단일로 - 기타,승용,남,30세,상해없음,승용,남,28세,경상
2018020600100488,2018년 2월 6일 18시,화요일,경상남도 창원시 진해구 중앙동,경상사고,0,0,1,0,차대사람 - 차도통행중,기타,건조,맑음,기타 - 기타,자전거,남,72세,상해없음,보행자,여,80세,경상
2018020600100489,2018년 2월 6일 18시,화요일,경상남도 양산시 삼호동,중상사고,0,1,0,0,차대차 - 기타,교차로운행방법위반,건조,맑음,교차로 - 교차로안,기타불명,기타불명,미분류,기타불명,이륜,남,18세,중상
2018020600100490,2018년 2월 6일 18시,화요일,경상남도 함안군 가야읍,중상사고,0,1,0,0,차대차 - 측면충돌,안전운전불이행,건조,맑음,교차로 - 교차로안,이륜,남,69세,중상,승용,남,58세,상해없음
2018020600100559,2018년 2월 6일 20시,화요일,경상남도 양산시 평산동,부상신고사고,0,0,0,1,차대차 - 추돌,안전운전불이행,건조,맑음,단일로 - 기타,승용,여,43세,상해없음,승합,남,40세,부상신고
2018020600100560,2018년 2월 6일 20시,화요일,경상남도 함안군 가야읍,경상사고,0,0,1,0,차대차 - 측면충돌,안전운전불이행,건조,맑음,교차로 - 교차로안,승용,남,50세,상해없음,승용,여,44세,경상
2018020600100590,2018년 2월 6일 21시,화요일,경상남도 진주시 중안동,경상사고,0,0,1,0,차대사람 - 차도통행중,안전운전불이행,건조,맑음,단일로 - 기타,승용,남,54세,상해없음,보행자,여,51세,경상
2018020600100591,2018년 2월 6일 21시,화요일,경상남도 합천군 쌍백면,사망사고,1,0,0,0,차대사람 - 길가장자리구역통행중,안전운전불이행,건조,맑음,교차로 - 교차로부근,승용,남,54세,상해없음,보행자,남,64세,사망
2018020600100623,2018년 2월 6일 22시,화요일,경상남도 창녕군 창녕읍,경상사고,0,0,1,0,차대차 - 기타,안전운전불이행,건조,맑음,기타 - 기타,승용,여,44세,경상,승용,남,65세,기타불명
2018020600100640,2018년 2월 6일 23시,화요일,경상남도 창원시 마산합포구 신포동2가,경상사고,0,0,1,0,차대차 - 측면충돌,안전거리미확보,건조,맑음,교차로 - 교차로부근,승용,남,57세,상해없음,승합,남,49세,상해없음
2018020600100641,2018년 2월 6일 23시,화요일,경상남도 거창군 거창읍,경상사고,0,0,1,0,차대차 - 추돌,안전운전불이행,건조,맑음,단일로 - 기타,승용,여,54세,경상,화물,남,51세,기타불명
2018020600100642,2018년 2월 6일 23시,화요일,경상남도 거제시 사등면,경상사고,0,0,1,0,차대차 - 측면충돌,중앙선침범,건조,맑음,단일로 - 기타,승용,남,59세,상해없음,승용,남,53세,경상
2018020600100643,2018년 2월 6일 23시,화요일,경상남도 창원시 성산구 사파동,경상사고,0,0,1,0,차대차 - 측면충돌,안전운전불이행,건조,맑음,단일로 - 기타,승용,여,46세,상해없음,승합,여,43세,경상
2018020700100028,2018년 2월 7일 01시,수요일,경상남도 사천시 사천읍,경상사고,0,0,1,1,차대차 - 측면충돌,직진우회전진행방해,건조,맑음,교차로 - 교차로안,승용,남,62세,상해없음,승용,남,54세,경상
2018020700100083,2018년 2월 7일 06시,수요일,경상남도 거제시 연초면,중상사고,0,1,0,0,차대차 - 측면충돌,중앙선침범,건조,맑음,교차로 - 교차로부근,승용,여,27세,상해없음,이륜,남,33세,중상
2018020700100084,2018년 2월 7일 06시,수요일,경상남도 거제시 장목면,경상사고,0,0,3,0,차대차 - 기타,안전운전불이행,건조,맑음,단일로 - 기타,화물,남,59세,상해없음,화물,남,43세,경상
2018020700100114,2018년 2월 7일 07시,수요일,경상남도 사천시 서포면,중상사고,0,2,0,0,차대차 - 측면충돌,중앙선침범,건조,맑음,단일로 - 기타,화물,남,55세,중상,승용,남,46세,중상
2018020700100115,2018년 2월 7일 07시,수요일,경상남도 김해시 내동,경상사고,0,0,1,0,차대차 - 추돌,안전운전불이행,건조,맑음,단일로 - 기타,승용,남,56세,상해없음,승용,남,26세,경상
2018020700100116,2018년 2월 7일 07시,수요일,경상남도 김해시 내동,경상사고,0,0,2,0,차대차 - 추돌,안전운전불이행,건조,맑음,단일로 - 기타,승용,남,36세,상해없음,승합,남,54세,경상
2018020700100156,2018년 2월 7일 08시,수요일,경상남도 양산시 북정동,경상사고,0,0,2,0,차대사람 - 횡단중,안전운전불이행,건조,맑음,단일로 - 기타,원동기,남,26세,경상,보행자,남,73세,경상
2018020700100157,2018년 2월 7일 08시,수요일,경상남도 하동군 양보면,경상사고,0,0,1,0,차대차 - 측면충돌,중앙선침범,건조,맑음,단일로 - 기타,승용,여,50세,상해없음,승용,여,52세,경상
2018020700100158,2018년 2월 7일 08시,수요일,경상남도 거제시 아주동,경상사고,0,0,1,0,차대차 - 추돌,안전거리미확보,건조,맑음,단일로 - 기타,승용,남,46세,상해없음,승용,여,58세,경상
2018020700100159,2018년 2월 7일 08시,수요일,경상남도 창원시 성산구 남산동,중상사고,0,1,0,0,차대차 - 측면충돌,안전운전불이행,건조,맑음,교차로 - 교차로부근,승용,여,42세,상해없음,승용,남,59세,중상
2018020700100160,2018년 2월 7일 08시,수요일,경상남도 창원시 의창구 동읍,중상사고,0,2,0,0,차대차 - 정면충돌,중앙선침범,건조,맑음,단일로 - 기타,화물,남,36세,중상,화물,남,47세,중상
2018020700100197,2018년 2월 7일 09시,수요일,경상남도 창원시 의창구 동읍,경상사고,0,0,1,0,차대차 - 측면충돌,안전운전불이행,건조,맑음,단일로 - 기타,승용,여,34세,상해없음,승용,남,45세,경상
2018020700100220,2018년 2월 7일 10시,수요일,경상남도 진주시 신안동,경상사고,0,0,2,0,차대차 - 측면충돌,직진우회전진행방해,건조,맑음,교차로 - 교차로안,승용,여,29세,경상,승합,남,54세,경상
2018020700100221,2018년 2월 7일 10시,수요일,경상남도 진주시 본성동,중상사고,0,1,0,0,차량단독 - 기타,기타,건조,맑음,단일로 - 기타,승합,남,46세,상해없음,,,,
2018020700100222,2018년 2월 7일 10시,수요일,경상남도 통영시 서호동,경상사고,0,0,1,0,차대사람 - 길가장자리구역통행중,안전운전불이행,건조,맑음,교차로 - 교차로안,승용,남,69세,상해없음,보행자,남,31세,경상
2018020700100223,2018년 2월 7일 10시,수요일,경상남도 함양군 함양읍,중상사고,0,1,0,0,차대사람 - 횡단중,보행자보호의무위반,건조,맑음,교차로 - 교차로안,승용,여,47세,상해없음,보행자,여,73세,중상
2018020700100224,2018년 2월 7일 10시,수요일,경상남도 양산시 명곡동,사망사고,1,0,1,0,차대차 - 측면충돌,안전운전불이행,건조,맑음,단일로 - 기타,화물,남,68세,사망,화물,남,42세,경상
2018020700100225,2018년 2월 7일 10시,수요일,경상남도 김해시 한림면,경상사고,0,0,1,0,차대사람 - 기타,안전운전불이행,건조,맑음,단일로 - 기타,기타불명,기타불명,미분류,기타불명,보행자,여,60세,경상
2018020700100310,2018년 2월 7일 13시,수요일,경상남도 창원시 의창구 신월동,중상사고,0,1,0,0,차대사람 - 차도통행중,안전운전불이행,건조,맑음,교차로 - 교차로부근,승용,여,54세,기타불명,보행자,여,42세,중상
2018020700100345,2018년 2월 7일 14시,수요일,경상남도 창원시 마산합포구 완월동,경상사고,0,0,2,0,차대차 - 추돌,안전거리미확보,건조,맑음,단일로 - 기타,승용,남,59세,상해없음,승용,남,32세,경상
2018020700100346,2018년 2월 7일 14시,수요일,경상남도 통영시 광도면,경상사고,0,0,1,0,차대사람 - 횡단중,보행자보호의무위반,건조,맑음,교차로 - 교차로안,승용,남,30세,기타불명,보행자,여,63세,경상
2018020700100376,2018년 2월 7일 15시,수요일,경상남도 김해시 안동,중상사고,0,1,0,0,차대사람 - 기타,안전운전불이행,건조,맑음,교차로 - 교차로안,승용,여,39세,상해없음,보행자,여,79세,중상
2018020700100377,2018년 2월 7일 15시,수요일,경상남도 김해시 삼정동,경상사고,0,0,3,0,차대차 - 기타,안전운전불이행,건조,맑음,단일로 - 기타,승용,여,43세,경상,승용,남,38세,경상
2018020700100414,2018년 2월 7일 16시,수요일,경상남도 거창군 위천면,중상사고,0,2,0,0,차량단독 - 공작물충돌,안전운전불이행,건조,맑음,단일로 - 기타,승용,남,63세,상해없음,,,,
2018020700100455,2018년 2월 7일 17시,수요일,경상남도 거제시 고현동,중상사고,0,1,0,0,차대차 - 측면충돌,교차로운행방법위반,건조,맑음,교차로 - 교차로안,승용,여,42세,상해없음,이륜,남,42세,중상
2018020700100511,2018년 2월 7일 18시,수요일,경상남도 창원시 진해구 안골동,중상사고,0,1,0,0,차대차 - 측면충돌,교차로운행방법위반,건조,맑음,교차로 - 교차로안,승용,여,57세,상해없음,원동기,남,49세,중상
2018020700100512,2018년 2월 7일 18시,수요일,경상남도 김해시 삼방동,중상사고,0,1,0,0,차대차 - 측면충돌,안전운전불이행,건조,맑음,단일로 - 기타,승용,남,34세,상해없음,이륜,남,25세,중상
2018020700100513,2018년 2월 7일 18시,수요일,경상남도 거제시 문동동,경상사고,0,0,1,0,차대차 - 측면충돌,신호위반,건조,맑음,교차로 - 교차로안,이륜,남,30세,경상,이륜,남,16세,상해없음
2018020700100514,2018년 2월 7일 18시,수요일,경상남도 거제시 아주동,경상사고,0,0,1,0,차대차 - 측면충돌,교차로운행방법위반,건조,맑음,교차로 - 교차로안,승용,여,33세,상해없음,승용,남,41세,경상
2018020700100562,2018년 2월 7일 19시,수요일,경상남도 김해시 어방동,경상사고,0,0,1,0,차대차 - 측면충돌,안전운전불이행,건조,맑음,교차로 - 교차로안,승용,여,47세,상해없음,이륜,남,18세,경상
2018020700100563,2018년 2월 7일 19시,수요일,경상남도 거제시 상동동,중상사고,0,1,0,0,차대차 - 측면충돌,직진우회전진행방해,건조,맑음,교차로 - 교차로안,승용,여,43세,상해없음,이륜,남,38세,중상
2018020700100564,2018년 2월 7일 19시,수요일,경상남도 창원시 성산구 내동,중상사고,0,1,0,0,차대차 - 측면충돌,안전운전불이행,건조,맑음,교차로 - 교차로안,승용,남,50세,상해없음,승용,남,36세,중상
2018020700100565,2018년 2월 7일 19시,수요일,경상남도 창원시 의창구 팔용동,경상사고,0,0,1,0,차대차 - 측면충돌,안전운전불이행,건조,맑음,교차로 - 교차로부근,원동기,남,28세,경상,승용,남,67세,상해없음
2018020700100566,2018년 2월 7일 19시,수요일,경상남도 창원시 의창구 북면,중상사고,0,1,0,0,차량단독 - 기타,안전운전불이행,건조,맑음,단일로 - 기타,승합,남,59세,상해없음,,,,
2018020700100606,2018년 2월 7일 20시,수요일,경상남도 양산시 북정동,경상사고,0,0,1,0,차대차 - 측면충돌,신호위반,건조,맑음,교차로 - 교차로안,승용,남,52세,상해없음,승용,여,56세,경상
2018020700100607,2018년 2월 7일 20시,수요일,경상남도 창원시 마산회원구 내서읍,경상사고,0,0,1,0,차대차 - 기타,안전운전불이행,건조,맑음,단일로 - 기타,승용,남,61세,상해없음,이륜,남,23세,경상
2018020700100694,2018년 2월 7일 23시,수요일,경상남도 양산시 물금읍,중상사고,0,1,1,0,차대사람 - 기타,안전운전불이행,건조,맑음,단일로 - 기타,승합,남,38세,상해없음,보행자,남,55세,중상
2018020800100033,2018년 2월 8일 01시,목요일,경상남도 통영시 무전동,경상사고,0,0,1,0,차대차 - 추돌,안전거리미확보,건조,맑음,교차로 - 교차로부근,승용,남,59세,상해없음,승합,남,48세,경상
2018020800100112,2018년 2월 8일 07시,목요일,경상남도 진주시 문산읍,중상사고,0,1,1,0,차대차 - 정면충돌,신호위반,건조,맑음,교차로 - 교차로안,화물,여,60세,중상,승용,남,37세,경상
2018020800100113,2018년 2월 8일 07시,목요일,경상남도 통영시 무전동,중상사고,0,1,0,0,차대차 - 측면충돌,기타,건조,맑음,교차로 - 교차로안,승용,남,64세,상해없음,승용,남,70세,중상
2018020800100114,2018년 2월 8일 07시,목요일,경상남도 하동군 양보면,중상사고,0,1,0,0,차대사람 - 길가장자리구역통행중,교차로운행방법위반,건조,맑음,교차로 - 교차로안,승용,여,70세,상해없음,보행자,여,82세,중상
2018020800100203,2018년 2월 8일 09시,목요일,경상남도 통영시 동호동,사망사고,1,0,0,0,차대차 - 측면충돌,안전운전불이행,건조,맑음,단일로 - 기타,이륜,여,50세,사망,승용,남,47세,상해없음
2018020800100204,2018년 2월 8일 09시,목요일,경상남도 하동군 고전면,중상사고,0,1,0,0,차량단독 - 도로외이탈 - 기타,안전운전불이행,건조,맑음,단일로 - 기타,화물,남,61세,중상,,,,
2018020800100205,2018년 2월 8일 09시,목요일,경상남도 함안군 칠서면,경상사고,0,0,2,0,차대차 - 측면충돌,신호위반,건조,맑음,교차로 - 교차로안,화물,남,66세,상해없음,화물,여,64세,경상
2018020800100240,2018년 2월 8일 10시,목요일,경상남도 창원시 진해구 경화동,중상사고,0,1,0,0,차대차 - 측면충돌,교차로운행방법위반,건조,맑음,교차로 - 교차로안,승용,남,72세,상해없음,이륜,남,78세,중상
2018020800100241,2018년 2월 8일 10시,목요일,경상남도 거제시 아주동,경상사고,0,0,1,0,차대차 - 기타,직진우회전진행방해,건조,맑음,교차로 - 교차로안,승용,여,47세,상해없음,승용,여,52세,경상
2018020800100242,2018년 2월 8일 10시,목요일,경상남도 창원시 의창구 팔용동,중상사고,0,1,1,0,차대차 - 측면충돌,신호위반,건조,맑음,교차로 - 교차로안,승용,남,49세,상해없음,승용,남,54세,중상
2018020800100268,2018년 2월 8일 11시,목요일,경상남도 밀양시 삼랑진읍,경상사고,0,0,1,0,차대차 - 측면충돌,안전운전불이행,건조,맑음,단일로 - 기타,승용,남,71세,상해없음,승용,여,62세,경상
2018020800100269,2018년 2월 8일 11시,목요일,경상남도 밀양시 산내면,경상사고,0,0,1,0,차대차 - 추돌,안전거리미확보,건조,맑음,단일로 - 기타,화물,남,60세,상해없음,승용,여,67세,경상
2018020800100270,2018년 2월 8일 11시,목요일,경상남도 고성군 영현면,경상사고,0,0,2,0,차대차 - 측면충돌,기타,건조,맑음,교차로 - 교차로안,승용,남,74세,상해없음,농기계,남,79세,경상
2018020800100271,2018년 2월 8일 11시,목요일,경상남도 함안군 가야읍,경상사고,0,0,1,0,차대차 - 측면충돌,신호위반,건조,맑음,교차로 - 교차로안,승용,남,80세,상해없음,승용,남,48세,경상
2018020800100272,2018년 2월 8일 11시,목요일,경상남도 김해시 진례면,경상사고,0,0,1,0,차대차 - 측면충돌,안전운전불이행,건조,맑음,교차로 - 교차로부근,화물,남,60세,상해없음,화물,남,55세,경상
2018020800100307,2018년 2월 8일 12시,목요일,경상남도 창녕군 대지면,중상사고,0,1,1,0,차대차 - 기타,신호위반,건조,맑음,교차로 - 교차로안,화물,남,53세,경상,승용,남,55세,중상
2018020800100308,2018년 2월 8일 12시,목요일,경상남도 하동군 하동읍,경상사고,0,0,1,0,차대차 - 후진중충돌,안전운전불이행,건조,맑음,단일로 - 기타,화물,남,40세,상해없음,자전거,남,77세,경상
2018020800100338,2018년 2월 8일 13시,목요일,경상남도 사천시 서동,중상사고,0,1,0,0,차대사람 - 차도통행중,안전운전불이행,건조,맑음,단일로 - 기타,화물,남,28세,상해없음,보행자,여,77세,중상
2018020800100371,2018년 2월 8일 14시,목요일,경상남도 진주시 집현면,중상사고,0,3,0,0,차대차 - 측면충돌,중앙선침범,건조,맑음,단일로 - 기타,화물,남,69세,중상,화물,남,52세,중상
2018020800100372,2018년 2월 8일 14시,목요일,경상남도 창녕군 계성면,중상사고,0,1,2,0,차대차 - 기타,안전운전불이행,건조,맑음,교차로 - 교차로안,화물,남,71세,경상,승용,남,51세,경상
2018020800100373,2018년 2월 8일 14시,목요일,경상남도 양산시 덕계동,중상사고,0,1,1,0,차대차 - 측면충돌,안전운전불이행,건조,맑음,교차로 - 교차로부근,승용,여,63세,경상,승용,여,55세,중상
2018020800100374,2018년 2월 8일 14시,목요일,경상남도 창원시 의창구 북동,중상사고,0,1,0,0,차대사람 - 기타,안전운전불이행,건조,맑음,단일로 - 기타,화물,남,49세,상해없음,보행자,여,66세,중상
2018020800100411,2018년 2월 8일 15시,목요일,경상남도 창원시 진해구 이동,중상사고,0,1,0,0,차대사람 - 차도통행중,보행자보호의무위반,건조,맑음,단일로 - 기타,승용,남,66세,상해없음,보행자,여,66세,중상
2018020800100412,2018년 2월 8일 15시,목요일,경상남도 양산시 덕계동,부상신고사고,0,0,0,1,차대차 - 측면충돌,안전운전불이행,건조,맑음,교차로 - 교차로안,승용,여,35세,상해없음,승용,남,42세,부상신고
2018020800100413,2018년 2월 8일 15시,목요일,경상남도 창원시 성산구 가음동,경상사고,0,0,1,0,차대차 - 측면충돌,안전운전불이행,건조,맑음,교차로 - 교차로안,승용,남,46세,상해없음,이륜,남,28세,경상
2018020800100470,2018년 2월 8일 16시,목요일,경상남도 김해시 삼계동,중상사고,0,1,0,0,차대사람 - 횡단중,보행자보호의무위반,건조,맑음,교차로 - 교차로횡단보도내,화물,남,54세,상해없음,보행자,남,8세,중상
2018020800100471,2018년 2월 8일 16시,목요일,경상남도 거창군 거창읍,경상사고,0,0,1,0,차대차 - 기타,안전운전불이행,건조,맑음,교차로 - 교차로안,승용,남,57세,상해없음,자전거,남,68세,경상
2018020800100497,2018년 2월 8일 17시,목요일,경상남도 김해시 대성동,중상사고,0,1,0,0,차대차 - 기타,과속,건조,흐림,기타 - 기타,승용,남,27세,상해없음,승합,남,69세,중상
2018020800100498,2018년 2월 8일 17시,목요일,경상남도 거제시 옥포동,경상사고,0,0,1,0,차대차 - 기타,안전운전불이행,건조,맑음,단일로 - 기타,승합,남,48세,상해없음,승합,남,62세,경상
2018020800100499,2018년 2월 8일 17시,목요일,경상남도 창원시 의창구 북면,중상사고,0,1,0,0,차대차 - 기타,안전운전불이행,건조,맑음,단일로 - 기타,승용,남,49세,상해없음,이륜,남,19세,중상
2018020800100545,2018년 2월 8일 18시,목요일,경상남도 창원시 진해구 용원동,경상사고,0,0,1,0,차대차 - 측면충돌,직진우회전진행방해,건조,맑음,교차로 - 교차로안,승용,여,52세,상해없음,이륜,남,39세,경상
2018020800100546,2018년 2월 8일 18시,목요일,경상남도 김해시 상동면,경상사고,0,0,1,0,차대차 - 추돌,안전거리미확보,건조,맑음,단일로 - 기타,화물,남,29세,상해없음,승합,남,47세,경상
2018020800100594,2018년 2월 8일 19시,목요일,경상남도 김해시 무계동,경상사고,0,0,1,0,차대차 - 추돌,안전거리미확보,건조,맑음,교차로 - 교차로부근,이륜,남,37세,경상,승용,남,22세,상해없음
2018020800100666,2018년 2월 8일 21시,목요일,경상남도 양산시 덕계동,경상사고,0,0,1,0,차대차 - 측면충돌,차로위반,건조,맑음,단일로 - 기타,승용,남,32세,상해없음,승용,남,36세,경상
2018020800100705,2018년 2월 8일 22시,목요일,경상남도 양산시 남부동,경상사고,0,0,1,0,차대사람 - 횡단중,중앙선침범,건조,맑음,단일로 - 기타,승용,남,30세,상해없음,보행자,남,37세,경상
2018020900100021,2018년 2월 9일 00시,금요일,경상남도 사천시 향촌동,중상사고,0,1,0,0,차대차 - 추돌,안전운전불이행,건조,맑음,단일로 - 기타,승용,남,39세,상해없음,이륜,남,76세,중상
2018020900100022,2018년 2월 9일 00시,금요일,경상남도 창원시 마산회원구 석전동,경상사고,0,0,1,0,차대사람 - 보도통행중,보행자보호의무위반,건조,맑음,교차로 - 교차로횡단보도내,승용,남,52세,상해없음,보행자,여,54세,경상
2018020900100083,2018년 2월 9일 06시,금요일,경상남도 김해시 내동,사망사고,1,0,0,0,차대사람 - 횡단중,신호위반,건조,흐림,교차로 - 교차로횡단보도내,건설기계,남,53세,상해없음,보행자,여,70세,사망
2018020900100084,2018년 2월 9일 06시,금요일,경상남도 김해시 대청동,경상사고,0,0,1,0,차대사람 - 횡단중,안전운전불이행,건조,맑음,교차로 - 교차로부근,승합,남,44세,상해없음,보행자,여,64세,경상
2018020900100102,2018년 2월 9일 07시,금요일,경상남도 김해시 삼방동,경상사고,0,0,5,0,차대차 - 측면충돌,안전운전불이행,건조,흐림,교차로 - 교차로안,승용,여,26세,경상,승합,남,35세,상해없음
2018020900100103,2018년 2월 9일 07시,금요일,경상남도 김해시 불암동,경상사고,0,0,1,0,차대차 - 측면충돌,신호위반,건조,흐림,교차로 - 교차로안,승용,남,66세,상해없음,승용,남,46세,경상
2018020900100104,2018년 2월 9일 07시,금요일,경상남도 김해시 외동,경상사고,0,0,1,0,차대차 - 측면충돌,신호위반,건조,흐림,교차로 - 교차로안,화물,남,43세,상해없음,승용,남,48세,경상