사고번호,사고일시,요일,시군구,사고내용,사망자수,중상자수,경상자수,부상신고자수,사고유형,법규위반,노면상태,기상상태,도로형태,가해운전자 차종,가해운전자 성별,가해운전자 연령,가해운전자 상해정도,피해운전자 차종,피해운전자 성별,피해운전자 연령,피해운전자 상해정도
2018020900100105,2018년 2월 9일 07시,금요일,경상남도 함안군 산인면,경상사고,0,0,1,0,차대차 - 추돌,안전운전불이행,건조,맑음,단일로 - 기타,승용,남,35세,상해없음,화물,남,44세,경상
2018020900100140,2018년 2월 9일 08시,금요일,경상남도 진주시 상평동,중상사고,0,1,0,0,차대차 - 추돌,안전운전불이행,건조,맑음,단일로 - 기타,화물,남,47세,상해없음,승용,여,30세,중상
2018020900100141,2018년 2월 9일 08시,금요일,경상남도 사천시 향촌동,중상사고,0,1,0,0,차대차 - 측면충돌,직진우회전진행방해,건조,맑음,교차로 - 교차로안,승용,여,50세,상해없음,화물,남,48세,중상
2018020900100142,2018년 2월 9일 08시,금요일,경상남도 김해시 삼정동,경상사고,0,0,1,0,차대차 - 추돌,안전거리미확보,젖음/습기,맑음,교차로 - 교차로안,승용,남,58세,상해없음,화물,남,43세,경상
2018020900100143,2018년 2월 9일 08시,금요일,경상남도 거제시 연초면,경상사고,0,0,2,0,차대차 - 측면충돌,안전운전불이행,건조,맑음,교차로 - 교차로안,승용,남,41세,상해없음,승용,여,36세,경상
2018020900100178,2018년 2월 9일 09시,금요일,경상남도 통영시 미수동,중상사고,0,1,0,0,차대사람 - 기타,안전운전불이행,건조,맑음,단일로 - 기타,승용,남,45세,상해없음,보행자,여,66세,중상
2018020900100179,2018년 2월 9일 09시,금요일,경상남도 김해시 대동면,중상사고,0,1,0,2,차대차 - 측면충돌,안전운전불이행,젖음/습기,맑음,단일로 - 기타,화물,남,39세,상해없음,화물,남,53세,중상
2018020900100180,2018년 2월 9일 09시,금요일,경상남도 양산시 물금읍,경상사고,0,0,1,0,차대차 - 기타,안전거리미확보,건조,맑음,단일로 - 기타,승용,남,51세,상해없음,승용,남,33세,경상
2018020900100181,2018년 2월 9일 09시,금요일,경상남도 양산시 다방동,경상사고,0,0,1,0,차대차 - 측면충돌,안전거리미확보,젖음/습기,맑음,단일로 - 기타,화물,남,45세,상해없음,승용,남,53세,경상
2018020900100182,2018년 2월 9일 09시,금요일,경상남도 거제시 상동동,경상사고,0,0,2,0,차대차 - 추돌,안전운전불이행,건조,맑음,단일로 - 기타,승용,남,47세,상해없음,승용,여,33세,경상
2018020900100183,2018년 2월 9일 09시,금요일,경상남도 창원시 성산구 상남동,경상사고,0,0,1,0,차대차 - 측면충돌,안전운전불이행,건조,맑음,교차로 - 교차로안,승용,남,72세,상해없음,승용,남,37세,경상
2018020900100184,2018년 2월 9일 09시,금요일,경상남도 김해시 무계동,중상사고,0,1,0,0,차대차 - 측면충돌,안전운전불이행,건조,맑음,기타 - 기타,승용,남,81세,상해없음,이륜,남,72세,중상
2018020900100221,2018년 2월 9일 10시,금요일,경상남도 밀양시 삼문동,경상사고,0,0,1,0,차대차 - 측면충돌,안전운전불이행,건조,맑음,단일로 - 기타,승용,여,65세,상해없음,이륜,남,78세,경상
2018020900100253,2018년 2월 9일 11시,금요일,경상남도 함양군 지곡면,중상사고,0,2,2,0,차대차 - 추돌,안전운전불이행,건조,맑음,단일로 - 기타,화물,남,65세,상해없음,화물,남,60세,중상
2018020900100257,2018년 2월 9일 11시,금요일,경상남도 양산시 중부동,경상사고,0,0,1,0,차대차 - 측면충돌,신호위반,건조,맑음,교차로 - 교차로안,승용,남,61세,상해없음,승용,남,24세,경상
2018020900100258,2018년 2월 9일 11시,금요일,경상남도 창원시 마산회원구 구암동,경상사고,0,0,1,0,차대사람 - 차도통행중,안전운전불이행,건조,맑음,단일로 - 기타,승용,여,58세,상해없음,보행자,여,37세,경상
2018020900100259,2018년 2월 9일 11시,금요일,경상남도 김해시 관동동,부상신고사고,0,0,0,1,차대차 - 후진중충돌,안전운전불이행,건조,맑음,주차장 - 주차장,승용,여,41세,부상신고,승용,여,52세,상해없음
2018020900100331,2018년 2월 9일 13시,금요일,경상남도 통영시 광도면,경상사고,0,0,4,0,차대차 - 후진중충돌,안전운전불이행,건조,맑음,기타 - 기타,승용,남,59세,상해없음,승용,남,31세,경상
2018020900100332,2018년 2월 9일 13시,금요일,경상남도 사천시 향촌동,경상사고,0,0,1,0,차대차 - 측면충돌,신호위반,건조,맑음,교차로 - 교차로안,화물,남,45세,상해없음,이륜,남,82세,경상
2018020900100333,2018년 2월 9일 13시,금요일,경상남도 의령군 정곡면,경상사고,0,0,1,0,차대차 - 정면충돌,중앙선침범,건조,맑음,단일로 - 기타,건설기계,남,44세,상해없음,건설기계,남,34세,경상
2018020900100394,2018년 2월 9일 15시,금요일,경상남도 창원시 마산합포구 중앙동2가,중상사고,0,1,0,0,차대차 - 측면충돌,안전운전불이행,건조,맑음,단일로 - 기타,화물,남,63세,상해없음,자전거,남,69세,중상
2018020900100395,2018년 2월 9일 15시,금요일,경상남도 합천군 삼가면,중상사고,0,1,0,0,차대차 - 추돌,안전운전불이행,건조,맑음,단일로 - 기타,화물,남,69세,상해없음,화물,남,40세,중상
2018020900100429,2018년 2월 9일 16시,금요일,경상남도 통영시 무전동,경상사고,0,0,2,0,차대차 - 추돌,안전운전불이행,건조,맑음,단일로 - 기타,승용,남,50세,상해없음,승용,여,54세,경상
2018020900100430,2018년 2월 9일 16시,금요일,경상남도 창원시 마산회원구 양덕동,중상사고,0,1,0,0,차량단독 - 기타,안전운전불이행,건조,맑음,단일로 - 기타,승합,남,42세,상해없음,,,,
2018020900100472,2018년 2월 9일 17시,금요일,경상남도 거제시 연초면,경상사고,0,0,4,0,차대차 - 측면충돌,신호위반,건조,맑음,교차로 - 교차로안,승용,남,38세,상해없음,승용,남,18세,경상
2018020900100473,2018년 2월 9일 17시,금요일,경상남도 함안군 가야읍,중상사고,0,1,0,0,차대차 - 측면충돌,신호위반,건조,맑음,교차로 - 교차로안,승용,남,69세,상해없음,승용,남,56세,중상
2018020900100474,2018년 2월 9일 17시,금요일,경상남도 창원시 의창구 서상동,경상사고,0,0,1,0,차대차 - 측면충돌,차로위반,건조,맑음,단일로 - 기타,승용,남,55세,상해없음,원동기,남,22세,경상
2018020900100475,2018년 2월 9일 17시,금요일,경상남도 김해시 진영읍,경상사고,0,0,1,0,차대차 - 측면충돌,안전운전불이행,건조,맑음,교차로 - 교차로안,승용,남,62세,상해없음,승용,여,33세,경상
2018020900100529,2018년 2월 9일 18시,금요일,경상남도 사천시 사천읍,부상신고사고,0,0,0,1,차대차 - 측면충돌,안전운전불이행,건조,맑음,단일로 - 기타,원동기,남,18세,부상신고,승용,남,43세,상해없음
2018020900100530,2018년 2월 9일 18시,금요일,경상남도 창녕군 도천면,중상사고,0,2,0,0,차대차 - 추돌,안전운전불이행,건조,맑음,교차로 - 교차로부근,승용,남,67세,상해없음,화물,남,55세,상해없음
2018020900100531,2018년 2월 9일 18시,금요일,경상남도 거제시 고현동,경상사고,0,0,1,0,차대차 - 측면충돌,교차로운행방법위반,건조,맑음,교차로 - 교차로안,승용,남,65세,상해없음,자전거,남,45세,경상
2018020900100591,2018년 2월 9일 19시,금요일,경상남도 양산시 동면,경상사고,0,0,2,0,차대차 - 측면충돌,안전거리미확보,건조,맑음,단일로 - 기타,기타불명,기타불명,미분류,기타불명,승용,여,22세,경상
2018020900100592,2018년 2월 9일 19시,금요일,경상남도 거제시 옥포동,중상사고,0,1,0,0,차대차 - 측면충돌,안전운전불이행,건조,맑음,단일로 - 기타,승용,남,44세,상해없음,이륜,남,33세,중상
2018020900100680,2018년 2월 9일 21시,금요일,경상남도 창원시 진해구 자은동,중상사고,0,1,2,0,차대차 - 측면충돌,안전운전불이행,건조,맑음,교차로 - 교차로안,승용,여,44세,상해없음,승용,남,48세,중상
2018020900100718,2018년 2월 9일 22시,금요일,경상남도 김해시 삼계동,경상사고,0,0,1,0,차대사람 - 횡단중,보행자보호의무위반,건조,맑음,단일로 - 기타,승용,여,45세,상해없음,보행자,여,45세,경상
2018020900100719,2018년 2월 9일 22시,금요일,경상남도 창녕군 계성면,경상사고,0,0,1,0,차대차 - 추돌,안전운전불이행,건조,맑음,단일로 - 지하차도(도로)내,승용,남,67세,경상,건설기계,남,48세,상해없음
2018020900100766,2018년 2월 9일 23시,금요일,경상남도 창원시 마산합포구 신포동1가,중상사고,0,1,0,0,차대차 - 추돌,안전거리미확보,건조,맑음,단일로 - 기타,승용,여,28세,상해없음,승용,남,50세,중상
2018020900100767,2018년 2월 9일 23시,금요일,경상남도 양산시 물금읍,경상사고,0,0,2,0,차대차 - 측면충돌,안전거리미확보,건조,맑음,교차로 - 교차로부근,승용,남,42세,상해없음,승용,남,42세,경상
2018021000100047,2018년 2월 10일 01시,토요일,경상남도 김해시 구산동,중상사고,0,1,0,0,차대차 - 추돌,안전운전불이행,건조,맑음,단일로 - 기타,승용,여,27세,기타불명,승용,남,57세,중상
2018021000100122,2018년 2월 10일 06시,토요일,경상남도 사천시 선구동,경상사고,0,0,1,0,차대사람 - 기타,안전운전불이행,건조,맑음,교차로 - 교차로안,화물,남,55세,상해없음,보행자,여,70세,경상
2018021000100134,2018년 2월 10일 07시,토요일,경상남도 김해시 삼문동,경상사고,0,0,1,0,차대차 - 측면충돌,직진우회전진행방해,건조,맑음,교차로 - 교차로안,승용,기타불명,미분류,기타불명,승용,남,45세,경상
2018021000100208,2018년 2월 10일 10시,토요일,경상남도 밀양시 삼문동,경상사고,0,0,1,0,차대사람 - 길가장자리구역통행중,안전운전불이행,건조,맑음,단일로 - 기타,화물,남,51세,상해없음,보행자,여,76세,경상
2018021000100209,2018년 2월 10일 10시,토요일,경상남도 창녕군 이방면,경상사고,0,0,2,0,차대차 - 측면충돌,신호위반,건조,맑음,교차로 - 교차로안,화물,남,40세,경상,화물,남,52세,경상
2018021000100210,2018년 2월 10일 10시,토요일,경상남도 양산시 남부동,경상사고,0,0,1,0,차대차 - 측면충돌,신호위반,건조,맑음,교차로 - 교차로안,승용,남,20세,상해없음,승용,여,48세,경상
2018021000100232,2018년 2월 10일 11시,토요일,경상남도 창원시 마산합포구 구산면,사망사고,1,0,0,0,차량단독 - 전도전복 - 전도,안전운전불이행,건조,맑음,단일로 - 기타,농기계,남,82세,사망,미분류,미분류,미분류,미분류
2018021000100260,2018년 2월 10일 12시,토요일,경상남도 통영시 무전동,경상사고,0,0,1,0,차대사람 - 횡단중,안전운전불이행,건조,맑음,단일로 - 기타,승용,남,26세,상해없음,보행자,남,8세,경상
2018021000100261,2018년 2월 10일 12시,토요일,경상남도 합천군 삼가면,중상사고,0,1,0,0,차대차 - 측면충돌,안전운전불이행,건조,흐림,단일로 - 기타,화물,여,41세,기타불명,이륜,남,90세 이상,중상
2018021000100282,2018년 2월 10일 13시,토요일,경상남도 창원시 진해구 용원동,경상사고,0,0,1,0,차대차 - 측면충돌,기타,건조,맑음,교차로 - 교차로부근,원동기,남,47세,경상,승용,여,50세,상해없음
2018021000100283,2018년 2월 10일 13시,토요일,경상남도 사천시 사천읍,경상사고,0,0,2,0,차대차 - 추돌,안전운전불이행,건조,맑음,단일로 - 기타,화물,남,51세,상해없음,승용,남,45세,상해없음
2018021000100284,2018년 2월 10일 13시,토요일,경상남도 창원시 의창구 동읍,경상사고,0,0,1,0,차대차 - 기타,안전운전불이행,건조,맑음,교차로 - 교차로부근,승용,여,63세,상해없음,승용,남,47세,경상
2018021000100285,2018년 2월 10일 13시,토요일,경상남도 창원시 의창구 팔용동,중상사고,0,1,0,0,차대차 - 측면충돌,안전운전불이행,건조,맑음,교차로 - 교차로부근,승용,여,23세,상해없음,화물,남,37세,중상
2018021000100346,2018년 2월 10일 15시,토요일,경상남도 진주시 상봉동,경상사고,0,0,1,0,차대차 - 측면충돌,안전운전불이행,건조,맑음,단일로 - 고가도로위,원동기,남,73세,경상,화물,남,48세,상해없음
2018021000100371,2018년 2월 10일 16시,토요일,경상남도 김해시 내동,경상사고,0,0,1,0,차대차 - 측면충돌,차로위반,건조,맑음,단일로 - 기타,승용,여,59세,상해없음,이륜,남,52세,경상
2018021000100399,2018년 2월 10일 17시,토요일,경상남도 창원시 진해구 석동,중상사고,0,1,2,0,차대차 - 측면충돌,신호위반,건조,맑음,교차로 - 교차로안,승용,여,35세,상해없음,승용,남,54세,중상
2018021000100427,2018년 2월 10일 18시,토요일,경상남도 합천군 야로면,부상신고사고,0,0,0,1,차량단독 - 공작물충돌,안전운전불이행,건조,맑음,교차로 - 교차로부근,화물,남,57세,부상신고,,,,
2018021000100470,2018년 2월 10일 19시,토요일,경상남도 창원시 마산합포구 교방동,경상사고,0,0,1,0,차대사람 - 차도통행중,안전운전불이행,건조,맑음,교차로 - 교차로안,승용,남,46세,상해없음,보행자,남,68세,경상
2018021000100471,2018년 2월 10일 19시,토요일,경상남도 김해시 어방동,중상사고,0,1,0,0,차대사람 - 횡단중,안전운전불이행,건조,맑음,단일로 - 기타,승용,여,64세,상해없음,보행자,남,72세,중상
2018021000100492,2018년 2월 10일 20시,토요일,경상남도 거제시 양정동,경상사고,0,0,2,0,차대차 - 추돌,안전운전불이행,건조,맑음,단일로 - 기타,승용,여,57세,상해없음,승용,남,30세,상해없음
2018021000100493,2018년 2월 10일 20시,토요일,경상남도 창원시 의창구 봉곡동,중상사고,0,2,0,0,차대차 - 측면충돌,신호위반,건조,맑음,교차로 - 교차로안,승용,남,57세,상해없음,원동기,남,42세,중상
2018021000100522,2018년 2월 10일 21시,토요일,경상남도 김해시 생림면,중상사고,0,1,2,0,차대차 - 측면충돌,안전운전불이행,건조,맑음,단일로 - 기타,화물,남,61세,경상,승용,남,25세,상해없음
2018021000100543,2018년 2월 10일 22시,토요일,경상남도 진주시 인사동,부상신고사고,0,0,0,1,차대차 - 추돌,안전운전불이행,건조,맑음,단일로 - 고가도로위,이륜,남,27세,부상신고,승용,남,43세,상해없음
2018021000100544,2018년 2월 10일 22시,토요일,경상남도 의령군 궁류면,중상사고,0,2,0,0,차량단독 - 공작물충돌,안전운전불이행,건조,맑음,단일로 - 기타,화물,남,56세,중상,,,,
2018021000100545,2018년 2월 10일 22시,토요일,경상남도 김해시 진례면,중상사고,0,1,0,0,차대차 - 추돌,안전운전불이행,건조,맑음,교차로 - 교차로부근,승용,남,75세,상해없음,승용,남,40세,중상
2018021100100014,2018년 2월 11일 00시,일요일,경상남도 양산시 중부동,중상사고,0,1,0,0,차대차 - 측면충돌,안전거리미확보,건조,맑음,단일로 - 기타,승용,남,37세,상해없음,이륜,남,28세,중상
2018021100100060,2018년 2월 11일 03시,일요일,경상남도 창원시 성산구 가음정동,중상사고,0,1,0,0,차대사람 - 횡단중,안전운전불이행,건조,맑음,교차로 - 교차로안,승용,남,57세,상해없음,보행자,남,25세,중상
2018021100100073,2018년 2월 11일 04시,일요일,경상남도 진주시 상대동,중상사고,0,2,0,3,차대차 - 측면충돌,직진우회전진행방해,건조,맑음,교차로 - 교차로안,승용,남,25세,상해없음,승합,남,46세,중상
2018021100100074,2018년 2월 11일 04시,일요일,경상남도 통영시 광도면,중상사고,0,1,0,0,차대차 - 추돌,안전운전불이행,건조,맑음,교차로 - 교차로안,승용,남,38세,상해없음,승용,남,52세,중상
2018021100100104,2018년 2월 11일 07시,일요일,경상남도 거창군 거창읍,경상사고,0,0,1,0,차대차 - 측면충돌,신호위반,건조,맑음,교차로 - 교차로안,이륜,여,67세,경상,화물,여,62세,상해없음
2018021100100127,2018년 2월 11일 09시,일요일,경상남도 함양군 마천면,중상사고,0,3,0,0,차량단독 - 전도전복 - 전도,안전운전불이행,젖음/습기,눈,단일로 - 기타,건설기계,남,48세,중상,미분류,미분류,미분류,미분류
2018021100100147,2018년 2월 11일 10시,일요일,경상남도 양산시 중부동,중상사고,0,1,0,0,차대차 - 측면충돌,차로위반,건조,맑음,교차로 - 교차로안,승용,남,32세,상해없음,이륜,남,51세,중상
2018021100100167,2018년 2월 11일 11시,일요일,경상남도 창원시 마산합포구 상남동,경상사고,0,0,1,0,차대차 - 측면충돌,안전운전불이행,건조,맑음,교차로 - 교차로부근,승용,남,59세,상해없음,이륜,남,56세,경상
2018021100100168,2018년 2월 11일 11시,일요일,경상남도 사천시 동금동,중상사고,0,1,0,0,차대사람 - 기타,안전운전불이행,건조,맑음,주차장 - 주차장,승용,여,35세,상해없음,보행자,남,76세,중상
2018021100100231,2018년 2월 11일 14시,일요일,경상남도 통영시 북신동,중상사고,0,1,2,0,차대차 - 추돌,과속,건조,맑음,단일로 - 기타,승용,남,28세,중상,승용,남,68세,경상
2018021100100257,2018년 2월 11일 15시,일요일,경상남도 진주시 신안동,경상사고,0,0,1,0,차대차 - 기타,안전운전불이행,건조,맑음,단일로 - 기타,승용,남,54세,상해없음,승용,여,36세,경상
2018021100100258,2018년 2월 11일 15시,일요일,경상남도 함양군 함양읍,중상사고,0,2,0,0,차대차 - 측면충돌,교차로운행방법위반,건조,맑음,교차로 - 교차로안,승용,남,45세,중상,승합,남,50세,상해없음
2018021100100259,2018년 2월 11일 15시,일요일,경상남도 하동군 양보면,중상사고,0,1,0,0,차량단독 - 공작물충돌,안전운전불이행,건조,맑음,단일로 - 기타,건설기계,남,47세,중상,,,,
2018021100100280,2018년 2월 11일 16시,일요일,경상남도 거제시 일운면,부상신고사고,0,0,0,1,차대차 - 측면충돌,안전운전불이행,건조,맑음,단일로 - 기타,기타불명,기타불명,미분류,기타불명,이륜,남,74세,부상신고
2018021100100281,2018년 2월 11일 16시,일요일,경상남도 창원시 성산구 상남동,중상사고,0,2,0,0,차대차 - 측면충돌,신호위반,건조,맑음,교차로 - 교차로안,승용,남,37세,상해없음,승용,여,45세,중상
2018021100100310,2018년 2월 11일 17시,일요일,경상남도 산청군 삼장면,부상신고사고,0,0,0,1,차량단독 - 공작물충돌,안전운전불이행,건조,맑음,단일로 - 기타,화물,남,65세,부상신고,,,,
2018021100100342,2018년 2월 11일 18시,일요일,경상남도 진주시 신안동,중상사고,0,1,0,0,차대차 - 기타,중앙선침범,건조,맑음,교차로 - 교차로부근,원동기,남,16세,상해없음,원동기,남,42세,중상
2018021100100343,2018년 2월 11일 18시,일요일,경상남도 거제시 상동동,중상사고,0,1,0,0,차대사람 - 횡단중,보행자보호의무위반,건조,맑음,교차로 - 교차로안,화물,남,39세,상해없음,보행자,남,26세,중상
2018021100100344,2018년 2월 11일 18시,일요일,경상남도 창원시 성산구 상남동,경상사고,0,0,1,0,차대사람 - 차도통행중,중앙선침범,건조,맑음,단일로 - 기타,승용,남,25세,상해없음,보행자,여,53세,경상
2018021100100371,2018년 2월 11일 19시,일요일,경상남도 양산시 물금읍,경상사고,0,0,1,0,차대차 - 후진중충돌,안전운전불이행,건조,맑음,단일로 - 기타,승용,남,61세,상해없음,승용,여,36세,경상
2018021100100429,2018년 2월 11일 21시,일요일,경상남도 창원시 마산합포구 중앙동1가,경상사고,0,0,1,0,차대차 - 기타,안전운전불이행,건조,맑음,기타 - 기타,승용,남,61세,상해없음,승용,남,51세,상해없음
2018021100100430,2018년 2월 11일 21시,일요일,경상남도 진주시 칠암동,중상사고,0,1,1,0,차대사람 - 횡단중,보행자보호의무위반,건조,맑음,교차로 - 교차로안,원동기,남,21세,경상,보행자,남,41세,중상
2018021100100431,2018년 2월 11일 21시,일요일,경상남도 통영시 명정동,중상사고,0,1,0,0,차량단독 - 전도전복 - 전도,안전운전불이행,건조,맑음,단일로 - 기타,이륜,남,60세,중상,미분류,미분류,미분류,미분류
2018021100100432,2018년 2월 11일 21시,일요일,경상남도 김해시 대청동,경상사고,0,0,1,0,차대차 - 측면충돌,안전운전불이행,건조,맑음,단일로 - 기타,승용,남,39세,상해없음,이륜,남,43세,경상
2018021100100462,2018년 2월 11일 23시,일요일,경상남도 김해시 부원동,사망사고,1,0,0,0,차대사람 - 횡단중,과속,건조,맑음,단일로 - 기타,승용,남,37세,상해없음,보행자,여,56세,사망
2018021100100463,2018년 2월 11일 23시,일요일,경상남도 양산시 다방동,경상사고,0,0,1,0,차대차 - 추돌,안전운전불이행,건조,맑음,기타 - 기타,승용,남,29세,상해없음,화물,남,36세,경상
2018021200100046,2018년 2월 12일 04시,월요일,경상남도 창원시 성산구 가음정동,경상사고,0,0,2,0,차대차 - 추돌,신호위반,건조,맑음,교차로 - 교차로안,승용,남,43세,상해없음,승용,남,61세,경상
2018021200100083,2018년 2월 12일 07시,월요일,경상남도 통영시 당동,중상사고,0,1,0,0,차대차 - 추돌,안전운전불이행,건조,맑음,교차로 - 교차로부근,화물,남,49세,상해없음,승용,남,26세,중상
2018021200100084,2018년 2월 12일 07시,월요일,경상남도 김해시 전하동,부상신고사고,0,0,0,1,차대차 - 측면충돌,불법유턴,건조,맑음,단일로 - 기타,자전거,남,68세,부상신고,승용,여,39세,상해없음
2018021200100085,2018년 2월 12일 07시,월요일,경상남도 거제시 옥포동,중상사고,0,1,0,0,차대차 - 측면충돌,교차로운행방법위반,건조,맑음,교차로 - 교차로안,승용,남,42세,상해없음,자전거,남,34세,중상
2018021200100128,2018년 2월 12일 08시,월요일,경상남도 고성군 마암면,중상사고,0,1,0,0,차대차 - 측면충돌,중앙선침범,건조,맑음,단일로 - 기타,승합,여,43세,상해없음,승용,여,42세,중상
2018021200100129,2018년 2월 12일 08시,월요일,경상남도 거제시 사등면,경상사고,0,0,1,0,차량단독 - 공작물충돌,안전운전불이행,건조,맑음,단일로 - 기타,승용,남,23세,상해없음,,,,
2018021200100178,2018년 2월 12일 09시,월요일,경상남도 양산시 신기동,경상사고,0,0,1,0,차대차 - 측면충돌,차로위반,건조,맑음,단일로 - 기타,건설기계,남,29세,상해없음,승용,여,53세,경상
2018021200100214,2018년 2월 12일 10시,월요일,경상남도 창원시 마산합포구 진동면,중상사고,0,1,0,0,차대차 - 측면충돌,안전거리미확보,건조,맑음,단일로 - 기타,승용,여,33세,상해없음,승용,남,29세,중상
2018021200100215,2018년 2월 12일 10시,월요일,경상남도 창녕군 영산면,경상사고,0,0,2,0,차대차 - 기타,불법유턴,건조,맑음,교차로 - 교차로안,화물,남,55세,경상,승합,남,45세,경상
2018021200100246,2018년 2월 12일 11시,월요일,경상남도 진주시 상대동,경상사고,0,0,1,0,차대사람 - 횡단중,안전운전불이행,건조,맑음,교차로 - 교차로안,승용,남,38세,상해없음,보행자,여,64세,경상
2018021200100247,2018년 2월 12일 11시,월요일,경상남도 창원시 성산구 대방동,중상사고,0,1,0,0,차대차 - 기타,신호위반,건조,맑음,교차로 - 교차로안,승용,여,49세,기타불명,승합,남,56세,상해없음
2018021200100278,2018년 2월 12일 12시,월요일,경상남도 함안군 대산면,중상사고,0,1,0,0,차대차 - 측면충돌,신호위반,건조,맑음,교차로 - 교차로안,자전거,여,82세,중상,화물,남,37세,상해없음
2018021200100321,2018년 2월 12일 13시,월요일,경상남도 함양군 함양읍,중상사고,0,1,0,0,차대차 - 측면충돌,안전운전불이행,건조,맑음,단일로 - 기타,승용,남,59세,상해없음,이륜,남,74세,중상
2018021200100322,2018년 2월 12일 13시,월요일,경상남도 김해시 대청동,경상사고,0,0,1,0,차대차 - 추돌,안전운전불이행,건조,맑음,단일로 - 기타,이륜,남,48세,경상,화물,남,70세,상해없음
2018021200100367,2018년 2월 12일 14시,월요일,경상남도 양산시 북부동,부상신고사고,0,0,0,1,차대사람 - 길가장자리구역통행중,안전운전불이행,건조,맑음,교차로 - 교차로안,승용,남,65세,상해없음,보행자,여,60세,부상신고
2018021200100368,2018년 2월 12일 14시,월요일,경상남도 양산시 명곡동,경상사고,0,0,1,0,차대차 - 추돌,안전거리미확보,건조,맑음,단일로 - 기타,화물,남,77세,상해없음,승용,남,57세,경상
2018021200100369,2018년 2월 12일 14시,월요일,경상남도 남해군 창선면,경상사고,0,0,1,0,차량단독 - 전도전복 - 전도,안전운전불이행,건조,맑음,단일로 - 기타,승용,여,50세,경상,미분류,미분류,미분류,미분류
2018021200100370,2018년 2월 12일 14시,월요일,경상남도 창원시 성산구 성주동,경상사고,0,0,1,0,차대차 - 측면충돌,차로위반,건조,맑음,단일로 - 기타,승용,여,19세,상해없음,승용,남,42세,경상
2018021200100407,2018년 2월 12일 15시,월요일,경상남도 창녕군 창녕읍,경상사고,0,0,1,0,차대차 - 기타,불법유턴,건조,맑음,교차로 - 교차로부근,이륜,남,81세,경상,화물,남,46세,상해없음
2018021200100408,2018년 2월 12일 15시,월요일,경상남도 김해시 한림면,경상사고,0,0,2,0,차대차 - 추돌,안전운전불이행,건조,맑음,단일로 - 기타,화물,남,38세,상해없음,승용,여,49세,경상
2018021200100457,2018년 2월 12일 16시,월요일,경상남도 김해시 관동동,중상사고,0,2,0,0,차대차 - 측면충돌,교차로운행방법위반,건조,맑음,교차로 - 교차로안,승용,여,39세,상해없음,승용,여,49세,중상
2018021200100498,2018년 2월 12일 17시,월요일,경상남도 통영시 도천동,중상사고,0,1,0,0,차량단독 - 전도전복 - 전도,안전운전불이행,건조,맑음,단일로 - 기타,승용,남,26세,중상,미분류,미분류,미분류,미분류
2018021200100499,2018년 2월 12일 17시,월요일,경상남도 함안군 칠서면,중상사고,0,1,0,0,차대차 - 추돌,안전운전불이행,건조,맑음,단일로 - 기타,이륜,남,42세,중상,승용,여,21세,상해없음
2018021200100500,2018년 2월 12일 17시,월요일,경상남도 창원시 성산구 성주동,중상사고,0,1,0,0,차대차 - 추돌,안전운전불이행,건조,맑음,단일로 - 기타,승용,여,44세,상해없음,승용,여,29세,중상
2018021200100501,2018년 2월 12일 17시,월요일,경상남도 김해시 한림면,경상사고,0,0,1,0,차대차 - 측면충돌,신호위반,건조,맑음,교차로 - 교차로안,승용,남,62세,상해없음,화물,남,36세,경상
2018021200100502,2018년 2월 12일 17시,월요일,경상남도 김해시 흥동,중상사고,0,1,0,0,차대차 - 추돌,안전운전불이행,건조,맑음,단일로 - 기타,승용,남,28세,상해없음,화물,남,61세,중상
2018021200100564,2018년 2월 12일 18시,월요일,경상남도 거창군 거창읍,경상사고,0,0,1,0,차대차 - 기타,안전운전불이행,기타,맑음,교차로 - 교차로안,이륜,남,45세,경상,화물,남,44세,상해없음
2018021200100565,2018년 2월 12일 18시,월요일,경상남도 창원시 의창구 도계동,경상사고,0,0,1,0,차대차 - 추돌,안전운전불이행,건조,맑음,단일로 - 기타,승용,여,48세,상해없음,승용,여,61세,상해없음
2018021200100566,2018년 2월 12일 18시,월요일,경상남도 김해시 진영읍,경상사고,0,0,5,0,차대차 - 측면충돌,안전운전불이행,건조,맑음,교차로 - 교차로안,승용,남,51세,상해없음,승용,남,40세,경상
2018021200100614,2018년 2월 12일 19시,월요일,경상남도 창원시 의창구 사림동,사망사고,1,0,0,0,차대사람 - 차도통행중,안전운전불이행,건조,맑음,단일로 - 기타,승용,남,38세,상해없음,보행자,남,76세,사망
2018021200100663,2018년 2월 12일 20시,월요일,경상남도 창원시 진해구 경화동,경상사고,0,0,1,0,차대차 - 측면충돌,교차로운행방법위반,건조,맑음,교차로 - 교차로안,승용,여,47세,상해없음,승용,남,41세,경상
2018021200100704,2018년 2월 12일 21시,월요일,경상남도 통영시 무전동,중상사고,0,1,0,0,차대사람 - 횡단중,안전운전불이행,건조,맑음,교차로 - 교차로안,승용,남,47세,상해없음,보행자,남,43세,중상
2018021200100705,2018년 2월 12일 21시,월요일,경상남도 김해시 주촌면,경상사고,0,0,2,0,차대차 - 추돌,안전운전불이행,건조,맑음,교차로 - 교차로부근,승용,남,43세,상해없음,승용,남,57세,경상
2018021200100730,2018년 2월 12일 22시,월요일,경상남도 함양군 지곡면,사망사고,1,0,0,0,차량단독 - 도로외이탈 - 추락,안전운전불이행,적설,눈,단일로 - 기타,화물,남,50세,사망,,,,