사고번호,사고일시,요일,시군구,사고내용,사망자수,중상자수,경상자수,부상신고자수,사고유형,법규위반,노면상태,기상상태,도로형태,가해운전자 차종,가해운전자 성별,가해운전자 연령,가해운전자 상해정도,피해운전자 차종,피해운전자 성별,피해운전자 연령,피해운전자 상해정도
2018022200100376,2018년 2월 22일 17시,목요일,경상남도 진주시 상봉동,중상사고,0,1,0,0,차대사람 - 횡단중,안전운전불이행,건조,맑음,교차로 - 교차로안,화물,남,66세,상해없음,보행자,여,90세 이상,중상
2018022200100377,2018년 2월 22일 17시,목요일,경상남도 합천군 율곡면,중상사고,0,1,0,0,차대차 - 추돌,안전운전불이행,건조,맑음,교차로 - 교차로부근,화물,남,42세,상해없음,농기계,남,69세,중상
2018022200100378,2018년 2월 22일 17시,목요일,경상남도 거제시 옥포동,경상사고,0,0,1,0,차대사람 - 횡단중,안전운전불이행,건조,맑음,단일로 - 기타,승용,여,54세,상해없음,보행자,여,29세,경상
2018022200100414,2018년 2월 22일 18시,목요일,경상남도 김해시 대동면,경상사고,0,0,3,0,차대차 - 측면충돌,중앙선침범,건조,맑음,단일로 - 기타,화물,남,53세,상해없음,화물,남,70세,경상
2018022200100415,2018년 2월 22일 18시,목요일,경상남도 양산시 물금읍,경상사고,0,0,2,0,차대차 - 측면충돌,신호위반,건조,맑음,교차로 - 교차로안,승용,남,26세,상해없음,승용,남,29세,경상
2018022200100416,2018년 2월 22일 18시,목요일,경상남도 김해시 한림면,중상사고,0,1,0,0,차대사람 - 횡단중,안전운전불이행,건조,맑음,교차로 - 교차로부근,승용,여,40세,상해없음,보행자,남,71세,중상
2018022200100514,2018년 2월 22일 21시,목요일,경상남도 창원시 마산합포구 완월동,중상사고,0,1,0,0,차대사람 - 차도통행중,안전운전불이행,건조,맑음,단일로 - 기타,승용,남,21세,상해없음,보행자,여,71세,중상
2018022200100515,2018년 2월 22일 21시,목요일,경상남도 의령군 낙서면,중상사고,0,1,0,0,차량단독 - 공작물충돌,안전운전불이행,젖음/습기,맑음,단일로 - 기타,화물,여,59세,상해없음,,,,
2018022200100516,2018년 2월 22일 21시,목요일,경상남도 창원시 마산회원구 합성동,중상사고,0,1,1,0,차대사람 - 횡단중,안전운전불이행,건조,맑음,단일로 - 기타,원동기,남,18세,상해없음,보행자,여,21세,중상
2018022200100560,2018년 2월 22일 22시,목요일,경상남도 창원시 성산구 상남동,경상사고,0,0,1,0,차대차 - 측면충돌,안전운전불이행,건조,맑음,기타 - 기타,자전거,남,17세,상해없음,자전거,여,46세,경상
2018022200100580,2018년 2월 22일 23시,목요일,경상남도 김해시 삼방동,중상사고,0,1,0,0,차대차 - 기타,교차로운행방법위반,건조,맑음,교차로 - 교차로안,승용,남,21세,상해없음,원동기,남,19세,중상
2018022200100581,2018년 2월 22일 23시,목요일,경상남도 거제시 거제면,중상사고,0,1,0,0,차대사람 - 차도통행중,보행자보호의무위반,건조,맑음,단일로 - 기타,승용,남,24세,상해없음,보행자,남,61세,중상
2018022200100582,2018년 2월 22일 23시,목요일,경상남도 창원시 마산회원구 회성동,중상사고,0,1,0,0,차량단독 - 공작물충돌,안전운전불이행,건조,맑음,단일로 - 기타,승용,남,20세,상해없음,,,,
2018022300100094,2018년 2월 23일 06시,금요일,경상남도 창원시 마산합포구 월남동2가,중상사고,0,1,0,0,차대차 - 측면충돌,교차로운행방법위반,건조,맑음,교차로 - 교차로안,특수,남,61세,상해없음,이륜,남,69세,중상
2018022300100117,2018년 2월 23일 07시,금요일,경상남도 김해시 상동면,부상신고사고,0,0,0,1,차대차 - 측면충돌,신호위반,건조,맑음,교차로 - 교차로안,승용,남,37세,상해없음,승용,남,51세,부상신고
2018022300100153,2018년 2월 23일 08시,금요일,경상남도 창원시 의창구 북면,경상사고,0,0,3,0,차대차 - 측면충돌,중앙선침범,젖음/습기,맑음,단일로 - 기타,화물,남,31세,상해없음,승용,남,47세,경상
2018022300100192,2018년 2월 23일 09시,금요일,경상남도 사천시 동금동,경상사고,0,0,1,0,차대차 - 측면충돌,안전운전불이행,건조,맑음,단일로 - 기타,승용,여,40세,상해없음,자전거,남,85세,경상
2018022300100217,2018년 2월 23일 10시,금요일,경상남도 사천시 동금동,경상사고,0,0,1,0,차대차 - 측면충돌,안전운전불이행,건조,맑음,교차로 - 교차로안,자전거,여,60세,경상,승용,여,27세,상해없음
2018022300100218,2018년 2월 23일 10시,금요일,경상남도 거창군 가조면,중상사고,0,1,0,0,차대차 - 측면충돌,안전운전불이행,건조,맑음,교차로 - 교차로부근,화물,남,65세,상해없음,이륜,남,84세,중상
2018022300100219,2018년 2월 23일 10시,금요일,경상남도 창원시 성산구 상남동,중상사고,0,1,1,0,차대차 - 기타,안전운전불이행,건조,맑음,단일로 - 기타,승용,남,33세,상해없음,승용,남,45세,중상
2018022300100264,2018년 2월 23일 11시,금요일,경상남도 창원시 의창구 팔용동,경상사고,0,0,1,0,차대차 - 측면충돌,신호위반,건조,맑음,교차로 - 교차로안,승용,남,28세,상해없음,승용,여,42세,경상
2018022300100289,2018년 2월 23일 12시,금요일,경상남도 김해시 삼방동,경상사고,0,0,1,0,차대사람 - 기타,안전운전불이행,건조,맑음,단일로 - 기타,원동기,남,55세,상해없음,보행자,여,60세,경상
2018022300100290,2018년 2월 23일 12시,금요일,경상남도 창원시 의창구 팔용동,중상사고,0,1,0,0,차대사람 - 기타,안전운전불이행,건조,맑음,단일로 - 기타,화물,남,50세,상해없음,보행자,남,60세,중상
2018022300100310,2018년 2월 23일 13시,금요일,경상남도 밀양시 내이동,중상사고,0,1,0,0,차대사람 - 횡단중,보행자보호의무위반,건조,맑음,교차로 - 교차로횡단보도내,화물,남,66세,상해없음,보행자,남,71세,중상
2018022300100311,2018년 2월 23일 13시,금요일,경상남도 김해시 대청동,경상사고,0,0,1,0,차대차 - 측면충돌,신호위반,건조,맑음,교차로 - 교차로안,승용,여,52세,상해없음,승용,여,37세,경상
2018022300100351,2018년 2월 23일 15시,금요일,경상남도 창원시 마산합포구 완월동,경상사고,0,0,1,0,차대차 - 측면충돌,신호위반,건조,맑음,교차로 - 교차로안,승용,남,53세,상해없음,승용,여,27세,경상
2018022300100352,2018년 2월 23일 15시,금요일,경상남도 남해군 설천면,중상사고,0,2,0,0,차량단독 - 공작물충돌,안전운전불이행,건조,맑음,단일로 - 기타,화물,남,43세,중상,,,,
2018022300100383,2018년 2월 23일 16시,금요일,경상남도 사천시 서포면,중상사고,0,1,0,0,차대차 - 측면충돌,신호위반,건조,맑음,교차로 - 교차로안,승용,남,71세,상해없음,화물,남,38세,중상
2018022300100441,2018년 2월 23일 18시,금요일,경상남도 창원시 진해구 이동,경상사고,0,0,1,0,차대사람 - 횡단중,안전운전불이행,건조,맑음,교차로 - 교차로안,승용,남,55세,상해없음,보행자,남,31세,경상
2018022300100442,2018년 2월 23일 18시,금요일,경상남도 사천시 곤양면,중상사고,0,1,1,0,차대차 - 추돌,안전운전불이행,건조,맑음,단일로 - 기타,승용,남,28세,경상,농기계,남,63세,중상
2018022300100486,2018년 2월 23일 19시,금요일,경상남도 밀양시 삼랑진읍,중상사고,0,1,6,0,차대차 - 정면충돌,중앙선침범,건조,맑음,단일로 - 기타,화물,남,72세,상해없음,승합,남,24세,경상
2018022300100487,2018년 2월 23일 19시,금요일,경상남도 창녕군 창녕읍,중상사고,0,1,0,0,차대사람 - 보도통행중,안전운전불이행,건조,맑음,단일로 - 기타,승용,남,68세,상해없음,보행자,남,35세,중상
2018022300100596,2018년 2월 23일 22시,금요일,경상남도 김해시 어방동,중상사고,0,1,0,0,차대차 - 측면충돌,신호위반,건조,맑음,교차로 - 교차로안,승용,여,25세,상해없음,승용,남,21세,중상
2018022300100631,2018년 2월 23일 23시,금요일,경상남도 김해시 어방동,중상사고,0,1,1,0,차대차 - 기타,신호위반,건조,맑음,교차로 - 교차로안,이륜,남,20세,경상,승용,남,61세,중상
2018022300100632,2018년 2월 23일 23시,금요일,경상남도 창원시 의창구 팔용동,경상사고,0,0,2,0,차대차 - 측면충돌,안전거리미확보,건조,맑음,단일로 - 지하차도(도로)내,승용,남,51세,상해없음,승용,남,56세,경상
2018022400100012,2018년 2월 24일 00시,토요일,경상남도 진주시 정촌면,경상사고,0,0,2,0,차대차 - 기타,신호위반,건조,맑음,교차로 - 교차로안,승용,남,26세,상해없음,승용,남,44세,경상
2018022400100064,2018년 2월 24일 04시,토요일,경상남도 김해시 대성동,중상사고,0,2,0,0,차대차 - 기타,안전운전불이행,건조,맑음,단일로 - 기타,승용,남,33세,중상,화물,남,62세,상해없음
2018022400100117,2018년 2월 24일 07시,토요일,경상남도 거제시 아주동,경상사고,0,0,1,0,차대차 - 측면충돌,안전거리미확보,건조,맑음,교차로 - 교차로안,승합,남,62세,상해없음,승용,남,47세,경상
2018022400100127,2018년 2월 24일 08시,토요일,경상남도 함안군 칠서면,중상사고,0,1,0,0,차대차 - 측면충돌,안전운전불이행,건조,맑음,단일로 - 기타,승용,남,35세,상해없음,승용,남,31세,중상
2018022400100149,2018년 2월 24일 09시,토요일,경상남도 양산시 명곡동,경상사고,0,0,3,0,차대차 - 측면충돌,중앙선침범,건조,맑음,단일로 - 기타,화물,남,52세,상해없음,승합,남,34세,경상
2018022400100150,2018년 2월 24일 09시,토요일,경상남도 김해시 진영읍,중상사고,0,1,0,0,차대차 - 측면충돌,안전운전불이행,건조,맑음,교차로 - 교차로부근,승용,남,29세,상해없음,승용,여,32세,중상
2018022400100177,2018년 2월 24일 10시,토요일,경상남도 거제시 고현동,경상사고,0,0,2,0,차대차 - 측면충돌,직진우회전진행방해,건조,맑음,교차로 - 교차로안,승용,여,64세,경상,승용,여,60세,경상
2018022400100204,2018년 2월 24일 11시,토요일,경상남도 김해시 대성동,부상신고사고,0,0,0,2,차대차 - 측면충돌,신호위반,건조,맑음,교차로 - 교차로안,승용,남,56세,부상신고,특수,남,33세,부상신고
2018022400100205,2018년 2월 24일 11시,토요일,경상남도 김해시 무계동,중상사고,0,2,0,0,차대차 - 측면충돌,신호위반,건조,맑음,교차로 - 교차로안,승합,남,57세,상해없음,승용,여,67세,중상
2018022400100230,2018년 2월 24일 12시,토요일,경상남도 창원시 의창구 봉곡동,경상사고,0,0,1,0,차대사람 - 기타,안전운전불이행,건조,맑음,교차로 - 교차로부근,화물,남,60세,상해없음,보행자,여,8세,경상
2018022400100261,2018년 2월 24일 13시,토요일,경상남도 통영시 무전동,경상사고,0,0,2,0,차대차 - 측면충돌,직진우회전진행방해,건조,맑음,교차로 - 교차로안,승용,여,48세,상해없음,승용,남,43세,경상
2018022400100262,2018년 2월 24일 13시,토요일,경상남도 거제시 일운면,중상사고,0,1,0,0,차대차 - 기타,안전운전불이행,건조,맑음,교차로 - 교차로안,승용,남,58세,상해없음,이륜,남,48세,중상
2018022400100289,2018년 2월 24일 14시,토요일,경상남도 하동군 금남면,경상사고,0,0,5,1,차대차 - 정면충돌,중앙선침범,건조,맑음,교차로 - 교차로부근,화물,남,29세,부상신고,승용,남,31세,경상
2018022400100290,2018년 2월 24일 14시,토요일,경상남도 김해시 율하동,중상사고,0,1,0,0,차대차 - 추돌,안전운전불이행,건조,맑음,단일로 - 기타,자전거,남,47세,중상,화물,남,41세,기타불명
2018022400100310,2018년 2월 24일 15시,토요일,경상남도 김해시 동상동,중상사고,0,1,0,0,차대차 - 측면충돌,신호위반,건조,맑음,교차로 - 교차로안,승용,남,33세,상해없음,이륜,남,35세,중상
2018022400100311,2018년 2월 24일 15시,토요일,경상남도 창원시 성산구 상남동,중상사고,0,1,0,0,차대사람 - 길가장자리구역통행중,안전운전불이행,건조,맑음,단일로 - 기타,승용,남,55세,상해없음,보행자,여,59세,중상
2018022400100367,2018년 2월 24일 17시,토요일,경상남도 김해시 생림면,중상사고,0,1,0,0,차대차 - 측면충돌,교차로운행방법위반,건조,맑음,교차로 - 교차로안,승용,남,55세,상해없음,승용,남,65세,중상
2018022400100390,2018년 2월 24일 18시,토요일,경상남도 창원시 마산합포구 중앙동2가,경상사고,0,0,1,0,차대차 - 기타,교차로운행방법위반,건조,맑음,교차로 - 교차로안,승용,남,59세,상해없음,이륜,남,34세,경상
2018022400100391,2018년 2월 24일 18시,토요일,경상남도 창원시 의창구 봉곡동,경상사고,0,0,1,0,차대차 - 기타,신호위반,건조,맑음,교차로 - 교차로안,화물,남,67세,상해없음,이륜,남,40세,경상
2018022400100392,2018년 2월 24일 18시,토요일,경상남도 김해시 진영읍,경상사고,0,0,2,0,차대차 - 측면충돌,안전운전불이행,건조,맑음,교차로 - 교차로안,승용,여,30세,상해없음,승용,남,54세,경상
2018022400100421,2018년 2월 24일 19시,토요일,경상남도 통영시 태평동,중상사고,0,1,0,0,차대사람 - 횡단중,안전운전불이행,건조,맑음,교차로 - 교차로안,화물,남,59세,상해없음,보행자,남,67세,중상
2018022400100422,2018년 2월 24일 19시,토요일,경상남도 통영시 북신동,경상사고,0,0,1,0,차대차 - 기타,기타,건조,맑음,단일로 - 기타,승용,남,55세,상해없음,이륜,남,27세,경상
2018022400100423,2018년 2월 24일 19시,토요일,경상남도 통영시 중앙동,경상사고,0,0,1,0,차대차 - 추돌,안전운전불이행,건조,맑음,단일로 - 기타,이륜,남,54세,상해없음,승용,여,44세,경상
2018022400100448,2018년 2월 24일 20시,토요일,경상남도 진주시 상대동,중상사고,0,2,0,0,차대차 - 추돌,안전운전불이행,건조,맑음,교차로 - 교차로부근,승용,남,49세,상해없음,승용,남,38세,중상
2018022400100449,2018년 2월 24일 20시,토요일,경상남도 김해시 부곡동,중상사고,0,1,0,0,차대차 - 측면충돌,중앙선침범,건조,맑음,단일로 - 기타,승용,남,52세,상해없음,이륜,남,45세,중상
2018022400100466,2018년 2월 24일 21시,토요일,경상남도 김해시 대성동,경상사고,0,0,1,0,차대사람 - 기타,안전운전불이행,건조,맑음,단일로 - 기타,승용,남,55세,상해없음,보행자,여,39세,경상
2018022400100494,2018년 2월 24일 22시,토요일,경상남도 창원시 마산합포구 해운동,중상사고,0,1,0,0,차대차 - 기타,안전운전불이행,건조,맑음,교차로 - 교차로안,승용,남,55세,상해없음,승용,여,49세,중상
2018022500100009,2018년 2월 25일 00시,일요일,경상남도 진주시 평거동,중상사고,0,1,0,0,차대사람 - 횡단중,안전운전불이행,건조,맑음,단일로 - 기타,승용,남,25세,상해없음,보행자,남,31세,중상
2018022500100068,2018년 2월 25일 05시,일요일,경상남도 김해시 동상동,중상사고,0,1,0,0,차대사람 - 횡단중,안전운전불이행,건조,맑음,교차로 - 교차로안,화물,남,55세,상해없음,보행자,남,87세,중상
2018022500100078,2018년 2월 25일 06시,일요일,경상남도 통영시 용남면,중상사고,0,2,1,0,차대차 - 추돌,안전운전불이행,건조,맑음,교차로 - 교차로부근,승용,여,34세,경상,승용,여,64세,중상
2018022500100091,2018년 2월 25일 07시,일요일,경상남도 거창군 거창읍,중상사고,0,1,2,0,차량단독 - 기타,안전운전불이행,건조,맑음,단일로 - 기타,원동기,남,18세,중상,,,,
2018022500100125,2018년 2월 25일 10시,일요일,경상남도 양산시 신기동,경상사고,0,0,1,0,차대사람 - 기타,안전운전불이행,건조,맑음,교차로 - 교차로안,승용,남,35세,상해없음,보행자,여,48세,경상
2018022500100126,2018년 2월 25일 10시,일요일,경상남도 창원시 성산구 사파동,경상사고,0,0,3,0,차대차 - 추돌,안전운전불이행,건조,맑음,단일로 - 기타,승용,남,63세,상해없음,승용,남,49세,경상
2018022500100143,2018년 2월 25일 11시,일요일,경상남도 통영시 정량동,경상사고,0,0,1,0,차대차 - 기타,안전운전불이행,건조,맑음,단일로 - 기타,승용,남,55세,상해없음,원동기,남,67세,경상
2018022500100144,2018년 2월 25일 11시,일요일,경상남도 밀양시 교동,경상사고,0,0,1,0,차대차 - 측면충돌,교차로운행방법위반,젖음/습기,비,교차로 - 교차로안,승용,남,49세,상해없음,특수,남,56세,경상
2018022500100185,2018년 2월 25일 13시,일요일,경상남도 창원시 진해구 남양동,경상사고,0,0,1,0,차대차 - 기타,안전운전불이행,건조,맑음,교차로 - 교차로안,승용,여,57세,상해없음,자전거,남,58세,경상
2018022500100205,2018년 2월 25일 14시,일요일,경상남도 통영시 동호동,경상사고,0,0,1,0,차대차 - 측면충돌,안전운전불이행,건조,맑음,단일로 - 기타,승용,남,43세,상해없음,승용,남,37세,경상
2018022500100230,2018년 2월 25일 15시,일요일,경상남도 통영시 무전동,경상사고,0,0,3,0,차대차 - 측면충돌,중앙선침범,건조,맑음,단일로 - 기타,승용,남,57세,상해없음,승용,남,43세,경상
2018022500100252,2018년 2월 25일 16시,일요일,경상남도 의령군 정곡면,중상사고,0,1,0,0,차대차 - 추돌,안전운전불이행,건조,맑음,단일로 - 기타,화물,남,65세,상해없음,원동기,남,80세,중상
2018022500100253,2018년 2월 25일 16시,일요일,경상남도 창원시 성산구 가음동,경상사고,0,0,1,0,차량단독 - 기타,안전운전불이행,건조,맑음,교차로 - 교차로부근,기타불명,기타불명,미분류,기타불명,,,,
2018022500100254,2018년 2월 25일 16시,일요일,경상남도 창원시 마산합포구 산호동,경상사고,0,0,1,0,차대차 - 측면충돌,안전운전불이행,건조,맑음,단일로 - 기타,승합,남,62세,상해없음,화물,여,61세,경상
2018022500100255,2018년 2월 25일 16시,일요일,경상남도 창원시 의창구 소답동,경상사고,0,0,1,0,차대차 - 측면충돌,신호위반,건조,맑음,교차로 - 교차로안,승용,여,53세,상해없음,승용,여,48세,경상
2018022500100318,2018년 2월 25일 19시,일요일,경상남도 밀양시 내이동,경상사고,0,0,1,0,차대차 - 측면충돌,신호위반,건조,맑음,교차로 - 교차로안,승용,여,51세,상해없음,승용,남,57세,경상
2018022500100319,2018년 2월 25일 19시,일요일,경상남도 창원시 마산합포구 산호동,중상사고,0,1,2,0,차대사람 - 횡단중,안전운전불이행,건조,맑음,교차로 - 교차로부근,승용,남,50세,상해없음,보행자,여,58세,중상
2018022500100339,2018년 2월 25일 20시,일요일,경상남도 진주시 진성면,사망사고,1,0,0,0,차대사람 - 기타,보행자보호의무위반,건조,맑음,교차로 - 교차로안,승용,남,49세,상해없음,보행자,남,54세,사망
2018022600100023,2018년 2월 26일 04시,월요일,경상남도 김해시 내동,경상사고,0,0,1,0,차량단독 - 기타,안전운전불이행,건조,맑음,교차로 - 교차로부근,승용,남,24세,경상,,,,
2018022600100057,2018년 2월 26일 06시,월요일,경상남도 양산시 북정동,경상사고,0,0,1,0,차대사람 - 기타,안전운전불이행,건조,맑음,단일로 - 기타,기타불명,기타불명,미분류,기타불명,보행자,남,58세,경상
2018022600100058,2018년 2월 26일 06시,월요일,경상남도 거제시 둔덕면,경상사고,0,0,1,0,차대차 - 기타,안전운전불이행,건조,맑음,교차로 - 교차로안,승용,남,71세,상해없음,승용,남,73세,경상
2018022600100077,2018년 2월 26일 07시,월요일,경상남도 진주시 주약동,중상사고,0,1,0,0,차대사람 - 횡단중,안전운전불이행,건조,맑음,단일로 - 기타,승용,남,34세,상해없음,보행자,여,81세,중상
2018022600100078,2018년 2월 26일 07시,월요일,경상남도 창원시 성산구 성산동,경상사고,0,0,1,0,차대차 - 측면충돌,안전운전불이행,건조,맑음,교차로 - 교차로안,승용,남,57세,상해없음,승용,여,50세,경상
2018022600100104,2018년 2월 26일 08시,월요일,경상남도 남해군 이동면,중상사고,0,2,0,0,차대차 - 측면충돌,중앙선침범,건조,맑음,단일로 - 기타,화물,남,73세,상해없음,승용,남,60세,중상
2018022600100137,2018년 2월 26일 09시,월요일,경상남도 양산시 동면,경상사고,0,0,1,0,차량단독 - 전도전복 - 전도,안전거리미확보,건조,맑음,단일로 - 기타,이륜,남,70세,경상,미분류,미분류,미분류,미분류
2018022600100206,2018년 2월 26일 11시,월요일,경상남도 김해시 외동,중상사고,0,1,0,0,차대차 - 측면충돌,신호위반,건조,맑음,교차로 - 교차로안,승용,여,41세,상해없음,이륜,남,77세,중상
2018022600100207,2018년 2월 26일 11시,월요일,경상남도 양산시 중부동,중상사고,0,1,0,0,차대차 - 기타,신호위반,건조,맑음,교차로 - 교차로안,승용,남,26세,상해없음,승용,여,41세,상해없음
2018022600100237,2018년 2월 26일 12시,월요일,경상남도 진주시 가좌동,경상사고,0,0,1,0,차량단독 - 공작물충돌,안전운전불이행,젖음/습기,비,단일로 - 기타,승용,남,49세,상해없음,,,,
2018022600100238,2018년 2월 26일 12시,월요일,경상남도 양산시 물금읍,부상신고사고,0,0,0,1,차대차 - 측면충돌,안전운전불이행,건조,맑음,교차로 - 교차로안,이륜,남,26세,부상신고,승합,여,40세,상해없음
2018022600100239,2018년 2월 26일 12시,월요일,경상남도 양산시 삼호동,경상사고,0,0,2,0,차대차 - 추돌,안전운전불이행,건조,맑음,교차로 - 교차로부근,화물,남,52세,상해없음,화물,남,52세,경상
2018022600100240,2018년 2월 26일 12시,월요일,경상남도 고성군 마암면,경상사고,0,0,1,0,차대차 - 추돌,안전거리미확보,건조,맑음,교차로 - 교차로부근,화물,남,31세,상해없음,화물,남,57세,경상
2018022600100241,2018년 2월 26일 12시,월요일,경상남도 거제시 장평동,중상사고,0,1,0,0,차대차 - 기타,기타,건조,맑음,교차로 - 교차로안,승용,남,70세,상해없음,자전거,남,45세,중상
2018022600100272,2018년 2월 26일 13시,월요일,경상남도 창원시 마산합포구 예곡동,중상사고,0,1,0,0,차량단독 - 공작물충돌,안전운전불이행,건조,맑음,교차로 - 교차로안,승용,남,23세,상해없음,,,,
2018022600100273,2018년 2월 26일 13시,월요일,경상남도 김해시 부원동,경상사고,0,0,2,0,차대차 - 추돌,안전운전불이행,건조,맑음,단일로 - 기타,승용,남,62세,상해없음,승용,여,52세,경상
2018022600100274,2018년 2월 26일 13시,월요일,경상남도 김해시 부원동,경상사고,0,0,2,0,차대차 - 측면충돌,신호위반,건조,맑음,교차로 - 교차로안,승용,남,62세,경상,승합,남,50세,경상
2018022600100275,2018년 2월 26일 13시,월요일,경상남도 김해시 흥동,경상사고,0,0,1,0,차대차 - 측면충돌,교차로운행방법위반,건조,맑음,교차로 - 교차로안,승용,여,66세,상해없음,승용,여,37세,경상
2018022600100313,2018년 2월 26일 14시,월요일,경상남도 창원시 의창구 소계동,경상사고,0,0,1,0,차대차 - 추돌,안전운전불이행,건조,맑음,단일로 - 기타,승용,남,38세,상해없음,승용,남,46세,경상
2018022600100350,2018년 2월 26일 15시,월요일,경상남도 창원시 진해구 용원동,경상사고,0,0,1,0,차대차 - 측면충돌,불법유턴,건조,맑음,교차로 - 교차로안,특수,남,47세,상해없음,승용,남,35세,경상
2018022600100351,2018년 2월 26일 15시,월요일,경상남도 창녕군 창녕읍,경상사고,0,0,1,0,차대차 - 측면충돌,교차로운행방법위반,건조,맑음,교차로 - 교차로횡단보도내,이륜,여,65세,경상,승용,남,32세,상해없음
2018022600100352,2018년 2월 26일 15시,월요일,경상남도 김해시 풍유동,중상사고,0,1,0,0,차대차 - 추돌,안전운전불이행,건조,맑음,교차로 - 교차로안,화물,남,56세,상해없음,승용,여,59세,중상
2018022600100388,2018년 2월 26일 16시,월요일,경상남도 창원시 진해구 경화동,중상사고,0,1,1,0,차대차 - 추돌,안전운전불이행,건조,맑음,교차로 - 교차로부근,승용,남,48세,상해없음,승용,남,61세,경상
2018022600100389,2018년 2월 26일 16시,월요일,경상남도 김해시 서상동,경상사고,0,0,1,0,차대차 - 기타,중앙선침범,건조,맑음,단일로 - 기타,승용,남,67세,상해없음,자전거,남,50세,경상
2018022600100390,2018년 2월 26일 16시,월요일,경상남도 김해시 대청동,중상사고,0,1,0,0,차대차 - 측면충돌,교차로운행방법위반,건조,맑음,교차로 - 교차로안,승용,여,78세,상해없음,승용,여,30세,중상
2018022600100462,2018년 2월 26일 18시,월요일,경상남도 양산시 원동면,부상신고사고,0,0,0,2,차대차 - 후진중충돌,안전운전불이행,건조,맑음,단일로 - 기타,승용,남,48세,부상신고,이륜,남,63세,부상신고
2018022600100463,2018년 2월 26일 18시,월요일,경상남도 창원시 성산구 상남동,경상사고,0,0,1,0,차대차 - 측면충돌,신호위반,건조,맑음,교차로 - 교차로안,승용,남,60세,상해없음,승용,여,46세,경상
2018022600100513,2018년 2월 26일 20시,월요일,경상남도 밀양시 부북면,경상사고,0,0,1,0,차대차 - 후진중충돌,안전운전불이행,건조,흐림,단일로 - 기타,화물,남,46세,상해없음,이륜,남,46세,경상
2018022600100539,2018년 2월 26일 21시,월요일,경상남도 창원시 마산합포구 월영동,경상사고,0,0,1,0,차량단독 - 기타,기타,건조,맑음,단일로 - 기타,승합,남,61세,상해없음,,,,
2018022600100540,2018년 2월 26일 21시,월요일,경상남도 김해시 진영읍,경상사고,0,0,1,1,차대차 - 측면충돌,안전운전불이행,건조,맑음,단일로 - 기타,승용,남,51세,부상신고,승용,남,61세,경상
2018022600100560,2018년 2월 26일 22시,월요일,경상남도 거제시 아주동,경상사고,0,0,1,0,차대차 - 측면충돌,안전운전불이행,건조,맑음,단일로 - 기타,승용,남,40세,상해없음,승용,남,56세,상해없음
2018022700100011,2018년 2월 27일 00시,화요일,경상남도 창녕군 대지면,경상사고,0,0,4,0,차대차 - 추돌,안전운전불이행,건조,맑음,단일로 - 기타,승용,남,42세,상해없음,승용,여,46세,경상
2018022700100049,2018년 2월 27일 05시,화요일,경상남도 창녕군 창녕읍,사망사고,1,1,1,0,차대차 - 추돌,안전운전불이행,건조,맑음,단일로 - 기타,화물,남,51세,중상,화물,남,69세,사망
2018022700100073,2018년 2월 27일 07시,화요일,경상남도 진주시 정촌면,경상사고,0,0,1,0,차대차 - 추돌,안전운전불이행,건조,맑음,단일로 - 기타,승용,남,37세,상해없음,승용,남,38세,경상
2018022700100074,2018년 2월 27일 07시,화요일,경상남도 창녕군 도천면,경상사고,0,0,2,0,차대차 - 측면충돌,교차로운행방법위반,건조,흐림,교차로 - 교차로안,승용,여,34세,경상,화물,남,62세,경상
2018022700100075,2018년 2월 27일 07시,화요일,경상남도 창원시 성산구 신촌동,경상사고,0,0,1,0,차대차 - 측면충돌,안전운전불이행,건조,맑음,교차로 - 교차로안,승용,여,42세,상해없음,승용,남,56세,경상
2018022700100085,2018년 2월 27일 08시,화요일,경상남도 양산시 동면,중상사고,0,1,0,0,차대사람 - 기타,안전운전불이행,건조,맑음,단일로 - 기타,승용,남,37세,상해없음,보행자,여,55세,중상
2018022700100097,2018년 2월 27일 08시,화요일,경상남도 창녕군 남지읍,경상사고,0,0,1,0,차대차 - 측면충돌,직진우회전진행방해,건조,맑음,교차로 - 교차로안,승합,여,48세,상해없음,화물,여,51세,경상
2018022700100098,2018년 2월 27일 08시,화요일,경상남도 남해군 고현면,경상사고,0,0,1,0,차대차 - 추돌,안전운전불이행,건조,맑음,교차로 - 교차로부근,화물,남,55세,상해없음,승용,여,25세,경상
2018022700100120,2018년 2월 27일 09시,화요일,경상남도 밀양시 교동,중상사고,0,1,2,0,차대차 - 추돌,안전운전불이행,건조,맑음,단일로 - 기타,화물,남,59세,상해없음,화물,남,49세,경상
2018022700100121,2018년 2월 27일 09시,화요일,경상남도 창녕군 이방면,중상사고,0,1,1,0,차대차 - 측면충돌,신호위반,건조,맑음,교차로 - 교차로안,승용,여,64세,상해없음,승용,남,52세,경상
2018022700100122,2018년 2월 27일 09시,화요일,경상남도 창원시 성산구 성주동,경상사고,0,0,1,0,차대차 - 측면충돌,안전운전불이행,건조,맑음,단일로 - 기타,승용,여,55세,상해없음,승용,남,29세,경상
2018022700100151,2018년 2월 27일 10시,화요일,경상남도 창녕군 부곡면,경상사고,0,0,2,0,차대차 - 추돌,안전거리미확보,건조,맑음,교차로 - 교차로부근,화물,남,52세,상해없음,승용,남,78세,경상