사고번호,사고일시,요일,시군구,사고내용,사망자수,중상자수,경상자수,부상신고자수,사고유형,법규위반,노면상태,기상상태,도로형태,가해운전자 차종,가해운전자 성별,가해운전자 연령,가해운전자 상해정도,피해운전자 차종,피해운전자 성별,피해운전자 연령,피해운전자 상해정도
2018030700100242,2018년 3월 7일 14시,수요일,경상남도 김해시 삼정동,중상사고,0,1,0,0,차대사람 - 횡단중,안전운전불이행,건조,맑음,교차로 - 교차로안,화물,남,62세,상해없음,보행자,여,76세,중상
2018030700100295,2018년 3월 7일 16시,수요일,경상남도 진주시 금산면,경상사고,0,0,3,0,차대차 - 측면충돌,안전운전불이행,건조,맑음,교차로 - 교차로안,승용,남,55세,경상,승용,남,30세,경상
2018030700100296,2018년 3월 7일 16시,수요일,경상남도 사천시 용현면,경상사고,0,0,2,0,차대차 - 기타,교차로운행방법위반,건조,흐림,교차로 - 교차로안,승용,여,66세,경상,승용,여,47세,경상
2018030700100297,2018년 3월 7일 16시,수요일,경상남도 창원시 마산회원구 봉암동,경상사고,0,0,2,0,차대차 - 기타,중앙선침범,건조,맑음,단일로 - 기타,승용,남,71세,상해없음,승용,남,40세,경상
2018030700100328,2018년 3월 7일 17시,수요일,경상남도 창원시 진해구 석동,경상사고,0,0,1,0,차대차 - 측면충돌,안전운전불이행,건조,흐림,단일로 - 기타,승용,여,43세,경상,화물,남,55세,상해없음
2018030700100329,2018년 3월 7일 17시,수요일,경상남도 사천시 동금동,경상사고,0,0,1,0,차대차 - 측면충돌,안전운전불이행,건조,맑음,교차로 - 교차로부근,이륜,남,45세,경상,승용,남,55세,상해없음
2018030700100330,2018년 3월 7일 17시,수요일,경상남도 밀양시 삼랑진읍,경상사고,0,0,1,0,차대차 - 측면충돌,안전운전불이행,건조,맑음,단일로 - 기타,승합,남,68세,상해없음,승용,여,36세,경상
2018030700100331,2018년 3월 7일 17시,수요일,경상남도 거창군 마리면,중상사고,0,2,1,0,차량단독 - 공작물충돌,안전운전불이행,건조,맑음,단일로 - 기타,승용,남,19세,경상,,,,
2018030700100332,2018년 3월 7일 17시,수요일,경상남도 양산시 물금읍,경상사고,0,0,1,0,차대차 - 추돌,안전운전불이행,건조,맑음,교차로 - 교차로부근,건설기계,남,31세,상해없음,승용,남,26세,경상
2018030700100354,2018년 3월 7일 18시,수요일,경상남도 진주시 집현면,중상사고,0,1,0,0,차대차 - 기타,교차로운행방법위반,젖음/습기,비,교차로 - 교차로안,승용,여,56세,상해없음,이륜,남,43세,중상
2018030700100355,2018년 3월 7일 18시,수요일,경상남도 김해시 삼정동,중상사고,0,1,3,0,차대차 - 측면충돌,신호위반,건조,흐림,교차로 - 교차로안,승용,남,68세,경상,승용,여,46세,경상
2018030700100356,2018년 3월 7일 18시,수요일,경상남도 창원시 성산구 안민동,중상사고,0,1,0,0,차대사람 - 길가장자리구역통행중,안전운전불이행,젖음/습기,비,단일로 - 기타,화물,남,62세,상해없음,보행자,남,49세,중상
2018030700100393,2018년 3월 7일 19시,수요일,경상남도 김해시 구산동,경상사고,0,0,1,0,차대사람 - 횡단중,안전운전불이행,젖음/습기,비,교차로 - 교차로안,화물,남,56세,상해없음,보행자,남,54세,경상
2018030700100431,2018년 3월 7일 20시,수요일,경상남도 창원시 의창구 대원동,경상사고,0,0,1,0,차대차 - 측면충돌,안전운전불이행,건조,맑음,단일로 - 기타,승용,여,26세,상해없음,승용,여,45세,경상
2018030700100475,2018년 3월 7일 21시,수요일,경상남도 김해시 어방동,중상사고,0,1,0,0,차대사람 - 횡단중,보행자보호의무위반,젖음/습기,비,교차로 - 교차로횡단보도내,승합,남,27세,상해없음,보행자,여,17세,중상
2018030700100476,2018년 3월 7일 21시,수요일,경상남도 양산시 상북면,경상사고,0,0,1,0,차대사람 - 횡단중,안전운전불이행,젖음/습기,비,단일로 - 기타,승용,남,70세,상해없음,보행자,여,44세,경상
2018030700100477,2018년 3월 7일 21시,수요일,경상남도 창원시 의창구 팔용동,경상사고,0,0,1,0,차대사람 - 횡단중,안전운전불이행,젖음/습기,비,단일로 - 기타,승합,남,42세,상해없음,보행자,남,44세,경상
2018030700100526,2018년 3월 7일 22시,수요일,경상남도 거제시 고현동,경상사고,0,0,1,0,차대사람 - 보도통행중,기타,젖음/습기,비,단일로 - 기타,자전거,남,49세,상해없음,보행자,남,44세,경상
2018030700100527,2018년 3월 7일 22시,수요일,경상남도 창원시 마산회원구 석전동,경상사고,0,0,1,0,차대차 - 추돌,안전운전불이행,젖음/습기,비,교차로 - 교차로부근,승용,남,56세,상해없음,승용,여,40세,경상
2018030700100528,2018년 3월 7일 22시,수요일,경상남도 창원시 의창구 도계동,경상사고,0,0,1,0,차대사람 - 횡단중,안전운전불이행,젖음/습기,비,교차로 - 교차로부근,승용,남,35세,상해없음,보행자,여,64세,경상
2018030700100554,2018년 3월 7일 23시,수요일,경상남도 진주시 평거동,중상사고,0,1,0,0,차대차 - 측면충돌,신호위반,건조,맑음,교차로 - 교차로안,승용,여,58세,상해없음,승용,남,69세,중상
2018030700100555,2018년 3월 7일 23시,수요일,경상남도 창원시 성산구 신촌동,경상사고,0,0,1,0,차대차 - 추돌,안전운전불이행,젖음/습기,비,교차로 - 교차로안,승용,남,37세,상해없음,승용,남,45세,경상
2018030800100021,2018년 3월 8일 00시,목요일,경상남도 밀양시 가곡동,경상사고,0,0,3,0,차대차 - 측면충돌,안전운전불이행,젖음/습기,비,교차로 - 교차로안,승용,남,50세,상해없음,승용,남,45세,경상
2018030800100035,2018년 3월 8일 01시,목요일,경상남도 창원시 의창구 명서동,경상사고,0,0,2,0,차대차 - 추돌,안전운전불이행,젖음/습기,비,단일로 - 기타,승용,남,34세,상해없음,승용,남,57세,경상
2018030800100036,2018년 3월 8일 01시,목요일,경상남도 김해시 진영읍,중상사고,0,1,0,0,차대차 - 정면충돌,안전운전불이행,젖음/습기,비,단일로 - 기타,승용,남,25세,중상,승용,남,37세,상해없음
2018030800100083,2018년 3월 8일 05시,목요일,경상남도 창원시 성산구 대방동,부상신고사고,0,0,0,1,차대사람 - 차도통행중,안전운전불이행,젖음/습기,비,교차로 - 교차로횡단보도내,승용,남,57세,상해없음,보행자,남,23세,부상신고
2018030800100099,2018년 3월 8일 06시,목요일,경상남도 김해시 내동,경상사고,0,0,1,0,차대차 - 측면충돌,신호위반,젖음/습기,비,교차로 - 교차로안,승용,여,61세,상해없음,승용,남,36세,경상
2018030800100100,2018년 3월 8일 06시,목요일,경상남도 창원시 의창구 신월동,경상사고,0,0,1,0,차대차 - 측면충돌,신호위반,젖음/습기,비,교차로 - 교차로안,승용,여,58세,상해없음,승합,남,46세,경상
2018030800100124,2018년 3월 8일 07시,목요일,경상남도 김해시 부곡동,중상사고,0,1,0,0,차대차 - 측면충돌,안전운전불이행,젖음/습기,비,교차로 - 교차로안,승용,남,54세,상해없음,승합,남,39세,중상
2018030800100168,2018년 3월 8일 08시,목요일,경상남도 합천군 대양면,경상사고,0,0,1,0,차대차 - 측면충돌,안전운전불이행,적설,눈,단일로 - 기타,승용,여,49세,상해없음,화물,남,49세,경상
2018030800100169,2018년 3월 8일 08시,목요일,경상남도 고성군 고성읍,경상사고,0,0,2,0,차대차 - 기타,신호위반,건조,맑음,교차로 - 교차로안,화물,남,50세,상해없음,승용,남,68세,경상
2018030800100228,2018년 3월 8일 11시,목요일,경상남도 김해시 풍유동,경상사고,0,0,1,0,차대차 - 측면충돌,안전운전불이행,건조,맑음,단일로 - 기타,승용,남,25세,상해없음,승용,여,31세,경상
2018030800100235,2018년 3월 8일 11시,목요일,경상남도 김해시 외동,중상사고,0,1,0,0,차대차 - 측면충돌,안전거리미확보,젖음/습기,비,단일로 - 기타,승용,남,25세,상해없음,승용,여,55세,중상
2018030800100236,2018년 3월 8일 11시,목요일,경상남도 창녕군 부곡면,중상사고,0,1,2,0,차대차 - 기타,중앙선침범,젖음/습기,비,교차로 - 교차로부근,화물,남,47세,경상,승용,남,37세,경상
2018030800100237,2018년 3월 8일 11시,목요일,경상남도 창원시 의창구 도계동,경상사고,0,0,3,0,차대차 - 추돌,안전운전불이행,젖음/습기,비,단일로 - 기타,화물,남,55세,상해없음,승용,여,64세,경상
2018030800100260,2018년 3월 8일 12시,목요일,경상남도 거제시 하청면,경상사고,0,0,1,0,차대차 - 측면충돌,교차로운행방법위반,젖음/습기,비,교차로 - 교차로안,승용,남,43세,상해없음,화물,남,60세,경상
2018030800100261,2018년 3월 8일 12시,목요일,경상남도 창원시 성산구 반림동,경상사고,0,0,1,0,차대사람 - 횡단중,안전운전불이행,젖음/습기,비,단일로 - 기타,승용,남,58세,상해없음,보행자,여,21세,경상
2018030800100288,2018년 3월 8일 13시,목요일,경상남도 양산시 중부동,부상신고사고,0,0,0,1,차대차 - 측면충돌,안전운전불이행,젖음/습기,비,교차로 - 교차로안,승용,여,41세,상해없음,승용,여,63세,부상신고
2018030800100289,2018년 3월 8일 13시,목요일,경상남도 거제시 옥포동,경상사고,0,0,1,0,차대차 - 기타,차로위반,젖음/습기,비,단일로 - 기타,승용,여,45세,상해없음,승용,남,40세,경상
2018030800100314,2018년 3월 8일 14시,목요일,경상남도 창원시 의창구 용호동,중상사고,0,1,0,0,차대사람 - 횡단중,신호위반,젖음/습기,비,단일로 - 기타,승용,남,62세,상해없음,보행자,여,23세,중상
2018030800100334,2018년 3월 8일 15시,목요일,경상남도 사천시 송포동,중상사고,0,1,1,0,차대차 - 측면충돌,안전운전불이행,건조,맑음,단일로 - 기타,화물,남,65세,상해없음,승용,남,62세,경상
2018030800100335,2018년 3월 8일 15시,목요일,경상남도 김해시 진영읍,경상사고,0,0,1,0,차대차 - 측면충돌,중앙선침범,건조,맑음,교차로 - 교차로부근,화물,남,50세,상해없음,화물,남,56세,경상
2018030800100352,2018년 3월 8일 16시,목요일,경상남도 밀양시 부북면,경상사고,0,0,2,0,차대차 - 측면충돌,중앙선침범,젖음/습기,흐림,단일로 - 기타,승용,여,59세,상해없음,승용,남,71세,경상
2018030800100401,2018년 3월 8일 18시,목요일,경상남도 김해시 율하동,중상사고,0,1,1,0,차대차 - 측면충돌,안전운전불이행,건조,맑음,교차로 - 교차로안,승용,남,59세,경상,승용,남,36세,중상
2018030800100427,2018년 3월 8일 19시,목요일,경상남도 김해시 삼방동,부상신고사고,0,0,0,1,차대차 - 측면충돌,신호위반,건조,맑음,교차로 - 교차로안,이륜,남,17세,부상신고,승용,여,44세,상해없음
2018030800100428,2018년 3월 8일 19시,목요일,경상남도 거제시 일운면,경상사고,0,0,1,0,차대사람 - 기타,안전운전불이행,건조,맑음,주차장 - 주차장,승용,여,38세,상해없음,보행자,남,68세,경상
2018030800100429,2018년 3월 8일 19시,목요일,경상남도 창원시 성산구 중앙동,중상사고,0,2,1,0,차대차 - 추돌,안전운전불이행,젖음/습기,맑음,단일로 - 기타,승용,남,64세,상해없음,승용,남,62세,중상
2018030800100430,2018년 3월 8일 19시,목요일,경상남도 창원시 의창구 봉곡동,중상사고,0,1,0,0,차대사람 - 횡단중,신호위반,건조,맑음,교차로 - 교차로횡단보도내,승용,남,54세,상해없음,보행자,남,69세,중상
2018030800100487,2018년 3월 8일 21시,목요일,경상남도 합천군 합천읍,중상사고,0,1,0,0,차량단독 - 공작물충돌,안전운전불이행,젖음/습기,비,단일로 - 기타,승용,남,24세,상해없음,,,,
2018030800100488,2018년 3월 8일 21시,목요일,경상남도 창원시 성산구 반림동,중상사고,0,1,0,0,차대차 - 측면충돌,안전운전불이행,건조,맑음,단일로 - 기타,승용,남,46세,상해없음,자전거,여,47세,중상
2018030800100511,2018년 3월 8일 22시,목요일,경상남도 창원시 의창구 대산면,중상사고,0,1,1,0,차대차 - 추돌,안전운전불이행,건조,맑음,단일로 - 기타,승합,남,54세,상해없음,승합,남,54세,중상
2018030900100060,2018년 3월 9일 06시,금요일,경상남도 창녕군 창녕읍,중상사고,0,2,0,0,차대차 - 기타,불법유턴,건조,맑음,교차로 - 교차로안,승용,남,46세,상해없음,승용,남,77세,중상
2018030900100061,2018년 3월 9일 06시,금요일,경상남도 거제시 두모동,경상사고,0,0,1,0,차대차 - 측면충돌,안전운전불이행,건조,맑음,단일로 - 기타,승용,남,41세,상해없음,자전거,남,58세,경상
2018030900100091,2018년 3월 9일 07시,금요일,경상남도 창원시 마산합포구 구산면,중상사고,0,1,0,0,차대차 - 측면충돌,안전운전불이행,젖음/습기,맑음,단일로 - 기타,승용,여,26세,상해없음,승용,남,33세,중상
2018030900100092,2018년 3월 9일 07시,금요일,경상남도 창원시 진해구 용원동,중상사고,0,1,0,0,차대사람 - 횡단중,신호위반,건조,맑음,교차로 - 교차로안,화물,남,43세,상해없음,보행자,남,17세,중상
2018030900100093,2018년 3월 9일 07시,금요일,경상남도 양산시 주남동,경상사고,0,0,1,0,차대차 - 기타,교차로운행방법위반,건조,맑음,교차로 - 교차로안,승용,여,69세,경상,승용,남,55세,상해없음
2018030900100094,2018년 3월 9일 07시,금요일,경상남도 창원시 성산구 상복동,경상사고,0,0,1,0,차대차 - 측면충돌,신호위반,건조,맑음,교차로 - 교차로안,화물,남,62세,상해없음,승용,남,43세,경상
2018030900100095,2018년 3월 9일 07시,금요일,경상남도 김해시 주촌면,경상사고,0,0,3,0,차대차 - 측면충돌,신호위반,건조,맑음,교차로 - 교차로안,승용,여,52세,경상,승용,남,64세,경상
2018030900100124,2018년 3월 9일 08시,금요일,경상남도 창원시 마산합포구 진동면,경상사고,0,0,1,0,차대사람 - 길가장자리구역통행중,안전운전불이행,건조,맑음,교차로 - 교차로부근,승용,남,59세,상해없음,보행자,여,10세,경상
2018030900100125,2018년 3월 9일 08시,금요일,경상남도 사천시 서동,경상사고,0,0,1,0,차대차 - 측면충돌,안전운전불이행,건조,맑음,교차로 - 교차로부근,이륜,남,76세,경상,화물,남,27세,상해없음
2018030900100126,2018년 3월 9일 08시,금요일,경상남도 밀양시 상남면,중상사고,0,1,0,0,차대차 - 추돌,안전운전불이행,건조,맑음,단일로 - 기타,이륜,남,67세,중상,승용,남,36세,상해없음
2018030900100156,2018년 3월 9일 10시,금요일,경상남도 남해군 창선면,경상사고,0,0,1,0,차대차 - 측면충돌,교차로운행방법위반,건조,맑음,교차로 - 교차로안,화물,남,46세,상해없음,이륜,여,69세,경상
2018030900100173,2018년 3월 9일 11시,금요일,경상남도 창원시 진해구 용원동,중상사고,0,1,0,0,차대차 - 추돌,신호위반,건조,맑음,교차로 - 교차로안,승용,남,74세,상해없음,원동기,남,65세,중상
2018030900100262,2018년 3월 9일 15시,금요일,경상남도 함안군 법수면,경상사고,0,0,1,0,차대차 - 측면충돌,교차로운행방법위반,건조,맑음,교차로 - 교차로안,화물,남,53세,상해없음,화물,남,70세,경상
2018030900100263,2018년 3월 9일 15시,금요일,경상남도 창원시 의창구 팔용동,중상사고,0,1,0,0,차대차 - 측면충돌,교차로운행방법위반,건조,맑음,교차로 - 교차로안,화물,남,47세,기타불명,승용,여,49세,중상
2018030900100264,2018년 3월 9일 15시,금요일,경상남도 김해시 풍유동,경상사고,0,0,1,0,차량단독 - 공작물충돌,안전운전불이행,건조,맑음,단일로 - 기타,승용,남,43세,경상,,,,
2018030900100320,2018년 3월 9일 17시,금요일,경상남도 창원시 진해구 안골동,경상사고,0,0,1,0,차대차 - 기타,안전운전불이행,건조,맑음,교차로 - 교차로안,특수,남,66세,상해없음,승용,여,28세,경상
2018030900100321,2018년 3월 9일 17시,금요일,경상남도 의령군 대의면,경상사고,0,0,5,0,차대차 - 측면충돌,중앙선침범,건조,맑음,미분류 - 미분류,화물,남,49세,상해없음,승합,남,57세,경상
2018030900100351,2018년 3월 9일 18시,금요일,경상남도 양산시 중부동,경상사고,0,0,1,0,차대사람 - 횡단중,안전운전불이행,건조,맑음,단일로 - 기타,승용,남,21세,상해없음,보행자,남,21세,경상
2018030900100390,2018년 3월 9일 19시,금요일,경상남도 창원시 마산합포구 현동,경상사고,0,0,1,0,차대차 - 측면충돌,안전운전불이행,건조,맑음,교차로 - 교차로안,승용,남,37세,상해없음,이륜,남,17세,경상
2018030900100391,2018년 3월 9일 19시,금요일,경상남도 김해시 삼계동,경상사고,0,0,2,0,차대차 - 측면충돌,불법유턴,건조,맑음,교차로 - 교차로안,승용,여,60세,경상,승용,여,44세,경상
2018030900100392,2018년 3월 9일 19시,금요일,경상남도 창원시 마산회원구 내서읍,경상사고,0,0,1,0,차대차 - 측면충돌,안전운전불이행,건조,맑음,교차로 - 교차로안,특수,남,32세,상해없음,승용,여,56세,경상
2018030900100425,2018년 3월 9일 20시,금요일,경상남도 진주시 주약동,중상사고,0,1,0,0,차대사람 - 횡단중,안전운전불이행,건조,맑음,교차로 - 교차로안,승용,남,64세,상해없음,보행자,남,56세,중상
2018030900100460,2018년 3월 9일 21시,금요일,경상남도 거제시 수월동,중상사고,0,1,0,0,차대사람 - 기타,안전운전불이행,건조,맑음,교차로 - 교차로부근,승합,남,55세,상해없음,보행자,남,63세,중상
2018030900100528,2018년 3월 9일 23시,금요일,경상남도 창원시 성산구 상남동,중상사고,0,1,0,0,차대사람 - 횡단중,안전운전불이행,건조,맑음,교차로 - 교차로안,승용,남,51세,상해없음,보행자,남,59세,중상
2018031000100011,2018년 3월 10일 00시,토요일,경상남도 사천시 용현면,중상사고,0,1,0,0,차량단독 - 공작물충돌,안전운전불이행,건조,맑음,단일로 - 기타,승용,남,36세,중상,,,,
2018031000100060,2018년 3월 10일 02시,토요일,경상남도 김해시 어방동,경상사고,0,0,1,0,차대차 - 기타,안전운전불이행,건조,맑음,교차로 - 교차로안,원동기,남,17세,경상,승합,남,50세,상해없음
2018031000100061,2018년 3월 10일 02시,토요일,경상남도 창녕군 창녕읍,중상사고,0,1,0,0,차량단독 - 공작물충돌,안전운전불이행,젖음/습기,흐림,단일로 - 지하차도(도로)내,승용,남,20세,상해없음,,,,
2018031000100071,2018년 3월 10일 03시,토요일,경상남도 진주시 충무공동,중상사고,0,1,2,0,차대차 - 측면충돌,신호위반,건조,맑음,교차로 - 교차로안,승용,여,47세,경상,승용,남,73세,중상
2018031000100097,2018년 3월 10일 05시,토요일,경상남도 밀양시 삼문동,경상사고,0,0,1,0,차대차 - 측면충돌,신호위반,건조,맑음,교차로 - 교차로안,화물,남,62세,상해없음,승용,남,44세,경상
2018031000100106,2018년 3월 10일 06시,토요일,경상남도 김해시 풍유동,중상사고,0,1,0,0,차대차 - 측면충돌,중앙선침범,건조,맑음,교차로 - 교차로부근,화물,남,51세,상해없음,승용,남,35세,중상
2018031000100130,2018년 3월 10일 08시,토요일,경상남도 창원시 마산합포구 우산동,중상사고,0,1,1,0,차대차 - 측면충돌,안전거리미확보,건조,맑음,교차로 - 교차로안,화물,남,41세,상해없음,승합,남,58세,중상
2018031000100131,2018년 3월 10일 08시,토요일,경상남도 사천시 선구동,경상사고,0,0,2,0,차대차 - 측면충돌,직진우회전진행방해,건조,맑음,교차로 - 교차로안,화물,남,66세,상해없음,승용,여,36세,경상
2018031000100157,2018년 3월 10일 09시,토요일,경상남도 진주시 칠암동,중상사고,0,1,0,0,차대차 - 측면충돌,안전운전불이행,건조,맑음,교차로 - 교차로부근,승용,여,45세,상해없음,원동기,남,76세,중상
2018031000100158,2018년 3월 10일 09시,토요일,경상남도 창원시 진해구 석동,경상사고,0,0,1,0,차대사람 - 횡단중,안전운전불이행,건조,맑음,교차로 - 교차로부근,승용,여,34세,상해없음,보행자,여,75세,경상
2018031000100159,2018년 3월 10일 09시,토요일,경상남도 통영시 정량동,중상사고,0,1,0,0,차대차 - 측면충돌,안전운전불이행,건조,맑음,단일로 - 기타,승용,남,40세,상해없음,승용,남,59세,중상
2018031000100160,2018년 3월 10일 09시,토요일,경상남도 김해시 안동,중상사고,0,1,0,0,차대차 - 추돌,안전운전불이행,건조,맑음,단일로 - 기타,승용,여,29세,상해없음,승용,여,38세,중상
2018031000100161,2018년 3월 10일 09시,토요일,경상남도 창원시 의창구 대산면,경상사고,0,0,1,0,차대차 - 기타,안전운전불이행,건조,맑음,교차로 - 교차로안,승용,남,32세,상해없음,화물,남,69세,경상
2018031000100176,2018년 3월 10일 10시,토요일,경상남도 고성군 고성읍,중상사고,0,1,0,0,차대차 - 측면충돌,교차로운행방법위반,건조,맑음,교차로 - 교차로안,승용,남,34세,상해없음,이륜,남,70세,중상
2018031000100177,2018년 3월 10일 10시,토요일,경상남도 김해시 대청동,중상사고,0,1,0,0,차대차 - 추돌,안전운전불이행,건조,흐림,단일로 - 교량,승용,남,56세,상해없음,승용,여,25세,중상
2018031000100178,2018년 3월 10일 10시,토요일,경상남도 김해시 이동,경상사고,0,0,2,0,차대차 - 측면충돌,직진우회전진행방해,건조,맑음,교차로 - 교차로안,승용,여,34세,경상,승용,남,46세,경상
2018031000100196,2018년 3월 10일 11시,토요일,경상남도 김해시 대청동,경상사고,0,0,1,0,차대차 - 측면충돌,안전운전불이행,건조,맑음,교차로 - 교차로안,승용,여,55세,상해없음,승용,여,30세,경상
2018031000100197,2018년 3월 10일 11시,토요일,경상남도 진주시 문산읍,중상사고,0,5,1,0,차대차 - 측면충돌,안전운전불이행,건조,맑음,단일로 - 기타,승용,남,51세,상해없음,승용,남,74세,중상
2018031000100228,2018년 3월 10일 12시,토요일,경상남도 진주시 이현동,경상사고,0,0,1,0,차대차 - 측면충돌,안전거리미확보,건조,맑음,교차로 - 교차로부근,승용,여,49세,상해없음,원동기,남,38세,경상
2018031000100229,2018년 3월 10일 12시,토요일,경상남도 진주시 하대동,경상사고,0,0,1,0,차대사람 - 기타,안전운전불이행,건조,맑음,단일로 - 기타,승용,여,57세,상해없음,보행자,남,8세,경상
2018031000100230,2018년 3월 10일 12시,토요일,경상남도 양산시 평산동,경상사고,0,0,1,0,차대차 - 기타,안전운전불이행,건조,맑음,교차로 - 교차로안,승용,여,55세,상해없음,자전거,남,11세,경상
2018031000100258,2018년 3월 10일 13시,토요일,경상남도 창원시 진해구 석동,경상사고,0,0,1,0,차대차 - 측면충돌,안전운전불이행,건조,맑음,교차로 - 교차로부근,승용,남,69세,상해없음,승용,여,33세,경상
2018031000100259,2018년 3월 10일 13시,토요일,경상남도 김해시 부원동,중상사고,0,1,0,0,차대사람 - 횡단중,안전운전불이행,건조,맑음,교차로 - 교차로부근,이륜,남,51세,상해없음,보행자,여,77세,중상
2018031000100293,2018년 3월 10일 14시,토요일,경상남도 거제시 옥포동,경상사고,0,0,1,0,차대차 - 측면충돌,교차로운행방법위반,건조,맑음,교차로 - 교차로안,이륜,남,27세,상해없음,이륜,남,27세,경상
2018031000100294,2018년 3월 10일 14시,토요일,경상남도 남해군 상주면,중상사고,0,1,1,0,차량단독 - 도로외이탈 - 기타,안전운전불이행,건조,맑음,단일로 - 기타,승용,남,70세,경상,,,,
2018031000100323,2018년 3월 10일 15시,토요일,경상남도 고성군 상리면,경상사고,0,0,1,0,차대차 - 정면충돌,중앙선침범,건조,맑음,단일로 - 기타,이륜,남,80세,상해없음,승용,여,48세,경상
2018031000100324,2018년 3월 10일 15시,토요일,경상남도 창원시 성산구 대방동,경상사고,0,0,2,0,차대차 - 추돌,안전운전불이행,건조,맑음,교차로 - 교차로부근,원동기,남,28세,상해없음,승용,남,38세,경상
2018031000100358,2018년 3월 10일 16시,토요일,경상남도 김해시 구산동,경상사고,0,0,2,0,차대사람 - 횡단중,보행자보호의무위반,건조,맑음,교차로 - 교차로횡단보도내,화물,남,29세,상해없음,보행자,남,58세,경상
2018031000100383,2018년 3월 10일 17시,토요일,경상남도 진주시 주약동,경상사고,0,0,1,0,차대사람 - 보도통행중,기타,건조,맑음,기타 - 기타,승용,남,27세,상해없음,보행자,남,53세,경상
2018031000100407,2018년 3월 10일 18시,토요일,경상남도 창원시 마산합포구 구산면,중상사고,0,1,0,0,차대사람 - 길가장자리구역통행중,안전운전불이행,건조,맑음,단일로 - 기타,승용,남,65세,상해없음,보행자,남,73세,중상
2018031000100408,2018년 3월 10일 18시,토요일,경상남도 창원시 진해구 이동,중상사고,0,1,0,0,차대차 - 측면충돌,안전운전불이행,건조,맑음,교차로 - 교차로안,원동기,남,39세,중상,승용,남,58세,상해없음
2018031000100409,2018년 3월 10일 18시,토요일,경상남도 창원시 진해구 용원동,경상사고,0,0,2,0,차대차 - 추돌,안전운전불이행,건조,맑음,교차로 - 교차로안,승용,남,41세,상해없음,승용,남,35세,경상
2018031000100410,2018년 3월 10일 18시,토요일,경상남도 통영시 북신동,부상신고사고,0,0,0,1,차대사람 - 횡단중,안전운전불이행,건조,맑음,단일로 - 기타,승용,남,33세,상해없음,보행자,남,8세,부상신고
2018031000100411,2018년 3월 10일 18시,토요일,경상남도 통영시 용남면,중상사고,0,1,1,0,차대차 - 측면충돌,중앙선침범,건조,맑음,단일로 - 기타,승용,여,47세,상해없음,승용,남,38세,경상
2018031000100453,2018년 3월 10일 19시,토요일,경상남도 통영시 문화동,사망사고,1,0,0,0,차대사람 - 횡단중,보행자보호의무위반,건조,맑음,단일로 - 기타,승용,여,45세,상해없음,보행자,여,86세,사망
2018031000100454,2018년 3월 10일 19시,토요일,경상남도 함안군 칠서면,중상사고,0,1,0,0,차대사람 - 보도통행중,교차로운행방법위반,건조,맑음,교차로 - 교차로안,승용,남,56세,상해없음,보행자,남,74세,중상
2018031000100486,2018년 3월 10일 20시,토요일,경상남도 창원시 의창구 북면,경상사고,0,0,1,0,차대사람 - 기타,안전운전불이행,건조,맑음,단일로 - 기타,승용,남,48세,상해없음,보행자,남,34세,경상
2018031000100487,2018년 3월 10일 20시,토요일,경상남도 김해시 진영읍,경상사고,0,0,1,0,차대차 - 측면충돌,안전운전불이행,건조,맑음,교차로 - 교차로부근,이륜,남,17세,경상,승용,남,42세,상해없음
2018031000100515,2018년 3월 10일 21시,토요일,경상남도 사천시 노룡동,중상사고,0,1,3,0,차대차 - 측면충돌,직진우회전진행방해,건조,맑음,교차로 - 교차로부근,화물,남,55세,경상,화물,남,69세,중상
2018031000100563,2018년 3월 10일 23시,토요일,경상남도 거창군 거창읍,중상사고,0,1,1,0,차대차 - 측면충돌,신호위반,건조,맑음,교차로 - 교차로안,승용,남,35세,경상,승용,남,54세,중상
2018031100100005,2018년 3월 11일 00시,일요일,경상남도 김해시 지내동,중상사고,0,1,0,0,차대사람 - 기타,안전운전불이행,건조,맑음,교차로 - 교차로횡단보도내,승용,여,52세,상해없음,보행자,남,58세,중상
2018031100100060,2018년 3월 11일 04시,일요일,경상남도 김해시 삼방동,부상신고사고,0,0,0,3,차대사람 - 횡단중,안전운전불이행,건조,맑음,단일로 - 기타,승용,남,60세,상해없음,보행자,남,22세,상해없음
2018031100100089,2018년 3월 11일 08시,일요일,경상남도 김해시 상동면,중상사고,0,1,3,0,차대차 - 추돌,안전거리미확보,건조,맑음,단일로 - 기타,승합,남,72세,상해없음,승용,남,56세,경상
2018031100100121,2018년 3월 11일 10시,일요일,경상남도 진주시 상봉동,중상사고,0,1,1,0,차량단독 - 주/정차차량 충돌,안전운전불이행,건조,맑음,교차로 - 교차로부근,이륜,남,18세,경상,,,,
2018031100100141,2018년 3월 11일 11시,일요일,경상남도 창원시 마산회원구 구암동,중상사고,0,1,0,0,차대차 - 기타,안전운전불이행,건조,맑음,단일로 - 기타,승용,남,35세,상해없음,승용,여,30세,중상
2018031100100169,2018년 3월 11일 12시,일요일,경상남도 진주시 칠암동,경상사고,0,0,1,0,차대사람 - 횡단중,보행자보호의무위반,건조,맑음,교차로 - 교차로안,승용,남,27세,상해없음,보행자,남,54세,경상
2018031100100170,2018년 3월 11일 12시,일요일,경상남도 통영시 미수동,중상사고,0,4,0,1,차대차 - 추돌,안전운전불이행,건조,맑음,단일로 - 교량,승용,남,24세,상해없음,승용,남,36세,중상