사고번호,사고일시,요일,시군구,사고내용,사망자수,중상자수,경상자수,부상신고자수,사고유형,법규위반,노면상태,기상상태,도로형태,가해운전자 차종,가해운전자 성별,가해운전자 연령,가해운전자 상해정도,피해운전자 차종,피해운전자 성별,피해운전자 연령,피해운전자 상해정도
2018031500100211,2018년 3월 15일 10시,목요일,경상남도 함안군 군북면,중상사고,0,1,1,0,차대차 - 기타,안전운전불이행,젖음/습기,비,교차로 - 교차로안,화물,남,74세,경상,승용,남,34세,중상
2018031500100212,2018년 3월 15일 10시,목요일,경상남도 창원시 의창구 사림동,중상사고,0,2,0,0,차대차 - 후진중충돌,안전운전불이행,건조,맑음,교차로 - 교차로부근,승용,남,23세,상해없음,승용,여,24세,중상
2018031500100213,2018년 3월 15일 10시,목요일,경상남도 창원시 의창구 봉곡동,경상사고,0,0,1,0,차대차 - 추돌,안전운전불이행,젖음/습기,비,단일로 - 기타,승용,남,62세,상해없음,승용,여,61세,경상
2018031500100214,2018년 3월 15일 10시,목요일,경상남도 김해시 진영읍,중상사고,0,1,0,0,차대차 - 측면충돌,안전운전불이행,젖음/습기,비,단일로 - 기타,화물,남,67세,상해없음,화물,남,56세,중상
2018031500100244,2018년 3월 15일 11시,목요일,경상남도 창원시 마산합포구 신포동1가,중상사고,0,1,0,0,차대사람 - 횡단중,신호위반,젖음/습기,비,교차로 - 교차로횡단보도내,승용,남,75세,상해없음,보행자,여,65세,중상
2018031500100245,2018년 3월 15일 11시,목요일,경상남도 창원시 의창구 도계동,중상사고,0,1,0,0,차량단독 - 기타,안전운전불이행,젖음/습기,비,단일로 - 기타,승합,남,58세,상해없음,,,,
2018031500100270,2018년 3월 15일 12시,목요일,경상남도 고성군 고성읍,중상사고,0,1,1,0,차대차 - 기타,직진우회전진행방해,젖음/습기,비,교차로 - 교차로안,승합,남,56세,상해없음,승합,남,80세,중상
2018031500100297,2018년 3월 15일 13시,목요일,경상남도 진주시 평거동,중상사고,0,3,2,0,차대차 - 정면충돌,중앙선침범,젖음/습기,비,단일로 - 기타,화물,남,33세,중상,승용,남,66세,중상
2018031500100321,2018년 3월 15일 14시,목요일,경상남도 김해시 삼방동,경상사고,0,0,1,0,차대사람 - 횡단중,안전운전불이행,젖음/습기,비,교차로 - 교차로안,승용,여,42세,상해없음,보행자,여,61세,경상
2018031500100322,2018년 3월 15일 14시,목요일,경상남도 양산시 덕계동,중상사고,0,1,0,0,차대사람 - 기타,안전운전불이행,건조,맑음,교차로 - 교차로횡단보도내,승용,남,18세,상해없음,보행자,남,82세,중상
2018031500100323,2018년 3월 15일 14시,목요일,경상남도 함안군 가야읍,경상사고,0,0,1,1,차대차 - 측면충돌,직진우회전진행방해,젖음/습기,비,교차로 - 교차로안,승용,남,49세,부상신고,승용,여,43세,경상
2018031500100324,2018년 3월 15일 14시,목요일,경상남도 창원시 성산구 신촌동,경상사고,0,0,2,0,차대차 - 추돌,안전운전불이행,젖음/습기,비,단일로 - 기타,화물,남,61세,상해없음,화물,남,34세,경상
2018031500100325,2018년 3월 15일 14시,목요일,경상남도 창원시 마산회원구 봉암동,중상사고,0,1,1,0,차대차 - 추돌,안전운전불이행,젖음/습기,비,단일로 - 기타,승용,남,74세,상해없음,화물,남,48세,경상
2018031500100326,2018년 3월 15일 14시,목요일,경상남도 김해시 진영읍,경상사고,0,0,1,0,차대차 - 추돌,안전운전불이행,젖음/습기,비,교차로 - 교차로안,화물,남,40세,상해없음,승용,여,33세,경상
2018031500100357,2018년 3월 15일 15시,목요일,경상남도 창원시 진해구 용원동,사망사고,1,0,0,0,차대사람 - 보도통행중,보행자보호의무위반,젖음/습기,비,교차로 - 교차로횡단보도내,특수,남,42세,상해없음,보행자,남,74세,사망
2018031500100358,2018년 3월 15일 15시,목요일,경상남도 김해시 외동,중상사고,0,2,0,0,차대차 - 기타,안전운전불이행,젖음/습기,비,교차로 - 교차로안,승용,남,40세,상해없음,승용,여,55세,중상
2018031500100378,2018년 3월 15일 16시,목요일,경상남도 김해시 구산동,중상사고,0,1,6,0,차대차 - 추돌,과속,젖음/습기,흐림,단일로 - 기타,승용,남,25세,경상,승용,남,56세,중상
2018031500100379,2018년 3월 15일 16시,목요일,경상남도 양산시 중부동,경상사고,0,0,1,0,차대차 - 측면충돌,신호위반,젖음/습기,비,교차로 - 교차로안,승용,여,35세,상해없음,자전거,남,18세,경상
2018031500100380,2018년 3월 15일 16시,목요일,경상남도 거제시 고현동,중상사고,0,1,0,0,차대사람 - 차도통행중,안전운전불이행,건조,맑음,단일로 - 기타,승합,여,58세,상해없음,보행자,여,83세,중상
2018031500100415,2018년 3월 15일 17시,목요일,경상남도 김해시 삼정동,부상신고사고,0,0,0,3,차대차 - 기타,안전운전불이행,젖음/습기,흐림,교차로 - 교차로안,화물,여,48세,상해없음,승용,여,32세,부상신고
2018031500100449,2018년 3월 15일 18시,목요일,경상남도 창원시 진해구 청안동,중상사고,0,1,0,0,차대사람 - 횡단중,신호위반,젖음/습기,비,교차로 - 교차로횡단보도내,승용,여,48세,상해없음,보행자,남,71세,중상
2018031500100450,2018년 3월 15일 18시,목요일,경상남도 밀양시 내이동,중상사고,0,1,0,0,차대차 - 측면충돌,안전운전불이행,건조,맑음,교차로 - 교차로안,승용,남,63세,상해없음,승용,남,66세,중상
2018031500100451,2018년 3월 15일 18시,목요일,경상남도 창원시 성산구 상남동,중상사고,0,1,0,0,차대사람 - 횡단중,안전운전불이행,젖음/습기,비,교차로 - 교차로안,승용,남,60세,상해없음,보행자,여,28세,중상
2018031500100497,2018년 3월 15일 19시,목요일,경상남도 창원시 마산합포구 중앙동2가,경상사고,0,0,1,0,차량단독 - 기타,기타,젖음/습기,비,기타 - 기타,승합,남,32세,상해없음,,,,
2018031500100498,2018년 3월 15일 19시,목요일,경상남도 김해시 구산동,경상사고,0,0,1,0,차대차 - 추돌,안전운전불이행,젖음/습기,흐림,교차로 - 교차로부근,승용,남,38세,상해없음,승용,남,40세,경상
2018031500100499,2018년 3월 15일 19시,목요일,경상남도 합천군 합천읍,경상사고,0,0,1,0,차량단독 - 공작물충돌,안전운전불이행,건조,맑음,단일로 - 기타,승용,여,58세,경상,,,,
2018031500100500,2018년 3월 15일 19시,목요일,경상남도 창원시 마산회원구 구암동,경상사고,0,0,1,0,차대차 - 기타,안전운전불이행,건조,흐림,교차로 - 교차로부근,승용,남,37세,상해없음,이륜,남,62세,경상
2018031500100501,2018년 3월 15일 19시,목요일,경상남도 창원시 의창구 중동,중상사고,0,1,0,0,차대사람 - 횡단중,안전운전불이행,젖음/습기,비,단일로 - 기타,승용,남,45세,상해없음,보행자,남,61세,중상
2018031500100502,2018년 3월 15일 19시,목요일,경상남도 창원시 의창구 도계동,중상사고,0,1,0,0,차대사람 - 기타,안전운전불이행,젖음/습기,비,교차로 - 교차로안,승용,남,63세,상해없음,보행자,남,57세,중상
2018031500100503,2018년 3월 15일 19시,목요일,경상남도 김해시 신문동,경상사고,0,0,1,0,차대차 - 측면충돌,안전운전불이행,젖음/습기,비,교차로 - 교차로부근,승용,남,46세,상해없음,승용,여,38세,경상
2018031500100569,2018년 3월 15일 21시,목요일,경상남도 거제시 장목면,중상사고,0,1,0,0,차대차 - 추돌,안전운전불이행,젖음/습기,비,단일로 - 기타,승용,남,45세,상해없음,승용,여,61세,중상
2018031500100596,2018년 3월 15일 22시,목요일,경상남도 의령군 의령읍,중상사고,0,1,0,0,차대사람 - 길가장자리구역통행중,안전운전불이행,건조,맑음,단일로 - 기타,승용,남,67세,상해없음,보행자,여,60세,중상
2018031500100597,2018년 3월 15일 22시,목요일,경상남도 창원시 성산구 상남동,중상사고,0,1,0,0,차대사람 - 차도통행중,안전운전불이행,젖음/습기,비,단일로 - 기타,승용,남,52세,상해없음,보행자,남,40세,중상
2018031500100598,2018년 3월 15일 22시,목요일,경상남도 김해시 율하동,경상사고,0,0,1,0,차대차 - 추돌,안전운전불이행,젖음/습기,비,교차로 - 교차로부근,승용,남,28세,상해없음,화물,남,59세,경상
2018031500100625,2018년 3월 15일 23시,목요일,경상남도 김해시 구산동,중상사고,0,2,2,0,차대차 - 추돌,안전운전불이행,젖음/습기,흐림,교차로 - 교차로부근,승용,남,56세,상해없음,승용,남,30세,경상
2018031600100015,2018년 3월 16일 00시,금요일,경상남도 창원시 의창구 소답동,중상사고,0,2,0,0,차대차 - 추돌,안전운전불이행,젖음/습기,흐림,단일로 - 기타,화물,남,53세,상해없음,승용,남,59세,중상
2018031600100035,2018년 3월 16일 01시,금요일,경상남도 창원시 의창구 사림동,경상사고,0,0,1,0,차대차 - 측면충돌,안전운전불이행,건조,맑음,교차로 - 교차로안,승용,남,74세,상해없음,승용,남,27세,경상
2018031600100068,2018년 3월 16일 06시,금요일,경상남도 창원시 성산구 사파동,중상사고,0,1,1,0,차대차 - 정면충돌,신호위반,젖음/습기,비,교차로 - 교차로안,화물,남,57세,상해없음,승용,여,62세,경상
2018031600100080,2018년 3월 16일 07시,금요일,경상남도 통영시 서호동,중상사고,0,1,0,0,차대사람 - 횡단중,안전운전불이행,건조,맑음,단일로 - 기타,승용,남,67세,상해없음,보행자,여,79세,중상
2018031600100119,2018년 3월 16일 08시,금요일,경상남도 김해시 삼계동,경상사고,0,0,1,0,차대사람 - 길가장자리구역통행중,안전운전불이행,건조,흐림,단일로 - 기타,승용,여,43세,상해없음,보행자,남,13세,경상
2018031600100120,2018년 3월 16일 08시,금요일,경상남도 창녕군 창녕읍,경상사고,0,0,1,0,차대차 - 기타,신호위반,건조,맑음,교차로 - 교차로안,이륜,남,82세,경상,승용,여,40세,상해없음
2018031600100121,2018년 3월 16일 08시,금요일,경상남도 거제시 옥포동,경상사고,0,0,1,0,차대차 - 측면충돌,교차로운행방법위반,건조,맑음,교차로 - 교차로안,승용,남,24세,상해없음,승용,여,47세,경상
2018031600100155,2018년 3월 16일 09시,금요일,경상남도 창원시 마산합포구 남성동,경상사고,0,0,1,0,차대사람 - 기타,안전운전불이행,건조,맑음,단일로 - 기타,화물,남,45세,상해없음,보행자,남,66세,경상
2018031600100156,2018년 3월 16일 09시,금요일,경상남도 밀양시 내이동,중상사고,0,1,0,0,차대차 - 측면충돌,안전운전불이행,건조,맑음,교차로 - 교차로안,이륜,남,38세,상해없음,자전거,남,79세,중상
2018031600100213,2018년 3월 16일 11시,금요일,경상남도 통영시 무전동,중상사고,0,1,0,0,차대사람 - 기타,안전운전불이행,건조,맑음,교차로 - 교차로부근,화물,남,42세,상해없음,보행자,여,59세,중상
2018031600100233,2018년 3월 16일 12시,금요일,경상남도 창원시 의창구 소답동,중상사고,0,1,0,0,차대사람 - 길가장자리구역통행중,안전운전불이행,건조,맑음,단일로 - 기타,승용,남,23세,상해없음,보행자,여,53세,중상
2018031600100265,2018년 3월 16일 13시,금요일,경상남도 밀양시 하남읍,중상사고,0,1,1,0,차대차 - 측면충돌,중앙선침범,건조,맑음,교차로 - 교차로부근,화물,남,79세,중상,화물,남,50세,경상
2018031600100266,2018년 3월 16일 13시,금요일,경상남도 김해시 삼방동,중상사고,0,1,0,0,차대차 - 측면충돌,신호위반,건조,맑음,교차로 - 교차로안,승용,남,50세,상해없음,이륜,남,62세,중상
2018031600100267,2018년 3월 16일 13시,금요일,경상남도 남해군 삼동면,중상사고,0,1,0,0,차대사람 - 보도통행중,안전운전불이행,건조,맑음,교차로 - 교차로부근,승용,남,55세,상해없음,보행자,여,61세,중상
2018031600100268,2018년 3월 16일 13시,금요일,경상남도 산청군 산청읍,중상사고,0,1,0,0,차대차 - 측면충돌,교차로운행방법위반,건조,맑음,교차로 - 교차로안,승용,남,70세,상해없음,승용,여,50세,중상
2018031600100269,2018년 3월 16일 13시,금요일,경상남도 김해시 삼문동,경상사고,0,0,1,0,차대차 - 후진중충돌,불법유턴,건조,맑음,단일로 - 기타,승용,남,53세,상해없음,승용,남,50세,경상
2018031600100296,2018년 3월 16일 14시,금요일,경상남도 김해시 구산동,중상사고,0,1,0,0,차대차 - 측면충돌,불법유턴,건조,맑음,단일로 - 기타,승용,여,48세,상해없음,이륜,남,57세,중상
2018031600100365,2018년 3월 16일 16시,금요일,경상남도 양산시 동면,경상사고,0,0,3,0,차대차 - 추돌,안전운전불이행,건조,맑음,교차로 - 교차로부근,승용,여,27세,상해없음,승용,여,32세,경상
2018031600100366,2018년 3월 16일 16시,금요일,경상남도 거제시 장평동,경상사고,0,0,3,0,차대차 - 측면충돌,기타,건조,맑음,단일로 - 기타,승용,남,37세,상해없음,승용,남,44세,상해없음
2018031600100367,2018년 3월 16일 16시,금요일,경상남도 창원시 의창구 팔용동,중상사고,0,1,1,0,차대차 - 추돌,안전운전불이행,건조,맑음,단일로 - 기타,화물,남,26세,상해없음,화물,남,37세,경상
2018031600100410,2018년 3월 16일 17시,금요일,경상남도 고성군 동해면,중상사고,0,1,0,0,차대사람 - 차도통행중,안전운전불이행,건조,맑음,단일로 - 기타,승용,남,51세,상해없음,보행자,남,11세,중상
2018031600100441,2018년 3월 16일 18시,금요일,경상남도 사천시 사남면,경상사고,0,0,1,0,차대차 - 측면충돌,안전운전불이행,건조,맑음,단일로 - 기타,승용,여,36세,상해없음,승용,남,53세,경상
2018031600100442,2018년 3월 16일 18시,금요일,경상남도 창원시 의창구 도계동,경상사고,0,0,1,0,차대사람 - 길가장자리구역통행중,안전운전불이행,건조,맑음,교차로 - 교차로안,승용,남,49세,상해없음,보행자,여,3세,경상
2018031600100495,2018년 3월 16일 19시,금요일,경상남도 창원시 진해구 충무동,경상사고,0,0,2,0,차대차 - 추돌,안전운전불이행,건조,맑음,교차로 - 교차로부근,승용,남,67세,상해없음,승용,남,59세,경상
2018031600100496,2018년 3월 16일 19시,금요일,경상남도 김해시 어방동,경상사고,0,0,3,0,차대차 - 기타,교차로운행방법위반,건조,맑음,교차로 - 교차로안,승용,남,63세,상해없음,승용,여,31세,경상
2018031600100497,2018년 3월 16일 19시,금요일,경상남도 양산시 명곡동,중상사고,0,1,0,0,차대차 - 정면충돌,중앙선침범,건조,맑음,단일로 - 기타,승용,여,63세,상해없음,승용,여,53세,중상
2018031600100498,2018년 3월 16일 19시,금요일,경상남도 하동군 하동읍,경상사고,0,0,2,0,차대차 - 추돌,안전운전불이행,건조,맑음,교차로 - 교차로부근,승용,여,45세,상해없음,승용,남,56세,경상
2018031600100499,2018년 3월 16일 19시,금요일,경상남도 거제시 고현동,경상사고,0,0,1,0,차대차 - 기타,신호위반,건조,맑음,교차로 - 교차로안,승용,남,58세,상해없음,승용,여,42세,경상
2018031600100500,2018년 3월 16일 19시,금요일,경상남도 창원시 의창구 동읍,경상사고,0,0,1,0,차대차 - 후진중충돌,안전운전불이행,건조,맑음,단일로 - 기타,화물,남,68세,상해없음,승용,남,34세,경상
2018031600100539,2018년 3월 16일 20시,금요일,경상남도 창원시 의창구 명서동,경상사고,0,0,1,0,차대사람 - 기타,안전운전불이행,건조,맑음,교차로 - 교차로안,승용,남,50세,상해없음,보행자,남,62세,경상
2018031600100567,2018년 3월 16일 21시,금요일,경상남도 김해시 부원동,경상사고,0,0,1,0,차대차 - 기타,안전운전불이행,건조,맑음,교차로 - 교차로안,이륜,남,23세,경상,승용,여,41세,상해없음
2018031600100568,2018년 3월 16일 21시,금요일,경상남도 거창군 거창읍,중상사고,0,1,0,0,차대차 - 기타,안전운전불이행,건조,맑음,교차로 - 교차로안,이륜,남,18세,중상,승용,남,24세,상해없음
2018031600100569,2018년 3월 16일 21시,금요일,경상남도 창원시 성산구 가음동,중상사고,0,2,0,0,차대차 - 측면충돌,신호위반,건조,맑음,단일로 - 기타,이륜,남,56세,중상,이륜,남,21세,중상
2018031600100596,2018년 3월 16일 22시,금요일,경상남도 창녕군 도천면,경상사고,0,0,1,0,차대차 - 기타,안전운전불이행,건조,맑음,교차로 - 교차로부근,승용,남,30세,상해없음,이륜,남,44세,경상
2018031600100597,2018년 3월 16일 22시,금요일,경상남도 창원시 성산구 사파동,중상사고,0,1,0,0,차대차 - 측면충돌,안전운전불이행,건조,맑음,교차로 - 교차로안,승용,남,57세,상해없음,이륜,남,18세,중상
2018031600100640,2018년 3월 16일 23시,금요일,경상남도 김해시 삼방동,경상사고,0,0,1,0,차대차 - 기타,신호위반,건조,맑음,교차로 - 교차로안,승용,남,28세,상해없음,승용,남,29세,경상
2018031700100013,2018년 3월 17일 00시,토요일,경상남도 창원시 마산합포구 오동동,중상사고,0,1,0,0,차대사람 - 기타,교차로운행방법위반,건조,맑음,교차로 - 교차로안,승용,여,61세,상해없음,보행자,남,62세,중상
2018031700100014,2018년 3월 17일 00시,토요일,경상남도 김해시 외동,경상사고,0,0,2,0,차대차 - 기타,안전운전불이행,건조,맑음,단일로 - 기타,승용,남,48세,상해없음,승용,남,59세,경상
2018031700100016,2018년 3월 17일 00시,토요일,경상남도 거제시 옥포동,중상사고,0,1,1,0,차대차 - 정면충돌,신호위반,건조,맑음,교차로 - 교차로안,승용,여,22세,경상,승용,여,28세,중상
2018031700100069,2018년 3월 17일 05시,토요일,경상남도 거제시 고현동,경상사고,0,0,1,0,차대차 - 측면충돌,직진우회전진행방해,건조,맑음,교차로 - 교차로안,승용,남,46세,상해없음,승용,남,50세,상해없음
2018031700100094,2018년 3월 17일 07시,토요일,경상남도 거제시 고현동,중상사고,0,1,0,0,차대차 - 기타,안전거리미확보,건조,맑음,교차로 - 교차로안,승용,남,47세,상해없음,이륜,남,45세,중상
2018031700100110,2018년 3월 17일 08시,토요일,경상남도 창원시 진해구 이동,경상사고,0,0,1,0,차대차 - 측면충돌,교차로운행방법위반,건조,맑음,교차로 - 교차로안,승용,남,23세,상해없음,승용,여,52세,경상
2018031700100111,2018년 3월 17일 08시,토요일,경상남도 김해시 외동,경상사고,0,0,1,0,차대사람 - 횡단중,보행자보호의무위반,건조,맑음,교차로 - 교차로횡단보도내,승용,남,41세,상해없음,보행자,여,69세,경상
2018031700100170,2018년 3월 17일 10시,토요일,경상남도 김해시 한림면,경상사고,0,0,1,0,차대사람 - 기타,안전운전불이행,건조,맑음,단일로 - 기타,승용,남,41세,상해없음,보행자,여,63세,경상
2018031700100204,2018년 3월 17일 11시,토요일,경상남도 창원시 성산구 외동,경상사고,0,0,1,0,차대차 - 측면충돌,신호위반,건조,맑음,교차로 - 교차로안,승용,남,39세,상해없음,승용,여,51세,경상
2018031700100236,2018년 3월 17일 12시,토요일,경상남도 창녕군 창녕읍,중상사고,0,1,0,0,차대차 - 측면충돌,안전운전불이행,건조,맑음,교차로 - 교차로안,이륜,남,76세,중상,승용,여,54세,상해없음
2018031700100237,2018년 3월 17일 12시,토요일,경상남도 창녕군 남지읍,경상사고,0,0,1,0,차대사람 - 기타,안전운전불이행,건조,맑음,교차로 - 교차로부근,화물,남,63세,상해없음,보행자,남,55세,경상
2018031700100238,2018년 3월 17일 12시,토요일,경상남도 창원시 의창구 팔용동,경상사고,0,0,1,0,차대차 - 추돌,안전운전불이행,건조,맑음,단일로 - 기타,승합,남,51세,상해없음,승용,남,46세,경상
2018031700100304,2018년 3월 17일 14시,토요일,경상남도 양산시 물금읍,중상사고,0,1,1,0,차대차 - 추돌,안전운전불이행,건조,맑음,단일로 - 기타,승용,남,62세,상해없음,승용,남,41세,중상
2018031700100332,2018년 3월 17일 15시,토요일,경상남도 함양군 함양읍,중상사고,0,1,0,0,차대사람 - 횡단중,안전운전불이행,건조,맑음,교차로 - 교차로안,승용,남,46세,상해없음,보행자,여,79세,중상
2018031700100333,2018년 3월 17일 15시,토요일,경상남도 창원시 마산회원구 회원동,경상사고,0,0,2,0,차대차 - 측면충돌,안전운전불이행,건조,맑음,단일로 - 기타,승용,남,53세,상해없음,승용,여,41세,경상
2018031700100375,2018년 3월 17일 16시,토요일,경상남도 양산시 명동,중상사고,0,1,0,0,차대사람 - 횡단중,안전운전불이행,건조,맑음,단일로 - 기타,승합,남,53세,상해없음,보행자,남,16세,중상
2018031700100376,2018년 3월 17일 16시,토요일,경상남도 창원시 성산구 양곡동,경상사고,0,0,1,0,차대차 - 추돌,안전운전불이행,건조,맑음,교차로 - 교차로부근,화물,남,32세,상해없음,화물,남,46세,경상
2018031700100377,2018년 3월 17일 16시,토요일,경상남도 창원시 의창구 대산면,중상사고,0,1,1,0,차대차 - 측면충돌,교차로운행방법위반,건조,맑음,교차로 - 교차로안,승용,남,52세,경상,승용,남,56세,상해없음
2018031700100424,2018년 3월 17일 17시,토요일,경상남도 창녕군 남지읍,경상사고,0,0,1,0,차대사람 - 횡단중,안전운전불이행,건조,맑음,단일로 - 기타,승합,남,60세,상해없음,보행자,여,55세,경상
2018031700100425,2018년 3월 17일 17시,토요일,경상남도 창원시 의창구 북면,부상신고사고,0,0,0,1,차대차 - 측면충돌,교차로운행방법위반,건조,맑음,교차로 - 교차로안,이륜,남,56세,부상신고,승용,남,28세,상해없음
2018031700100463,2018년 3월 17일 18시,토요일,경상남도 양산시 물금읍,경상사고,0,0,2,0,차대차 - 기타,안전운전불이행,건조,맑음,교차로 - 교차로안,승용,남,30세,상해없음,승용,남,34세,경상
2018031700100507,2018년 3월 17일 19시,토요일,경상남도 남해군 삼동면,중상사고,0,1,1,0,차대차 - 측면충돌,신호위반,건조,흐림,교차로 - 교차로안,승용,여,54세,상해없음,승용,남,50세,경상
2018031700100508,2018년 3월 17일 19시,토요일,경상남도 창원시 의창구 팔용동,중상사고,0,1,0,0,차대차 - 측면충돌,안전거리미확보,건조,맑음,단일로 - 교량,승용,남,42세,상해없음,이륜,남,28세,중상
2018031700100509,2018년 3월 17일 19시,토요일,경상남도 김해시 풍유동,경상사고,0,0,2,0,차대차 - 측면충돌,안전거리미확보,건조,맑음,단일로 - 기타,승용,남,27세,상해없음,승용,남,59세,경상
2018031700100539,2018년 3월 17일 20시,토요일,경상남도 김해시 내동,중상사고,0,1,0,0,차대사람 - 기타,신호위반,건조,맑음,교차로 - 교차로횡단보도내,승용,남,60세,상해없음,보행자,여,54세,중상
2018031700100540,2018년 3월 17일 20시,토요일,경상남도 창원시 의창구 동읍,경상사고,0,0,1,0,차대차 - 측면충돌,교차로운행방법위반,건조,맑음,교차로 - 교차로안,승용,여,41세,상해없음,승용,여,50세,경상
2018031700100574,2018년 3월 17일 21시,토요일,경상남도 양산시 물금읍,중상사고,0,1,0,0,차대차 - 측면충돌,안전운전불이행,건조,맑음,교차로 - 교차로안,승용,여,39세,상해없음,승용,여,56세,중상
2018031700100620,2018년 3월 17일 23시,토요일,경상남도 통영시 도남동,사망사고,1,0,0,0,차대사람 - 횡단중,과속,건조,맑음,단일로 - 기타,승합,여,40세,상해없음,보행자,여,61세,사망
2018031800100008,2018년 3월 18일 00시,일요일,경상남도 창원시 의창구 봉곡동,경상사고,0,0,2,0,차대차 - 측면충돌,교차로운행방법위반,건조,맑음,교차로 - 교차로안,승용,남,59세,상해없음,승용,남,63세,경상
2018031800100025,2018년 3월 18일 01시,일요일,경상남도 김해시 삼계동,중상사고,0,2,0,0,차대차 - 측면충돌,직진우회전진행방해,건조,맑음,교차로 - 교차로안,승용,남,53세,상해없음,승용,남,21세,상해없음
2018031800100052,2018년 3월 18일 03시,일요일,경상남도 밀양시 내이동,경상사고,0,0,1,0,차대차 - 측면충돌,안전운전불이행,건조,맑음,단일로 - 기타,승합,남,50세,상해없음,승용,남,56세,상해없음
2018031800100053,2018년 3월 18일 03시,일요일,경상남도 창원시 의창구 사림동,중상사고,0,1,0,0,차대차 - 기타,안전운전불이행,건조,맑음,교차로 - 교차로부근,승용,여,33세,상해없음,이륜,남,31세,중상
2018031800100112,2018년 3월 18일 09시,일요일,경상남도 양산시 덕계동,중상사고,0,1,0,0,차대차 - 기타,중앙선침범,건조,맑음,단일로 - 기타,승용,남,59세,상해없음,승합,남,49세,상해없음
2018031800100126,2018년 3월 18일 10시,일요일,경상남도 창원시 진해구 경화동,경상사고,0,0,1,0,차대차 - 측면충돌,안전운전불이행,건조,맑음,교차로 - 교차로부근,승용,남,52세,상해없음,원동기,남,35세,경상
2018031800100142,2018년 3월 18일 11시,일요일,경상남도 사천시 서금동,중상사고,0,1,0,0,차대차 - 측면충돌,직진우회전진행방해,건조,흐림,교차로 - 교차로안,승용,남,34세,상해없음,이륜,남,64세,중상
2018031800100158,2018년 3월 18일 12시,일요일,경상남도 양산시 물금읍,중상사고,0,1,1,0,차대차 - 추돌,안전거리미확보,건조,맑음,단일로 - 지하차도(도로)내,화물,남,30세,기타불명,승용,남,33세,중상
2018031800100183,2018년 3월 18일 13시,일요일,경상남도 창원시 성산구 상남동,경상사고,0,0,4,0,차대차 - 측면충돌,안전운전불이행,건조,맑음,교차로 - 교차로안,승용,남,58세,상해없음,승용,남,26세,경상
2018031800100204,2018년 3월 18일 14시,일요일,경상남도 김해시 구산동,경상사고,0,0,3,1,차대차 - 측면충돌,기타,건조,맑음,단일로 - 기타,승용,남,29세,상해없음,승용,남,33세,경상
2018031800100205,2018년 3월 18일 14시,일요일,경상남도 양산시 평산동,경상사고,0,0,1,0,차대차 - 측면충돌,직진우회전진행방해,건조,맑음,교차로 - 교차로안,승용,여,45세,상해없음,승용,여,42세,경상
2018031800100206,2018년 3월 18일 14시,일요일,경상남도 하동군 악양면,중상사고,0,1,0,0,차대차 - 측면충돌,중앙선침범,건조,맑음,교차로 - 교차로부근,승용,남,63세,상해없음,승합,남,59세,중상
2018031800100207,2018년 3월 18일 14시,일요일,경상남도 창원시 의창구 팔용동,경상사고,0,0,1,0,차대차 - 기타,안전운전불이행,건조,흐림,교차로 - 교차로안,승용,남,64세,상해없음,자전거,남,64세,경상
2018031800100240,2018년 3월 18일 15시,일요일,경상남도 창원시 의창구 팔용동,경상사고,0,0,3,0,차대차 - 기타,신호위반,건조,흐림,교차로 - 교차로안,승용,여,57세,상해없음,승용,남,26세,경상
2018031800100251,2018년 3월 18일 16시,일요일,경상남도 밀양시 산외면,경상사고,0,0,4,0,차대차 - 추돌,안전거리미확보,건조,맑음,단일로 - 터널,승용,남,51세,상해없음,승용,남,45세,경상
2018031800100267,2018년 3월 18일 16시,일요일,경상남도 김해시 신문동,중상사고,0,1,0,0,차대차 - 측면충돌,안전운전불이행,건조,흐림,교차로 - 교차로부근,승용,남,35세,상해없음,자전거,남,29세,중상
2018031800100268,2018년 3월 18일 16시,일요일,경상남도 김해시 부곡동,경상사고,0,0,1,0,차대차 - 측면충돌,안전운전불이행,건조,흐림,교차로 - 교차로안,승용,남,67세,상해없음,승용,남,59세,경상
2018031800100291,2018년 3월 18일 17시,일요일,경상남도 통영시 산양읍,경상사고,0,0,1,0,차대사람 - 횡단중,안전운전불이행,건조,맑음,단일로 - 기타,화물,남,47세,상해없음,보행자,남,85세,경상
2018031800100292,2018년 3월 18일 17시,일요일,경상남도 창녕군 성산면,경상사고,0,0,1,0,차량단독 - 전도전복 - 전복,안전운전불이행,젖음/습기,비,단일로 - 기타,승용,여,46세,경상,미분류,미분류,미분류,미분류
2018031800100293,2018년 3월 18일 17시,일요일,경상남도 양산시 어곡동,중상사고,0,1,2,0,차대차 - 기타,안전운전불이행,건조,맑음,교차로 - 교차로안,승용,남,62세,상해없음,승용,남,43세,경상
2018031800100322,2018년 3월 18일 18시,일요일,경상남도 통영시 항남동,경상사고,0,0,1,0,차대차 - 측면충돌,교차로운행방법위반,건조,맑음,교차로 - 교차로안,이륜,남,40세,상해없음,이륜,남,21세,경상
2018031800100353,2018년 3월 18일 19시,일요일,경상남도 양산시 물금읍,경상사고,0,0,3,0,차대차 - 측면충돌,신호위반,젖음/습기,비,교차로 - 교차로안,승용,남,31세,상해없음,승용,남,35세,경상
2018031800100354,2018년 3월 18일 19시,일요일,경상남도 김해시 내덕동,중상사고,0,2,1,0,차대차 - 추돌,안전운전불이행,젖음/습기,비,단일로 - 기타,승용,남,51세,상해없음,승용,여,40세,중상