사고번호,사고일시,요일,시군구,사고내용,사망자수,중상자수,경상자수,부상신고자수,사고유형,법규위반,노면상태,기상상태,도로형태,가해운전자 차종,가해운전자 성별,가해운전자 연령,가해운전자 상해정도,피해운전자 차종,피해운전자 성별,피해운전자 연령,피해운전자 상해정도
2018031800100388,2018년 3월 18일 20시,일요일,경상남도 김해시 진영읍,경상사고,0,0,1,0,차대차 - 측면충돌,신호위반,젖음/습기,비,교차로 - 교차로안,승용,여,54세,경상,승용,남,60세,상해없음
2018031800100414,2018년 3월 18일 21시,일요일,경상남도 양산시 물금읍,경상사고,0,0,1,0,차대차 - 측면충돌,신호위반,젖음/습기,비,교차로 - 교차로안,이륜,남,18세,상해없음,승용,여,34세,경상
2018031800100451,2018년 3월 18일 22시,일요일,경상남도 통영시 광도면,경상사고,0,0,1,0,차대차 - 추돌,안전운전불이행,젖음/습기,비,교차로 - 교차로부근,승용,남,51세,상해없음,승용,남,36세,경상
2018031800100452,2018년 3월 18일 22시,일요일,경상남도 통영시 무전동,중상사고,0,1,0,0,차대사람 - 횡단중,보행자보호의무위반,젖음/습기,비,단일로 - 기타,승용,여,55세,상해없음,보행자,남,50세,중상
2018031800100453,2018년 3월 18일 22시,일요일,경상남도 거제시 아양동,경상사고,0,0,1,0,차대차 - 추돌,안전거리미확보,기타,비,교차로 - 교차로부근,승합,남,64세,상해없음,승용,남,52세,경상
2018031800100470,2018년 3월 18일 23시,일요일,경상남도 진주시 인사동,중상사고,0,1,1,0,차대차 - 측면충돌,안전운전불이행,젖음/습기,비,단일로 - 기타,승용,여,36세,상해없음,승합,남,48세,경상
2018031800100471,2018년 3월 18일 23시,일요일,경상남도 양산시 덕계동,경상사고,0,0,1,0,차대사람 - 보도통행중,안전운전불이행,젖음/습기,비,교차로 - 교차로안,승용,남,40세,상해없음,보행자,여,18세,경상
2018031900100007,2018년 3월 19일 00시,월요일,경상남도 거제시 고현동,중상사고,0,1,0,0,차대차 - 정면충돌,안전운전불이행,젖음/습기,비,교차로 - 교차로부근,승용,여,50세,상해없음,화물,남,47세,중상
2018031900100008,2018년 3월 19일 00시,월요일,경상남도 창원시 성산구 상남동,경상사고,0,0,1,0,차대차 - 추돌,안전운전불이행,젖음/습기,비,단일로 - 기타,승용,남,29세,상해없음,승용,남,54세,경상
2018031900100035,2018년 3월 19일 03시,월요일,경상남도 창원시 의창구 도계동,사망사고,1,0,0,0,차량단독 - 공작물충돌,안전운전불이행,젖음/습기,비,교차로 - 교차로부근,승용,남,52세,사망,,,,
2018031900100048,2018년 3월 19일 05시,월요일,경상남도 김해시 대청동,경상사고,0,0,2,0,차대차 - 측면충돌,신호위반,젖음/습기,비,교차로 - 교차로안,화물,여,60세,경상,화물,남,50세,경상
2018031900100049,2018년 3월 19일 05시,월요일,경상남도 김해시 흥동,경상사고,0,0,2,0,차대차 - 측면충돌,안전운전불이행,젖음/습기,비,교차로 - 교차로안,승용,남,58세,경상,승용,남,54세,경상
2018031900100066,2018년 3월 19일 06시,월요일,경상남도 거제시 장평동,중상사고,0,1,0,0,차대사람 - 횡단중,안전운전불이행,젖음/습기,비,단일로 - 기타,이륜,남,40세,상해없음,보행자,여,51세,중상
2018031900100084,2018년 3월 19일 07시,월요일,경상남도 김해시 진례면,중상사고,0,1,0,0,차대차 - 측면충돌,직진우회전진행방해,젖음/습기,비,교차로 - 교차로안,승용,남,36세,상해없음,자전거,남,53세,중상
2018031900100117,2018년 3월 19일 08시,월요일,경상남도 거제시 고현동,경상사고,0,0,2,0,차대차 - 측면충돌,안전거리미확보,건조,맑음,단일로 - 기타,승용,여,42세,경상,승용,여,41세,경상
2018031900100118,2018년 3월 19일 08시,월요일,경상남도 창원시 의창구 용호동,중상사고,0,1,0,0,차대사람 - 기타,보행자보호의무위반,젖음/습기,비,교차로 - 교차로안,승용,여,43세,상해없음,보행자,여,70세,중상
2018031900100144,2018년 3월 19일 09시,월요일,경상남도 창원시 의창구 팔용동,중상사고,0,1,0,0,차대사람 - 길가장자리구역통행중,안전운전불이행,젖음/습기,비,단일로 - 기타,승용,남,68세,상해없음,보행자,여,77세,중상
2018031900100176,2018년 3월 19일 10시,월요일,경상남도 창원시 진해구 이동,경상사고,0,0,1,0,차대차 - 측면충돌,안전운전불이행,건조,맑음,교차로 - 교차로부근,승용,남,80세,상해없음,승용,남,65세,경상
2018031900100177,2018년 3월 19일 10시,월요일,경상남도 창원시 마산회원구 내서읍,경상사고,0,0,1,0,차대차 - 측면충돌,신호위반,젖음/습기,비,교차로 - 교차로안,승용,남,66세,상해없음,승용,여,49세,경상
2018031900100178,2018년 3월 19일 10시,월요일,경상남도 김해시 주촌면,경상사고,0,0,2,0,차대차 - 측면충돌,안전운전불이행,젖음/습기,비,교차로 - 교차로안,승용,여,60세,경상,화물,남,53세,경상
2018031900100229,2018년 3월 19일 12시,월요일,경상남도 김해시 삼방동,경상사고,0,0,1,0,차대차 - 기타,안전운전불이행,젖음/습기,비,단일로 - 기타,기타불명,기타불명,미분류,기타불명,화물,남,74세,경상
2018031900100275,2018년 3월 19일 14시,월요일,경상남도 창원시 마산합포구 오동동,경상사고,0,0,1,0,차대차 - 측면충돌,직진우회전진행방해,건조,맑음,교차로 - 교차로안,화물,남,25세,상해없음,승합,남,30세,경상
2018031900100276,2018년 3월 19일 14시,월요일,경상남도 창원시 진해구 석동,경상사고,0,0,1,0,차대차 - 추돌,안전운전불이행,젖음/습기,비,교차로 - 교차로부근,승용,여,48세,상해없음,승용,여,46세,경상
2018031900100301,2018년 3월 19일 15시,월요일,경상남도 창녕군 창녕읍,경상사고,0,0,1,0,차대사람 - 보도통행중,보행자보호의무위반,젖음/습기,비,단일로 - 기타,승용,남,64세,상해없음,보행자,남,8세,경상
2018031900100336,2018년 3월 19일 16시,월요일,경상남도 창원시 마산합포구 상남동,경상사고,0,0,1,0,차대차 - 측면충돌,교차로운행방법위반,건조,흐림,교차로 - 교차로안,승용,남,49세,상해없음,승용,남,46세,경상
2018031900100337,2018년 3월 19일 16시,월요일,경상남도 통영시 산양읍,경상사고,0,0,1,0,차대차 - 정면충돌,중앙선침범,젖음/습기,맑음,단일로 - 기타,승용,남,59세,상해없음,승합,남,46세,경상
2018031900100338,2018년 3월 19일 16시,월요일,경상남도 김해시 상동면,중상사고,0,2,1,0,차대차 - 기타,교차로운행방법위반,건조,맑음,교차로 - 교차로안,승용,남,53세,경상,승용,남,31세,중상
2018031900100339,2018년 3월 19일 16시,월요일,경상남도 김해시 한림면,중상사고,0,1,0,0,차대차 - 측면충돌,안전운전불이행,건조,맑음,교차로 - 교차로안,화물,남,64세,상해없음,승용,남,52세,중상
2018031900100405,2018년 3월 19일 18시,월요일,경상남도 거제시 고현동,중상사고,0,1,0,0,차대차 - 측면충돌,신호위반,젖음/습기,흐림,교차로 - 교차로안,승용,남,57세,상해없음,이륜,남,37세,중상
2018031900100406,2018년 3월 19일 18시,월요일,경상남도 창원시 의창구 봉곡동,중상사고,0,1,0,0,차량단독 - 기타,안전운전불이행,젖음/습기,비,단일로 - 기타,승합,남,45세,상해없음,,,,
2018031900100446,2018년 3월 19일 19시,월요일,경상남도 창원시 마산합포구 예곡동,경상사고,0,0,2,0,차대차 - 추돌,안전운전불이행,건조,맑음,교차로 - 교차로부근,화물,남,25세,상해없음,승용,남,48세,경상
2018031900100447,2018년 3월 19일 19시,월요일,경상남도 김해시 내동,부상신고사고,0,0,0,1,차대차 - 기타,안전운전불이행,젖음/습기,비,단일로 - 기타,이륜,남,40세,부상신고,기타불명,기타불명,미분류,기타불명
2018031900100448,2018년 3월 19일 19시,월요일,경상남도 양산시 동면,중상사고,0,1,0,0,차대사람 - 횡단중,중앙선침범,젖음/습기,비,단일로 - 기타,승용,남,50세,상해없음,보행자,남,62세,중상
2018031900100449,2018년 3월 19일 19시,월요일,경상남도 양산시 물금읍,경상사고,0,0,1,0,차대사람 - 횡단중,보행자보호의무위반,젖음/습기,비,단일로 - 기타,승용,남,34세,상해없음,보행자,남,51세,경상
2018031900100450,2018년 3월 19일 19시,월요일,경상남도 김해시 흥동,경상사고,0,0,1,0,차대차 - 추돌,안전운전불이행,젖음/습기,비,단일로 - 기타,승용,남,55세,상해없음,승용,여,40세,경상
2018031900100474,2018년 3월 19일 20시,월요일,경상남도 김해시 생림면,사망사고,1,0,1,0,차대차 - 측면충돌,안전운전불이행,젖음/습기,비,단일로 - 터널,승용,남,40세,사망,승용,남,40세,상해없음
2018031900100574,2018년 3월 19일 23시,월요일,경상남도 산청군 신안면,중상사고,0,1,0,0,차량단독 - 공작물충돌,안전운전불이행,건조,맑음,단일로 - 기타,승용,여,62세,중상,,,,
2018032000100059,2018년 3월 20일 06시,화요일,경상남도 김해시 삼계동,경상사고,0,0,1,0,차대차 - 측면충돌,신호위반,건조,맑음,교차로 - 교차로안,기타불명,기타불명,미분류,기타불명,승용,남,21세,경상
2018032000100080,2018년 3월 20일 07시,화요일,경상남도 양산시 북정동,경상사고,0,0,1,0,차대차 - 측면충돌,중앙선침범,건조,맑음,교차로 - 교차로안,승용,남,35세,상해없음,승용,여,49세,경상
2018032000100081,2018년 3월 20일 07시,화요일,경상남도 거제시 아양동,중상사고,0,1,1,0,차대차 - 측면충돌,신호위반,건조,맑음,교차로 - 교차로안,이륜,남,48세,중상,승용,남,33세,경상
2018032000100118,2018년 3월 20일 08시,화요일,경상남도 김해시 내동,사망사고,1,0,0,0,차대차 - 기타,안전운전불이행,건조,맑음,단일로 - 기타,원동기,남,83세,사망,승용,남,73세,상해없음
2018032000100119,2018년 3월 20일 08시,화요일,경상남도 거제시 고현동,경상사고,0,0,2,0,차대차 - 측면충돌,교차로운행방법위반,건조,맑음,교차로 - 교차로안,승용,여,47세,상해없음,승용,여,68세,경상
2018032000100120,2018년 3월 20일 08시,화요일,경상남도 창원시 의창구 서상동,경상사고,0,0,1,0,차대차 - 기타,안전거리미확보,건조,맑음,단일로 - 기타,승용,남,32세,상해없음,승용,남,32세,경상
2018032000100149,2018년 3월 20일 09시,화요일,경상남도 양산시 삼호동,경상사고,0,0,1,0,차대차 - 측면충돌,교차로운행방법위반,건조,맑음,교차로 - 교차로안,승용,남,63세,상해없음,승용,남,46세,상해없음
2018032000100150,2018년 3월 20일 09시,화요일,경상남도 거제시 수월동,경상사고,0,0,1,0,차대차 - 기타,중앙선침범,건조,맑음,교차로 - 교차로부근,승용,남,58세,경상,승용,여,34세,상해없음
2018032000100151,2018년 3월 20일 09시,화요일,경상남도 창원시 성산구 반지동,경상사고,0,0,1,0,차대차 - 추돌,안전운전불이행,건조,맑음,단일로 - 기타,승용,남,44세,상해없음,승용,남,37세,경상
2018032000100152,2018년 3월 20일 09시,화요일,경상남도 함안군 칠원읍,경상사고,0,0,2,0,차대차 - 추돌,안전운전불이행,건조,맑음,단일로 - 터널,승용,남,33세,경상,승용,남,64세,상해없음
2018032000100209,2018년 3월 20일 11시,화요일,경상남도 창원시 마산합포구 월남동2가,중상사고,0,1,0,0,차대차 - 기타,중앙선침범,건조,맑음,단일로 - 기타,원동기,남,81세,상해없음,승합,남,45세,상해없음
2018032000100210,2018년 3월 20일 11시,화요일,경상남도 밀양시 하남읍,중상사고,0,1,0,0,차대차 - 측면충돌,교차로운행방법위반,건조,맑음,교차로 - 교차로안,승용,남,38세,상해없음,승용,여,58세,중상
2018032000100211,2018년 3월 20일 11시,화요일,경상남도 김해시 삼방동,중상사고,0,1,0,0,차대사람 - 차도통행중,안전운전불이행,건조,맑음,단일로 - 기타,승용,남,63세,상해없음,보행자,남,73세,중상
2018032000100212,2018년 3월 20일 11시,화요일,경상남도 창원시 마산회원구 구암동,경상사고,0,0,2,0,차대차 - 측면충돌,안전운전불이행,건조,맑음,단일로 - 기타,승용,남,71세,상해없음,승합,남,36세,경상
2018032000100287,2018년 3월 20일 14시,화요일,경상남도 거제시 연초면,경상사고,0,0,2,0,차대차 - 측면충돌,교차로운행방법위반,건조,맑음,교차로 - 교차로안,승합,여,49세,경상,화물,남,45세,경상
2018032000100317,2018년 3월 20일 15시,화요일,경상남도 김해시 내동,경상사고,0,0,1,0,차대차 - 기타,신호위반,건조,맑음,교차로 - 교차로안,승용,남,67세,상해없음,승용,여,40세,경상
2018032000100318,2018년 3월 20일 15시,화요일,경상남도 양산시 물금읍,부상신고사고,0,0,0,1,차대차 - 기타,안전거리미확보,건조,맑음,단일로 - 기타,승용,남,75세,상해없음,승용,여,53세,상해없음
2018032000100375,2018년 3월 20일 17시,화요일,경상남도 진주시 장대동,중상사고,0,1,0,0,차대차 - 측면충돌,중앙선침범,건조,흐림,교차로 - 교차로안,원동기,남,70세,중상,승용,남,43세,상해없음
2018032000100376,2018년 3월 20일 17시,화요일,경상남도 창원시 진해구 두동,경상사고,0,0,2,0,차대차 - 측면충돌,신호위반,건조,맑음,교차로 - 교차로안,화물,남,62세,상해없음,승용,여,45세,경상
2018032000100377,2018년 3월 20일 17시,화요일,경상남도 밀양시 가곡동,중상사고,0,1,0,0,차대차 - 측면충돌,안전운전불이행,건조,맑음,교차로 - 교차로안,승용,여,22세,상해없음,화물,남,66세,중상
2018032000100378,2018년 3월 20일 17시,화요일,경상남도 창원시 성산구 사파동,경상사고,0,0,1,0,차대사람 - 길가장자리구역통행중,안전운전불이행,건조,맑음,교차로 - 교차로안,승용,남,45세,상해없음,보행자,여,69세,경상
2018032000100420,2018년 3월 20일 18시,화요일,경상남도 창원시 마산합포구 남성동,중상사고,0,1,0,0,차량단독 - 기타,기타,건조,맑음,단일로 - 기타,승합,남,56세,상해없음,,,,
2018032000100458,2018년 3월 20일 19시,화요일,경상남도 통영시 북신동,중상사고,0,1,0,0,차대사람 - 횡단중,신호위반,건조,맑음,교차로 - 교차로횡단보도내,승용,남,67세,상해없음,보행자,여,51세,중상
2018032000100459,2018년 3월 20일 19시,화요일,경상남도 고성군 개천면,사망사고,1,0,0,0,차대사람 - 차도통행중,안전운전불이행,건조,맑음,단일로 - 기타,승용,남,63세,상해없음,보행자,남,62세,사망
2018032000100492,2018년 3월 20일 20시,화요일,경상남도 진주시 하대동,중상사고,0,1,0,0,차대사람 - 횡단중,보행자보호의무위반,건조,맑음,교차로 - 교차로횡단보도내,승합,남,66세,상해없음,보행자,여,56세,중상
2018032000100526,2018년 3월 20일 21시,화요일,경상남도 밀양시 내이동,중상사고,0,1,0,0,차대차 - 측면충돌,중앙선침범,건조,흐림,단일로 - 기타,승용,남,25세,상해없음,이륜,남,22세,중상
2018032000100527,2018년 3월 20일 21시,화요일,경상남도 거제시 연초면,사망사고,1,0,0,0,차대사람 - 기타,안전운전불이행,기타,비,단일로 - 기타,승용,여,45세,상해없음,보행자,남,47세,사망
2018032000100528,2018년 3월 20일 21시,화요일,경상남도 김해시 부곡동,경상사고,0,0,1,0,차대사람 - 횡단중,안전운전불이행,젖음/습기,비,단일로 - 기타,승용,남,24세,상해없음,보행자,남,54세,경상
2018032000100552,2018년 3월 20일 22시,화요일,경상남도 양산시 동면,경상사고,0,0,1,0,차대차 - 기타,안전운전불이행,건조,맑음,단일로 - 기타,승용,남,30세,경상,승용,남,41세,상해없음
2018032000100553,2018년 3월 20일 22시,화요일,경상남도 김해시 흥동,중상사고,0,2,0,0,차대차 - 측면충돌,신호위반,젖음/습기,비,교차로 - 교차로안,이륜,남,41세,중상,승용,여,46세,중상
2018032000100583,2018년 3월 20일 23시,화요일,경상남도 창원시 성산구 외동,중상사고,0,1,0,0,차대차 - 측면충돌,신호위반,젖음/습기,비,교차로 - 교차로안,승용,남,53세,상해없음,승합,남,57세,중상
2018032000100584,2018년 3월 20일 23시,화요일,경상남도 김해시 진영읍,경상사고,0,0,1,0,차대사람 - 횡단중,안전운전불이행,건조,맑음,단일로 - 기타,승용,남,70세,상해없음,보행자,여,54세,경상
2018032100100034,2018년 3월 21일 02시,수요일,경상남도 창원시 마산합포구 현동,중상사고,0,1,1,0,차대차 - 추돌,안전운전불이행,건조,맑음,단일로 - 기타,승합,남,57세,상해없음,화물,남,53세,상해없음
2018032100100048,2018년 3월 21일 04시,수요일,경상남도 창원시 진해구 경화동,경상사고,0,0,1,0,차대차 - 추돌,안전거리미확보,젖음/습기,비,단일로 - 기타,승용,여,71세,상해없음,승용,남,56세,경상
2018032100100127,2018년 3월 21일 08시,수요일,경상남도 의령군 유곡면,경상사고,0,0,1,0,차대차 - 측면충돌,안전운전불이행,적설,눈,단일로 - 지하차도(도로)내,승용,남,49세,상해없음,승용,남,32세,경상
2018032100100156,2018년 3월 21일 09시,수요일,경상남도 통영시 용남면,경상사고,0,0,2,0,차대차 - 추돌,안전운전불이행,젖음/습기,비,교차로 - 교차로부근,화물,남,45세,상해없음,승용,여,34세,경상
2018032100100178,2018년 3월 21일 10시,수요일,경상남도 김해시 대동면,경상사고,0,0,2,0,차대차 - 정면충돌,중앙선침범,젖음/습기,비,단일로 - 기타,화물,남,52세,경상,화물,남,52세,경상
2018032100100204,2018년 3월 21일 11시,수요일,경상남도 함양군 함양읍,중상사고,0,1,0,0,차대사람 - 차도통행중,안전운전불이행,젖음/습기,비,단일로 - 기타,화물,남,59세,상해없음,보행자,남,78세,중상
2018032100100205,2018년 3월 21일 11시,수요일,경상남도 양산시 주남동,경상사고,0,0,1,0,차대차 - 기타,신호위반,젖음/습기,눈,교차로 - 교차로안,승용,남,31세,상해없음,화물,남,41세,경상
2018032100100217,2018년 3월 21일 12시,수요일,경상남도 고성군 고성읍,중상사고,0,1,0,0,차대차 - 측면충돌,신호위반,젖음/습기,비,교차로 - 교차로안,승용,남,69세,상해없음,이륜,남,18세,중상
2018032100100218,2018년 3월 21일 12시,수요일,경상남도 산청군 금서면,중상사고,0,1,0,0,차대차 - 측면충돌,교차로운행방법위반,서리/결빙,눈,교차로 - 교차로안,화물,남,61세,상해없음,이륜,남,72세,중상
2018032100100219,2018년 3월 21일 12시,수요일,경상남도 창원시 의창구 대산면,경상사고,0,0,1,0,차대차 - 측면충돌,중앙선침범,젖음/습기,비,교차로 - 교차로안,승합,남,58세,상해없음,승용,남,40세,경상
2018032100100240,2018년 3월 21일 13시,수요일,경상남도 밀양시 삼문동,중상사고,0,1,0,0,차대차 - 측면충돌,신호위반,젖음/습기,비,교차로 - 교차로안,화물,남,66세,상해없음,승용,남,47세,중상
2018032100100265,2018년 3월 21일 14시,수요일,경상남도 김해시 부원동,경상사고,0,0,1,0,차대차 - 측면충돌,교차로운행방법위반,젖음/습기,비,교차로 - 교차로부근,화물,남,56세,상해없음,승용,여,44세,경상
2018032100100266,2018년 3월 21일 14시,수요일,경상남도 함양군 안의면,부상신고사고,0,0,0,1,차량단독 - 도로외이탈 - 추락,안전운전불이행,적설,눈,단일로 - 기타,승용,남,61세,부상신고,,,,
2018032100100267,2018년 3월 21일 14시,수요일,경상남도 거제시 상동동,경상사고,0,0,1,0,차대차 - 측면충돌,신호위반,젖음/습기,비,교차로 - 교차로안,승용,여,67세,상해없음,승용,남,38세,경상
2018032100100268,2018년 3월 21일 14시,수요일,경상남도 창원시 성산구 중앙동,경상사고,0,0,1,0,차대사람 - 기타,안전운전불이행,젖음/습기,비,단일로 - 기타,승합,남,48세,상해없음,보행자,여,52세,경상
2018032100100302,2018년 3월 21일 15시,수요일,경상남도 거제시 문동동,경상사고,0,0,2,0,차대차 - 기타,안전운전불이행,젖음/습기,비,단일로 - 기타,승용,남,47세,상해없음,승용,여,37세,경상
2018032100100335,2018년 3월 21일 16시,수요일,경상남도 양산시 명동,경상사고,0,0,1,0,차대차 - 측면충돌,안전운전불이행,건조,맑음,단일로 - 기타,승용,남,66세,상해없음,승용,남,43세,경상
2018032100100336,2018년 3월 21일 16시,수요일,경상남도 남해군 창선면,경상사고,0,0,1,0,차대차 - 측면충돌,신호위반,젖음/습기,비,교차로 - 교차로안,승용,남,58세,상해없음,승용,남,30세,경상
2018032100100367,2018년 3월 21일 17시,수요일,경상남도 창원시 진해구 용원동,중상사고,0,1,0,0,차대차 - 기타,기타,젖음/습기,흐림,교차로 - 교차로부근,특수,남,56세,상해없음,특수,남,50세,중상
2018032100100368,2018년 3월 21일 17시,수요일,경상남도 김해시 삼정동,경상사고,0,0,1,0,차대차 - 추돌,안전운전불이행,젖음/습기,비,교차로 - 교차로부근,승용,남,65세,상해없음,승용,여,50세,경상
2018032100100369,2018년 3월 21일 17시,수요일,경상남도 김해시 풍유동,중상사고,0,1,0,0,차대차 - 측면충돌,신호위반,젖음/습기,비,교차로 - 교차로안,화물,남,30세,상해없음,승용,남,44세,중상
2018032100100402,2018년 3월 21일 18시,수요일,경상남도 창원시 마산합포구 월남동4가,경상사고,0,0,1,0,차대차 - 기타,안전거리미확보,건조,맑음,단일로 - 기타,승용,남,19세,상해없음,승용,여,44세,경상
2018032100100403,2018년 3월 21일 18시,수요일,경상남도 창원시 진해구 이동,경상사고,0,0,1,0,차대차 - 측면충돌,안전운전불이행,건조,맑음,교차로 - 교차로안,승용,여,31세,상해없음,승용,남,29세,경상
2018032100100404,2018년 3월 21일 18시,수요일,경상남도 창원시 의창구 팔용동,경상사고,0,0,1,0,차대차 - 측면충돌,안전운전불이행,젖음/습기,비,교차로 - 교차로안,화물,남,71세,상해없음,승용,여,53세,경상
2018032100100442,2018년 3월 21일 19시,수요일,경상남도 양산시 소주동,경상사고,0,0,1,0,차대사람 - 기타,안전운전불이행,건조,맑음,교차로 - 교차로부근,승용,여,60세,상해없음,보행자,여,50세,경상
2018032100100443,2018년 3월 21일 19시,수요일,경상남도 거제시 거제면,경상사고,0,0,3,0,차대차 - 측면충돌,직진우회전진행방해,건조,맑음,교차로 - 교차로안,승용,여,37세,상해없음,승용,남,53세,경상
2018032100100444,2018년 3월 21일 19시,수요일,경상남도 창원시 의창구 동읍,경상사고,0,0,1,0,차대차 - 추돌,안전운전불이행,건조,맑음,단일로 - 기타,승용,남,34세,상해없음,승용,남,56세,경상
2018032100100483,2018년 3월 21일 20시,수요일,경상남도 진주시 상평동,경상사고,0,0,1,0,차대차 - 측면충돌,중앙선침범,건조,맑음,교차로 - 교차로부근,승용,남,30세,상해없음,이륜,남,77세,경상
2018032100100484,2018년 3월 21일 20시,수요일,경상남도 김해시 삼계동,중상사고,0,1,0,0,차대차 - 측면충돌,교차로운행방법위반,젖음/습기,비,교차로 - 교차로안,이륜,남,19세,중상,승용,남,54세,상해없음
2018032100100543,2018년 3월 21일 22시,수요일,경상남도 창원시 성산구 상남동,경상사고,0,0,1,0,차대사람 - 기타,보행자보호의무위반,젖음/습기,흐림,교차로 - 교차로안,승합,남,48세,상해없음,보행자,남,35세,경상
2018032100100573,2018년 3월 21일 23시,수요일,경상남도 김해시 외동,중상사고,0,1,0,0,차대사람 - 기타,안전운전불이행,건조,맑음,단일로 - 기타,승용,남,64세,상해없음,보행자,남,62세,중상
2018032200100035,2018년 3월 22일 03시,목요일,경상남도 거제시 옥포동,경상사고,0,0,1,0,차대차 - 측면충돌,신호위반,건조,맑음,교차로 - 교차로안,화물,남,58세,상해없음,승용,남,37세,상해없음
2018032200100113,2018년 3월 22일 07시,목요일,경상남도 김해시 생림면,경상사고,0,0,1,0,차대차 - 추돌,안전거리미확보,건조,흐림,단일로 - 기타,승용,여,28세,상해없음,승용,남,27세,상해없음
2018032200100156,2018년 3월 22일 08시,목요일,경상남도 창원시 마산합포구 창동,중상사고,0,1,0,0,차대사람 - 차도통행중,신호위반,건조,맑음,단일로 - 기타,화물,남,24세,상해없음,보행자,남,7세,중상
2018032200100157,2018년 3월 22일 08시,목요일,경상남도 창원시 진해구 용원동,중상사고,0,1,0,0,차대사람 - 횡단중,신호위반,건조,맑음,교차로 - 교차로안,화물,남,57세,상해없음,보행자,여,22세,중상
2018032200100158,2018년 3월 22일 08시,목요일,경상남도 사천시 사남면,중상사고,0,1,2,0,차대차 - 추돌,안전운전불이행,건조,맑음,단일로 - 기타,승용,남,39세,경상,승용,남,56세,경상
2018032200100159,2018년 3월 22일 08시,목요일,경상남도 김해시 구산동,중상사고,0,1,1,0,차대차 - 측면충돌,교차로운행방법위반,건조,맑음,교차로 - 교차로안,승용,남,36세,상해없음,승용,남,51세,경상
2018032200100160,2018년 3월 22일 08시,목요일,경상남도 산청군 신안면,중상사고,0,1,0,1,차대차 - 측면충돌,교차로운행방법위반,건조,맑음,교차로 - 교차로안,화물,남,47세,부상신고,승용,여,42세,중상
2018032200100161,2018년 3월 22일 08시,목요일,경상남도 창원시 성산구 중앙동,경상사고,0,0,1,0,차대사람 - 기타,안전운전불이행,건조,맑음,단일로 - 기타,승용,남,40세,상해없음,보행자,남,11세,경상
2018032200100162,2018년 3월 22일 08시,목요일,경상남도 창원시 성산구 상남동,중상사고,0,1,1,0,차대차 - 측면충돌,안전운전불이행,건조,맑음,교차로 - 교차로안,승용,여,59세,상해없음,승용,여,33세,중상
2018032200100163,2018년 3월 22일 08시,목요일,경상남도 김해시 무계동,중상사고,0,1,1,0,차대차 - 추돌,안전거리미확보,건조,맑음,단일로 - 기타,화물,남,46세,상해없음,승용,여,40세,중상
2018032200100187,2018년 3월 22일 09시,목요일,경상남도 창원시 마산합포구 우산동,경상사고,0,0,1,0,차대사람 - 차도통행중,안전운전불이행,건조,맑음,교차로 - 교차로부근,승용,여,39세,상해없음,보행자,여,30세,경상
2018032200100188,2018년 3월 22일 09시,목요일,경상남도 김해시 화목동,중상사고,0,1,1,0,차대차 - 측면충돌,신호위반,건조,맑음,교차로 - 교차로안,승용,남,32세,경상,승용,여,56세,중상
2018032200100268,2018년 3월 22일 12시,목요일,경상남도 양산시 삼호동,중상사고,0,1,0,0,차대차 - 정면충돌,신호위반,건조,맑음,교차로 - 교차로안,승용,여,55세,상해없음,승용,여,29세,중상
2018032200100296,2018년 3월 22일 13시,목요일,경상남도 거창군 거창읍,경상사고,0,0,2,1,차대차 - 측면충돌,안전운전불이행,건조,맑음,단일로 - 기타,화물,남,75세,부상신고,화물,남,34세,경상
2018032200100297,2018년 3월 22일 13시,목요일,경상남도 거제시 동부면,중상사고,0,1,0,0,차대차 - 측면충돌,불법유턴,건조,맑음,단일로 - 기타,자전거,남,82세,중상,승용,남,46세,상해없음
2018032200100323,2018년 3월 22일 14시,목요일,경상남도 창원시 성산구 성산동,중상사고,0,2,0,0,차대차 - 측면충돌,안전운전불이행,건조,맑음,단일로 - 기타,화물,남,63세,상해없음,화물,남,36세,중상
2018032200100351,2018년 3월 22일 15시,목요일,경상남도 함양군 유림면,중상사고,0,1,1,0,차대사람 - 기타,안전운전불이행,건조,맑음,단일로 - 기타,화물,남,40세,경상,보행자,남,24세,중상
2018032200100376,2018년 3월 22일 16시,목요일,경상남도 창원시 진해구 남양동,경상사고,0,0,1,0,차대차 - 측면충돌,안전운전불이행,건조,맑음,단일로 - 기타,화물,남,37세,상해없음,승용,남,56세,경상
2018032200100377,2018년 3월 22일 16시,목요일,경상남도 합천군 율곡면,경상사고,0,0,1,0,차대차 - 기타,안전운전불이행,건조,맑음,단일로 - 기타,화물,남,60세,상해없음,승용,여,43세,경상
2018032200100411,2018년 3월 22일 17시,목요일,경상남도 거제시 일운면,경상사고,0,0,1,0,차대차 - 측면충돌,차로위반,건조,맑음,교차로 - 교차로부근,승용,여,20세,상해없음,승용,남,59세,경상
2018032200100412,2018년 3월 22일 17시,목요일,경상남도 김해시 진영읍,중상사고,0,1,1,0,차량단독 - 공작물충돌,안전운전불이행,건조,맑음,단일로 - 기타,승합,남,68세,상해없음,,,,
2018032200100462,2018년 3월 22일 18시,목요일,경상남도 김해시 삼정동,경상사고,0,0,1,0,차대사람 - 횡단중,보행자보호의무위반,젖음/습기,비,교차로 - 교차로횡단보도내,승용,여,26세,상해없음,보행자,남,9세,경상