사고번호,사고일시,요일,시군구,사고내용,사망자수,중상자수,경상자수,부상신고자수,사고유형,법규위반,노면상태,기상상태,도로형태,가해운전자 차종,가해운전자 성별,가해운전자 연령,가해운전자 상해정도,피해운전자 차종,피해운전자 성별,피해운전자 연령,피해운전자 상해정도
2018032200100500,2018년 3월 22일 19시,목요일,경상남도 진주시 가좌동,중상사고,0,1,0,0,차대차 - 측면충돌,안전거리미확보,건조,맑음,단일로 - 고가도로위,승용,남,30세,상해없음,이륜,남,40세,중상
2018032200100501,2018년 3월 22일 19시,목요일,경상남도 진주시 봉곡동,경상사고,0,0,1,0,차대사람 - 기타,안전운전불이행,건조,맑음,교차로 - 교차로안,승용,남,28세,상해없음,보행자,여,48세,경상
2018032200100502,2018년 3월 22일 19시,목요일,경상남도 김해시 외동,경상사고,0,0,2,0,차대사람 - 횡단중,보행자보호의무위반,건조,맑음,교차로 - 교차로횡단보도내,승용,남,61세,상해없음,보행자,남,30세,경상
2018032200100575,2018년 3월 22일 22시,목요일,경상남도 김해시 외동,경상사고,0,0,1,0,차대차 - 기타,안전거리미확보,건조,맑음,단일로 - 기타,이륜,남,22세,경상,승합,남,56세,상해없음
2018032200100601,2018년 3월 22일 23시,목요일,경상남도 양산시 물금읍,경상사고,0,0,1,0,차량단독 - 기타,안전운전불이행,건조,맑음,단일로 - 기타,승용,남,35세,경상,,,,
2018032300100011,2018년 3월 23일 00시,금요일,경상남도 진주시 인사동,중상사고,0,1,1,0,차대차 - 측면충돌,신호위반,건조,맑음,교차로 - 교차로안,승용,남,61세,상해없음,승용,남,32세,중상
2018032300100012,2018년 3월 23일 00시,금요일,경상남도 창원시 마산회원구 구암동,경상사고,0,0,1,0,차대차 - 측면충돌,안전운전불이행,건조,맑음,교차로 - 교차로안,승용,남,19세,상해없음,승용,남,63세,경상
2018032300100021,2018년 3월 23일 01시,금요일,경상남도 창원시 마산합포구 월포동,중상사고,0,1,0,0,차대사람 - 보도통행중,안전운전불이행,건조,맑음,단일로 - 기타,승용,남,20세,상해없음,보행자,남,22세,중상
2018032300100027,2018년 3월 23일 02시,금요일,경상남도 합천군 쌍백면,부상신고사고,0,0,0,1,차량단독 - 공작물충돌,안전운전불이행,건조,맑음,단일로 - 기타,승용,남,32세,부상신고,,,,
2018032300100062,2018년 3월 23일 06시,금요일,경상남도 창원시 진해구 남양동,중상사고,0,1,0,0,차대차 - 정면충돌,교차로운행방법위반,건조,맑음,교차로 - 교차로부근,건설기계,남,56세,상해없음,농기계,남,66세,중상
2018032300100084,2018년 3월 23일 07시,금요일,경상남도 창원시 진해구 경화동,경상사고,0,0,2,0,차대차 - 측면충돌,안전운전불이행,건조,맑음,단일로 - 기타,승합,남,42세,상해없음,승용,남,50세,경상
2018032300100085,2018년 3월 23일 07시,금요일,경상남도 김해시 외동,경상사고,0,0,1,0,차대차 - 추돌,안전거리미확보,건조,맑음,단일로 - 기타,승용,남,27세,상해없음,승용,남,49세,상해없음
2018032300100086,2018년 3월 23일 07시,금요일,경상남도 거제시 상동동,중상사고,0,1,0,0,차대차 - 기타,직진우회전진행방해,건조,맑음,교차로 - 교차로안,화물,남,50세,상해없음,이륜,남,31세,중상
2018032300100125,2018년 3월 23일 08시,금요일,경상남도 창원시 의창구 팔용동,경상사고,0,0,2,0,차대차 - 추돌,안전운전불이행,건조,맑음,단일로 - 기타,승용,남,49세,상해없음,승용,남,56세,경상
2018032300100157,2018년 3월 23일 09시,금요일,경상남도 거제시 고현동,경상사고,0,0,1,0,차대차 - 추돌,안전운전불이행,건조,맑음,단일로 - 기타,승용,여,33세,상해없음,승용,남,52세,상해없음
2018032300100181,2018년 3월 23일 10시,금요일,경상남도 창녕군 창녕읍,경상사고,0,0,3,0,차대차 - 측면충돌,안전운전불이행,건조,맑음,교차로 - 교차로안,승용,남,60세,상해없음,승용,여,51세,경상
2018032300100210,2018년 3월 23일 11시,금요일,경상남도 창원시 마산합포구 우산동,중상사고,0,1,2,0,차대차 - 추돌,안전운전불이행,건조,맑음,단일로 - 기타,승용,남,69세,경상,화물,남,43세,경상
2018032300100239,2018년 3월 23일 12시,금요일,경상남도 거창군 거창읍,경상사고,0,0,1,0,차대차 - 측면충돌,신호위반,건조,맑음,교차로 - 교차로안,승용,남,62세,상해없음,이륜,남,72세,경상
2018032300100258,2018년 3월 23일 13시,금요일,경상남도 양산시 남부동,경상사고,0,0,1,0,차대차 - 기타,교차로운행방법위반,건조,맑음,교차로 - 교차로안,승용,여,62세,상해없음,승용,여,34세,경상
2018032300100290,2018년 3월 23일 14시,금요일,경상남도 진주시 주약동,사망사고,1,0,0,0,차대사람 - 횡단중,보행자보호의무위반,건조,맑음,단일로 - 기타,승합,남,63세,상해없음,보행자,남,81세,사망
2018032300100323,2018년 3월 23일 15시,금요일,경상남도 거창군 거창읍,중상사고,0,1,0,0,차대차 - 측면충돌,안전운전불이행,건조,맑음,교차로 - 교차로안,이륜,남,52세,중상,승용,남,57세,상해없음
2018032300100324,2018년 3월 23일 15시,금요일,경상남도 거창군 남하면,중상사고,0,1,0,0,차대차 - 측면충돌,안전운전불이행,건조,맑음,단일로 - 기타,승용,남,89세,상해없음,승용,여,31세,중상
2018032300100362,2018년 3월 23일 16시,금요일,경상남도 합천군 적중면,중상사고,0,1,0,0,차대차 - 측면충돌,안전운전불이행,건조,맑음,교차로 - 교차로안,화물,남,65세,상해없음,자전거,남,80세,중상
2018032300100363,2018년 3월 23일 16시,금요일,경상남도 창녕군 남지읍,중상사고,0,1,0,0,차대차 - 측면충돌,안전운전불이행,건조,맑음,교차로 - 교차로안,자전거,남,76세,중상,승용,여,58세,상해없음
2018032300100364,2018년 3월 23일 16시,금요일,경상남도 양산시 물금읍,중상사고,0,1,0,0,차대차 - 측면충돌,안전운전불이행,건조,맑음,교차로 - 교차로안,자전거,남,10세,상해없음,이륜,남,32세,중상
2018032300100365,2018년 3월 23일 16시,금요일,경상남도 남해군 창선면,경상사고,0,0,3,0,차대차 - 추돌,안전운전불이행,건조,맑음,단일로 - 기타,화물,남,55세,경상,승용,남,65세,경상
2018032300100366,2018년 3월 23일 16시,금요일,경상남도 창원시 성산구 중앙동,경상사고,0,0,2,0,차대사람 - 길가장자리구역통행중,안전운전불이행,건조,맑음,단일로 - 기타,승용,여,61세,상해없음,보행자,여,42세,경상
2018032300100367,2018년 3월 23일 16시,금요일,경상남도 창원시 의창구 사림동,경상사고,0,0,1,0,차대차 - 측면충돌,안전운전불이행,건조,맑음,교차로 - 교차로안,승용,남,66세,상해없음,이륜,남,22세,경상
2018032300100414,2018년 3월 23일 17시,금요일,경상남도 창원시 마산합포구 우산동,경상사고,0,0,2,0,차대차 - 추돌,안전거리미확보,건조,맑음,단일로 - 기타,승용,남,42세,상해없음,승용,여,33세,경상
2018032300100415,2018년 3월 23일 17시,금요일,경상남도 양산시 원동면,경상사고,0,0,2,0,차대차 - 측면충돌,직진우회전진행방해,건조,맑음,교차로 - 교차로안,승용,여,25세,상해없음,승용,남,25세,경상
2018032300100416,2018년 3월 23일 17시,금요일,경상남도 함안군 칠서면,경상사고,0,0,1,0,차대차 - 측면충돌,교차로운행방법위반,건조,맑음,교차로 - 교차로안,승용,여,57세,상해없음,화물,남,60세,경상
2018032300100450,2018년 3월 23일 18시,금요일,경상남도 김해시 삼문동,경상사고,0,0,2,0,차대차 - 후진중충돌,안전운전불이행,건조,맑음,교차로 - 교차로부근,승용,여,46세,상해없음,승용,남,28세,경상
2018032300100473,2018년 3월 23일 19시,금요일,경상남도 양산시 산막동,경상사고,0,0,2,0,차대차 - 측면충돌,안전거리미확보,건조,맑음,단일로 - 기타,승용,남,36세,상해없음,승용,남,37세,경상
2018032300100493,2018년 3월 23일 19시,금요일,경상남도 사천시 사남면,부상신고사고,0,0,0,3,차대차 - 측면충돌,신호위반,건조,맑음,교차로 - 교차로안,승용,남,28세,상해없음,승용,남,25세,부상신고
2018032300100494,2018년 3월 23일 19시,금요일,경상남도 거창군 거창읍,경상사고,0,0,1,0,차대차 - 측면충돌,안전운전불이행,건조,맑음,교차로 - 교차로안,자전거,남,14세,경상,승용,여,36세,상해없음
2018032300100495,2018년 3월 23일 19시,금요일,경상남도 합천군 율곡면,중상사고,0,1,0,0,차대사람 - 횡단중,안전운전불이행,건조,맑음,교차로 - 교차로횡단보도내,승용,남,36세,상해없음,보행자,남,81세,중상
2018032300100496,2018년 3월 23일 19시,금요일,경상남도 양산시 상북면,중상사고,0,1,0,0,차대차 - 측면충돌,신호위반,건조,맑음,교차로 - 교차로안,승용,남,57세,상해없음,승용,여,26세,중상
2018032300100497,2018년 3월 23일 19시,금요일,경상남도 양산시 명동,중상사고,0,1,0,0,차대차 - 측면충돌,신호위반,건조,맑음,교차로 - 교차로안,승용,여,24세,상해없음,승용,여,33세,중상
2018032300100527,2018년 3월 23일 20시,금요일,경상남도 사천시 사천읍,경상사고,0,0,1,0,차대차 - 추돌,안전운전불이행,젖음/습기,흐림,교차로 - 교차로부근,승용,남,66세,상해없음,승용,남,39세,경상
2018032300100528,2018년 3월 23일 20시,금요일,경상남도 양산시 북정동,경상사고,0,0,1,0,차대차 - 측면충돌,직진우회전진행방해,건조,맑음,교차로 - 교차로안,승용,남,29세,상해없음,이륜,남,25세,경상
2018032300100529,2018년 3월 23일 20시,금요일,경상남도 고성군 고성읍,중상사고,0,3,1,0,차대차 - 기타,직진우회전진행방해,건조,맑음,교차로 - 교차로안,승용,남,48세,중상,승합,남,52세,상해없음
2018032300100557,2018년 3월 23일 21시,금요일,경상남도 양산시 중부동,중상사고,0,1,0,0,차대차 - 측면충돌,중앙선침범,건조,맑음,단일로 - 기타,승용,남,51세,상해없음,이륜,남,21세,중상
2018032300100578,2018년 3월 23일 22시,금요일,경상남도 양산시 물금읍,중상사고,0,1,1,0,차대차 - 추돌,안전운전불이행,건조,맑음,단일로 - 기타,승용,여,28세,상해없음,승용,남,29세,경상
2018032300100589,2018년 3월 23일 22시,금요일,경상남도 창원시 진해구 여좌동,중상사고,0,1,0,0,차대차 - 기타,안전운전불이행,건조,맑음,교차로 - 교차로부근,승합,남,59세,상해없음,자전거,남,18세,중상
2018032300100590,2018년 3월 23일 22시,금요일,경상남도 거제시 연초면,경상사고,0,0,1,0,차량단독 - 공작물충돌,안전운전불이행,건조,맑음,교차로 - 교차로부근,승용,남,57세,경상,,,,
2018032300100609,2018년 3월 23일 23시,금요일,경상남도 김해시 안동,경상사고,0,0,2,0,차대차 - 측면충돌,신호위반,건조,맑음,교차로 - 교차로안,승용,여,52세,상해없음,승용,남,57세,경상
2018032400100012,2018년 3월 24일 00시,토요일,경상남도 김해시 어방동,경상사고,0,0,1,0,차대차 - 추돌,안전운전불이행,건조,맑음,단일로 - 기타,승용,남,28세,상해없음,화물,남,61세,경상
2018032400100027,2018년 3월 24일 01시,토요일,경상남도 통영시 도산면,경상사고,0,0,1,0,차량단독 - 공작물충돌,안전운전불이행,건조,맑음,단일로 - 기타,승용,여,44세,경상,,,,
2018032400100044,2018년 3월 24일 02시,토요일,경상남도 양산시 북부동,중상사고,0,1,0,0,차대사람 - 보도통행중,기타,건조,맑음,단일로 - 기타,승용,남,18세,상해없음,보행자,남,57세,중상
2018032400100090,2018년 3월 24일 06시,토요일,경상남도 창원시 의창구 신월동,경상사고,0,0,1,0,차대차 - 추돌,안전운전불이행,건조,맑음,교차로 - 교차로안,승용,여,40세,상해없음,승용,남,39세,경상
2018032400100091,2018년 3월 24일 06시,토요일,경상남도 창원시 의창구 봉곡동,중상사고,0,1,1,0,차대차 - 기타,안전운전불이행,건조,맑음,교차로 - 교차로부근,승용,남,54세,상해없음,승용,남,44세,경상
2018032400100107,2018년 3월 24일 08시,토요일,경상남도 김해시 부원동,경상사고,0,0,2,0,차대차 - 측면충돌,안전운전불이행,건조,맑음,단일로 - 기타,승용,남,27세,상해없음,화물,남,40세,경상
2018032400100114,2018년 3월 24일 08시,토요일,경상남도 창원시 진해구 용원동,중상사고,0,1,0,0,차대차 - 측면충돌,신호위반,건조,맑음,교차로 - 교차로부근,건설기계,남,56세,상해없음,승용,남,48세,중상
2018032400100115,2018년 3월 24일 08시,토요일,경상남도 김해시 진례면,중상사고,0,1,1,0,차대차 - 측면충돌,중앙선침범,건조,맑음,교차로 - 교차로부근,승용,여,24세,중상,승용,남,46세,경상
2018032400100186,2018년 3월 24일 11시,토요일,경상남도 창원시 진해구 경화동,경상사고,0,0,1,0,차대차 - 측면충돌,안전운전불이행,건조,맑음,교차로 - 교차로안,승용,여,37세,상해없음,승용,남,38세,경상
2018032400100187,2018년 3월 24일 11시,토요일,경상남도 통영시 서호동,중상사고,0,1,0,0,차대사람 - 기타,안전운전불이행,건조,맑음,주차장 - 주차장,승용,남,50세,상해없음,보행자,여,51세,중상
2018032400100188,2018년 3월 24일 11시,토요일,경상남도 양산시 원동면,경상사고,0,0,1,0,차대차 - 측면충돌,안전운전불이행,건조,맑음,교차로 - 교차로안,승용,남,26세,상해없음,이륜,남,72세,경상
2018032400100225,2018년 3월 24일 12시,토요일,경상남도 창원시 진해구 용원동,중상사고,0,1,2,0,차대차 - 측면충돌,교차로운행방법위반,건조,맑음,교차로 - 교차로안,승용,남,37세,상해없음,승용,남,44세,중상
2018032400100226,2018년 3월 24일 12시,토요일,경상남도 합천군 합천읍,부상신고사고,0,0,0,1,차대차 - 측면충돌,교차로운행방법위반,건조,맑음,교차로 - 교차로안,특수,남,52세,상해없음,원동기,남,84세,부상신고
2018032400100227,2018년 3월 24일 12시,토요일,경상남도 양산시 삼호동,부상신고사고,0,0,0,1,차대사람 - 차도통행중,안전운전불이행,건조,맑음,단일로 - 기타,화물,남,65세,상해없음,보행자,여,49세,부상신고
2018032400100228,2018년 3월 24일 12시,토요일,경상남도 함안군 가야읍,중상사고,0,1,0,0,차대차 - 정면충돌,안전운전불이행,건조,맑음,단일로 - 기타,승용,남,67세,상해없음,승용,남,30세,중상
2018032400100248,2018년 3월 24일 13시,토요일,경상남도 양산시 원동면,중상사고,0,1,1,0,차대차 - 측면충돌,안전운전불이행,건조,맑음,단일로 - 교량,자전거,여,48세,상해없음,자전거,남,42세,경상
2018032400100249,2018년 3월 24일 13시,토요일,경상남도 거제시 고현동,경상사고,0,0,1,0,차대차 - 측면충돌,교차로운행방법위반,건조,맑음,교차로 - 교차로안,화물,남,67세,상해없음,승용,남,34세,경상
2018032400100287,2018년 3월 24일 14시,토요일,경상남도 김해시 부원동,부상신고사고,0,0,0,2,차대차 - 기타,안전운전불이행,건조,맑음,단일로 - 기타,승용,여,47세,상해없음,승용,여,48세,부상신고
2018032400100288,2018년 3월 24일 14시,토요일,경상남도 김해시 내동,경상사고,0,0,1,0,차대사람 - 기타,기타,건조,맑음,단일로 - 기타,승용,남,37세,상해없음,보행자,여,13세,경상
2018032400100316,2018년 3월 24일 15시,토요일,경상남도 통영시 광도면,경상사고,0,0,1,0,차대차 - 측면충돌,안전운전불이행,건조,맑음,교차로 - 교차로부근,승용,남,28세,상해없음,자전거,남,9세,경상
2018032400100317,2018년 3월 24일 15시,토요일,경상남도 거제시 덕포동,중상사고,0,1,0,0,차대사람 - 기타,안전운전불이행,건조,맑음,단일로 - 기타,승용,남,20세,상해없음,보행자,여,54세,중상
2018032400100318,2018년 3월 24일 15시,토요일,경상남도 창원시 성산구 사파동,부상신고사고,0,0,0,1,차대사람 - 보도통행중,안전운전불이행,건조,맑음,교차로 - 교차로안,승용,남,46세,상해없음,보행자,남,7세,부상신고
2018032400100345,2018년 3월 24일 16시,토요일,경상남도 창원시 마산합포구 상남동,중상사고,0,1,0,0,차대차 - 측면충돌,신호위반,건조,맑음,교차로 - 교차로안,승용,남,32세,상해없음,승용,여,39세,중상
2018032400100346,2018년 3월 24일 16시,토요일,경상남도 사천시 곤명면,중상사고,0,1,0,0,차대차 - 측면충돌,안전운전불이행,건조,맑음,단일로 - 기타,승용,여,50세,상해없음,승용,여,30세,중상
2018032400100347,2018년 3월 24일 16시,토요일,경상남도 하동군 하동읍,경상사고,0,0,1,0,차대차 - 추돌,안전운전불이행,건조,맑음,단일로 - 기타,승용,남,34세,상해없음,승용,남,61세,상해없음
2018032400100348,2018년 3월 24일 16시,토요일,경상남도 창원시 성산구 반림동,경상사고,0,0,1,0,차대차 - 측면충돌,안전운전불이행,건조,맑음,단일로 - 기타,승용,여,31세,상해없음,자전거,여,24세,경상
2018032400100380,2018년 3월 24일 17시,토요일,경상남도 산청군 산청읍,경상사고,0,0,1,0,차대차 - 추돌,안전운전불이행,건조,맑음,단일로 - 기타,승용,여,46세,상해없음,승용,여,55세,경상
2018032400100415,2018년 3월 24일 18시,토요일,경상남도 김해시 부원동,경상사고,0,0,1,0,차대차 - 기타,기타,건조,맑음,단일로 - 기타,승용,남,49세,상해없음,원동기,여,52세,경상
2018032400100416,2018년 3월 24일 18시,토요일,경상남도 양산시 동면,경상사고,0,0,4,0,차대차 - 기타,안전운전불이행,건조,맑음,단일로 - 기타,승용,여,52세,상해없음,승용,여,41세,경상
2018032400100417,2018년 3월 24일 18시,토요일,경상남도 창원시 마산회원구 석전동,중상사고,0,1,0,0,차대차 - 기타,안전운전불이행,건조,맑음,교차로 - 교차로횡단보도내,승용,여,52세,상해없음,자전거,여,29세,중상
2018032400100448,2018년 3월 24일 19시,토요일,경상남도 창원시 진해구 용원동,경상사고,0,0,2,0,차대차 - 측면충돌,신호위반,건조,맑음,교차로 - 교차로안,승용,여,21세,상해없음,승용,남,29세,경상
2018032400100449,2018년 3월 24일 19시,토요일,경상남도 창원시 마산회원구 내서읍,중상사고,0,1,0,0,차대사람 - 길가장자리구역통행중,안전운전불이행,건조,맑음,단일로 - 기타,승용,남,51세,상해없음,보행자,여,80세,중상
2018032400100450,2018년 3월 24일 19시,토요일,경상남도 창원시 마산회원구 합성동,경상사고,0,0,1,0,차대사람 - 횡단중,안전운전불이행,건조,맑음,교차로 - 교차로안,승용,남,26세,상해없음,보행자,여,66세,경상
2018032400100486,2018년 3월 24일 20시,토요일,경상남도 진주시 상평동,중상사고,0,2,0,0,차대차 - 측면충돌,직진우회전진행방해,건조,맑음,교차로 - 교차로안,승용,남,27세,상해없음,이륜,남,27세,중상
2018032400100487,2018년 3월 24일 20시,토요일,경상남도 통영시 도천동,경상사고,0,0,1,0,차대차 - 측면충돌,안전운전불이행,건조,맑음,단일로 - 기타,승용,남,40세,상해없음,자전거,남,15세,경상
2018032400100488,2018년 3월 24일 20시,토요일,경상남도 밀양시 내이동,중상사고,0,1,0,0,차대사람 - 횡단중,안전운전불이행,건조,맑음,단일로 - 기타,이륜,남,37세,상해없음,보행자,남,63세,중상
2018032400100489,2018년 3월 24일 20시,토요일,경상남도 창원시 성산구 반지동,중상사고,0,4,7,3,차대차 - 측면충돌,신호위반,건조,맑음,교차로 - 교차로안,승용,남,29세,상해없음,승합,남,60세,상해없음
2018032400100513,2018년 3월 24일 21시,토요일,경상남도 통영시 미수동,경상사고,0,0,3,0,차대차 - 추돌,안전거리미확보,건조,맑음,교차로 - 교차로부근,승용,남,62세,상해없음,승용,남,35세,경상
2018032400100515,2018년 3월 24일 21시,토요일,경상남도 창원시 마산회원구 양덕동,중상사고,0,1,0,0,차대차 - 추돌,안전운전불이행,건조,맑음,단일로 - 기타,승용,남,70세,상해없음,이륜,남,27세,중상
2018032400100534,2018년 3월 24일 22시,토요일,경상남도 창원시 의창구 소답동,중상사고,0,1,0,0,차대사람 - 길가장자리구역통행중,보행자보호의무위반,건조,맑음,단일로 - 기타,승용,남,70세,상해없음,보행자,여,55세,중상
2018032400100545,2018년 3월 24일 23시,토요일,경상남도 창원시 진해구 이동,경상사고,0,0,2,0,차대차 - 추돌,안전운전불이행,건조,맑음,단일로 - 기타,승용,여,34세,상해없음,승용,남,28세,경상
2018032400100546,2018년 3월 24일 23시,토요일,경상남도 창원시 마산회원구 봉암동,사망사고,1,0,0,0,차대사람 - 횡단중,과속,건조,맑음,단일로 - 기타,승용,남,64세,상해없음,보행자,남,69세,사망
2018032500100014,2018년 3월 25일 01시,일요일,경상남도 양산시 하북면,경상사고,0,0,3,0,차대차 - 측면충돌,안전거리미확보,건조,맑음,단일로 - 기타,승용,남,55세,상해없음,승용,남,56세,경상
2018032500100045,2018년 3월 25일 04시,일요일,경상남도 창원시 성산구 대방동,경상사고,0,0,1,0,차대차 - 추돌,안전운전불이행,건조,맑음,교차로 - 교차로안,승용,여,38세,상해없음,승용,남,33세,경상
2018032500100078,2018년 3월 25일 08시,일요일,경상남도 고성군 회화면,경상사고,0,0,2,0,차대차 - 측면충돌,안전운전불이행,건조,맑음,기타 - 기타,승합,남,60세,상해없음,승용,남,58세,경상
2018032500100090,2018년 3월 25일 09시,일요일,경상남도 산청군 삼장면,경상사고,0,0,4,0,차대차 - 측면충돌,신호위반,건조,맑음,교차로 - 교차로안,승용,남,56세,경상,승용,남,46세,경상
2018032500100109,2018년 3월 25일 10시,일요일,경상남도 김해시 삼정동,중상사고,0,1,0,0,차대사람 - 횡단중,기타,건조,맑음,단일로 - 기타,승용,남,40세,상해없음,보행자,여,9세,중상
2018032500100110,2018년 3월 25일 10시,일요일,경상남도 창녕군 영산면,중상사고,0,1,0,0,차대사람 - 길가장자리구역통행중,안전운전불이행,건조,맑음,단일로 - 기타,승용,여,52세,상해없음,보행자,남,78세,중상
2018032500100118,2018년 3월 25일 11시,일요일,경상남도 김해시 대동면,중상사고,0,4,1,0,차대차 - 측면충돌,안전거리미확보,건조,맑음,단일로 - 기타,승용,남,53세,상해없음,승용,남,70세,중상
2018032500100123,2018년 3월 25일 11시,일요일,경상남도 창원시 마산회원구 합성동,중상사고,0,1,0,0,차대차 - 추돌,안전운전불이행,건조,맑음,단일로 - 기타,승용,남,56세,상해없음,승용,남,56세,중상
2018032500100154,2018년 3월 25일 12시,일요일,경상남도 양산시 물금읍,중상사고,0,1,0,0,차대차 - 측면충돌,안전운전불이행,건조,맑음,단일로 - 기타,승용,남,30세,상해없음,이륜,남,37세,중상
2018032500100155,2018년 3월 25일 12시,일요일,경상남도 창원시 의창구 팔용동,경상사고,0,0,2,0,차대차 - 측면충돌,신호위반,건조,맑음,교차로 - 교차로안,이륜,남,51세,경상,승용,여,52세,경상
2018032500100176,2018년 3월 25일 13시,일요일,경상남도 통영시 광도면,경상사고,0,0,1,0,차대차 - 측면충돌,안전운전불이행,건조,맑음,단일로 - 기타,화물,남,47세,상해없음,승용,여,57세,상해없음
2018032500100200,2018년 3월 25일 14시,일요일,경상남도 진주시 평거동,중상사고,0,1,0,0,차대사람 - 횡단중,안전운전불이행,건조,맑음,단일로 - 기타,승용,남,69세,상해없음,보행자,남,11세,중상
2018032500100232,2018년 3월 25일 15시,일요일,경상남도 함양군 안의면,중상사고,0,1,0,1,차량단독 - 공작물충돌,안전운전불이행,건조,맑음,교차로 - 교차로안,이륜,남,55세,부상신고,,,,
2018032500100233,2018년 3월 25일 15시,일요일,경상남도 거제시 문동동,경상사고,0,0,1,0,차대차 - 기타,안전운전불이행,건조,맑음,교차로 - 교차로안,승용,여,51세,상해없음,이륜,남,45세,경상
2018032500100234,2018년 3월 25일 15시,일요일,경상남도 남해군 미조면,중상사고,0,1,0,0,차대차 - 측면충돌,안전운전불이행,건조,맑음,단일로 - 기타,원동기,남,44세,중상,원동기,남,35세,상해없음
2018032500100291,2018년 3월 25일 17시,일요일,경상남도 남해군 고현면,부상신고사고,0,0,0,1,차대차 - 측면충돌,안전운전불이행,건조,맑음,교차로 - 교차로안,승용,여,27세,부상신고,승합,여,49세,상해없음
2018032500100342,2018년 3월 25일 19시,일요일,경상남도 김해시 부원동,중상사고,0,1,0,0,차대차 - 측면충돌,안전운전불이행,건조,맑음,교차로 - 교차로안,승용,여,61세,상해없음,자전거,남,73세,중상
2018032500100397,2018년 3월 25일 21시,일요일,경상남도 밀양시 하남읍,중상사고,0,2,0,0,차대차 - 측면충돌,중앙선침범,건조,맑음,단일로 - 기타,승용,남,63세,상해없음,승용,여,61세,중상
2018032500100417,2018년 3월 25일 22시,일요일,경상남도 창원시 마산합포구 중성동,경상사고,0,0,1,0,차대차 - 추돌,안전거리미확보,건조,맑음,단일로 - 기타,승용,남,58세,경상,승용,남,33세,기타불명
2018032600100066,2018년 3월 26일 07시,월요일,경상남도 창원시 성산구 남양동,경상사고,0,0,1,0,차대차 - 추돌,안전운전불이행,건조,맑음,교차로 - 교차로부근,승합,남,58세,상해없음,승용,남,38세,경상
2018032600100067,2018년 3월 26일 07시,월요일,경상남도 창원시 마산회원구 합성동,경상사고,0,0,1,0,차대사람 - 기타,안전운전불이행,건조,맑음,단일로 - 기타,승합,남,41세,상해없음,보행자,남,30세,경상
2018032600100068,2018년 3월 26일 07시,월요일,경상남도 김해시 진영읍,중상사고,0,2,1,0,차대차 - 측면충돌,중앙선침범,건조,맑음,단일로 - 기타,승용,남,53세,경상,승용,남,43세,중상
2018032600100099,2018년 3월 26일 08시,월요일,경상남도 창원시 마산합포구 진북면,중상사고,0,1,1,0,차대차 - 측면충돌,안전운전불이행,건조,맑음,교차로 - 교차로안,승용,여,55세,상해없음,승용,여,57세,경상
2018032600100100,2018년 3월 26일 08시,월요일,경상남도 통영시 광도면,경상사고,0,0,2,0,차대차 - 추돌,안전거리미확보,건조,맑음,단일로 - 기타,승용,여,44세,상해없음,승용,여,47세,경상
2018032600100101,2018년 3월 26일 08시,월요일,경상남도 거제시 양정동,경상사고,0,0,2,0,차대차 - 추돌,안전운전불이행,건조,맑음,단일로 - 기타,승용,남,27세,상해없음,화물,남,59세,경상
2018032600100130,2018년 3월 26일 09시,월요일,경상남도 사천시 사남면,중상사고,0,1,1,0,차대차 - 측면충돌,안전운전불이행,건조,맑음,교차로 - 교차로안,승합,남,62세,경상,화물,남,41세,중상
2018032600100131,2018년 3월 26일 09시,월요일,경상남도 거제시 고현동,중상사고,0,1,0,0,차대차 - 측면충돌,직진우회전진행방해,건조,맑음,교차로 - 교차로부근,승용,여,50세,상해없음,승용,여,46세,중상
2018032600100132,2018년 3월 26일 09시,월요일,경상남도 함안군 칠서면,경상사고,0,0,1,0,차대차 - 측면충돌,중앙선침범,건조,맑음,단일로 - 기타,화물,남,55세,상해없음,승용,남,36세,경상
2018032600100133,2018년 3월 26일 09시,월요일,경상남도 김해시 흥동,중상사고,0,1,0,0,차대차 - 추돌,안전운전불이행,건조,맑음,단일로 - 기타,화물,남,37세,중상,화물,남,64세,상해없음
2018032600100165,2018년 3월 26일 10시,월요일,경상남도 창원시 진해구 경화동,중상사고,0,1,1,0,차대차 - 추돌,안전거리미확보,건조,맑음,단일로 - 기타,승용,남,80세,중상,화물,남,57세,경상
2018032600100166,2018년 3월 26일 10시,월요일,경상남도 거제시 아주동,경상사고,0,0,1,0,차대차 - 측면충돌,안전거리미확보,건조,맑음,교차로 - 교차로안,이륜,남,44세,경상,승용,남,63세,상해없음
2018032600100167,2018년 3월 26일 10시,월요일,경상남도 창원시 성산구 내동,중상사고,0,1,0,0,차대사람 - 차도통행중,안전운전불이행,건조,맑음,교차로 - 교차로안,화물,남,44세,상해없음,보행자,여,72세,중상
2018032600100197,2018년 3월 26일 11시,월요일,경상남도 밀양시 산외면,중상사고,0,1,0,0,차대차 - 측면충돌,중앙선침범,건조,맑음,교차로 - 교차로부근,승용,여,66세,상해없음,이륜,남,70세,중상
2018032600100198,2018년 3월 26일 11시,월요일,경상남도 양산시 평산동,경상사고,0,0,1,0,차대사람 - 기타,안전운전불이행,건조,맑음,기타 - 기타,승합,남,40세,상해없음,보행자,여,74세,경상