사고번호,사고일시,요일,시군구,사고내용,사망자수,중상자수,경상자수,부상신고자수,사고유형,법규위반,노면상태,기상상태,도로형태,가해운전자 차종,가해운전자 성별,가해운전자 연령,가해운전자 상해정도,피해운전자 차종,피해운전자 성별,피해운전자 연령,피해운전자 상해정도
2018032600100225,2018년 3월 26일 12시,월요일,경상남도 사천시 송포동,중상사고,0,2,3,0,차대차 - 측면충돌,직진우회전진행방해,건조,맑음,교차로 - 교차로안,화물,남,61세,경상,화물,남,61세,중상
2018032600100226,2018년 3월 26일 12시,월요일,경상남도 고성군 고성읍,경상사고,0,0,1,0,차대차 - 측면충돌,불법유턴,건조,맑음,단일로 - 기타,승용,남,63세,상해없음,화물,남,62세,경상
2018032600100254,2018년 3월 26일 13시,월요일,경상남도 김해시 어방동,경상사고,0,0,1,0,차대사람 - 횡단중,신호위반,건조,맑음,교차로 - 교차로안,승합,남,64세,기타불명,보행자,여,53세,경상
2018032600100255,2018년 3월 26일 13시,월요일,경상남도 거창군 남하면,중상사고,0,1,0,0,차량단독 - 공작물충돌,안전운전불이행,건조,맑음,단일로 - 기타,화물,남,68세,상해없음,,,,
2018032600100280,2018년 3월 26일 14시,월요일,경상남도 거제시 장평동,경상사고,0,0,1,0,차대차 - 추돌,안전운전불이행,젖음/습기,맑음,단일로 - 기타,화물,남,42세,상해없음,승용,여,41세,경상
2018032600100402,2018년 3월 26일 17시,월요일,경상남도 김해시 봉황동,부상신고사고,0,0,0,1,차대차 - 측면충돌,차로위반,건조,맑음,단일로 - 기타,승용,남,27세,상해없음,승용,여,49세,부상신고
2018032600100403,2018년 3월 26일 17시,월요일,경상남도 거창군 거창읍,경상사고,0,0,1,0,차대차 - 측면충돌,안전운전불이행,건조,맑음,교차로 - 교차로부근,화물,남,57세,상해없음,승용,여,54세,경상
2018032600100404,2018년 3월 26일 17시,월요일,경상남도 하동군 진교면,중상사고,0,1,1,0,차대차 - 정면충돌,중앙선침범,건조,맑음,단일로 - 기타,화물,남,43세,중상,승용,남,53세,경상
2018032600100405,2018년 3월 26일 17시,월요일,경상남도 김해시 명법동,경상사고,0,0,1,0,차대차 - 추돌,안전거리미확보,건조,맑음,교차로 - 교차로부근,승용,남,57세,상해없음,승용,남,57세,경상
2018032600100442,2018년 3월 26일 18시,월요일,경상남도 김해시 동상동,경상사고,0,0,1,0,차대차 - 기타,불법유턴,건조,맑음,교차로 - 교차로부근,승용,여,59세,상해없음,승용,여,49세,경상
2018032600100482,2018년 3월 26일 19시,월요일,경상남도 진주시 초전동,중상사고,0,1,0,0,차대사람 - 횡단중,안전운전불이행,건조,맑음,단일로 - 기타,승용,남,69세,상해없음,보행자,여,81세,중상
2018032600100538,2018년 3월 26일 21시,월요일,경상남도 창원시 마산합포구 월남동4가,경상사고,0,0,1,0,차대사람 - 횡단중,안전운전불이행,건조,맑음,교차로 - 교차로횡단보도내,승용,남,30세,상해없음,보행자,남,12세,경상
2018032600100539,2018년 3월 26일 21시,월요일,경상남도 거창군 거창읍,경상사고,0,0,1,0,차대차 - 추돌,안전운전불이행,건조,맑음,단일로 - 기타,승용,남,49세,경상,화물,남,43세,상해없음
2018032600100563,2018년 3월 26일 22시,월요일,경상남도 김해시 외동,중상사고,0,1,1,0,차대차 - 측면충돌,안전운전불이행,건조,맑음,교차로 - 교차로안,승용,남,24세,상해없음,승용,남,52세,중상
2018032600100588,2018년 3월 26일 23시,월요일,경상남도 양산시 물금읍,중상사고,0,2,0,0,차대차 - 추돌,안전운전불이행,건조,맑음,단일로 - 기타,승용,남,26세,상해없음,승용,여,32세,중상
2018032700100014,2018년 3월 27일 01시,화요일,경상남도 창원시 마산회원구 내서읍,사망사고,1,0,0,0,차량단독 - 공작물충돌,안전운전불이행,건조,맑음,교차로 - 교차로안,이륜,남,39세,사망,,,,
2018032700100066,2018년 3월 27일 07시,화요일,경상남도 진주시 문산읍,중상사고,0,1,0,0,차대차 - 측면충돌,안전운전불이행,건조,맑음,단일로 - 기타,화물,남,34세,상해없음,승용,남,66세,중상
2018032700100104,2018년 3월 27일 08시,화요일,경상남도 사천시 사천읍,경상사고,0,0,1,0,차대차 - 측면충돌,직진우회전진행방해,건조,맑음,교차로 - 교차로안,승용,남,23세,상해없음,승용,남,31세,경상
2018032700100105,2018년 3월 27일 08시,화요일,경상남도 사천시 사천읍,중상사고,0,1,0,0,차대차 - 측면충돌,안전운전불이행,건조,맑음,단일로 - 기타,승용,남,41세,상해없음,자전거,남,68세,중상
2018032700100141,2018년 3월 27일 09시,화요일,경상남도 김해시 부원동,중상사고,0,1,1,0,차대차 - 측면충돌,직진우회전진행방해,건조,맑음,교차로 - 교차로안,이륜,남,74세,경상,승용,여,60세,상해없음
2018032700100219,2018년 3월 27일 12시,화요일,경상남도 거창군 거창읍,중상사고,0,1,0,0,차대차 - 측면충돌,중앙선침범,건조,맑음,단일로 - 기타,승용,남,72세,상해없음,이륜,여,53세,중상
2018032700100245,2018년 3월 27일 13시,화요일,경상남도 진주시 칠암동,중상사고,0,1,0,0,차대차 - 측면충돌,신호위반,건조,맑음,교차로 - 교차로안,승용,남,63세,상해없음,승용,남,39세,중상
2018032700100246,2018년 3월 27일 13시,화요일,경상남도 양산시 물금읍,중상사고,0,1,2,0,차대차 - 측면충돌,안전운전불이행,건조,맑음,단일로 - 기타,승용,여,60세,상해없음,승합,남,48세,상해없음
2018032700100247,2018년 3월 27일 13시,화요일,경상남도 고성군 고성읍,경상사고,0,0,1,0,차대차 - 추돌,안전거리미확보,건조,맑음,단일로 - 기타,승용,남,66세,상해없음,화물,남,55세,경상
2018032700100248,2018년 3월 27일 13시,화요일,경상남도 함안군 가야읍,경상사고,0,0,1,0,차대차 - 추돌,안전운전불이행,건조,맑음,교차로 - 교차로안,승용,여,50세,상해없음,이륜,남,72세,경상
2018032700100270,2018년 3월 27일 14시,화요일,경상남도 양산시 물금읍,경상사고,0,0,1,0,차대차 - 측면충돌,안전운전불이행,건조,맑음,교차로 - 교차로안,승용,여,59세,상해없음,승용,여,23세,경상
2018032700100304,2018년 3월 27일 15시,화요일,경상남도 하동군 적량면,사망사고,1,0,0,0,차대차 - 정면충돌,중앙선침범,건조,맑음,단일로 - 기타,이륜,남,61세,사망,화물,남,56세,상해없음
2018032700100332,2018년 3월 27일 16시,화요일,경상남도 밀양시 삼문동,중상사고,0,1,0,0,차대차 - 측면충돌,안전운전불이행,건조,맑음,교차로 - 교차로안,이륜,남,69세,중상,승용,남,30세,상해없음
2018032700100333,2018년 3월 27일 16시,화요일,경상남도 거제시 옥포동,경상사고,0,0,1,0,차대차 - 추돌,안전운전불이행,건조,맑음,단일로 - 기타,승용,여,48세,상해없음,승용,남,49세,경상
2018032700100368,2018년 3월 27일 17시,화요일,경상남도 진주시 정촌면,중상사고,0,1,0,0,차대차 - 측면충돌,교차로운행방법위반,건조,맑음,교차로 - 교차로안,승용,여,20세,상해없음,승용,여,61세,중상
2018032700100369,2018년 3월 27일 17시,화요일,경상남도 사천시 동동,경상사고,0,0,3,0,차대차 - 측면충돌,직진우회전진행방해,건조,맑음,교차로 - 교차로안,승용,여,46세,경상,화물,남,68세,경상
2018032700100370,2018년 3월 27일 17시,화요일,경상남도 밀양시 초동면,경상사고,0,0,1,0,차대사람 - 길가장자리구역통행중,안전운전불이행,건조,맑음,단일로 - 기타,승용,남,81세,상해없음,보행자,남,14세,경상
2018032700100371,2018년 3월 27일 17시,화요일,경상남도 양산시 남부동,경상사고,0,0,1,0,차대사람 - 횡단중,보행자보호의무위반,건조,맑음,단일로 - 기타,승용,여,52세,상해없음,보행자,남,56세,경상
2018032700100400,2018년 3월 27일 18시,화요일,경상남도 창원시 의창구 사림동,중상사고,0,1,0,0,차대차 - 측면충돌,안전운전불이행,건조,맑음,교차로 - 교차로안,이륜,남,16세,상해없음,승용,남,47세,상해없음
2018032700100457,2018년 3월 27일 20시,화요일,경상남도 김해시 대성동,경상사고,0,0,1,0,차대차 - 정면충돌,중앙선침범,건조,맑음,단일로 - 기타,승용,남,55세,상해없음,이륜,남,25세,경상
2018032700100458,2018년 3월 27일 20시,화요일,경상남도 고성군 회화면,중상사고,0,1,0,0,차대차 - 기타,안전운전불이행,건조,맑음,교차로 - 교차로안,승용,여,59세,상해없음,승합,남,70세,상해없음
2018032700100459,2018년 3월 27일 20시,화요일,경상남도 거제시 고현동,중상사고,0,1,0,0,차대사람 - 횡단중,보행자보호의무위반,건조,맑음,단일로 - 기타,승용,남,30세,상해없음,보행자,남,15세,중상
2018032700100460,2018년 3월 27일 20시,화요일,경상남도 김해시 진영읍,경상사고,0,0,2,0,차대차 - 측면충돌,안전운전불이행,건조,맑음,교차로 - 교차로안,승용,남,46세,상해없음,승용,여,59세,경상
2018032700100489,2018년 3월 27일 21시,화요일,경상남도 통영시 광도면,중상사고,0,1,0,0,차대사람 - 횡단중,보행자보호의무위반,건조,맑음,교차로 - 교차로횡단보도내,승용,여,33세,상해없음,보행자,남,47세,중상
2018032700100490,2018년 3월 27일 21시,화요일,경상남도 거제시 옥포동,경상사고,0,0,1,0,차대차 - 측면충돌,불법유턴,건조,맑음,교차로 - 교차로안,승용,남,55세,상해없음,이륜,남,32세,경상
2018032700100491,2018년 3월 27일 21시,화요일,경상남도 창원시 마산회원구 봉암동,경상사고,0,0,1,0,차대차 - 기타,안전운전불이행,건조,맑음,단일로 - 기타,승용,여,62세,상해없음,승용,남,36세,경상
2018032700100529,2018년 3월 27일 23시,화요일,경상남도 창원시 마산합포구 산호동,경상사고,0,0,1,0,차대차 - 기타,안전운전불이행,건조,맑음,교차로 - 교차로안,승용,여,41세,상해없음,원동기,남,47세,경상
2018032800100052,2018년 3월 28일 06시,수요일,경상남도 양산시 물금읍,경상사고,0,0,1,0,차대차 - 측면충돌,안전운전불이행,건조,맑음,단일로 - 기타,승용,남,58세,상해없음,화물,남,27세,경상
2018032800100053,2018년 3월 28일 06시,수요일,경상남도 고성군 고성읍,중상사고,0,1,0,0,차대차 - 측면충돌,안전운전불이행,젖음/습기,비,교차로 - 교차로안,승용,남,60세,상해없음,승용,남,39세,중상
2018032800100078,2018년 3월 28일 07시,수요일,경상남도 사천시 정동면,중상사고,0,1,0,0,차대차 - 측면충돌,신호위반,건조,맑음,교차로 - 교차로안,승용,남,47세,상해없음,승용,남,33세,중상
2018032800100111,2018년 3월 28일 08시,수요일,경상남도 창원시 마산합포구 상남동,경상사고,0,0,1,0,차대차 - 측면충돌,안전운전불이행,건조,맑음,교차로 - 교차로횡단보도내,이륜,남,57세,상해없음,승용,여,22세,경상
2018032800100112,2018년 3월 28일 08시,수요일,경상남도 양산시 중부동,경상사고,0,0,1,0,차대차 - 측면충돌,신호위반,건조,맑음,교차로 - 교차로부근,이륜,남,54세,상해없음,승용,여,56세,경상
2018032800100113,2018년 3월 28일 08시,수요일,경상남도 창원시 마산회원구 양덕동,경상사고,0,0,1,0,차대차 - 측면충돌,안전운전불이행,건조,맑음,단일로 - 기타,화물,남,52세,상해없음,승용,남,52세,경상
2018032800100143,2018년 3월 28일 09시,수요일,경상남도 고성군 하이면,중상사고,0,1,0,0,차대차 - 정면충돌,안전운전불이행,건조,맑음,단일로 - 기타,화물,남,59세,상해없음,화물,남,62세,상해없음
2018032800100171,2018년 3월 28일 10시,수요일,경상남도 통영시 북신동,중상사고,0,1,0,0,차량단독 - 기타,안전운전불이행,건조,맑음,단일로 - 기타,승합,남,59세,상해없음,,,,
2018032800100172,2018년 3월 28일 10시,수요일,경상남도 양산시 주남동,경상사고,0,0,1,0,차대차 - 추돌,안전거리미확보,건조,맑음,교차로 - 교차로부근,승용,여,59세,상해없음,승용,여,66세,경상
2018032800100173,2018년 3월 28일 10시,수요일,경상남도 창원시 의창구 중동,중상사고,0,1,0,0,차대차 - 기타,신호위반,건조,맑음,교차로 - 교차로안,화물,남,61세,상해없음,화물,남,42세,중상
2018032800100219,2018년 3월 28일 12시,수요일,경상남도 김해시 어방동,경상사고,0,0,1,0,차대사람 - 횡단중,안전운전불이행,건조,맑음,교차로 - 교차로안,이륜,남,25세,상해없음,보행자,여,54세,경상
2018032800100299,2018년 3월 28일 14시,수요일,경상남도 진주시 가좌동,중상사고,0,1,0,0,차대차 - 측면충돌,신호위반,건조,맑음,교차로 - 교차로안,승용,여,59세,상해없음,이륜,남,40세,중상
2018032800100338,2018년 3월 28일 15시,수요일,경상남도 창녕군 부곡면,사망사고,1,0,1,0,차대차 - 기타,안전운전불이행,건조,맑음,교차로 - 교차로안,농기계,남,76세,경상,이륜,남,34세,사망
2018032800100339,2018년 3월 28일 15시,수요일,경상남도 거제시 옥포동,경상사고,0,0,1,0,차대차 - 기타,직진우회전진행방해,건조,맑음,교차로 - 교차로안,승용,여,50세,상해없음,자전거,남,11세,경상
2018032800100382,2018년 3월 28일 16시,수요일,경상남도 함양군 함양읍,중상사고,0,4,3,1,차대차 - 측면충돌,교차로운행방법위반,건조,맑음,교차로 - 교차로안,승합,남,64세,부상신고,건설기계,남,63세,경상
2018032800100383,2018년 3월 28일 16시,수요일,경상남도 양산시 북부동,경상사고,0,0,1,0,차대차 - 기타,교차로운행방법위반,건조,맑음,교차로 - 교차로부근,승용,여,49세,상해없음,자전거,남,57세,경상
2018032800100422,2018년 3월 28일 17시,수요일,경상남도 사천시 사천읍,중상사고,0,1,0,0,차대사람 - 기타,안전운전불이행,건조,맑음,단일로 - 기타,화물,남,63세,상해없음,보행자,남,55세,중상
2018032800100423,2018년 3월 28일 17시,수요일,경상남도 거제시 상동동,경상사고,0,0,1,0,차대차 - 측면충돌,신호위반,건조,맑음,교차로 - 교차로안,승용,남,36세,상해없음,승용,남,22세,경상
2018032800100485,2018년 3월 28일 19시,수요일,경상남도 진주시 수곡면,경상사고,0,0,1,0,차대차 - 측면충돌,중앙선침범,건조,맑음,단일로 - 기타,화물,남,47세,상해없음,승용,여,51세,경상
2018032800100487,2018년 3월 28일 19시,수요일,경상남도 김해시 진영읍,경상사고,0,0,1,0,차대차 - 측면충돌,안전운전불이행,건조,맑음,단일로 - 기타,화물,남,57세,상해없음,승용,남,33세,경상
2018032800100488,2018년 3월 28일 19시,수요일,경상남도 김해시 진영읍,경상사고,0,0,1,0,차대차 - 측면충돌,불법유턴,건조,맑음,교차로 - 교차로안,이륜,남,45세,경상,승용,남,29세,상해없음
2018032800100572,2018년 3월 28일 22시,수요일,경상남도 창원시 진해구 죽곡동,중상사고,0,1,0,0,차대차 - 측면충돌,안전운전불이행,건조,맑음,단일로 - 기타,승용,남,36세,상해없음,원동기,남,26세,중상
2018032800100596,2018년 3월 28일 23시,수요일,경상남도 진주시 신안동,중상사고,0,1,0,0,차대사람 - 횡단중,안전운전불이행,건조,맑음,단일로 - 기타,승용,남,41세,상해없음,보행자,남,44세,중상
2018032800100597,2018년 3월 28일 23시,수요일,경상남도 김해시 삼정동,중상사고,0,1,0,0,차대사람 - 기타,안전운전불이행,건조,맑음,교차로 - 교차로부근,승용,남,36세,기타불명,보행자,남,36세,중상
2018032800100598,2018년 3월 28일 23시,수요일,경상남도 김해시 흥동,중상사고,0,1,0,0,차대차 - 정면충돌,신호위반,건조,맑음,교차로 - 교차로안,승용,여,39세,상해없음,승용,여,47세,중상
2018032900100040,2018년 3월 29일 02시,목요일,경상남도 창원시 성산구 상남동,경상사고,0,0,1,0,차대차 - 측면충돌,안전운전불이행,건조,맑음,단일로 - 기타,승용,남,28세,상해없음,이륜,남,22세,경상
2018032900100062,2018년 3월 29일 05시,목요일,경상남도 남해군 남면,경상사고,0,0,1,0,차대사람 - 차도통행중,안전운전불이행,건조,맑음,단일로 - 기타,승용,남,37세,상해없음,보행자,남,39세,경상
2018032900100086,2018년 3월 29일 07시,목요일,경상남도 함안군 군북면,경상사고,0,0,1,0,차대차 - 측면충돌,신호위반,건조,맑음,교차로 - 교차로안,승용,남,34세,상해없음,승용,남,30세,경상
2018032900100118,2018년 3월 29일 08시,목요일,경상남도 김해시 흥동,경상사고,0,0,2,0,차대차 - 추돌,안전운전불이행,건조,맑음,단일로 - 기타,승용,남,64세,상해없음,화물,남,51세,경상
2018032900100155,2018년 3월 29일 09시,목요일,경상남도 김해시 불암동,중상사고,0,1,0,2,차대차 - 추돌,안전운전불이행,건조,맑음,단일로 - 기타,승용,남,74세,상해없음,승용,여,48세,중상
2018032900100156,2018년 3월 29일 09시,목요일,경상남도 함양군 수동면,경상사고,0,0,1,0,차대사람 - 길가장자리구역통행중,안전운전불이행,건조,맑음,단일로 - 기타,화물,남,48세,상해없음,보행자,남,90세 이상,경상
2018032900100157,2018년 3월 29일 09시,목요일,경상남도 창원시 의창구 명서동,경상사고,0,0,1,0,차대차 - 추돌,안전운전불이행,건조,맑음,단일로 - 기타,승용,남,85세,상해없음,화물,남,54세,경상
2018032900100216,2018년 3월 29일 11시,목요일,경상남도 창원시 마산합포구 중앙동2가,경상사고,0,0,1,0,차대차 - 추돌,안전거리미확보,건조,맑음,단일로 - 기타,승용,남,43세,상해없음,승용,남,59세,경상
2018032900100217,2018년 3월 29일 11시,목요일,경상남도 창원시 진해구 태백동,중상사고,0,1,0,0,차대차 - 측면충돌,안전운전불이행,건조,맑음,단일로 - 기타,승용,여,51세,상해없음,자전거,남,57세,중상
2018032900100218,2018년 3월 29일 11시,목요일,경상남도 양산시 상북면,중상사고,0,1,0,0,차량단독 - 기타,안전운전불이행,건조,맑음,교차로 - 교차로부근,승용,남,62세,상해없음,,,,
2018032900100219,2018년 3월 29일 11시,목요일,경상남도 창원시 성산구 상남동,경상사고,0,0,2,0,차대차 - 추돌,안전운전불이행,건조,맑음,단일로 - 기타,승용,여,43세,상해없음,승용,남,28세,경상
2018032900100272,2018년 3월 29일 13시,목요일,경상남도 사천시 선구동,경상사고,0,0,1,1,차대차 - 측면충돌,직진우회전진행방해,건조,맑음,교차로 - 교차로안,승용,여,50세,경상,화물,남,22세,부상신고
2018032900100306,2018년 3월 29일 14시,목요일,경상남도 창원시 진해구 자은동,중상사고,0,1,1,0,차량단독 - 도로외이탈 - 추락,안전운전불이행,건조,맑음,기타 - 기타,승용,남,65세,경상,,,,
2018032900100331,2018년 3월 29일 15시,목요일,경상남도 양산시 평산동,경상사고,0,0,1,0,차대차 - 기타,안전운전불이행,건조,맑음,단일로 - 기타,승용,남,25세,상해없음,승용,남,28세,경상
2018032900100332,2018년 3월 29일 15시,목요일,경상남도 남해군 창선면,중상사고,0,1,0,0,차량단독 - 공작물충돌,안전운전불이행,건조,맑음,단일로 - 기타,농기계,남,81세,중상,,,,
2018032900100333,2018년 3월 29일 15시,목요일,경상남도 함안군 가야읍,중상사고,0,2,0,0,차대차 - 후진중충돌,안전운전불이행,건조,맑음,단일로 - 기타,승용,남,61세,상해없음,보행자,여,39세,중상
2018032900100374,2018년 3월 29일 16시,목요일,경상남도 김해시 외동,중상사고,0,1,0,0,차대사람 - 횡단중,안전운전불이행,건조,맑음,단일로 - 기타,승용,여,45세,상해없음,보행자,여,7세,중상
2018032900100375,2018년 3월 29일 16시,목요일,경상남도 창녕군 계성면,경상사고,0,0,1,0,차대차 - 측면충돌,안전운전불이행,건조,맑음,교차로 - 교차로안,기타불명,남,21세,기타불명,화물,남,67세,상해없음
2018032900100376,2018년 3월 29일 16시,목요일,경상남도 거제시 옥포동,경상사고,0,0,1,0,차대사람 - 기타,안전운전불이행,건조,맑음,교차로 - 교차로부근,승용,남,56세,상해없음,보행자,여,46세,경상
2018032900100377,2018년 3월 29일 16시,목요일,경상남도 창원시 의창구 명서동,중상사고,0,1,0,0,차대사람 - 기타,안전운전불이행,건조,맑음,기타 - 기타,자전거,남,57세,상해없음,보행자,여,60세,중상
2018032900100415,2018년 3월 29일 17시,목요일,경상남도 창원시 마산합포구 월영동,중상사고,0,1,0,0,차대차 - 측면충돌,안전거리미확보,건조,맑음,단일로 - 기타,승용,여,35세,상해없음,이륜,남,41세,중상
2018032900100416,2018년 3월 29일 17시,목요일,경상남도 창원시 진해구 덕산동,경상사고,0,0,1,0,차대차 - 측면충돌,교차로운행방법위반,건조,맑음,교차로 - 교차로안,승용,남,56세,상해없음,승용,남,53세,경상
2018032900100417,2018년 3월 29일 17시,목요일,경상남도 양산시 북정동,경상사고,0,0,1,0,차대사람 - 횡단중,보행자보호의무위반,건조,맑음,단일로 - 기타,이륜,남,45세,상해없음,보행자,여,31세,경상
2018032900100448,2018년 3월 29일 18시,목요일,경상남도 양산시 북정동,중상사고,0,1,0,0,차대사람 - 횡단중,중앙선침범,건조,맑음,단일로 - 기타,화물,남,29세,상해없음,보행자,여,66세,중상
2018032900100449,2018년 3월 29일 18시,목요일,경상남도 고성군 영오면,중상사고,0,1,1,0,차대차 - 정면충돌,교차로운행방법위반,건조,맑음,교차로 - 교차로안,승용,여,40세,상해없음,승용,남,78세,경상
2018032900100450,2018년 3월 29일 18시,목요일,경상남도 고성군 고성읍,사망사고,1,0,0,0,차대사람 - 차도통행중,안전운전불이행,건조,맑음,단일로 - 기타,화물,남,57세,상해없음,보행자,남,81세,사망
2018032900100451,2018년 3월 29일 18시,목요일,경상남도 함안군 함안면,중상사고,0,1,0,0,차대차 - 정면충돌,중앙선침범,건조,맑음,단일로 - 기타,승용,남,49세,상해없음,승용,남,28세,중상
2018032900100480,2018년 3월 29일 19시,목요일,경상남도 통영시 정량동,경상사고,0,0,2,0,차대차 - 측면충돌,안전운전불이행,건조,맑음,교차로 - 교차로안,화물,남,33세,상해없음,화물,남,59세,경상
2018032900100481,2018년 3월 29일 19시,목요일,경상남도 김해시 상동면,경상사고,0,0,1,0,차량단독 - 기타,안전운전불이행,건조,흐림,단일로 - 기타,승용,남,30세,경상,,,,
2018032900100482,2018년 3월 29일 19시,목요일,경상남도 창원시 성산구 웅남동,중상사고,0,1,0,0,차대차 - 측면충돌,안전운전불이행,건조,맑음,교차로 - 교차로안,승용,남,56세,상해없음,자전거,여,53세,중상
2018032900100483,2018년 3월 29일 19시,목요일,경상남도 창원시 의창구 서상동,경상사고,0,0,1,0,차대사람 - 차도통행중,안전운전불이행,건조,맑음,교차로 - 교차로안,승용,남,26세,상해없음,보행자,남,53세,경상
2018032900100524,2018년 3월 29일 20시,목요일,경상남도 거창군 거창읍,중상사고,0,1,0,0,차대차 - 기타,안전운전불이행,건조,맑음,교차로 - 교차로횡단보도내,화물,남,53세,상해없음,자전거,남,72세,중상
2018032900100561,2018년 3월 29일 21시,목요일,경상남도 통영시 무전동,중상사고,0,1,0,0,차대사람 - 횡단중,안전운전불이행,건조,맑음,단일로 - 기타,승용,남,59세,상해없음,보행자,남,49세,중상
2018032900100562,2018년 3월 29일 21시,목요일,경상남도 창원시 성산구 사파동,중상사고,0,1,0,0,차대차 - 측면충돌,신호위반,건조,맑음,교차로 - 교차로안,승용,남,48세,상해없음,이륜,남,26세,중상
2018032900100563,2018년 3월 29일 21시,목요일,경상남도 창원시 의창구 봉곡동,경상사고,0,0,2,0,차대차 - 추돌,안전운전불이행,건조,맑음,단일로 - 기타,승용,남,32세,상해없음,승용,남,56세,경상
2018032900100591,2018년 3월 29일 22시,목요일,경상남도 거제시 고현동,경상사고,0,0,1,0,차대차 - 측면충돌,안전거리미확보,건조,맑음,교차로 - 교차로부근,승용,남,23세,상해없음,승용,남,21세,경상
2018033000100043,2018년 3월 30일 02시,금요일,경상남도 창원시 의창구 명서동,중상사고,0,1,0,0,차대사람 - 기타,안전운전불이행,건조,맑음,단일로 - 기타,승용,여,57세,상해없음,보행자,남,49세,중상
2018033000100068,2018년 3월 30일 05시,금요일,경상남도 고성군 마암면,경상사고,0,0,1,0,차대차 - 측면충돌,신호위반,건조,맑음,교차로 - 교차로안,화물,남,52세,상해없음,화물,남,68세,경상
2018033000100075,2018년 3월 30일 06시,금요일,경상남도 창원시 의창구 도계동,경상사고,0,0,1,0,차대차 - 측면충돌,안전운전불이행,건조,맑음,교차로 - 교차로안,승용,여,38세,상해없음,승용,남,51세,경상
2018033000100095,2018년 3월 30일 07시,금요일,경상남도 창녕군 남지읍,경상사고,0,0,1,0,차량단독 - 공작물충돌,안전운전불이행,건조,맑음,기타 - 기타,화물,남,57세,경상,,,,
2018033000100127,2018년 3월 30일 08시,금요일,경상남도 함양군 함양읍,경상사고,0,0,1,0,차대차 - 측면충돌,중앙선침범,건조,맑음,단일로 - 기타,승용,남,71세,상해없음,화물,남,47세,경상
2018033000100128,2018년 3월 30일 08시,금요일,경상남도 고성군 영현면,경상사고,0,0,1,0,차대차 - 측면충돌,중앙선침범,건조,맑음,단일로 - 기타,승용,여,64세,상해없음,승용,여,36세,경상
2018033000100129,2018년 3월 30일 08시,금요일,경상남도 김해시 한림면,중상사고,0,1,0,0,차대사람 - 차도통행중,안전운전불이행,건조,맑음,단일로 - 기타,승용,여,48세,상해없음,보행자,남,9세,중상
2018033000100159,2018년 3월 30일 09시,금요일,경상남도 창원시 성산구 가음정동,중상사고,0,3,0,0,차대차 - 측면충돌,안전운전불이행,건조,맑음,단일로 - 기타,승용,남,22세,상해없음,승용,남,45세,중상
2018033000100160,2018년 3월 30일 09시,금요일,경상남도 창원시 의창구 명서동,경상사고,0,0,2,0,차대차 - 측면충돌,중앙선침범,건조,맑음,교차로 - 교차로부근,승용,남,76세,상해없음,화물,남,73세,경상
2018033000100186,2018년 3월 30일 10시,금요일,경상남도 통영시 정량동,경상사고,0,0,1,0,차대차 - 측면충돌,안전운전불이행,건조,맑음,단일로 - 기타,화물,남,42세,상해없음,화물,남,44세,경상
2018033000100244,2018년 3월 30일 12시,금요일,경상남도 창원시 진해구 여좌동,경상사고,0,0,1,0,차대사람 - 기타,안전운전불이행,건조,맑음,단일로 - 기타,승합,남,45세,상해없음,보행자,남,52세,경상
2018033000100245,2018년 3월 30일 12시,금요일,경상남도 김해시 외동,중상사고,0,1,0,0,차대사람 - 차도통행중,안전운전불이행,건조,맑음,단일로 - 기타,승용,남,36세,상해없음,보행자,여,49세,중상
2018033000100281,2018년 3월 30일 13시,금요일,경상남도 창원시 진해구 제황산동,중상사고,0,1,0,0,차대사람 - 횡단중,보행자보호의무위반,건조,맑음,교차로 - 교차로횡단보도내,승용,남,71세,상해없음,보행자,여,35세,중상
2018033000100345,2018년 3월 30일 15시,금요일,경상남도 김해시 대성동,경상사고,0,0,2,0,차대차 - 측면충돌,신호위반,건조,맑음,교차로 - 교차로안,승용,남,67세,상해없음,승용,남,23세,경상
2018033000100389,2018년 3월 30일 16시,금요일,경상남도 거제시 아주동,경상사고,0,0,1,0,차대사람 - 기타,안전운전불이행,건조,맑음,단일로 - 기타,승용,여,44세,상해없음,보행자,남,6세,경상
2018033000100390,2018년 3월 30일 16시,금요일,경상남도 거제시 고현동,중상사고,0,1,0,0,차대차 - 측면충돌,기타,건조,맑음,단일로 - 기타,화물,여,47세,상해없음,이륜,남,33세,중상
2018033000100432,2018년 3월 30일 17시,금요일,경상남도 통영시 서호동,사망사고,1,0,0,0,차대차 - 측면충돌,불법유턴,건조,맑음,교차로 - 교차로안,이륜,남,82세,사망,승용,남,55세,상해없음
2018033000100433,2018년 3월 30일 17시,금요일,경상남도 통영시 당동,경상사고,0,0,6,0,차대차 - 추돌,안전운전불이행,건조,맑음,단일로 - 기타,승용,남,46세,경상,승용,남,65세,상해없음
2018033000100434,2018년 3월 30일 17시,금요일,경상남도 통영시 무전동,경상사고,0,0,2,0,차대차 - 측면충돌,직진우회전진행방해,건조,맑음,교차로 - 교차로안,화물,여,56세,경상,승용,여,42세,경상
2018033000100435,2018년 3월 30일 17시,금요일,경상남도 거창군 가조면,중상사고,0,1,0,0,차대차 - 측면충돌,중앙선침범,건조,맑음,단일로 - 기타,농기계,남,71세,상해없음,승용,여,33세,중상