사고번호,사고일시,요일,시군구,사고내용,사망자수,중상자수,경상자수,부상신고자수,사고유형,법규위반,노면상태,기상상태,도로형태,가해운전자 차종,가해운전자 성별,가해운전자 연령,가해운전자 상해정도,피해운전자 차종,피해운전자 성별,피해운전자 연령,피해운전자 상해정도
2018040300100398,2018년 4월 3일 16시,화요일,경상남도 밀양시 무안면,중상사고,0,1,0,0,차대차 - 측면충돌,기타,건조,맑음,교차로 - 교차로안,화물,남,49세,상해없음,승용,남,49세,중상
2018040300100399,2018년 4월 3일 16시,화요일,경상남도 양산시 명곡동,부상신고사고,0,0,0,1,차대차 - 기타,기타,건조,맑음,단일로 - 기타,이륜,남,27세,부상신고,기타불명,기타불명,미분류,기타불명
2018040300100435,2018년 4월 3일 17시,화요일,경상남도 거제시 고현동,경상사고,0,0,1,0,차대차 - 측면충돌,교차로운행방법위반,건조,맑음,교차로 - 교차로안,승용,남,60세,상해없음,자전거,남,8세,경상
2018040300100436,2018년 4월 3일 17시,화요일,경상남도 창원시 마산합포구 산호동,경상사고,0,0,1,0,차대사람 - 횡단중,안전운전불이행,건조,맑음,단일로 - 기타,승용,남,43세,상해없음,보행자,남,13세,경상
2018040300100437,2018년 4월 3일 17시,화요일,경상남도 창원시 마산회원구 회성동,중상사고,0,1,0,0,차대사람 - 횡단중,안전운전불이행,건조,맑음,단일로 - 기타,화물,남,45세,상해없음,보행자,남,12세,중상
2018040300100477,2018년 4월 3일 18시,화요일,경상남도 창원시 의창구 중동,중상사고,0,1,0,0,차대차 - 측면충돌,안전운전불이행,건조,맑음,교차로 - 교차로부근,승용,여,50세,상해없음,이륜,남,25세,중상
2018040300100496,2018년 4월 3일 19시,화요일,경상남도 김해시 부곡동,경상사고,0,0,2,0,차대차 - 추돌,안전거리미확보,건조,맑음,단일로 - 기타,기타불명,기타불명,미분류,기타불명,승용,남,55세,경상
2018040300100515,2018년 4월 3일 19시,화요일,경상남도 양산시 어곡동,경상사고,0,0,1,0,차대차 - 추돌,안전운전불이행,건조,맑음,교차로 - 교차로부근,승용,남,72세,상해없음,승용,여,27세,경상
2018040300100516,2018년 4월 3일 19시,화요일,경상남도 김해시 한림면,중상사고,0,2,0,0,차대차 - 측면충돌,신호위반,건조,맑음,교차로 - 교차로안,화물,남,54세,상해없음,승용,남,60세,중상
2018040300100517,2018년 4월 3일 19시,화요일,경상남도 김해시 율하동,경상사고,0,0,1,0,차대차 - 추돌,안전운전불이행,건조,맑음,단일로 - 기타,승용,남,49세,상해없음,승용,남,59세,경상
2018040300100581,2018년 4월 3일 21시,화요일,경상남도 창원시 성산구 중앙동,경상사고,0,0,1,0,차대차 - 측면충돌,신호위반,건조,맑음,교차로 - 교차로안,원동기,남,18세,상해없음,승용,남,57세,경상
2018040300100608,2018년 4월 3일 22시,화요일,경상남도 밀양시 삼랑진읍,중상사고,0,1,0,0,차량단독 - 공작물충돌,안전운전불이행,건조,맑음,단일로 - 기타,원동기,남,24세,상해없음,,,,
2018040300100609,2018년 4월 3일 22시,화요일,경상남도 김해시 부원동,중상사고,0,1,1,0,차대차 - 추돌,안전운전불이행,건조,맑음,단일로 - 기타,승용,남,38세,상해없음,승용,남,31세,중상
2018040300100610,2018년 4월 3일 22시,화요일,경상남도 창원시 성산구 중앙동,경상사고,0,0,1,0,차대차 - 추돌,안전운전불이행,건조,맑음,단일로 - 기타,승용,남,32세,상해없음,승용,남,44세,경상
2018040300100611,2018년 4월 3일 22시,화요일,경상남도 김해시 흥동,중상사고,0,2,4,0,차대차 - 측면충돌,신호위반,건조,맑음,교차로 - 교차로안,승용,남,21세,경상,승용,남,58세,경상
2018040300100612,2018년 4월 3일 22시,화요일,경상남도 김해시 풍유동,중상사고,0,1,3,0,차대차 - 측면충돌,신호위반,건조,맑음,교차로 - 교차로안,승용,남,25세,경상,승용,남,39세,중상
2018040300100638,2018년 4월 3일 23시,화요일,경상남도 창원시 성산구 남양동,중상사고,0,1,0,0,차대사람 - 차도통행중,안전운전불이행,건조,맑음,단일로 - 기타,승용,남,52세,상해없음,보행자,여,46세,중상
2018040400100035,2018년 4월 4일 02시,수요일,경상남도 김해시 신문동,중상사고,0,1,3,0,차대차 - 측면충돌,안전거리미확보,건조,맑음,단일로 - 기타,승용,남,39세,경상,승용,여,27세,중상
2018040400100050,2018년 4월 4일 03시,수요일,경상남도 진주시 하대동,중상사고,0,1,0,0,차량단독 - 주/정차차량 충돌,안전운전불이행,건조,맑음,단일로 - 기타,승용,여,42세,중상,,,,
2018040400100077,2018년 4월 4일 05시,수요일,경상남도 진주시 이현동,경상사고,0,0,1,0,차대차 - 정면충돌,안전운전불이행,건조,맑음,교차로 - 교차로부근,승용,남,32세,상해없음,자전거,남,69세,경상
2018040400100108,2018년 4월 4일 07시,수요일,경상남도 사천시 정동면,경상사고,0,0,1,0,차대차 - 측면충돌,직진우회전진행방해,건조,맑음,교차로 - 교차로안,승용,남,35세,상해없음,승용,여,53세,경상
2018040400100109,2018년 4월 4일 07시,수요일,경상남도 거제시 고현동,중상사고,0,1,0,0,차대차 - 측면충돌,신호위반,건조,맑음,교차로 - 교차로안,승용,남,49세,상해없음,이륜,남,32세,중상
2018040400100154,2018년 4월 4일 08시,수요일,경상남도 남해군 남해읍,부상신고사고,0,0,0,1,차대차 - 측면충돌,직진우회전진행방해,건조,맑음,교차로 - 교차로안,승용,여,56세,상해없음,승용,여,31세,부상신고
2018040400100183,2018년 4월 4일 09시,수요일,경상남도 김해시 어방동,부상신고사고,0,0,0,1,차대사람 - 횡단중,안전운전불이행,건조,맑음,교차로 - 교차로안,승용,남,64세,상해없음,보행자,남,21세,부상신고
2018040400100184,2018년 4월 4일 09시,수요일,경상남도 김해시 진영읍,경상사고,0,0,2,0,차대차 - 추돌,안전운전불이행,건조,맑음,단일로 - 터널,승용,남,26세,상해없음,승용,남,57세,경상
2018040400100226,2018년 4월 4일 10시,수요일,경상남도 창원시 마산합포구 신포동1가,중상사고,0,1,0,0,차대차 - 측면충돌,안전운전불이행,젖음/습기,비,단일로 - 기타,건설기계,남,48세,상해없음,승용,여,43세,중상
2018040400100227,2018년 4월 4일 10시,수요일,경상남도 함양군 함양읍,경상사고,0,0,1,0,차대차 - 기타,기타,젖음/습기,비,단일로 - 기타,건설기계,남,51세,상해없음,승용,남,65세,경상
2018040400100228,2018년 4월 4일 10시,수요일,경상남도 거제시 옥포동,경상사고,0,0,1,0,차대차 - 측면충돌,직진우회전진행방해,건조,맑음,교차로 - 교차로안,이륜,남,57세,경상,승용,남,46세,상해없음
2018040400100238,2018년 4월 4일 11시,수요일,경상남도 김해시 대청동,경상사고,0,0,1,0,차대차 - 측면충돌,신호위반,젖음/습기,비,교차로 - 교차로안,승용,여,42세,상해없음,승용,여,45세,경상
2018040400100256,2018년 4월 4일 12시,수요일,경상남도 진주시 수정동,경상사고,0,0,1,0,차대사람 - 횡단중,보행자보호의무위반,건조,맑음,교차로 - 교차로횡단보도내,승용,남,65세,상해없음,보행자,여,67세,경상
2018040400100257,2018년 4월 4일 12시,수요일,경상남도 창원시 의창구 서상동,경상사고,0,0,1,0,차대사람 - 횡단중,안전운전불이행,젖음/습기,비,단일로 - 기타,화물,남,68세,상해없음,보행자,여,58세,경상
2018040400100284,2018년 4월 4일 13시,수요일,경상남도 진주시 호탄동,경상사고,0,0,1,0,차대차 - 측면충돌,안전운전불이행,젖음/습기,비,교차로 - 교차로안,승용,남,50세,상해없음,승용,남,57세,경상
2018040400100285,2018년 4월 4일 13시,수요일,경상남도 통영시 광도면,중상사고,0,1,0,0,차대사람 - 횡단중,안전운전불이행,젖음/습기,비,교차로 - 교차로안,승용,여,58세,상해없음,보행자,여,62세,중상
2018040400100286,2018년 4월 4일 13시,수요일,경상남도 창원시 의창구 용호동,중상사고,0,1,0,0,차대사람 - 횡단중,신호위반,젖음/습기,비,교차로 - 교차로안,이륜,남,20세,상해없음,보행자,여,61세,중상
2018040400100287,2018년 4월 4일 13시,수요일,경상남도 김해시 삼문동,중상사고,0,1,0,0,차대차 - 측면충돌,안전운전불이행,젖음/습기,비,교차로 - 교차로안,승용,여,48세,상해없음,승용,여,79세,중상
2018040400100321,2018년 4월 4일 14시,수요일,경상남도 밀양시 삼문동,중상사고,0,1,0,0,차대사람 - 횡단중,안전운전불이행,젖음/습기,비,단일로 - 기타,승용,여,43세,상해없음,보행자,남,8세,중상
2018040400100322,2018년 4월 4일 14시,수요일,경상남도 거창군 거창읍,경상사고,0,0,2,0,차대차 - 측면충돌,안전운전불이행,건조,맑음,교차로 - 교차로안,승용,남,47세,상해없음,화물,남,70세,경상
2018040400100323,2018년 4월 4일 14시,수요일,경상남도 양산시 북부동,경상사고,0,0,1,0,차대차 - 정면충돌,중앙선침범,젖음/습기,비,단일로 - 기타,화물,남,69세,상해없음,승합,남,65세,경상
2018040400100349,2018년 4월 4일 15시,수요일,경상남도 진주시 문산읍,중상사고,0,2,1,0,차대차 - 기타,안전거리미확보,젖음/습기,비,단일로 - 기타,화물,남,56세,중상,화물,남,53세,중상
2018040400100462,2018년 4월 4일 18시,수요일,경상남도 사천시 동금동,경상사고,0,0,2,0,차대차 - 측면충돌,직진우회전진행방해,젖음/습기,비,교차로 - 교차로안,승용,남,67세,상해없음,화물,남,29세,경상
2018040400100464,2018년 4월 4일 18시,수요일,경상남도 산청군 신안면,중상사고,0,1,0,0,차대차 - 추돌,안전운전불이행,젖음/습기,비,단일로 - 교량,화물,남,63세,상해없음,화물,남,53세,중상
2018040400100500,2018년 4월 4일 19시,수요일,경상남도 창원시 마산합포구 가포동,중상사고,0,1,1,0,차대차 - 측면충돌,안전운전불이행,젖음/습기,비,교차로 - 교차로안,승용,남,40세,중상,승용,여,28세,경상
2018040400100501,2018년 4월 4일 19시,수요일,경상남도 창원시 진해구 풍호동,경상사고,0,0,1,0,차대차 - 추돌,안전운전불이행,건조,맑음,기타 - 기타,승용,남,60세,상해없음,승용,남,57세,경상
2018040400100502,2018년 4월 4일 19시,수요일,경상남도 창원시 진해구 석동,중상사고,0,2,0,0,차대차 - 추돌,안전운전불이행,젖음/습기,비,단일로 - 기타,승용,여,30세,상해없음,승용,남,45세,중상
2018040400100538,2018년 4월 4일 20시,수요일,경상남도 김해시 어방동,경상사고,0,0,1,1,차대차 - 추돌,안전운전불이행,건조,맑음,교차로 - 교차로안,승용,남,36세,상해없음,승합,남,37세,경상
2018040400100588,2018년 4월 4일 22시,수요일,경상남도 통영시 봉평동,경상사고,0,0,2,0,차대차 - 측면충돌,안전운전불이행,젖음/습기,비,단일로 - 기타,승용,남,61세,상해없음,화물,남,29세,경상
2018040400100589,2018년 4월 4일 22시,수요일,경상남도 김해시 외동,중상사고,0,1,0,0,차대차 - 기타,안전운전불이행,건조,맑음,단일로 - 기타,승용,남,57세,중상,승합,남,46세,상해없음
2018040400100590,2018년 4월 4일 22시,수요일,경상남도 함양군 안의면,중상사고,0,1,0,0,차대차 - 정면충돌,중앙선침범,건조,맑음,단일로 - 기타,승용,남,42세,상해없음,화물,여,45세,중상
2018040400100612,2018년 4월 4일 23시,수요일,경상남도 창원시 마산합포구 해운동,중상사고,0,1,0,0,차대사람 - 기타,안전운전불이행,젖음/습기,비,교차로 - 교차로안,승합,남,43세,상해없음,보행자,여,17세,중상
2018040400100613,2018년 4월 4일 23시,수요일,경상남도 진주시 상봉동,중상사고,0,1,0,0,차대사람 - 차도통행중,안전운전불이행,건조,맑음,단일로 - 기타,승용,남,51세,상해없음,보행자,남,37세,중상
2018040400100614,2018년 4월 4일 23시,수요일,경상남도 거제시 상동동,경상사고,0,0,2,0,차대차 - 추돌,안전거리미확보,건조,맑음,교차로 - 교차로안,승용,남,41세,상해없음,승용,남,53세,경상
2018040400100615,2018년 4월 4일 23시,수요일,경상남도 창원시 마산회원구 합성동,경상사고,0,0,1,0,차대사람 - 횡단중,안전운전불이행,젖음/습기,비,단일로 - 기타,이륜,남,38세,상해없음,보행자,남,24세,경상
2018040500100019,2018년 4월 5일 00시,목요일,경상남도 밀양시 내이동,부상신고사고,0,0,0,1,차대차 - 측면충돌,안전운전불이행,건조,맑음,단일로 - 기타,승용,남,56세,상해없음,자전거,남,37세,부상신고
2018040500100080,2018년 4월 5일 07시,목요일,경상남도 창원시 의창구 중동,경상사고,0,0,1,0,차대차 - 측면충돌,신호위반,젖음/습기,비,교차로 - 교차로안,승용,남,70세,상해없음,승용,남,34세,경상
2018040500100081,2018년 4월 5일 07시,목요일,경상남도 김해시 주촌면,경상사고,0,0,1,0,차대차 - 측면충돌,직진우회전진행방해,건조,맑음,교차로 - 교차로안,승용,남,63세,상해없음,승용,여,51세,경상
2018040500100121,2018년 4월 5일 08시,목요일,경상남도 고성군 거류면,중상사고,0,1,0,0,차량단독 - 도로외이탈 - 추락,안전운전불이행,건조,맑음,단일로 - 기타,승용,남,41세,중상,,,,
2018040500100122,2018년 4월 5일 08시,목요일,경상남도 창원시 의창구 북면,경상사고,0,0,1,0,차대차 - 측면충돌,안전운전불이행,젖음/습기,비,교차로 - 교차로안,승용,남,71세,상해없음,승용,남,45세,경상
2018040500100158,2018년 4월 5일 09시,목요일,경상남도 통영시 서호동,경상사고,0,0,1,0,차대사람 - 횡단중,보행자보호의무위반,건조,맑음,교차로 - 교차로안,승용,남,53세,상해없음,보행자,여,55세,경상
2018040500100188,2018년 4월 5일 10시,목요일,경상남도 사천시 서동,중상사고,0,1,0,0,차대사람 - 길가장자리구역통행중,안전운전불이행,건조,맑음,단일로 - 기타,승용,남,74세,상해없음,보행자,여,75세,중상
2018040500100245,2018년 4월 5일 12시,목요일,경상남도 창원시 진해구 자은동,경상사고,0,0,1,0,차대차 - 측면충돌,신호위반,건조,맑음,교차로 - 교차로횡단보도내,승합,남,65세,상해없음,자전거,여,18세,경상
2018040500100295,2018년 4월 5일 14시,목요일,경상남도 통영시 무전동,중상사고,0,1,0,0,차대차 - 측면충돌,직진우회전진행방해,건조,맑음,교차로 - 교차로안,승용,여,51세,상해없음,이륜,남,61세,중상
2018040500100322,2018년 4월 5일 15시,목요일,경상남도 김해시 동상동,경상사고,0,0,2,0,차대차 - 추돌,안전거리미확보,건조,맑음,단일로 - 기타,승용,남,46세,상해없음,승용,여,47세,경상
2018040500100323,2018년 4월 5일 15시,목요일,경상남도 거제시 고현동,경상사고,0,0,1,0,차대사람 - 길가장자리구역통행중,보행자보호의무위반,건조,맑음,교차로 - 교차로안,승용,여,46세,상해없음,보행자,남,80세,경상
2018040500100350,2018년 4월 5일 16시,목요일,경상남도 창원시 진해구 여좌동,중상사고,0,1,0,0,차대사람 - 차도통행중,안전운전불이행,건조,맑음,교차로 - 교차로안,승용,남,46세,상해없음,보행자,여,55세,중상
2018040500100352,2018년 4월 5일 16시,목요일,경상남도 창원시 마산회원구 석전동,경상사고,0,0,1,0,차대사람 - 횡단중,안전운전불이행,건조,맑음,교차로 - 교차로횡단보도내,승용,여,36세,상해없음,보행자,여,55세,경상
2018040500100353,2018년 4월 5일 16시,목요일,경상남도 김해시 무계동,중상사고,0,3,0,0,차대사람 - 횡단중,보행자보호의무위반,건조,맑음,교차로 - 교차로횡단보도내,승용,여,23세,상해없음,보행자,여,12세,중상
2018040500100380,2018년 4월 5일 17시,목요일,경상남도 창원시 진해구 석동,중상사고,0,1,0,0,차대사람 - 보도통행중,기타,건조,맑음,단일로 - 기타,승용,여,49세,상해없음,보행자,남,65세,중상
2018040500100381,2018년 4월 5일 17시,목요일,경상남도 통영시 항남동,부상신고사고,0,0,0,1,차대사람 - 길가장자리구역통행중,안전운전불이행,건조,맑음,교차로 - 교차로부근,승용,남,31세,상해없음,보행자,남,54세,부상신고
2018040500100382,2018년 4월 5일 17시,목요일,경상남도 거창군 거창읍,경상사고,0,0,1,0,차대사람 - 기타,기타,젖음/습기,비,주차장 - 주차장,승합,남,63세,상해없음,보행자,남,65세,경상
2018040500100420,2018년 4월 5일 18시,목요일,경상남도 김해시 부원동,경상사고,0,0,1,0,차대차 - 측면충돌,안전운전불이행,건조,맑음,교차로 - 교차로안,승용,남,57세,상해없음,승용,남,59세,경상
2018040500100421,2018년 4월 5일 18시,목요일,경상남도 거창군 거창읍,경상사고,0,0,1,0,차대차 - 기타,안전운전불이행,젖음/습기,비,교차로 - 교차로안,이륜,남,56세,경상,승용,남,37세,상해없음
2018040500100422,2018년 4월 5일 18시,목요일,경상남도 양산시 물금읍,부상신고사고,0,0,0,2,차대차 - 기타,교차로운행방법위반,건조,맑음,교차로 - 교차로안,승용,여,57세,부상신고,승용,남,47세,부상신고
2018040500100423,2018년 4월 5일 18시,목요일,경상남도 고성군 고성읍,중상사고,0,1,0,0,차대사람 - 횡단중,보행자보호의무위반,건조,맑음,교차로 - 교차로횡단보도내,승용,여,33세,상해없음,보행자,여,64세,중상
2018040500100424,2018년 4월 5일 18시,목요일,경상남도 거제시 장승포동,경상사고,0,0,1,1,차대사람 - 기타,보행자보호의무위반,건조,맑음,단일로 - 기타,이륜,남,40세,부상신고,보행자,남,28세,경상
2018040500100425,2018년 4월 5일 18시,목요일,경상남도 거제시 아주동,경상사고,0,0,2,0,차대차 - 측면충돌,차로위반,건조,맑음,단일로 - 터널,승용,여,59세,상해없음,승용,남,55세,경상
2018040500100473,2018년 4월 5일 19시,목요일,경상남도 창원시 진해구 남양동,경상사고,0,0,1,0,차대사람 - 차도통행중,안전운전불이행,건조,맑음,단일로 - 기타,승용,여,53세,상해없음,보행자,남,62세,경상
2018040500100474,2018년 4월 5일 19시,목요일,경상남도 거제시 옥포동,경상사고,0,0,1,0,차대사람 - 횡단중,보행자보호의무위반,젖음/습기,흐림,교차로 - 교차로횡단보도내,승용,여,48세,기타불명,보행자,남,49세,경상
2018040500100475,2018년 4월 5일 19시,목요일,경상남도 함안군 칠원읍,중상사고,0,1,1,0,차대차 - 측면충돌,중앙선침범,건조,맑음,단일로 - 교량,승용,남,68세,상해없음,승용,여,63세,중상
2018040500100476,2018년 4월 5일 19시,목요일,경상남도 김해시 율하동,경상사고,0,0,1,0,차대차 - 측면충돌,안전운전불이행,건조,맑음,교차로 - 교차로부근,승용,남,40세,상해없음,자전거,남,12세,경상
2018040500100533,2018년 4월 5일 20시,목요일,경상남도 거제시 수월동,경상사고,0,0,1,0,차대차 - 기타,안전운전불이행,건조,맑음,교차로 - 교차로부근,화물,남,46세,상해없음,승용,남,36세,경상
2018040500100580,2018년 4월 5일 21시,목요일,경상남도 창원시 진해구 석동,경상사고,0,0,3,0,차대차 - 측면충돌,안전운전불이행,건조,맑음,단일로 - 기타,이륜,남,24세,경상,승용,남,34세,경상
2018040500100667,2018년 4월 5일 23시,목요일,경상남도 김해시 외동,부상신고사고,0,0,0,1,차대차 - 추돌,안전운전불이행,젖음/습기,비,단일로 - 기타,이륜,남,33세,부상신고,승용,여,39세,상해없음
2018040500100668,2018년 4월 5일 23시,목요일,경상남도 거제시 고현동,경상사고,0,0,1,0,차대차 - 기타,안전운전불이행,건조,맑음,교차로 - 교차로부근,승용,남,41세,상해없음,승용,남,55세,경상
2018040600100017,2018년 4월 6일 00시,금요일,경상남도 김해시 동상동,경상사고,0,0,1,0,차대차 - 추돌,안전운전불이행,건조,맑음,단일로 - 기타,승용,남,27세,상해없음,승합,남,59세,경상
2018040600100079,2018년 4월 6일 03시,금요일,경상남도 김해시 한림면,경상사고,0,0,1,0,차대차 - 측면충돌,안전운전불이행,젖음/습기,비,교차로 - 교차로안,승용,남,51세,상해없음,화물,남,63세,경상
2018040600100116,2018년 4월 6일 06시,금요일,경상남도 진주시 상대동,중상사고,0,2,1,0,차대차 - 측면충돌,안전운전불이행,젖음/습기,비,단일로 - 기타,승용,남,28세,중상,화물,남,35세,중상
2018040600100140,2018년 4월 6일 07시,금요일,경상남도 양산시 남부동,경상사고,0,0,1,0,차대차 - 측면충돌,안전운전불이행,젖음/습기,흐림,단일로 - 기타,화물,남,63세,상해없음,승용,남,51세,경상
2018040600100168,2018년 4월 6일 08시,금요일,경상남도 거창군 거창읍,경상사고,0,0,1,0,차대차 - 추돌,안전운전불이행,건조,맑음,단일로 - 기타,이륜,남,16세,경상,승용,여,미분류,상해없음
2018040600100169,2018년 4월 6일 08시,금요일,경상남도 의령군 부림면,중상사고,0,1,1,0,차대차 - 측면충돌,교차로운행방법위반,젖음/습기,비,교차로 - 교차로안,화물,여,59세,상해없음,승용,여,52세,경상
2018040600100171,2018년 4월 6일 08시,금요일,경상남도 창원시 의창구 팔용동,경상사고,0,0,1,0,차대차 - 측면충돌,안전운전불이행,젖음/습기,비,단일로 - 기타,승합,남,60세,상해없음,승용,여,40세,경상
2018040600100194,2018년 4월 6일 09시,금요일,경상남도 거제시 장평동,경상사고,0,0,1,0,차대차 - 추돌,안전거리미확보,젖음/습기,비,교차로 - 교차로안,화물,남,56세,상해없음,승용,여,36세,경상
2018040600100227,2018년 4월 6일 10시,금요일,경상남도 김해시 삼계동,경상사고,0,0,1,0,차대차 - 추돌,안전운전불이행,젖음/습기,흐림,교차로 - 교차로부근,승용,남,40세,상해없음,승용,남,48세,경상
2018040600100228,2018년 4월 6일 10시,금요일,경상남도 고성군 고성읍,중상사고,0,2,0,0,차대차 - 측면충돌,신호위반,건조,맑음,교차로 - 교차로안,이륜,남,75세,상해없음,승용,여,26세,중상
2018040600100255,2018년 4월 6일 11시,금요일,경상남도 양산시 물금읍,부상신고사고,0,0,0,1,차대사람 - 차도통행중,안전운전불이행,건조,맑음,단일로 - 기타,승용,남,60세,상해없음,보행자,여,66세,부상신고
2018040600100284,2018년 4월 6일 12시,금요일,경상남도 진주시 신안동,경상사고,0,0,1,0,차대사람 - 차도통행중,안전운전불이행,건조,맑음,단일로 - 기타,승용,남,30세,상해없음,보행자,여,53세,경상
2018040600100285,2018년 4월 6일 12시,금요일,경상남도 고성군 대가면,경상사고,0,0,2,0,차대차 - 측면충돌,안전운전불이행,건조,맑음,단일로 - 기타,화물,남,53세,상해없음,승용,남,50세,경상
2018040600100286,2018년 4월 6일 12시,금요일,경상남도 창원시 의창구 봉곡동,경상사고,0,0,3,0,차대차 - 추돌,안전운전불이행,건조,맑음,교차로 - 교차로안,화물,남,49세,상해없음,승용,여,32세,경상
2018040600100305,2018년 4월 6일 13시,금요일,경상남도 창원시 마산합포구 예곡동,중상사고,0,1,3,0,차대차 - 측면충돌,안전거리미확보,건조,맑음,교차로 - 교차로안,승합,남,53세,상해없음,화물,남,57세,경상
2018040600100331,2018년 4월 6일 14시,금요일,경상남도 김해시 외동,경상사고,0,0,1,0,차대사람 - 횡단중,보행자보호의무위반,건조,맑음,교차로 - 교차로횡단보도내,승용,남,32세,상해없음,보행자,여,72세,경상
2018040600100332,2018년 4월 6일 14시,금요일,경상남도 거창군 거창읍,중상사고,0,1,0,0,차대사람 - 기타,안전운전불이행,건조,맑음,단일로 - 기타,승용,여,60세,상해없음,보행자,남,75세,중상
2018040600100333,2018년 4월 6일 14시,금요일,경상남도 창원시 마산합포구 산호동,중상사고,0,1,0,0,차대차 - 측면충돌,신호위반,건조,맑음,단일로 - 기타,승용,여,68세,상해없음,이륜,남,39세,중상
2018040600100367,2018년 4월 6일 15시,금요일,경상남도 창원시 진해구 경화동,경상사고,0,0,1,0,차대차 - 측면충돌,차로위반,건조,맑음,단일로 - 기타,승용,남,29세,경상,화물,남,40세,상해없음
2018040600100368,2018년 4월 6일 15시,금요일,경상남도 남해군 남해읍,중상사고,0,1,0,1,차대차 - 측면충돌,교차로운행방법위반,건조,맑음,교차로 - 교차로안,승용,여,21세,부상신고,화물,남,69세,중상
2018040600100400,2018년 4월 6일 16시,금요일,경상남도 진주시 신안동,경상사고,0,0,1,0,차대사람 - 차도통행중,안전운전불이행,건조,맑음,단일로 - 기타,승용,여,65세,상해없음,보행자,여,39세,경상
2018040600100401,2018년 4월 6일 16시,금요일,경상남도 통영시 태평동,경상사고,0,0,1,0,차대차 - 측면충돌,안전운전불이행,건조,맑음,단일로 - 기타,승용,남,70세,상해없음,승용,남,55세,경상
2018040600100402,2018년 4월 6일 16시,금요일,경상남도 양산시 중부동,경상사고,0,0,1,0,차대차 - 측면충돌,안전운전불이행,건조,맑음,교차로 - 교차로안,승용,여,58세,상해없음,승용,남,32세,경상
2018040600100403,2018년 4월 6일 16시,금요일,경상남도 창원시 성산구 상남동,경상사고,0,0,1,0,차대사람 - 차도통행중,안전운전불이행,건조,맑음,단일로 - 기타,승용,여,32세,상해없음,보행자,남,11세,경상
2018040600100404,2018년 4월 6일 16시,금요일,경상남도 창원시 성산구 대방동,경상사고,0,0,1,0,차대차 - 측면충돌,안전운전불이행,건조,맑음,단일로 - 기타,이륜,남,55세,상해없음,승용,남,62세,경상
2018040600100405,2018년 4월 6일 16시,금요일,경상남도 창원시 의창구 팔용동,경상사고,0,0,1,0,차대차 - 추돌,안전운전불이행,건조,맑음,교차로 - 교차로부근,승용,남,32세,상해없음,화물,남,25세,경상
2018040600100438,2018년 4월 6일 17시,금요일,경상남도 거제시 동부면,경상사고,0,0,1,0,차대차 - 정면충돌,중앙선침범,건조,맑음,단일로 - 기타,승용,남,70세,상해없음,승용,남,56세,경상
2018040600100470,2018년 4월 6일 18시,금요일,경상남도 사천시 사천읍,중상사고,0,1,0,0,차대차 - 측면충돌,안전운전불이행,건조,맑음,단일로 - 기타,승용,남,36세,상해없음,이륜,남,58세,중상
2018040600100471,2018년 4월 6일 18시,금요일,경상남도 김해시 진영읍,경상사고,0,0,1,0,차대차 - 측면충돌,안전운전불이행,건조,맑음,단일로 - 기타,승용,남,34세,상해없음,이륜,남,16세,경상
2018040600100507,2018년 4월 6일 19시,금요일,경상남도 사천시 향촌동,경상사고,0,0,3,1,차대차 - 측면충돌,직진우회전진행방해,건조,맑음,교차로 - 교차로안,승용,여,47세,상해없음,승용,남,20세,경상
2018040600100508,2018년 4월 6일 19시,금요일,경상남도 김해시 불암동,경상사고,0,0,1,0,차대차 - 측면충돌,안전거리미확보,건조,맑음,교차로 - 교차로부근,특수,남,50세,상해없음,화물,남,30세,경상
2018040600100550,2018년 4월 6일 20시,금요일,경상남도 김해시 외동,중상사고,0,1,0,0,차대차 - 추돌,안전운전불이행,건조,맑음,단일로 - 기타,승용,남,49세,기타불명,승용,여,51세,중상
2018040600100551,2018년 4월 6일 20시,금요일,경상남도 양산시 덕계동,경상사고,0,0,2,1,차대차 - 추돌,안전운전불이행,건조,맑음,단일로 - 기타,승용,남,62세,상해없음,승용,여,49세,경상
2018040600100577,2018년 4월 6일 21시,금요일,경상남도 진주시 내동면,중상사고,0,1,0,0,차대차 - 측면충돌,신호위반,건조,맑음,교차로 - 교차로안,화물,남,35세,상해없음,승용,여,53세,중상
2018040600100578,2018년 4월 6일 21시,금요일,경상남도 양산시 삼호동,경상사고,0,0,1,0,차대차 - 추돌,안전운전불이행,건조,맑음,교차로 - 교차로부근,승용,남,58세,상해없음,승용,남,40세,경상
2018040600100579,2018년 4월 6일 21시,금요일,경상남도 창원시 의창구 북면,중상사고,0,1,0,0,차대차 - 측면충돌,안전운전불이행,건조,맑음,단일로 - 기타,승용,여,62세,상해없음,승용,여,38세,중상
2018040700100015,2018년 4월 7일 00시,토요일,경상남도 창원시 마산회원구 구암동,중상사고,0,1,0,0,차대차 - 추돌,안전운전불이행,젖음/습기,맑음,교차로 - 교차로부근,승용,남,55세,상해없음,승용,남,39세,상해없음
2018040700100096,2018년 4월 7일 05시,토요일,경상남도 합천군 합천읍,중상사고,0,1,0,0,차대사람 - 길가장자리구역통행중,안전운전불이행,건조,맑음,단일로 - 기타,화물,남,44세,상해없음,보행자,여,63세,중상
2018040700100114,2018년 4월 7일 07시,토요일,경상남도 거제시 장평동,중상사고,0,1,0,0,차량단독 - 기타,안전운전불이행,건조,맑음,교차로 - 교차로부근,이륜,여,46세,중상,,,,
2018040700100139,2018년 4월 7일 08시,토요일,경상남도 김해시 상동면,중상사고,0,1,0,0,차대차 - 측면충돌,안전운전불이행,건조,맑음,교차로 - 교차로안,승용,여,46세,상해없음,이륜,남,37세,중상