사고번호,사고일시,요일,시군구,사고내용,사망자수,중상자수,경상자수,부상신고자수,사고유형,법규위반,노면상태,기상상태,도로형태,가해운전자 차종,가해운전자 성별,가해운전자 연령,가해운전자 상해정도,피해운전자 차종,피해운전자 성별,피해운전자 연령,피해운전자 상해정도
2018040700100140,2018년 4월 7일 08시,토요일,경상남도 거제시 장목면,중상사고,0,1,0,0,차대차 - 정면충돌,중앙선침범,건조,맑음,기타 - 기타,승용,남,63세,상해없음,승용,여,37세,중상
2018040700100158,2018년 4월 7일 09시,토요일,경상남도 사천시 벌리동,중상사고,0,2,1,0,차대차 - 측면충돌,신호위반,건조,맑음,교차로 - 교차로안,승용,남,68세,상해없음,화물,남,44세,중상
2018040700100228,2018년 4월 7일 11시,토요일,경상남도 고성군 하이면,중상사고,0,1,0,0,차대차 - 추돌,안전운전불이행,건조,맑음,단일로 - 기타,자전거,남,32세,상해없음,자전거,여,73세,중상
2018040700100229,2018년 4월 7일 11시,토요일,경상남도 거제시 장승포동,중상사고,0,1,0,0,차대차 - 기타,교차로운행방법위반,건조,맑음,교차로 - 교차로안,승용,남,67세,상해없음,승합,남,25세,상해없음
2018040700100230,2018년 4월 7일 11시,토요일,경상남도 거제시 동부면,경상사고,0,0,2,0,차대차 - 추돌,안전거리미확보,건조,맑음,교차로 - 교차로부근,화물,남,67세,상해없음,승용,남,39세,경상
2018040700100290,2018년 4월 7일 13시,토요일,경상남도 통영시 사량면,중상사고,0,1,0,0,차량단독 - 전도전복 - 전복,안전운전불이행,건조,맑음,단일로 - 기타,사륜오토바이(ATV),남,67세,중상,미분류,미분류,미분류,미분류
2018040700100291,2018년 4월 7일 13시,토요일,경상남도 거창군 남하면,중상사고,0,1,1,0,차대차 - 측면충돌,안전운전불이행,건조,맑음,교차로 - 교차로안,화물,남,58세,상해없음,승용,남,68세,경상
2018040700100292,2018년 4월 7일 13시,토요일,경상남도 함안군 칠원읍,경상사고,0,0,4,0,차대차 - 추돌,안전운전불이행,건조,맑음,단일로 - 기타,승용,남,24세,경상,승용,남,45세,경상
2018040700100328,2018년 4월 7일 14시,토요일,경상남도 통영시 중앙동,경상사고,0,0,1,0,차대사람 - 횡단중,신호위반,건조,맑음,단일로 - 기타,원동기,남,82세,상해없음,보행자,여,67세,경상
2018040700100329,2018년 4월 7일 14시,토요일,경상남도 통영시 문화동,부상신고사고,0,0,0,1,차대차 - 기타,안전운전불이행,건조,맑음,단일로 - 기타,기타불명,기타불명,미분류,기타불명,승합,남,60세,상해없음
2018040700100330,2018년 4월 7일 14시,토요일,경상남도 김해시 부원동,경상사고,0,0,1,0,차대차 - 측면충돌,안전운전불이행,건조,맑음,교차로 - 교차로안,승용,여,47세,상해없음,승용,여,51세,경상
2018040700100331,2018년 4월 7일 14시,토요일,경상남도 거제시 연초면,경상사고,0,0,1,0,차대차 - 기타,신호위반,건조,맑음,교차로 - 교차로안,화물,남,52세,상해없음,승용,남,32세,경상
2018040700100332,2018년 4월 7일 14시,토요일,경상남도 창원시 마산회원구 구암동,경상사고,0,0,1,0,차대사람 - 보도통행중,기타,건조,맑음,기타 - 기타,화물,남,59세,상해없음,보행자,여,28세,경상
2018040700100376,2018년 4월 7일 15시,토요일,경상남도 하동군 하동읍,중상사고,0,1,0,0,차대사람 - 횡단중,안전운전불이행,건조,맑음,단일로 - 기타,승용,남,57세,상해없음,보행자,남,7세,중상
2018040700100377,2018년 4월 7일 15시,토요일,경상남도 거제시 고현동,경상사고,0,0,1,0,차대사람 - 길가장자리구역통행중,안전운전불이행,건조,맑음,단일로 - 기타,승용,남,77세,상해없음,보행자,남,18세,경상
2018040700100378,2018년 4월 7일 15시,토요일,경상남도 창원시 성산구 내동,경상사고,0,0,1,0,차대차 - 기타,중앙선침범,건조,맑음,단일로 - 기타,이륜,남,60세,상해없음,자전거,남,57세,경상
2018040700100418,2018년 4월 7일 16시,토요일,경상남도 사천시 용현면,경상사고,0,0,2,8,차대차 - 측면충돌,안전운전불이행,건조,맑음,교차로 - 교차로부근,승용,남,56세,부상신고,승합,남,59세,경상
2018040700100419,2018년 4월 7일 16시,토요일,경상남도 양산시 물금읍,경상사고,0,0,2,0,차대차 - 측면충돌,중앙선침범,건조,맑음,단일로 - 기타,승용,여,24세,상해없음,승용,남,27세,경상
2018040700100460,2018년 4월 7일 17시,토요일,경상남도 진주시 평거동,경상사고,0,0,1,0,차대사람 - 차도통행중,보행자보호의무위반,건조,맑음,단일로 - 기타,승용,남,56세,상해없음,보행자,여,15세,경상
2018040700100461,2018년 4월 7일 17시,토요일,경상남도 거제시 아주동,경상사고,0,0,1,0,차대차 - 기타,안전운전불이행,건조,맑음,단일로 - 기타,승용,여,30세,상해없음,이륜,남,35세,경상
2018040700100462,2018년 4월 7일 17시,토요일,경상남도 창원시 의창구 신월동,경상사고,0,0,1,0,차대차 - 측면충돌,신호위반,건조,맑음,교차로 - 교차로안,승용,여,57세,상해없음,원동기,남,27세,경상
2018040700100463,2018년 4월 7일 17시,토요일,경상남도 김해시 관동동,경상사고,0,0,1,0,차대차 - 측면충돌,안전운전불이행,건조,맑음,교차로 - 교차로안,승용,남,35세,상해없음,승용,남,31세,경상
2018040700100464,2018년 4월 7일 17시,토요일,경상남도 함안군 칠원읍,경상사고,0,0,2,0,차대차 - 추돌,안전운전불이행,건조,맑음,단일로 - 기타,승용,남,28세,상해없음,승용,남,31세,경상
2018040700100514,2018년 4월 7일 18시,토요일,경상남도 창원시 성산구 반지동,경상사고,0,0,1,0,차대사람 - 횡단중,안전운전불이행,건조,맑음,단일로 - 기타,승용,여,25세,상해없음,보행자,남,5세,경상
2018040700100547,2018년 4월 7일 19시,토요일,경상남도 진주시 중안동,경상사고,0,0,2,0,차대사람 - 횡단중,보행자보호의무위반,건조,맑음,단일로 - 기타,승용,여,44세,상해없음,보행자,여,26세,경상
2018040700100548,2018년 4월 7일 19시,토요일,경상남도 김해시 진영읍,중상사고,0,1,4,0,차대차 - 추돌,안전운전불이행,건조,맑음,단일로 - 기타,화물,남,48세,상해없음,승용,여,44세,중상
2018040700100583,2018년 4월 7일 20시,토요일,경상남도 창원시 의창구 도계동,경상사고,0,0,1,0,차대차 - 기타,안전운전불이행,건조,맑음,교차로 - 교차로안,승용,남,47세,상해없음,승용,남,61세,상해없음
2018040700100612,2018년 4월 7일 21시,토요일,경상남도 밀양시 내이동,부상신고사고,0,0,0,1,차대차 - 측면충돌,기타,건조,맑음,교차로 - 교차로안,원동기,여,55세,부상신고,승용,남,61세,상해없음
2018040700100613,2018년 4월 7일 21시,토요일,경상남도 거제시 고현동,경상사고,0,0,4,0,차대차 - 측면충돌,기타,건조,맑음,교차로 - 교차로부근,승용,여,57세,상해없음,승합,남,46세,상해없음
2018040700100641,2018년 4월 7일 22시,토요일,경상남도 거제시 장목면,중상사고,0,1,0,0,차대사람 - 기타,보행자보호의무위반,건조,맑음,단일로 - 기타,승용,남,50세,상해없음,보행자,남,14세,중상
2018040700100669,2018년 4월 7일 23시,토요일,경상남도 진주시 인사동,경상사고,0,0,1,0,차량단독 - 기타,안전운전불이행,건조,맑음,단일로 - 기타,승용,남,25세,상해없음,,,,
2018040700100670,2018년 4월 7일 23시,토요일,경상남도 창원시 진해구 이동,경상사고,0,0,1,0,차대차 - 측면충돌,안전운전불이행,건조,맑음,교차로 - 교차로안,승용,남,61세,상해없음,승용,남,52세,경상
2018040700100671,2018년 4월 7일 23시,토요일,경상남도 창원시 마산회원구 양덕동,중상사고,0,1,1,0,차대차 - 추돌,안전운전불이행,건조,맑음,교차로 - 교차로부근,승용,남,27세,상해없음,승용,남,63세,경상
2018040800100013,2018년 4월 8일 00시,일요일,경상남도 김해시 어방동,경상사고,0,0,1,0,차대사람 - 기타,안전운전불이행,건조,맑음,교차로 - 교차로안,승용,여,48세,상해없음,보행자,남,37세,경상
2018040800100078,2018년 4월 8일 05시,일요일,경상남도 창원시 마산합포구 남성동,중상사고,0,1,0,0,차대사람 - 횡단중,안전운전불이행,건조,맑음,단일로 - 기타,승용,남,71세,상해없음,보행자,여,72세,중상
2018040800100079,2018년 4월 8일 05시,일요일,경상남도 거제시 옥포동,중상사고,0,1,0,0,차대차 - 측면충돌,교차로운행방법위반,건조,맑음,교차로 - 교차로안,화물,남,59세,상해없음,승용,여,44세,중상
2018040800100101,2018년 4월 8일 07시,일요일,경상남도 김해시 대성동,중상사고,0,1,0,0,차대사람 - 횡단중,안전운전불이행,건조,맑음,교차로 - 교차로안,승용,여,69세,기타불명,보행자,남,57세,중상
2018040800100107,2018년 4월 8일 08시,일요일,경상남도 사천시 서포면,중상사고,0,1,0,0,차대차 - 측면충돌,안전운전불이행,건조,맑음,단일로 - 기타,승용,남,40세,상해없음,화물,남,54세,중상
2018040800100144,2018년 4월 8일 10시,일요일,경상남도 함양군 지곡면,경상사고,0,0,1,0,차대사람 - 기타,안전운전불이행,건조,맑음,기타 - 기타,승용,남,48세,상해없음,보행자,남,58세,경상
2018040800100169,2018년 4월 8일 11시,일요일,경상남도 양산시 물금읍,경상사고,0,0,1,0,차대차 - 측면충돌,안전운전불이행,건조,맑음,단일로 - 기타,승용,여,42세,상해없음,자전거,남,11세,경상
2018040800100170,2018년 4월 8일 11시,일요일,경상남도 창원시 의창구 서상동,경상사고,0,0,1,1,차대차 - 측면충돌,중앙선침범,건조,맑음,단일로 - 기타,승용,남,26세,상해없음,승용,남,48세,상해없음
2018040800100191,2018년 4월 8일 12시,일요일,경상남도 통영시 북신동,중상사고,0,1,1,0,차대차 - 추돌,안전운전불이행,건조,맑음,교차로 - 교차로부근,승용,남,81세,상해없음,승용,남,58세,경상
2018040800100192,2018년 4월 8일 12시,일요일,경상남도 남해군 서면,중상사고,0,1,0,0,차대차 - 측면충돌,안전운전불이행,건조,맑음,교차로 - 교차로안,승용,남,69세,상해없음,자전거,남,44세,중상
2018040800100193,2018년 4월 8일 12시,일요일,경상남도 김해시 신문동,경상사고,0,0,1,0,차대차 - 측면충돌,중앙선침범,건조,맑음,교차로 - 교차로부근,승용,여,43세,상해없음,승용,남,61세,경상
2018040800100244,2018년 4월 8일 14시,일요일,경상남도 사천시 사남면,경상사고,0,0,1,0,차대차 - 기타,안전운전불이행,건조,맑음,교차로 - 교차로안,승용,여,51세,상해없음,자전거,남,49세,경상
2018040800100245,2018년 4월 8일 14시,일요일,경상남도 양산시 물금읍,중상사고,0,1,0,0,차대차 - 기타,안전운전불이행,건조,맑음,단일로 - 기타,자전거,여,48세,상해없음,자전거,여,54세,중상
2018040800100246,2018년 4월 8일 14시,일요일,경상남도 고성군 고성읍,경상사고,0,0,1,0,차대차 - 측면충돌,직진우회전진행방해,건조,맑음,교차로 - 교차로안,승용,남,36세,상해없음,승용,여,67세,경상
2018040800100262,2018년 4월 8일 15시,일요일,경상남도 밀양시 산외면,중상사고,0,2,4,1,차대차 - 추돌,안전운전불이행,건조,맑음,단일로 - 터널,승용,남,25세,경상,승용,남,35세,경상
2018040800100279,2018년 4월 8일 15시,일요일,경상남도 창원시 마산회원구 내서읍,경상사고,0,0,1,0,차대사람 - 차도통행중,안전운전불이행,건조,맑음,단일로 - 기타,승용,남,28세,상해없음,보행자,여,5세,경상
2018040800100318,2018년 4월 8일 16시,일요일,경상남도 진주시 신안동,경상사고,0,0,1,0,차대차 - 측면충돌,안전운전불이행,건조,맑음,단일로 - 기타,원동기,남,19세,경상,화물,남,46세,상해없음
2018040800100319,2018년 4월 8일 16시,일요일,경상남도 통영시 무전동,중상사고,0,1,0,0,차대사람 - 횡단중,안전운전불이행,건조,맑음,단일로 - 기타,승용,여,37세,상해없음,보행자,남,23세,중상
2018040800100320,2018년 4월 8일 16시,일요일,경상남도 사천시 사천읍,중상사고,0,1,0,0,차대차 - 측면충돌,안전운전불이행,건조,맑음,단일로 - 기타,승용,남,37세,상해없음,이륜,남,40세,중상
2018040800100321,2018년 4월 8일 16시,일요일,경상남도 고성군 회화면,중상사고,0,2,0,0,차량단독 - 기타,안전거리미확보,건조,맑음,단일로 - 기타,승용,남,42세,중상,,,,
2018040800100322,2018년 4월 8일 16시,일요일,경상남도 고성군 마암면,중상사고,0,1,0,0,차량단독 - 기타,안전운전불이행,건조,맑음,단일로 - 기타,승합,남,61세,상해없음,,,,
2018040800100323,2018년 4월 8일 16시,일요일,경상남도 창원시 마산합포구 산호동,경상사고,0,0,2,0,차대차 - 측면충돌,중앙선침범,건조,맑음,교차로 - 교차로부근,승용,남,58세,상해없음,승용,남,49세,경상
2018040800100447,2018년 4월 8일 20시,일요일,경상남도 김해시 어방동,경상사고,0,0,1,0,차대차 - 기타,안전운전불이행,건조,맑음,교차로 - 교차로부근,승용,남,43세,상해없음,이륜,남,24세,경상
2018040800100501,2018년 4월 8일 23시,일요일,경상남도 하동군 화개면,경상사고,0,0,1,1,차대차 - 정면충돌,중앙선침범,건조,맑음,단일로 - 기타,승용,남,42세,부상신고,승용,남,48세,경상
2018040800100502,2018년 4월 8일 23시,일요일,경상남도 함안군 칠원읍,중상사고,0,1,0,0,차대사람 - 횡단중,안전운전불이행,건조,맑음,교차로 - 교차로부근,승용,남,42세,상해없음,보행자,남,54세,중상
2018040900100082,2018년 4월 9일 07시,월요일,경상남도 진주시 하대동,경상사고,0,0,1,0,차대차 - 측면충돌,안전운전불이행,건조,맑음,교차로 - 교차로안,승용,남,53세,상해없음,승용,남,28세,경상
2018040900100083,2018년 4월 9일 07시,월요일,경상남도 진주시 강남동,중상사고,0,1,0,0,차대사람 - 횡단중,보행자보호의무위반,건조,맑음,교차로 - 교차로횡단보도내,승용,남,40세,상해없음,보행자,남,67세,중상
2018040900100153,2018년 4월 9일 09시,월요일,경상남도 합천군 율곡면,경상사고,0,0,3,0,차대차 - 추돌,안전운전불이행,건조,맑음,단일로 - 기타,승용,남,56세,상해없음,승용,남,46세,경상
2018040900100190,2018년 4월 9일 10시,월요일,경상남도 창원시 마산합포구 추산동,중상사고,0,1,0,0,차대사람 - 횡단중,안전운전불이행,건조,맑음,단일로 - 기타,승용,남,58세,상해없음,보행자,여,80세,중상
2018040900100225,2018년 4월 9일 11시,월요일,경상남도 창원시 진해구 덕산동,중상사고,0,1,0,0,차대차 - 기타,안전운전불이행,건조,맑음,단일로 - 기타,승용,여,34세,상해없음,자전거,여,75세,중상
2018040900100226,2018년 4월 9일 11시,월요일,경상남도 하동군 양보면,중상사고,0,1,0,0,차대차 - 정면충돌,중앙선침범,건조,맑음,교차로 - 교차로부근,화물,남,66세,상해없음,승용,여,62세,중상
2018040900100227,2018년 4월 9일 11시,월요일,경상남도 남해군 이동면,경상사고,0,0,1,0,차대차 - 측면충돌,직진우회전진행방해,건조,맑음,교차로 - 교차로안,원동기,남,79세,경상,승용,여,38세,상해없음
2018040900100228,2018년 4월 9일 11시,월요일,경상남도 남해군 이동면,중상사고,0,4,0,0,차대차 - 측면충돌,안전운전불이행,건조,맑음,교차로 - 교차로안,승용,남,58세,중상,승용,남,60세,중상
2018040900100229,2018년 4월 9일 11시,월요일,경상남도 창원시 마산회원구 석전동,경상사고,0,0,1,0,차대차 - 추돌,안전운전불이행,건조,맑음,교차로 - 교차로부근,승용,남,42세,상해없음,승용,남,38세,경상
2018040900100230,2018년 4월 9일 11시,월요일,경상남도 김해시 진례면,경상사고,0,0,1,0,차량단독 - 공작물충돌,안전운전불이행,건조,맑음,단일로 - 기타,승용,남,52세,상해없음,,,,
2018040900100270,2018년 4월 9일 12시,월요일,경상남도 양산시 삼호동,중상사고,0,3,1,1,차대차 - 측면충돌,교차로운행방법위반,건조,맑음,교차로 - 교차로안,승용,남,63세,경상,승용,남,73세,중상
2018040900100301,2018년 4월 9일 13시,월요일,경상남도 창원시 성산구 성주동,중상사고,0,1,0,0,차대차 - 측면충돌,신호위반,건조,맑음,교차로 - 교차로안,승용,남,63세,상해없음,승용,남,68세,중상
2018040900100302,2018년 4월 9일 13시,월요일,경상남도 창원시 마산회원구 양덕동,중상사고,0,1,0,0,차대차 - 측면충돌,신호위반,건조,맑음,교차로 - 교차로안,자전거,남,86세,중상,승용,여,34세,상해없음
2018040900100338,2018년 4월 9일 14시,월요일,경상남도 창원시 진해구 수송동,경상사고,0,0,1,0,차대사람 - 횡단중,보행자보호의무위반,건조,맑음,교차로 - 교차로횡단보도내,승용,남,20세,상해없음,보행자,여,67세,경상
2018040900100339,2018년 4월 9일 14시,월요일,경상남도 통영시 중앙동,경상사고,0,0,1,0,차대사람 - 길가장자리구역통행중,안전운전불이행,건조,맑음,단일로 - 기타,승용,여,29세,상해없음,보행자,남,59세,경상
2018040900100340,2018년 4월 9일 14시,월요일,경상남도 양산시 평산동,중상사고,0,1,0,0,차대차 - 기타,교차로운행방법위반,건조,맑음,교차로 - 교차로안,승용,여,52세,상해없음,승용,여,26세,중상
2018040900100341,2018년 4월 9일 14시,월요일,경상남도 김해시 무계동,중상사고,0,1,0,0,차대사람 - 길가장자리구역통행중,안전운전불이행,건조,맑음,단일로 - 기타,화물,남,35세,상해없음,보행자,여,65세,중상
2018040900100393,2018년 4월 9일 16시,월요일,경상남도 김해시 대동면,중상사고,0,1,0,0,차대차 - 기타,안전거리미확보,건조,맑음,단일로 - 기타,승용,남,62세,상해없음,화물,남,62세,중상
2018040900100410,2018년 4월 9일 16시,월요일,경상남도 양산시 동면,부상신고사고,0,0,0,1,차대차 - 기타,신호위반,건조,맑음,교차로 - 교차로안,승용,남,59세,상해없음,승용,남,36세,상해없음
2018040900100461,2018년 4월 9일 17시,월요일,경상남도 진주시 상대동,경상사고,0,0,1,0,차대차 - 측면충돌,안전운전불이행,건조,맑음,단일로 - 기타,승합,남,57세,상해없음,승용,남,38세,상해없음
2018040900100462,2018년 4월 9일 17시,월요일,경상남도 창원시 진해구 광화동,경상사고,0,0,1,0,차대차 - 측면충돌,안전거리미확보,건조,맑음,단일로 - 기타,자전거,여,65세,경상,승합,남,45세,상해없음
2018040900100463,2018년 4월 9일 17시,월요일,경상남도 합천군 가야면,중상사고,0,1,0,0,차대차 - 정면충돌,교차로운행방법위반,건조,맑음,교차로 - 교차로안,화물,남,57세,상해없음,이륜,남,61세,중상
2018040900100464,2018년 4월 9일 17시,월요일,경상남도 창원시 의창구 서상동,중상사고,0,1,0,0,차대차 - 측면충돌,안전운전불이행,건조,맑음,단일로 - 기타,승용,남,39세,상해없음,이륜,남,55세,중상
2018040900100465,2018년 4월 9일 17시,월요일,경상남도 창원시 의창구 동읍,중상사고,0,1,0,0,차대차 - 측면충돌,안전운전불이행,건조,맑음,교차로 - 교차로안,화물,남,54세,상해없음,원동기,남,69세,중상
2018040900100501,2018년 4월 9일 18시,월요일,경상남도 창원시 마산회원구 회성동,중상사고,0,1,1,0,차대사람 - 횡단중,신호위반,건조,맑음,교차로 - 교차로횡단보도내,이륜,남,65세,경상,보행자,여,77세,중상
2018040900100543,2018년 4월 9일 19시,월요일,경상남도 창원시 진해구 태평동,중상사고,0,1,0,0,차대사람 - 기타,안전운전불이행,건조,맑음,교차로 - 교차로부근,승용,남,60세,상해없음,보행자,남,51세,중상
2018040900100544,2018년 4월 9일 19시,월요일,경상남도 김해시 외동,중상사고,0,1,0,0,차대차 - 기타,안전운전불이행,건조,맑음,교차로 - 교차로안,승용,남,44세,상해없음,원동기,남,19세,중상
2018040900100545,2018년 4월 9일 19시,월요일,경상남도 함양군 서상면,경상사고,0,0,1,0,차대차 - 측면충돌,중앙선침범,건조,맑음,단일로 - 기타,승용,남,56세,상해없음,승용,남,80세,경상
2018040900100546,2018년 4월 9일 19시,월요일,경상남도 양산시 물금읍,경상사고,0,0,1,2,차대차 - 추돌,안전운전불이행,건조,맑음,교차로 - 교차로안,승용,여,29세,기타불명,승용,남,30세,부상신고
2018040900100547,2018년 4월 9일 19시,월요일,경상남도 거제시 고현동,경상사고,0,0,1,0,차대차 - 기타,기타,건조,맑음,교차로 - 교차로부근,승용,남,63세,상해없음,이륜,남,45세,경상
2018040900100548,2018년 4월 9일 19시,월요일,경상남도 김해시 진영읍,중상사고,0,1,0,0,차대차 - 기타,안전운전불이행,건조,맑음,교차로 - 교차로부근,원동기,남,44세,중상,승용,여,24세,상해없음
2018040900100582,2018년 4월 9일 20시,월요일,경상남도 양산시 덕계동,중상사고,0,3,1,0,차대차 - 측면충돌,안전운전불이행,건조,맑음,교차로 - 교차로안,승용,남,34세,상해없음,특수,남,33세,중상
2018040900100617,2018년 4월 9일 21시,월요일,경상남도 거제시 장평동,중상사고,0,1,0,0,차대사람 - 기타,안전운전불이행,건조,맑음,단일로 - 기타,승용,남,31세,상해없음,보행자,남,44세,중상
2018040900100641,2018년 4월 9일 22시,월요일,경상남도 창원시 마산합포구 월영동,중상사고,0,1,0,0,차대차 - 추돌,안전거리미확보,건조,맑음,교차로 - 교차로부근,승용,여,31세,상해없음,승용,여,29세,중상
2018041000100007,2018년 4월 10일 00시,화요일,경상남도 통영시 평림동,중상사고,0,1,0,0,차대차 - 측면충돌,직진우회전진행방해,건조,맑음,교차로 - 교차로안,승용,여,27세,상해없음,화물,남,38세,중상
2018041000100028,2018년 4월 10일 02시,화요일,경상남도 창원시 진해구 용원동,경상사고,0,0,2,0,차대차 - 측면충돌,신호위반,건조,맑음,교차로 - 교차로안,승용,남,46세,상해없음,승용,남,41세,경상
2018041000100085,2018년 4월 10일 07시,화요일,경상남도 창원시 마산회원구 봉암동,중상사고,0,1,0,0,차대차 - 측면충돌,신호위반,건조,맑음,교차로 - 교차로횡단보도내,이륜,남,65세,중상,이륜,기타불명,미분류,기타불명
2018041000100086,2018년 4월 10일 07시,화요일,경상남도 창원시 의창구 중동,경상사고,0,0,2,0,차대차 - 측면충돌,안전운전불이행,건조,맑음,교차로 - 교차로안,승용,여,60세,상해없음,승용,여,25세,경상
2018041000100125,2018년 4월 10일 08시,화요일,경상남도 진주시 상봉동,중상사고,0,1,0,1,차대차 - 측면충돌,과속,건조,맑음,교차로 - 교차로안,승용,남,25세,부상신고,승용,여,50세,중상
2018041000100126,2018년 4월 10일 08시,화요일,경상남도 거창군 거창읍,경상사고,0,0,1,0,차대차 - 기타,중앙선침범,건조,맑음,단일로 - 기타,자전거,남,13세,경상,승용,남,44세,상해없음
2018041000100128,2018년 4월 10일 08시,화요일,경상남도 김해시 진영읍,경상사고,0,0,1,0,차대차 - 추돌,안전운전불이행,건조,맑음,단일로 - 기타,승용,남,69세,상해없음,화물,남,57세,경상
2018041000100235,2018년 4월 10일 11시,화요일,경상남도 진주시 평거동,중상사고,0,1,1,0,차대차 - 측면충돌,신호위반,건조,맑음,교차로 - 교차로안,건설기계,남,52세,상해없음,화물,남,47세,중상
2018041000100258,2018년 4월 10일 12시,화요일,경상남도 김해시 어방동,경상사고,0,0,2,0,차대차 - 측면충돌,안전거리미확보,건조,맑음,교차로 - 교차로부근,승용,남,71세,상해없음,승용,남,28세,경상
2018041000100318,2018년 4월 10일 14시,화요일,경상남도 함안군 함안면,중상사고,0,1,0,0,차대차 - 측면충돌,안전운전불이행,건조,맑음,단일로 - 기타,화물,남,58세,상해없음,이륜,남,81세,중상
2018041000100346,2018년 4월 10일 15시,화요일,경상남도 창원시 의창구 도계동,부상신고사고,0,0,0,1,차대차 - 측면충돌,안전운전불이행,건조,맑음,단일로 - 기타,승용,여,42세,상해없음,자전거,남,11세,부상신고
2018041000100380,2018년 4월 10일 16시,화요일,경상남도 창녕군 창녕읍,경상사고,0,0,1,0,차대차 - 측면충돌,기타,건조,맑음,교차로 - 교차로안,승용,여,54세,상해없음,승용,여,64세,경상
2018041000100424,2018년 4월 10일 17시,화요일,경상남도 양산시 명동,중상사고,0,1,0,0,차대차 - 기타,안전운전불이행,건조,맑음,단일로 - 기타,기타불명,기타불명,미분류,기타불명,이륜,남,16세,중상
2018041000100425,2018년 4월 10일 17시,화요일,경상남도 거제시 둔덕면,중상사고,0,1,0,0,차량단독 - 기타,안전운전불이행,건조,맑음,단일로 - 기타,화물,남,68세,상해없음,,,,
2018041000100426,2018년 4월 10일 17시,화요일,경상남도 창원시 성산구 상남동,경상사고,0,0,1,0,차대사람 - 차도통행중,안전운전불이행,건조,맑음,주차장 - 주차장,승용,남,30세,기타불명,보행자,남,33세,경상
2018041000100499,2018년 4월 10일 19시,화요일,경상남도 사천시 벌리동,부상신고사고,0,0,0,1,차량단독 - 공작물충돌,안전운전불이행,건조,맑음,단일로 - 기타,이륜,남,45세,부상신고,,,,
2018041000100500,2018년 4월 10일 19시,화요일,경상남도 양산시 명동,중상사고,0,1,0,0,차대사람 - 횡단중,안전운전불이행,건조,맑음,교차로 - 교차로안,승용,여,63세,상해없음,보행자,여,56세,중상
2018041000100501,2018년 4월 10일 19시,화요일,경상남도 거제시 옥포동,경상사고,0,0,2,0,차대차 - 측면충돌,안전운전불이행,건조,맑음,단일로 - 기타,승용,여,49세,경상,승용,남,39세,경상
2018041000100502,2018년 4월 10일 19시,화요일,경상남도 창원시 의창구 용호동,경상사고,0,0,1,0,차대차 - 추돌,안전운전불이행,건조,맑음,교차로 - 교차로안,승합,남,35세,상해없음,승용,여,39세,경상
2018041000100503,2018년 4월 10일 19시,화요일,경상남도 김해시 한림면,경상사고,0,0,1,0,차대차 - 측면충돌,교차로운행방법위반,건조,맑음,교차로 - 교차로안,승용,여,27세,상해없음,승용,여,36세,경상
2018041000100533,2018년 4월 10일 20시,화요일,경상남도 거제시 장평동,중상사고,0,1,0,0,차대차 - 측면충돌,신호위반,건조,맑음,교차로 - 교차로안,승용,남,54세,상해없음,이륜,남,39세,중상
2018041000100534,2018년 4월 10일 20시,화요일,경상남도 창원시 성산구 성주동,중상사고,0,1,0,0,차대차 - 측면충돌,신호위반,건조,맑음,교차로 - 교차로안,승용,남,58세,상해없음,승용,남,61세,중상
2018041000100579,2018년 4월 10일 21시,화요일,경상남도 사천시 정동면,경상사고,0,0,1,0,차대차 - 측면충돌,안전운전불이행,건조,맑음,교차로 - 교차로안,승용,남,59세,상해없음,승용,남,45세,상해없음
2018041000100580,2018년 4월 10일 21시,화요일,경상남도 창원시 의창구 대산면,부상신고사고,0,0,0,1,차대차 - 기타,신호위반,건조,맑음,교차로 - 교차로안,화물,남,49세,상해없음,화물,남,29세,부상신고
2018041000100624,2018년 4월 10일 22시,화요일,경상남도 사천시 사남면,경상사고,0,0,1,0,차대차 - 추돌,안전운전불이행,건조,맑음,단일로 - 기타,승용,남,50세,경상,승용,남,31세,상해없음
2018041000100655,2018년 4월 10일 23시,화요일,경상남도 거제시 사등면,경상사고,0,0,2,0,차대차 - 추돌,안전운전불이행,건조,맑음,단일로 - 기타,화물,남,58세,경상,승용,남,50세,경상
2018041100100015,2018년 4월 11일 00시,수요일,경상남도 하동군 진교면,중상사고,0,1,0,0,차량단독 - 공작물충돌,안전운전불이행,건조,맑음,단일로 - 지하차도(도로)내,승용,여,46세,중상,,,,
2018041100100016,2018년 4월 11일 00시,수요일,경상남도 창원시 의창구 신월동,경상사고,0,0,1,0,차대차 - 기타,안전운전불이행,건조,맑음,단일로 - 기타,화물,남,34세,상해없음,승용,남,45세,경상
2018041100100032,2018년 4월 11일 02시,수요일,경상남도 창원시 의창구 동읍,경상사고,0,0,1,0,차대차 - 측면충돌,안전운전불이행,젖음/습기,비,단일로 - 기타,승용,남,50세,상해없음,화물,남,37세,경상
2018041100100048,2018년 4월 11일 04시,수요일,경상남도 양산시 삼호동,중상사고,0,1,0,0,차대차 - 측면충돌,안전운전불이행,건조,맑음,교차로 - 교차로안,승용,남,66세,상해없음,승용,남,44세,중상
2018041100100060,2018년 4월 11일 05시,수요일,경상남도 창원시 진해구 용원동,중상사고,0,1,0,0,차량단독 - 전도전복 - 전도,안전운전불이행,젖음/습기,비,단일로 - 기타,원동기,남,70세,중상,미분류,미분류,미분류,미분류