사고번호,사고일시,요일,시군구,사고내용,사망자수,중상자수,경상자수,부상신고자수,사고유형,법규위반,노면상태,기상상태,도로형태,가해운전자 차종,가해운전자 성별,가해운전자 연령,가해운전자 상해정도,피해운전자 차종,피해운전자 성별,피해운전자 연령,피해운전자 상해정도
2018041100100120,2018년 4월 11일 08시,수요일,경상남도 김해시 삼계동,경상사고,0,0,1,0,차대차 - 기타,안전운전불이행,건조,맑음,교차로 - 교차로안,자전거,남,18세,경상,화물,남,44세,상해없음
2018041100100121,2018년 4월 11일 08시,수요일,경상남도 산청군 산청읍,중상사고,0,1,0,0,차대사람 - 횡단중,안전운전불이행,건조,맑음,교차로 - 교차로부근,화물,남,54세,상해없음,보행자,여,76세,중상
2018041100100166,2018년 4월 11일 09시,수요일,경상남도 김해시 전하동,경상사고,0,0,4,0,차대차 - 추돌,안전거리미확보,건조,맑음,단일로 - 기타,승용,남,28세,기타불명,승합,여,25세,경상
2018041100100186,2018년 4월 11일 10시,수요일,경상남도 사천시 동금동,중상사고,0,1,0,0,차대사람 - 차도통행중,안전운전불이행,건조,맑음,교차로 - 교차로부근,승용,남,58세,상해없음,보행자,여,56세,중상
2018041100100187,2018년 4월 11일 10시,수요일,경상남도 창원시 성산구 불모산동,중상사고,0,1,0,0,차대차 - 측면충돌,안전운전불이행,건조,맑음,단일로 - 기타,승용,여,47세,상해없음,승용,여,27세,중상
2018041100100213,2018년 4월 11일 11시,수요일,경상남도 창원시 마산합포구 진전면,경상사고,0,0,2,0,차대차 - 측면충돌,중앙선침범,건조,맑음,교차로 - 교차로부근,화물,남,70세,경상,승용,남,57세,경상
2018041100100214,2018년 4월 11일 11시,수요일,경상남도 남해군 남해읍,경상사고,0,0,1,0,차대차 - 측면충돌,안전운전불이행,건조,맑음,단일로 - 기타,화물,남,57세,상해없음,승용,남,46세,경상
2018041100100215,2018년 4월 11일 11시,수요일,경상남도 창원시 의창구 소답동,경상사고,0,0,1,0,차대차 - 기타,안전운전불이행,건조,맑음,교차로 - 교차로부근,승용,남,62세,상해없음,이륜,남,70세,경상
2018041100100216,2018년 4월 11일 11시,수요일,경상남도 창원시 의창구 북면,경상사고,0,0,1,0,차대차 - 기타,안전운전불이행,건조,맑음,교차로 - 교차로안,승용,여,36세,상해없음,승용,남,23세,경상
2018041100100238,2018년 4월 11일 12시,수요일,경상남도 김해시 부곡동,중상사고,0,1,0,0,차대사람 - 횡단중,안전운전불이행,건조,맑음,교차로 - 교차로부근,이륜,남,42세,상해없음,보행자,여,73세,중상
2018041100100239,2018년 4월 11일 12시,수요일,경상남도 김해시 진례면,중상사고,0,1,0,0,차대차 - 측면충돌,중앙선침범,건조,맑음,단일로 - 기타,승용,남,47세,상해없음,화물,남,49세,중상
2018041100100274,2018년 4월 11일 13시,수요일,경상남도 진주시 호탄동,경상사고,0,0,1,0,차대차 - 측면충돌,안전운전불이행,건조,맑음,교차로 - 교차로안,승용,남,71세,상해없음,승용,여,24세,경상
2018041100100275,2018년 4월 11일 13시,수요일,경상남도 김해시 봉황동,경상사고,0,0,2,0,차대차 - 추돌,안전운전불이행,건조,맑음,교차로 - 교차로부근,승용,여,52세,상해없음,승용,여,29세,경상
2018041100100302,2018년 4월 11일 14시,수요일,경상남도 밀양시 산내면,중상사고,0,1,0,0,차대차 - 측면충돌,안전운전불이행,건조,맑음,단일로 - 기타,화물,남,66세,상해없음,이륜,남,50세,중상
2018041100100303,2018년 4월 11일 14시,수요일,경상남도 창원시 의창구 용호동,경상사고,0,0,1,0,차대사람 - 횡단중,보행자보호의무위반,건조,맑음,교차로 - 교차로횡단보도내,승용,여,61세,상해없음,보행자,여,57세,경상
2018041100100304,2018년 4월 11일 14시,수요일,경상남도 창원시 의창구 봉곡동,중상사고,0,1,0,0,차대차 - 기타,안전운전불이행,건조,맑음,교차로 - 교차로안,승용,여,55세,상해없음,자전거,남,79세,중상
2018041100100377,2018년 4월 11일 16시,수요일,경상남도 김해시 진영읍,경상사고,0,0,1,0,차대차 - 측면충돌,신호위반,건조,맑음,교차로 - 교차로안,승용,남,67세,상해없음,화물,남,29세,경상
2018041100100378,2018년 4월 11일 16시,수요일,경상남도 김해시 관동동,경상사고,0,0,1,0,차대사람 - 횡단중,보행자보호의무위반,건조,맑음,교차로 - 교차로횡단보도내,승용,여,45세,상해없음,보행자,여,9세,경상
2018041100100430,2018년 4월 11일 17시,수요일,경상남도 하동군 하동읍,중상사고,0,1,0,0,차대차 - 측면충돌,안전운전불이행,건조,맑음,단일로 - 기타,자전거,남,63세,중상,승용,남,44세,상해없음
2018041100100481,2018년 4월 11일 18시,수요일,경상남도 고성군 고성읍,경상사고,0,0,1,0,차대차 - 기타,교차로운행방법위반,건조,맑음,교차로 - 교차로안,승용,남,40세,상해없음,승용,여,36세,경상
2018041100100482,2018년 4월 11일 18시,수요일,경상남도 거제시 수월동,경상사고,0,0,1,0,차대차 - 측면충돌,안전운전불이행,건조,맑음,교차로 - 교차로안,승용,남,65세,상해없음,승용,남,46세,경상
2018041100100483,2018년 4월 11일 18시,수요일,경상남도 창원시 마산회원구 양덕동,경상사고,0,0,1,0,차대사람 - 횡단중,안전운전불이행,건조,맑음,단일로 - 기타,승용,여,45세,상해없음,보행자,여,7세,경상
2018041100100516,2018년 4월 11일 19시,수요일,경상남도 창원시 마산합포구 서성동,경상사고,0,0,2,0,차대차 - 추돌,안전거리미확보,건조,맑음,교차로 - 교차로안,승용,남,55세,상해없음,승용,남,65세,상해없음
2018041100100517,2018년 4월 11일 19시,수요일,경상남도 양산시 삼호동,중상사고,0,1,0,0,차대차 - 측면충돌,중앙선침범,건조,맑음,단일로 - 기타,승용,남,64세,상해없음,승용,남,39세,중상
2018041100100518,2018년 4월 11일 19시,수요일,경상남도 양산시 덕계동,중상사고,0,1,0,0,차대차 - 측면충돌,안전운전불이행,건조,맑음,단일로 - 기타,승용,여,55세,상해없음,이륜,남,29세,중상
2018041100100519,2018년 4월 11일 19시,수요일,경상남도 창원시 의창구 동읍,경상사고,0,0,1,0,차대차 - 추돌,안전운전불이행,건조,맑음,교차로 - 교차로부근,승용,여,56세,상해없음,승용,남,36세,경상
2018041100100546,2018년 4월 11일 20시,수요일,경상남도 창원시 마산회원구 석전동,중상사고,0,1,0,0,차대차 - 측면충돌,안전운전불이행,젖음/습기,비,교차로 - 교차로부근,승용,남,58세,상해없음,이륜,남,58세,중상
2018041100100547,2018년 4월 11일 20시,수요일,경상남도 창원시 마산회원구 합성동,경상사고,0,0,1,0,차대사람 - 차도통행중,안전운전불이행,건조,맑음,단일로 - 기타,승용,여,21세,상해없음,보행자,남,26세,경상
2018041100100571,2018년 4월 11일 21시,수요일,경상남도 양산시 물금읍,경상사고,0,0,4,0,차대차 - 추돌,안전운전불이행,건조,맑음,단일로 - 기타,승용,남,52세,상해없음,승용,남,30세,경상
2018041100100572,2018년 4월 11일 21시,수요일,경상남도 창원시 성산구 사파동,중상사고,0,1,1,0,차대차 - 측면충돌,신호위반,건조,맑음,교차로 - 교차로안,이륜,남,16세,상해없음,승용,남,57세,경상
2018041200100040,2018년 4월 12일 03시,목요일,경상남도 양산시 주진동,경상사고,0,0,1,0,차대사람 - 기타,안전운전불이행,건조,맑음,기타 - 기타,승합,남,77세,상해없음,보행자,여,54세,경상
2018041200100068,2018년 4월 12일 06시,목요일,경상남도 통영시 용남면,경상사고,0,0,1,0,차대차 - 측면충돌,교차로운행방법위반,건조,맑음,교차로 - 교차로안,승용,여,56세,상해없음,화물,남,56세,경상
2018041200100087,2018년 4월 12일 07시,목요일,경상남도 밀양시 삼랑진읍,중상사고,0,1,0,0,차대차 - 측면충돌,신호위반,건조,맑음,교차로 - 교차로안,승용,여,34세,상해없음,승용,남,30세,중상
2018041200100088,2018년 4월 12일 07시,목요일,경상남도 밀양시 내이동,경상사고,0,0,1,0,차대차 - 측면충돌,신호위반,건조,맑음,교차로 - 교차로안,승용,남,62세,상해없음,승용,여,27세,경상
2018041200100089,2018년 4월 12일 07시,목요일,경상남도 창원시 성산구 중앙동,중상사고,0,1,0,0,차대차 - 측면충돌,신호위반,건조,맑음,교차로 - 교차로횡단보도내,승용,여,57세,상해없음,자전거,남,61세,중상
2018041200100129,2018년 4월 12일 08시,목요일,경상남도 창원시 마산합포구 자산동,경상사고,0,0,1,0,차대사람 - 횡단중,보행자보호의무위반,건조,맑음,교차로 - 교차로횡단보도내,승합,여,52세,상해없음,보행자,여,52세,경상
2018041200100131,2018년 4월 12일 08시,목요일,경상남도 고성군 마암면,경상사고,0,0,1,0,차대차 - 기타,신호위반,건조,맑음,교차로 - 교차로안,승용,여,51세,상해없음,화물,남,69세,경상
2018041200100132,2018년 4월 12일 08시,목요일,경상남도 창원시 의창구 팔용동,경상사고,0,0,1,0,차대차 - 측면충돌,안전운전불이행,건조,맑음,단일로 - 기타,화물,남,44세,상해없음,승용,남,60세,상해없음
2018041200100133,2018년 4월 12일 08시,목요일,경상남도 김해시 율하동,중상사고,0,1,0,0,차대차 - 측면충돌,안전운전불이행,건조,맑음,단일로 - 기타,승용,여,44세,상해없음,승용,여,38세,중상
2018041200100156,2018년 4월 12일 09시,목요일,경상남도 창원시 마산합포구 남성동,중상사고,0,1,0,0,차대사람 - 기타,안전운전불이행,건조,맑음,단일로 - 기타,승용,남,22세,상해없음,보행자,여,65세,중상
2018041200100190,2018년 4월 12일 10시,목요일,경상남도 사천시 용현면,사망사고,1,0,0,0,차대사람 - 횡단중,안전운전불이행,건조,맑음,기타 - 기타,화물,남,59세,상해없음,보행자,여,79세,사망
2018041200100191,2018년 4월 12일 10시,목요일,경상남도 밀양시 무안면,중상사고,0,1,0,0,차대사람 - 기타,안전운전불이행,건조,맑음,단일로 - 기타,화물,남,29세,상해없음,보행자,여,78세,중상
2018041200100192,2018년 4월 12일 10시,목요일,경상남도 창원시 의창구 사림동,경상사고,0,0,1,0,차대사람 - 기타,보행자보호의무위반,건조,맑음,단일로 - 기타,승용,남,20세,상해없음,보행자,남,27세,경상
2018041200100193,2018년 4월 12일 10시,목요일,경상남도 창원시 성산구 중앙동,중상사고,0,1,0,0,차대사람 - 횡단중,보행자보호의무위반,건조,맑음,단일로 - 기타,승합,남,26세,상해없음,보행자,여,41세,중상
2018041200100226,2018년 4월 12일 11시,목요일,경상남도 거창군 거창읍,경상사고,0,0,1,0,차대차 - 측면충돌,안전운전불이행,건조,맑음,교차로 - 교차로안,승용,여,48세,경상,승용,남,60세,상해없음
2018041200100257,2018년 4월 12일 12시,목요일,경상남도 통영시 광도면,경상사고,0,0,2,0,차대차 - 기타,안전운전불이행,건조,맑음,단일로 - 기타,승용,남,52세,상해없음,승용,기타불명,미분류,기타불명
2018041200100258,2018년 4월 12일 12시,목요일,경상남도 양산시 북정동,경상사고,0,0,1,0,차대사람 - 횡단중,안전운전불이행,건조,맑음,교차로 - 교차로안,승용,남,22세,상해없음,보행자,여,78세,경상
2018041200100291,2018년 4월 12일 13시,목요일,경상남도 남해군 남해읍,부상신고사고,0,0,0,1,차대차 - 측면충돌,안전운전불이행,건조,맑음,교차로 - 교차로안,원동기,남,76세,부상신고,승용,여,56세,상해없음
2018041200100395,2018년 4월 12일 16시,목요일,경상남도 합천군 야로면,중상사고,0,1,1,0,차대차 - 측면충돌,안전운전불이행,건조,맑음,단일로 - 기타,화물,남,61세,경상,승용,남,21세,중상
2018041200100396,2018년 4월 12일 16시,목요일,경상남도 양산시 물금읍,경상사고,0,0,2,0,차대차 - 측면충돌,신호위반,건조,맑음,단일로 - 기타,승용,남,26세,상해없음,승용,남,68세,경상
2018041200100397,2018년 4월 12일 16시,목요일,경상남도 고성군 고성읍,경상사고,0,0,1,0,차대차 - 기타,직진우회전진행방해,건조,맑음,교차로 - 교차로안,승용,여,39세,상해없음,승용,남,45세,경상
2018041200100438,2018년 4월 12일 17시,목요일,경상남도 양산시 명동,경상사고,0,0,1,0,차대차 - 추돌,안전운전불이행,건조,맑음,교차로 - 교차로부근,승용,남,81세,기타불명,승용,남,68세,경상
2018041200100439,2018년 4월 12일 17시,목요일,경상남도 창원시 성산구 사파동,경상사고,0,0,1,0,차대차 - 기타,안전운전불이행,건조,맑음,교차로 - 교차로안,승용,남,38세,상해없음,자전거,여,21세,경상
2018041200100481,2018년 4월 12일 18시,목요일,경상남도 김해시 삼방동,경상사고,0,0,1,0,차대사람 - 기타,안전운전불이행,건조,맑음,주차장 - 주차장,승용,남,30세,상해없음,보행자,여,42세,경상
2018041200100482,2018년 4월 12일 18시,목요일,경상남도 창원시 성산구 삼정자동,경상사고,0,0,1,0,차대차 - 기타,안전운전불이행,건조,맑음,단일로 - 기타,승용,남,58세,상해없음,승용,남,49세,경상
2018041200100521,2018년 4월 12일 19시,목요일,경상남도 진주시 중안동,중상사고,0,1,0,0,차대사람 - 횡단중,보행자보호의무위반,건조,맑음,단일로 - 기타,승용,남,66세,상해없음,보행자,여,71세,중상
2018041200100522,2018년 4월 12일 19시,목요일,경상남도 창원시 진해구 석동,경상사고,0,0,3,0,차대차 - 추돌,안전운전불이행,건조,맑음,교차로 - 교차로부근,승용,남,25세,상해없음,승용,남,37세,경상
2018041200100523,2018년 4월 12일 19시,목요일,경상남도 양산시 물금읍,경상사고,0,0,1,0,차대차 - 추돌,안전거리미확보,건조,맑음,단일로 - 기타,승용,남,47세,상해없음,승용,남,36세,경상
2018041200100524,2018년 4월 12일 19시,목요일,경상남도 창원시 마산회원구 석전동,경상사고,0,0,1,0,차대차 - 기타,안전운전불이행,건조,맑음,단일로 - 기타,승용,남,48세,상해없음,승용,남,60세,상해없음
2018041200100525,2018년 4월 12일 19시,목요일,경상남도 창원시 마산회원구 합성동,사망사고,1,0,0,0,차대사람 - 횡단중,신호위반,건조,맑음,교차로 - 교차로부근,화물,남,46세,상해없음,보행자,여,82세,사망
2018041200100526,2018년 4월 12일 19시,목요일,경상남도 창원시 의창구 명서동,경상사고,0,0,1,0,차대차 - 측면충돌,안전거리미확보,건조,맑음,단일로 - 기타,승용,남,49세,상해없음,원동기,남,19세,경상
2018041200100566,2018년 4월 12일 20시,목요일,경상남도 사천시 사천읍,경상사고,0,0,2,0,차대차 - 추돌,안전운전불이행,건조,맑음,교차로 - 교차로부근,승용,남,41세,상해없음,승용,남,37세,경상
2018041300100008,2018년 4월 13일 00시,금요일,경상남도 진주시 중안동,중상사고,0,2,1,0,차대차 - 측면충돌,신호위반,건조,맑음,교차로 - 교차로안,승용,남,61세,상해없음,승용,남,31세,경상
2018041300100068,2018년 4월 13일 06시,금요일,경상남도 통영시 광도면,경상사고,0,0,1,0,차대차 - 측면충돌,직진우회전진행방해,건조,맑음,교차로 - 교차로안,화물,남,53세,상해없음,이륜,남,63세,경상
2018041300100093,2018년 4월 13일 07시,금요일,경상남도 김해시 부원동,중상사고,0,1,0,0,차대사람 - 기타,안전운전불이행,건조,맑음,교차로 - 교차로안,승용,남,67세,상해없음,보행자,여,63세,중상
2018041300100094,2018년 4월 13일 07시,금요일,경상남도 양산시 물금읍,경상사고,0,0,1,1,차대차 - 측면충돌,안전운전불이행,건조,맑음,교차로 - 교차로안,승용,여,46세,부상신고,승용,여,37세,경상
2018041300100095,2018년 4월 13일 07시,금요일,경상남도 거제시 옥포동,경상사고,0,0,1,0,차대차 - 측면충돌,안전운전불이행,건조,맑음,교차로 - 교차로부근,승용,남,35세,상해없음,승용,여,31세,경상
2018041300100130,2018년 4월 13일 08시,금요일,경상남도 창원시 마산합포구 신포동1가,경상사고,0,0,1,1,차대차 - 측면충돌,안전운전불이행,건조,맑음,교차로 - 교차로안,승용,여,41세,상해없음,승용,남,27세,경상
2018041300100131,2018년 4월 13일 08시,금요일,경상남도 밀양시 삼문동,경상사고,0,0,1,0,차대차 - 측면충돌,중앙선침범,건조,맑음,단일로 - 기타,화물,남,35세,상해없음,승합,남,66세,경상
2018041300100132,2018년 4월 13일 08시,금요일,경상남도 양산시 북정동,경상사고,0,0,1,0,차대차 - 측면충돌,신호위반,건조,맑음,교차로 - 교차로안,승용,남,54세,상해없음,승용,여,32세,경상
2018041300100133,2018년 4월 13일 08시,금요일,경상남도 거제시 거제면,경상사고,0,0,1,0,차대차 - 기타,안전운전불이행,건조,맑음,단일로 - 기타,화물,여,48세,상해없음,승용,남,72세,경상
2018041300100134,2018년 4월 13일 08시,금요일,경상남도 거제시 옥포동,경상사고,0,0,1,0,차대차 - 측면충돌,안전운전불이행,건조,맑음,교차로 - 교차로부근,승용,남,32세,상해없음,승용,여,36세,경상
2018041300100135,2018년 4월 13일 08시,금요일,경상남도 창원시 마산회원구 내서읍,경상사고,0,0,6,0,차대차 - 추돌,안전운전불이행,건조,맑음,단일로 - 기타,승합,남,57세,상해없음,화물,남,67세,경상
2018041300100136,2018년 4월 13일 08시,금요일,경상남도 창원시 의창구 소계동,경상사고,0,0,2,0,차대차 - 추돌,안전운전불이행,건조,맑음,단일로 - 지하차도(도로)내,화물,남,26세,상해없음,승용,여,52세,경상
2018041300100182,2018년 4월 13일 09시,금요일,경상남도 진주시 주약동,중상사고,0,1,0,0,차대차 - 측면충돌,안전거리미확보,건조,맑음,단일로 - 기타,자전거,남,65세,중상,승용,여,60세,상해없음
2018041300100183,2018년 4월 13일 09시,금요일,경상남도 양산시 평산동,중상사고,0,1,0,0,차대사람 - 기타,보행자보호의무위반,건조,맑음,교차로 - 교차로횡단보도내,화물,남,26세,상해없음,보행자,여,52세,중상
2018041300100206,2018년 4월 13일 10시,금요일,경상남도 통영시 항남동,경상사고,0,0,1,0,차대차 - 정면충돌,중앙선침범,건조,맑음,교차로 - 교차로부근,승용,남,44세,상해없음,승용,남,60세,경상
2018041300100207,2018년 4월 13일 10시,금요일,경상남도 함양군 백전면,중상사고,0,5,2,0,차대차 - 정면충돌,중앙선침범,건조,맑음,단일로 - 기타,승용,남,72세,경상,승용,남,58세,경상
2018041300100208,2018년 4월 13일 10시,금요일,경상남도 창원시 마산회원구 내서읍,경상사고,0,0,1,0,차대사람 - 차도통행중,안전운전불이행,건조,맑음,단일로 - 기타,승용,여,34세,상해없음,보행자,여,41세,경상
2018041300100259,2018년 4월 13일 12시,금요일,경상남도 창원시 의창구 팔용동,경상사고,0,0,1,0,차대사람 - 횡단중,안전운전불이행,건조,맑음,교차로 - 교차로안,승용,여,46세,상해없음,보행자,남,56세,경상
2018041300100319,2018년 4월 13일 14시,금요일,경상남도 창원시 마산합포구 예곡동,중상사고,0,1,0,0,차대차 - 기타,신호위반,건조,맑음,교차로 - 교차로안,화물,남,41세,상해없음,이륜,남,49세,중상
2018041300100320,2018년 4월 13일 14시,금요일,경상남도 양산시 동면,경상사고,0,0,1,0,차대차 - 후진중충돌,안전운전불이행,건조,맑음,교차로 - 교차로안,승용,남,32세,상해없음,승용,남,62세,경상
2018041300100347,2018년 4월 13일 15시,금요일,경상남도 진주시 충무공동,경상사고,0,0,1,0,차대차 - 추돌,안전거리미확보,건조,맑음,교차로 - 교차로안,화물,남,47세,상해없음,승용,남,35세,경상
2018041300100348,2018년 4월 13일 15시,금요일,경상남도 양산시 물금읍,경상사고,0,0,1,0,차대사람 - 횡단중,신호위반,건조,맑음,단일로 - 기타,승용,남,77세,상해없음,보행자,여,7세,경상
2018041300100349,2018년 4월 13일 15시,금요일,경상남도 거제시 고현동,경상사고,0,0,1,0,차대차 - 추돌,안전거리미확보,건조,맑음,단일로 - 기타,승용,여,50세,상해없음,승용,여,56세,경상
2018041300100350,2018년 4월 13일 15시,금요일,경상남도 창원시 의창구 팔용동,경상사고,0,0,2,0,차대차 - 측면충돌,신호위반,건조,흐림,교차로 - 교차로안,승용,남,34세,상해없음,승용,남,60세,경상
2018041300100397,2018년 4월 13일 16시,금요일,경상남도 의령군 의령읍,경상사고,0,0,1,0,차대사람 - 길가장자리구역통행중,안전운전불이행,건조,맑음,단일로 - 지하차도(도로)내,승용,남,69세,상해없음,보행자,여,61세,경상
2018041300100438,2018년 4월 13일 17시,금요일,경상남도 김해시 대성동,중상사고,0,1,0,0,차대차 - 기타,안전운전불이행,건조,맑음,교차로 - 교차로안,원동기,남,72세,중상,승용,남,55세,상해없음
2018041300100439,2018년 4월 13일 17시,금요일,경상남도 김해시 삼방동,중상사고,0,1,2,0,차대사람 - 길가장자리구역통행중,신호위반,건조,맑음,교차로 - 교차로안,화물,남,54세,중상,보행자,여,47세,경상
2018041300100475,2018년 4월 13일 18시,금요일,경상남도 창원시 의창구 도계동,중상사고,0,1,0,0,차대사람 - 기타,안전운전불이행,건조,맑음,단일로 - 기타,승용,여,35세,상해없음,보행자,남,6세,중상
2018041300100476,2018년 4월 13일 18시,금요일,경상남도 김해시 진영읍,경상사고,0,0,1,0,차대차 - 측면충돌,안전운전불이행,건조,맑음,단일로 - 기타,화물,남,52세,상해없음,화물,남,43세,경상
2018041300100505,2018년 4월 13일 19시,금요일,경상남도 진주시 하대동,중상사고,0,1,0,0,차대사람 - 차도통행중,안전운전불이행,건조,맑음,교차로 - 교차로안,화물,남,39세,상해없음,보행자,여,79세,중상
2018041300100506,2018년 4월 13일 19시,금요일,경상남도 진주시 금산면,중상사고,0,1,0,0,차대사람 - 기타,안전운전불이행,건조,맑음,단일로 - 기타,승용,여,48세,상해없음,보행자,남,56세,중상
2018041300100507,2018년 4월 13일 19시,금요일,경상남도 함양군 수동면,중상사고,0,1,0,0,차량단독 - 기타,안전운전불이행,건조,맑음,단일로 - 기타,승용,남,42세,중상,,,,
2018041300100548,2018년 4월 13일 20시,금요일,경상남도 합천군 삼가면,경상사고,0,0,1,0,차대사람 - 차도통행중,신호위반,건조,맑음,교차로 - 교차로안,화물,남,43세,상해없음,보행자,여,65세,경상
2018041300100549,2018년 4월 13일 20시,금요일,경상남도 거제시 사등면,경상사고,0,0,2,0,차대차 - 측면충돌,기타,건조,맑음,교차로 - 교차로안,승용,남,25세,상해없음,승용,여,60세,경상
2018041300100550,2018년 4월 13일 20시,금요일,경상남도 산청군 금서면,경상사고,0,0,1,1,차대차 - 측면충돌,신호위반,건조,맑음,교차로 - 교차로안,승용,남,49세,부상신고,화물,남,53세,경상
2018041300100551,2018년 4월 13일 20시,금요일,경상남도 창원시 성산구 상남동,중상사고,0,1,0,0,차대사람 - 횡단중,신호위반,건조,맑음,단일로 - 기타,승용,남,68세,상해없음,보행자,남,46세,중상
2018041300100552,2018년 4월 13일 20시,금요일,경상남도 김해시 풍유동,경상사고,0,0,1,0,차대차 - 측면충돌,안전운전불이행,건조,맑음,단일로 - 기타,승용,남,48세,상해없음,승용,여,38세,경상
2018041300100591,2018년 4월 13일 21시,금요일,경상남도 통영시 태평동,부상신고사고,0,0,0,1,차대차 - 정면충돌,안전운전불이행,건조,맑음,교차로 - 교차로안,이륜,남,40세,부상신고,승용,남,56세,상해없음
2018041300100592,2018년 4월 13일 21시,금요일,경상남도 양산시 삼호동,경상사고,0,0,1,0,차대차 - 기타,신호위반,건조,맑음,교차로 - 교차로안,승용,여,39세,상해없음,승용,여,52세,상해없음
2018041300100593,2018년 4월 13일 21시,금요일,경상남도 창원시 의창구 중동,경상사고,0,0,1,0,차대차 - 기타,신호위반,건조,맑음,교차로 - 교차로안,승용,남,34세,상해없음,이륜,남,21세,경상
2018041300100628,2018년 4월 13일 22시,금요일,경상남도 창원시 진해구 태백동,경상사고,0,0,1,0,차대차 - 추돌,안전운전불이행,건조,맑음,교차로 - 교차로부근,승용,여,49세,상해없음,화물,남,43세,경상
2018041300100629,2018년 4월 13일 22시,금요일,경상남도 창원시 성산구 상남동,부상신고사고,0,0,0,1,차대사람 - 보도통행중,안전운전불이행,건조,맑음,단일로 - 기타,승용,여,49세,상해없음,보행자,남,57세,부상신고
2018041300100655,2018년 4월 13일 23시,금요일,경상남도 양산시 물금읍,경상사고,0,0,2,0,차대차 - 측면충돌,안전운전불이행,건조,맑음,교차로 - 교차로안,승용,남,58세,경상,승용,남,39세,상해없음
2018041400100010,2018년 4월 14일 00시,토요일,경상남도 창원시 마산합포구 해운동,경상사고,0,0,1,0,차대사람 - 길가장자리구역통행중,안전운전불이행,건조,맑음,단일로 - 기타,승용,여,29세,상해없음,보행자,남,24세,경상
2018041400100011,2018년 4월 14일 00시,토요일,경상남도 사천시 사천읍,중상사고,0,1,0,0,차대차 - 측면충돌,불법유턴,건조,맑음,교차로 - 교차로안,화물,남,48세,상해없음,원동기,남,46세,중상
2018041400100012,2018년 4월 14일 00시,토요일,경상남도 거창군 거창읍,중상사고,0,1,1,0,차대차 - 정면충돌,신호위반,건조,맑음,교차로 - 교차로안,승용,남,31세,경상,승용,여,42세,중상
2018041400100013,2018년 4월 14일 00시,토요일,경상남도 함양군 함양읍,경상사고,0,0,2,1,차대차 - 측면충돌,안전운전불이행,건조,맑음,단일로 - 기타,승합,남,27세,상해없음,승용,여,48세,경상
2018041400100087,2018년 4월 14일 04시,토요일,경상남도 창녕군 이방면,경상사고,0,0,1,0,차량단독 - 공작물충돌,안전운전불이행,건조,맑음,단일로 - 기타,승용,여,55세,경상,,,,
2018041400100088,2018년 4월 14일 04시,토요일,경상남도 김해시 진영읍,중상사고,0,2,1,0,차대차 - 측면충돌,신호위반,건조,맑음,교차로 - 교차로안,승용,남,38세,중상,특수,남,44세,경상
2018041400100156,2018년 4월 14일 08시,토요일,경상남도 남해군 남면,중상사고,0,1,0,0,차대차 - 측면충돌,신호위반,젖음/습기,비,교차로 - 교차로안,승용,남,53세,상해없음,화물,남,68세,중상
2018041400100187,2018년 4월 14일 09시,토요일,경상남도 산청군 오부면,경상사고,0,0,4,0,차량단독 - 공작물충돌,과속,젖음/습기,비,단일로 - 기타,승합,남,57세,상해없음,,,,
2018041400100208,2018년 4월 14일 10시,토요일,경상남도 창원시 성산구 성주동,경상사고,0,0,2,0,차대차 - 측면충돌,신호위반,젖음/습기,비,교차로 - 교차로안,승용,남,59세,상해없음,승용,여,40세,경상
2018041400100209,2018년 4월 14일 10시,토요일,경상남도 창원시 의창구 동읍,경상사고,0,0,1,0,차량단독 - 공작물충돌,안전운전불이행,젖음/습기,비,단일로 - 기타,화물,남,61세,경상,,,,
2018041400100239,2018년 4월 14일 11시,토요일,경상남도 김해시 대성동,중상사고,0,1,0,0,차대사람 - 횡단중,안전운전불이행,젖음/습기,비,교차로 - 교차로횡단보도내,승용,남,49세,상해없음,보행자,여,73세,중상
2018041400100240,2018년 4월 14일 11시,토요일,경상남도 창녕군 남지읍,경상사고,0,0,1,0,차대차 - 기타,안전운전불이행,젖음/습기,비,교차로 - 교차로부근,승용,여,41세,상해없음,자전거,여,64세,경상
2018041400100241,2018년 4월 14일 11시,토요일,경상남도 거제시 아주동,경상사고,0,0,1,0,차대차 - 정면충돌,안전운전불이행,젖음/습기,비,단일로 - 기타,승용,남,65세,상해없음,화물,남,44세,경상
2018041400100242,2018년 4월 14일 11시,토요일,경상남도 김해시 내덕동,사망사고,1,2,2,0,차대차 - 측면충돌,중앙선침범,젖음/습기,비,교차로 - 교차로부근,승용,남,58세,사망,승용,여,43세,중상
2018041400100280,2018년 4월 14일 12시,토요일,경상남도 창원시 진해구 용원동,중상사고,0,1,0,0,차대차 - 측면충돌,안전운전불이행,젖음/습기,비,단일로 - 기타,승용,여,28세,상해없음,원동기,남,46세,중상
2018041400100307,2018년 4월 14일 13시,토요일,경상남도 김해시 삼방동,경상사고,0,0,1,0,차대차 - 측면충돌,안전운전불이행,젖음/습기,비,단일로 - 기타,승용,여,51세,상해없음,승용,여,26세,경상
2018041400100308,2018년 4월 14일 13시,토요일,경상남도 거창군 거창읍,중상사고,0,2,0,0,차대차 - 추돌,안전거리미확보,젖음/습기,흐림,단일로 - 기타,승용,남,65세,상해없음,승용,남,59세,중상