사고번호,사고일시,요일,시군구,사고내용,사망자수,중상자수,경상자수,부상신고자수,사고유형,법규위반,노면상태,기상상태,도로형태,가해운전자 차종,가해운전자 성별,가해운전자 연령,가해운전자 상해정도,피해운전자 차종,피해운전자 성별,피해운전자 연령,피해운전자 상해정도
2018041400100309,2018년 4월 14일 13시,토요일,경상남도 거제시 덕포동,중상사고,0,2,1,0,차량단독 - 공작물충돌,안전운전불이행,젖음/습기,비,단일로 - 고가도로위,승용,남,58세,경상,,,,
2018041400100310,2018년 4월 14일 13시,토요일,경상남도 거제시 아주동,경상사고,0,0,1,0,차대차 - 측면충돌,안전운전불이행,젖음/습기,비,단일로 - 기타,승용,여,30세,상해없음,승용,여,40세,경상
2018041400100311,2018년 4월 14일 13시,토요일,경상남도 김해시 흥동,중상사고,0,1,0,0,차량단독 - 공작물충돌,안전운전불이행,젖음/습기,비,단일로 - 기타,승용,여,38세,중상,,,,
2018041400100346,2018년 4월 14일 14시,토요일,경상남도 창원시 성산구 사파동,중상사고,0,1,0,0,차대차 - 측면충돌,신호위반,젖음/습기,비,교차로 - 교차로부근,승용,남,50세,상해없음,이륜,남,26세,중상
2018041400100347,2018년 4월 14일 14시,토요일,경상남도 창원시 성산구 남산동,경상사고,0,0,1,0,차대차 - 측면충돌,안전운전불이행,건조,맑음,단일로 - 기타,승용,남,22세,상해없음,승용,남,52세,상해없음
2018041400100348,2018년 4월 14일 14시,토요일,경상남도 김해시 진영읍,중상사고,0,2,2,0,차대차 - 측면충돌,중앙선침범,젖음/습기,비,단일로 - 기타,화물,남,49세,경상,승용,남,60세,중상
2018041400100410,2018년 4월 14일 16시,토요일,경상남도 창원시 진해구 죽곡동,중상사고,0,2,2,0,차대차 - 측면충돌,안전운전불이행,젖음/습기,비,단일로 - 기타,승용,남,50세,상해없음,승용,남,49세,경상
2018041400100411,2018년 4월 14일 16시,토요일,경상남도 김해시 진례면,경상사고,0,0,1,0,차대차 - 측면충돌,신호위반,건조,맑음,교차로 - 교차로안,화물,남,63세,상해없음,승용,여,66세,경상
2018041400100434,2018년 4월 14일 17시,토요일,경상남도 거제시 아양동,사망사고,1,0,0,0,차대차 - 기타,안전운전불이행,젖음/습기,흐림,단일로 - 기타,승용,남,63세,상해없음,이륜,남,31세,사망
2018041400100486,2018년 4월 14일 19시,토요일,경상남도 통영시 무전동,중상사고,0,1,1,0,차대차 - 추돌,안전거리미확보,건조,맑음,교차로 - 교차로안,승용,남,47세,상해없음,승용,남,59세,경상
2018041500100084,2018년 4월 15일 07시,일요일,경상남도 창원시 마산합포구 상남동,중상사고,0,1,0,1,차대차 - 정면충돌,중앙선침범,건조,맑음,단일로 - 기타,승용,남,41세,부상신고,승용,남,56세,중상
2018041500100131,2018년 4월 15일 10시,일요일,경상남도 양산시 중부동,경상사고,0,0,1,0,차대차 - 기타,불법유턴,건조,맑음,단일로 - 기타,승용,남,57세,상해없음,승용,남,34세,경상
2018041500100132,2018년 4월 15일 10시,일요일,경상남도 의령군 의령읍,경상사고,0,0,1,0,차대사람 - 차도통행중,안전운전불이행,건조,맑음,교차로 - 교차로안,승용,남,62세,상해없음,보행자,남,22세,경상
2018041500100157,2018년 4월 15일 11시,일요일,경상남도 함안군 칠원읍,경상사고,0,0,1,0,차대차 - 추돌,안전운전불이행,건조,맑음,단일로 - 기타,승용,남,33세,상해없음,승용,여,37세,상해없음
2018041500100177,2018년 4월 15일 12시,일요일,경상남도 남해군 남면,경상사고,0,0,1,0,차대차 - 측면충돌,안전운전불이행,건조,맑음,단일로 - 기타,화물,남,75세,경상,승합,남,61세,상해없음
2018041500100178,2018년 4월 15일 12시,일요일,경상남도 창원시 마산회원구 회원동,사망사고,1,0,0,0,차대차 - 기타,차로위반,건조,맑음,단일로 - 기타,원동기,남,62세,사망,승용,남,67세,상해없음
2018041500100210,2018년 4월 15일 13시,일요일,경상남도 통영시 봉평동,경상사고,0,0,2,0,차대차 - 추돌,안전운전불이행,건조,맑음,단일로 - 기타,승용,남,43세,상해없음,승용,남,66세,경상
2018041500100211,2018년 4월 15일 13시,일요일,경상남도 창녕군 남지읍,중상사고,0,2,1,0,차대차 - 측면충돌,직진우회전진행방해,건조,맑음,교차로 - 교차로안,승용,남,56세,상해없음,승용,여,51세,경상
2018041500100212,2018년 4월 15일 13시,일요일,경상남도 창원시 마산회원구 합성동,중상사고,0,1,0,0,차대사람 - 횡단중,보행자보호의무위반,건조,맑음,교차로 - 교차로부근,승용,남,56세,상해없음,보행자,여,81세,중상
2018041500100250,2018년 4월 15일 14시,일요일,경상남도 통영시 당동,경상사고,0,0,2,0,차대차 - 추돌,안전운전불이행,건조,맑음,교차로 - 교차로부근,화물,남,73세,상해없음,승용,여,26세,경상
2018041500100251,2018년 4월 15일 14시,일요일,경상남도 함안군 칠서면,부상신고사고,0,0,0,5,차대차 - 측면충돌,중앙선침범,건조,맑음,교차로 - 교차로부근,승용,남,39세,상해없음,승용,남,34세,부상신고
2018041500100280,2018년 4월 15일 15시,일요일,경상남도 양산시 상북면,중상사고,0,1,0,0,차대사람 - 기타,안전운전불이행,건조,맑음,교차로 - 교차로안,승용,여,65세,상해없음,보행자,여,60세,중상
2018041500100281,2018년 4월 15일 15시,일요일,경상남도 양산시 물금읍,중상사고,0,1,1,0,차대차 - 측면충돌,안전운전불이행,건조,맑음,단일로 - 기타,승용,남,61세,상해없음,승용,남,41세,중상
2018041500100312,2018년 4월 15일 16시,일요일,경상남도 창원시 성산구 중앙동,경상사고,0,0,1,0,차대차 - 추돌,안전운전불이행,건조,맑음,단일로 - 기타,승용,남,37세,상해없음,화물,남,56세,경상
2018041500100313,2018년 4월 15일 16시,일요일,경상남도 창원시 마산회원구 회성동,경상사고,0,0,3,0,차대차 - 추돌,안전운전불이행,건조,맑음,교차로 - 교차로부근,승용,남,53세,상해없음,승용,남,49세,경상
2018041500100345,2018년 4월 15일 17시,일요일,경상남도 창원시 의창구 도계동,경상사고,0,0,2,0,차대차 - 측면충돌,신호위반,건조,맑음,교차로 - 교차로안,승용,남,34세,상해없음,승용,남,65세,경상
2018041500100380,2018년 4월 15일 18시,일요일,경상남도 창원시 마산합포구 월영동,경상사고,0,0,3,0,차대차 - 추돌,안전거리미확보,건조,맑음,단일로 - 기타,승용,남,19세,상해없음,승용,남,24세,경상
2018041500100381,2018년 4월 15일 18시,일요일,경상남도 사천시 사천읍,경상사고,0,0,3,0,차대차 - 측면충돌,안전운전불이행,건조,맑음,단일로 - 기타,승용,남,61세,상해없음,승용,여,40세,경상
2018041500100382,2018년 4월 15일 18시,일요일,경상남도 양산시 중부동,중상사고,0,1,0,0,차대사람 - 기타,안전운전불이행,건조,맑음,교차로 - 교차로부근,승용,남,60세,상해없음,보행자,여,19세,중상
2018041500100403,2018년 4월 15일 19시,일요일,경상남도 함양군 함양읍,경상사고,0,0,1,0,차대사람 - 횡단중,보행자보호의무위반,건조,맑음,교차로 - 교차로부근,승용,남,48세,상해없음,보행자,남,4세,경상
2018041500100404,2018년 4월 15일 19시,일요일,경상남도 남해군 남해읍,중상사고,0,1,2,1,차대차 - 측면충돌,직진우회전진행방해,건조,맑음,교차로 - 교차로안,승용,남,45세,경상,승용,남,42세,부상신고
2018041500100431,2018년 4월 15일 20시,일요일,경상남도 통영시 무전동,경상사고,0,0,1,0,차대사람 - 차도통행중,안전운전불이행,건조,맑음,단일로 - 기타,승용,여,45세,상해없음,보행자,남,43세,경상
2018041500100432,2018년 4월 15일 20시,일요일,경상남도 김해시 서상동,경상사고,0,0,1,0,차량단독 - 기타,안전운전불이행,건조,맑음,단일로 - 기타,자전거,남,18세,경상,,,,
2018041500100433,2018년 4월 15일 20시,일요일,경상남도 거제시 고현동,중상사고,0,1,0,0,차대사람 - 기타,보행자보호의무위반,건조,맑음,교차로 - 교차로횡단보도내,화물,여,48세,상해없음,보행자,남,58세,중상
2018041500100434,2018년 4월 15일 20시,일요일,경상남도 김해시 부곡동,경상사고,0,0,1,0,차대차 - 측면충돌,신호위반,건조,맑음,교차로 - 교차로부근,이륜,남,24세,상해없음,승용,남,53세,경상
2018041500100463,2018년 4월 15일 21시,일요일,경상남도 창원시 마산합포구 창포동2가,경상사고,0,0,2,0,차대차 - 측면충돌,교차로운행방법위반,젖음/습기,비,교차로 - 교차로안,승용,남,59세,상해없음,승용,남,53세,경상
2018041500100464,2018년 4월 15일 21시,일요일,경상남도 김해시 대청동,경상사고,0,0,4,0,차대차 - 추돌,안전운전불이행,건조,맑음,단일로 - 기타,승용,남,57세,상해없음,승용,여,39세,경상
2018041500100491,2018년 4월 15일 22시,일요일,경상남도 사천시 벌리동,중상사고,0,1,0,0,차대차 - 측면충돌,교차로운행방법위반,건조,맑음,교차로 - 교차로안,승용,여,48세,상해없음,승용,여,39세,상해없음
2018041600100015,2018년 4월 16일 01시,월요일,경상남도 거창군 거창읍,경상사고,0,0,1,0,차량단독 - 공작물충돌,안전운전불이행,건조,맑음,단일로 - 기타,승용,남,28세,경상,,,,
2018041600100055,2018년 4월 16일 06시,월요일,경상남도 통영시 광도면,경상사고,0,0,1,0,차대차 - 측면충돌,신호위반,건조,맑음,교차로 - 교차로안,화물,남,56세,상해없음,승합,남,43세,경상
2018041600100134,2018년 4월 16일 08시,월요일,경상남도 거창군 거창읍,경상사고,0,0,1,0,차대차 - 후진중충돌,안전운전불이행,건조,맑음,단일로 - 기타,화물,여,46세,상해없음,농기계,남,82세,경상
2018041600100135,2018년 4월 16일 08시,월요일,경상남도 거제시 고현동,경상사고,0,0,1,0,차대차 - 측면충돌,안전운전불이행,건조,맑음,단일로 - 기타,이륜,남,58세,경상,승용,여,30세,상해없음
2018041600100136,2018년 4월 16일 08시,월요일,경상남도 창원시 성산구 천선동,중상사고,0,1,0,0,차대차 - 측면충돌,안전운전불이행,건조,맑음,단일로 - 기타,승용,남,55세,상해없음,자전거,남,57세,중상
2018041600100137,2018년 4월 16일 08시,월요일,경상남도 창원시 성산구 대방동,경상사고,0,0,1,0,차대차 - 측면충돌,안전운전불이행,건조,맑음,교차로 - 교차로안,승용,여,46세,상해없음,승용,여,45세,경상
2018041600100138,2018년 4월 16일 08시,월요일,경상남도 창원시 성산구 반림동,경상사고,0,0,1,0,차대차 - 측면충돌,안전운전불이행,건조,맑음,교차로 - 교차로안,이륜,여,49세,상해없음,승용,여,36세,경상
2018041600100139,2018년 4월 16일 08시,월요일,경상남도 창원시 의창구 소답동,중상사고,0,1,0,0,차대차 - 측면충돌,안전운전불이행,건조,맑음,교차로 - 교차로안,승용,여,38세,상해없음,자전거,남,33세,중상
2018041600100229,2018년 4월 16일 11시,월요일,경상남도 함양군 함양읍,경상사고,0,0,3,0,차대차 - 측면충돌,교차로운행방법위반,건조,맑음,교차로 - 교차로안,승용,여,58세,경상,승용,남,36세,상해없음
2018041600100230,2018년 4월 16일 11시,월요일,경상남도 양산시 상북면,중상사고,0,1,1,0,차대차 - 기타,안전운전불이행,건조,맑음,단일로 - 기타,화물,남,29세,상해없음,화물,남,35세,중상
2018041600100261,2018년 4월 16일 12시,월요일,경상남도 창녕군 남지읍,중상사고,0,2,0,0,차대차 - 측면충돌,안전운전불이행,건조,맑음,교차로 - 교차로안,승용,여,30세,상해없음,화물,남,61세,중상
2018041600100278,2018년 4월 16일 13시,월요일,경상남도 양산시 물금읍,경상사고,0,0,4,0,차대차 - 추돌,안전운전불이행,건조,맑음,단일로 - 기타,승용,남,63세,상해없음,화물,남,56세,상해없음
2018041600100297,2018년 4월 16일 13시,월요일,경상남도 창원시 의창구 팔용동,경상사고,0,0,2,0,차대차 - 추돌,안전운전불이행,건조,맑음,단일로 - 기타,승용,남,62세,상해없음,승용,남,39세,경상
2018041600100320,2018년 4월 16일 14시,월요일,경상남도 창원시 의창구 신월동,경상사고,0,0,1,0,차대차 - 측면충돌,안전운전불이행,건조,맑음,교차로 - 교차로부근,승용,남,35세,상해없음,화물,남,71세,경상
2018041600100321,2018년 4월 16일 14시,월요일,경상남도 창원시 의창구 신월동,경상사고,0,0,1,0,차대차 - 기타,안전운전불이행,건조,맑음,교차로 - 교차로안,화물,남,27세,상해없음,자전거,남,33세,경상
2018041600100355,2018년 4월 16일 15시,월요일,경상남도 통영시 봉평동,중상사고,0,1,0,0,차대차 - 측면충돌,직진우회전진행방해,건조,맑음,교차로 - 교차로안,승용,남,18세,상해없음,이륜,남,35세,중상
2018041600100356,2018년 4월 16일 15시,월요일,경상남도 창녕군 남지읍,부상신고사고,0,0,0,1,차대차 - 추돌,안전거리미확보,건조,맑음,교차로 - 교차로부근,이륜,남,48세,부상신고,승용,여,61세,상해없음
2018041600100384,2018년 4월 16일 16시,월요일,경상남도 사천시 사천읍,경상사고,0,0,1,0,차대차 - 기타,안전운전불이행,건조,맑음,단일로 - 기타,화물,남,57세,상해없음,승용,남,49세,경상
2018041600100386,2018년 4월 16일 16시,월요일,경상남도 산청군 신안면,중상사고,0,1,0,0,차대차 - 측면충돌,중앙선침범,건조,맑음,단일로 - 기타,승용,남,76세,상해없음,승용,여,64세,중상
2018041600100431,2018년 4월 16일 17시,월요일,경상남도 양산시 북부동,경상사고,0,0,1,0,차대사람 - 횡단중,안전운전불이행,건조,맑음,단일로 - 기타,승용,여,50세,상해없음,보행자,남,63세,경상
2018041600100432,2018년 4월 16일 17시,월요일,경상남도 거제시 고현동,중상사고,0,1,0,0,차대사람 - 횡단중,교차로운행방법위반,건조,맑음,교차로 - 교차로안,승합,남,55세,상해없음,보행자,여,51세,중상
2018041600100433,2018년 4월 16일 17시,월요일,경상남도 거제시 사등면,경상사고,0,0,1,0,차대차 - 측면충돌,교차로운행방법위반,건조,맑음,교차로 - 교차로부근,화물,남,65세,상해없음,이륜,남,42세,경상
2018041600100471,2018년 4월 16일 18시,월요일,경상남도 창원시 진해구 인사동,중상사고,0,1,0,0,차대사람 - 기타,안전운전불이행,건조,맑음,단일로 - 기타,승용,남,29세,상해없음,보행자,남,7세,중상
2018041600100472,2018년 4월 16일 18시,월요일,경상남도 창원시 의창구 명서동,중상사고,0,1,0,0,차대차 - 기타,안전운전불이행,건조,맑음,교차로 - 교차로부근,승용,여,57세,상해없음,원동기,남,27세,중상
2018041600100509,2018년 4월 16일 19시,월요일,경상남도 창원시 성산구 남산동,경상사고,0,0,1,0,차대사람 - 차도통행중,안전운전불이행,건조,맑음,교차로 - 교차로부근,승용,남,36세,상해없음,보행자,여,39세,경상
2018041600100536,2018년 4월 16일 20시,월요일,경상남도 사천시 벌리동,경상사고,0,0,1,0,차대차 - 측면충돌,기타,건조,맑음,교차로 - 교차로안,승용,남,57세,상해없음,승용,남,23세,경상
2018041600100565,2018년 4월 16일 21시,월요일,경상남도 창원시 진해구 용원동,경상사고,0,0,1,0,차대차 - 후진중충돌,안전운전불이행,건조,맑음,기타 - 기타,승용,남,47세,상해없음,승합,남,29세,경상
2018041600100566,2018년 4월 16일 21시,월요일,경상남도 양산시 평산동,경상사고,0,0,1,0,차대차 - 측면충돌,안전거리미확보,건조,맑음,교차로 - 교차로안,승용,남,42세,상해없음,이륜,남,18세,경상
2018041700100008,2018년 4월 17일 00시,화요일,경상남도 창원시 마산회원구 합성동,사망사고,1,0,0,0,차대사람 - 횡단중,신호위반,건조,맑음,단일로 - 기타,이륜,남,22세,상해없음,보행자,남,53세,사망
2018041700100030,2018년 4월 17일 02시,화요일,경상남도 함양군 함양읍,중상사고,0,1,0,0,차대차 - 측면충돌,안전운전불이행,건조,맑음,교차로 - 교차로부근,승용,남,49세,중상,승용,남,42세,상해없음
2018041700100039,2018년 4월 17일 03시,화요일,경상남도 김해시 삼계동,경상사고,0,0,1,0,차량단독 - 전도전복 - 전도,안전운전불이행,건조,맑음,교차로 - 교차로안,이륜,남,35세,경상,미분류,미분류,미분류,미분류
2018041700100052,2018년 4월 17일 05시,화요일,경상남도 사천시 이홀동,중상사고,0,1,1,0,차대차 - 측면충돌,안전운전불이행,건조,맑음,단일로 - 기타,승용,남,34세,경상,승용,남,75세,중상
2018041700100086,2018년 4월 17일 07시,화요일,경상남도 남해군 고현면,중상사고,0,1,0,0,차대사람 - 횡단중,안전운전불이행,건조,맑음,단일로 - 기타,화물,남,76세,상해없음,보행자,여,82세,중상
2018041700100121,2018년 4월 17일 08시,화요일,경상남도 양산시 삼호동,중상사고,0,1,0,0,차대사람 - 횡단중,보행자보호의무위반,건조,맑음,교차로 - 교차로안,승용,여,60세,상해없음,보행자,여,44세,중상
2018041700100122,2018년 4월 17일 08시,화요일,경상남도 하동군 진교면,중상사고,0,1,0,0,차대사람 - 기타,안전운전불이행,건조,맑음,단일로 - 기타,건설기계,남,62세,상해없음,보행자,남,79세,중상
2018041700100123,2018년 4월 17일 08시,화요일,경상남도 하동군 진교면,중상사고,0,1,0,0,차대차 - 추돌,안전운전불이행,건조,맑음,교차로 - 교차로안,건설기계,남,37세,상해없음,승용,여,59세,중상
2018041700100155,2018년 4월 17일 09시,화요일,경상남도 창원시 마산합포구 교원동,중상사고,0,1,0,0,차대차 - 측면충돌,교차로운행방법위반,건조,맑음,교차로 - 교차로안,승용,여,53세,상해없음,이륜,남,62세,중상
2018041700100156,2018년 4월 17일 09시,화요일,경상남도 창원시 진해구 자은동,경상사고,0,0,1,0,차대사람 - 횡단중,안전운전불이행,건조,맑음,교차로 - 교차로횡단보도내,승합,여,45세,상해없음,보행자,여,72세,경상
2018041700100157,2018년 4월 17일 09시,화요일,경상남도 양산시 덕계동,경상사고,0,0,1,0,차대차 - 측면충돌,신호위반,건조,맑음,교차로 - 교차로안,승용,여,45세,상해없음,승용,여,51세,경상
2018041700100158,2018년 4월 17일 09시,화요일,경상남도 거제시 하청면,경상사고,0,0,1,0,차대차 - 기타,안전운전불이행,건조,맑음,교차로 - 교차로부근,건설기계,남,61세,상해없음,승용,여,44세,경상
2018041700100185,2018년 4월 17일 10시,화요일,경상남도 밀양시 삼문동,경상사고,0,0,1,0,차대차 - 측면충돌,교차로운행방법위반,건조,맑음,교차로 - 교차로안,승용,여,58세,상해없음,화물,여,49세,경상
2018041700100220,2018년 4월 17일 11시,화요일,경상남도 창원시 진해구 이동,경상사고,0,0,1,0,차대차 - 추돌,안전운전불이행,건조,맑음,단일로 - 기타,승용,남,50세,상해없음,승용,남,36세,경상
2018041700100221,2018년 4월 17일 11시,화요일,경상남도 김해시 부원동,경상사고,0,0,2,0,차대차 - 기타,안전운전불이행,건조,맑음,단일로 - 기타,화물,남,56세,상해없음,승용,여,31세,경상
2018041700100222,2018년 4월 17일 11시,화요일,경상남도 함양군 함양읍,중상사고,0,1,0,0,차대사람 - 횡단중,안전운전불이행,건조,맑음,교차로 - 교차로안,화물,남,74세,상해없음,보행자,여,59세,중상
2018041700100223,2018년 4월 17일 11시,화요일,경상남도 고성군 회화면,중상사고,0,1,0,0,차대차 - 측면충돌,신호위반,건조,맑음,교차로 - 교차로안,화물,남,66세,상해없음,승용,여,63세,중상
2018041700100252,2018년 4월 17일 12시,화요일,경상남도 창원시 마산합포구 진동면,경상사고,0,0,1,0,차대사람 - 횡단중,보행자보호의무위반,건조,맑음,교차로 - 교차로횡단보도내,승용,여,47세,상해없음,보행자,남,45세,경상
2018041700100279,2018년 4월 17일 13시,화요일,경상남도 창원시 마산합포구 해운동,경상사고,0,0,1,0,차대사람 - 기타,기타,건조,맑음,단일로 - 기타,승합,남,65세,상해없음,보행자,여,35세,경상
2018041700100280,2018년 4월 17일 13시,화요일,경상남도 창녕군 영산면,경상사고,0,0,1,0,차량단독 - 기타,안전운전불이행,건조,맑음,단일로 - 기타,이륜,남,80세,경상,,,,
2018041700100281,2018년 4월 17일 13시,화요일,경상남도 고성군 회화면,경상사고,0,0,2,0,차대차 - 정면충돌,중앙선침범,건조,맑음,교차로 - 교차로부근,승용,남,70세,상해없음,승용,남,60세,경상
2018041700100282,2018년 4월 17일 13시,화요일,경상남도 의령군 부림면,중상사고,0,2,1,0,차대차 - 측면충돌,안전운전불이행,건조,맑음,교차로 - 교차로안,승용,남,85세,경상,농기계,남,77세,중상
2018041700100283,2018년 4월 17일 13시,화요일,경상남도 창원시 마산회원구 회원동,중상사고,0,1,0,0,차대차 - 측면충돌,안전운전불이행,건조,맑음,교차로 - 교차로안,승용,남,34세,상해없음,이륜,남,77세,중상
2018041700100314,2018년 4월 17일 14시,화요일,경상남도 창원시 의창구 사림동,경상사고,0,0,1,0,차대사람 - 횡단중,보행자보호의무위반,건조,맑음,교차로 - 교차로안,승용,남,51세,상해없음,보행자,남,22세,경상
2018041700100334,2018년 4월 17일 15시,화요일,경상남도 김해시 진례면,경상사고,0,0,2,0,차대차 - 측면충돌,안전거리미확보,건조,맑음,단일로 - 기타,승용,남,67세,상해없음,승용,여,52세,경상
2018041700100351,2018년 4월 17일 15시,화요일,경상남도 통영시 인평동,경상사고,0,0,1,0,차대차 - 기타,안전운전불이행,건조,맑음,단일로 - 기타,승용,남,69세,상해없음,승용,여,34세,경상
2018041700100352,2018년 4월 17일 15시,화요일,경상남도 창원시 성산구 성주동,부상신고사고,0,0,0,1,차대차 - 측면충돌,안전운전불이행,건조,맑음,단일로 - 기타,건설기계,남,52세,상해없음,화물,남,37세,부상신고
2018041700100383,2018년 4월 17일 16시,화요일,경상남도 거제시 고현동,중상사고,0,1,0,0,차대사람 - 차도통행중,안전운전불이행,건조,맑음,단일로 - 기타,승용,여,31세,상해없음,보행자,여,70세,중상
2018041700100433,2018년 4월 17일 17시,화요일,경상남도 창원시 진해구 자은동,부상신고사고,0,0,0,1,차대차 - 측면충돌,중앙선침범,건조,맑음,교차로 - 교차로부근,이륜,남,41세,부상신고,승용,여,61세,상해없음
2018041700100502,2018년 4월 17일 19시,화요일,경상남도 김해시 외동,중상사고,0,1,0,0,차대사람 - 기타,보행자보호의무위반,건조,맑음,단일로 - 기타,승용,남,57세,상해없음,보행자,남,13세,중상
2018041700100503,2018년 4월 17일 19시,화요일,경상남도 합천군 초계면,중상사고,0,1,0,0,차대차 - 측면충돌,교차로운행방법위반,건조,맑음,교차로 - 교차로안,승용,여,48세,상해없음,원동기,남,80세,중상
2018041700100504,2018년 4월 17일 19시,화요일,경상남도 양산시 하북면,사망사고,1,0,0,0,차량단독 - 공작물충돌,안전운전불이행,건조,맑음,교차로 - 교차로안,화물,남,58세,사망,,,,
2018041700100505,2018년 4월 17일 19시,화요일,경상남도 창원시 의창구 대원동,중상사고,0,1,0,0,차대차 - 추돌,안전운전불이행,건조,맑음,교차로 - 교차로부근,승용,남,35세,상해없음,승용,남,65세,중상
2018041700100529,2018년 4월 17일 20시,화요일,경상남도 거제시 상동동,중상사고,0,1,0,0,차대사람 - 기타,안전운전불이행,건조,맑음,교차로 - 교차로안,승용,남,56세,상해없음,보행자,남,43세,중상
2018041700100530,2018년 4월 17일 20시,화요일,경상남도 김해시 주촌면,중상사고,0,3,0,0,차대차 - 측면충돌,신호위반,건조,맑음,교차로 - 교차로안,승용,여,32세,중상,화물,남,55세,중상
2018041700100566,2018년 4월 17일 21시,화요일,경상남도 하동군 화개면,경상사고,0,0,1,0,차대차 - 측면충돌,신호위반,건조,맑음,단일로 - 기타,화물,남,66세,상해없음,승용,남,49세,경상
2018041800100026,2018년 4월 18일 01시,수요일,경상남도 진주시 칠암동,경상사고,0,0,1,0,차대차 - 측면충돌,안전운전불이행,건조,맑음,단일로 - 기타,승용,남,58세,상해없음,이륜,남,22세,경상
2018041800100027,2018년 4월 18일 01시,수요일,경상남도 김해시 상동면,경상사고,0,0,1,0,차대차 - 측면충돌,안전운전불이행,건조,맑음,기타 - 기타,승용,남,23세,상해없음,화물,남,51세,경상
2018041800100063,2018년 4월 18일 06시,수요일,경상남도 양산시 물금읍,경상사고,0,0,1,0,차대사람 - 기타,안전운전불이행,건조,맑음,단일로 - 기타,승용,남,54세,상해없음,보행자,여,42세,경상
2018041800100064,2018년 4월 18일 06시,수요일,경상남도 거제시 장목면,경상사고,0,0,4,0,차대차 - 기타,안전운전불이행,건조,맑음,단일로 - 기타,승용,여,44세,상해없음,승용,남,60세,경상
2018041800100065,2018년 4월 18일 06시,수요일,경상남도 김해시 풍유동,경상사고,0,0,1,0,차대차 - 측면충돌,안전운전불이행,건조,맑음,교차로 - 교차로안,승용,남,46세,상해없음,화물,남,59세,경상
2018041800100089,2018년 4월 18일 07시,수요일,경상남도 사천시 노룡동,경상사고,0,0,2,0,차대차 - 추돌,안전운전불이행,건조,맑음,교차로 - 교차로부근,화물,남,48세,상해없음,승용,남,45세,경상
2018041800100090,2018년 4월 18일 07시,수요일,경상남도 창원시 마산회원구 양덕동,경상사고,0,0,1,0,차대차 - 기타,안전운전불이행,건조,맑음,단일로 - 기타,승용,여,27세,상해없음,승합,남,40세,상해없음
2018041800100134,2018년 4월 18일 08시,수요일,경상남도 합천군 합천읍,중상사고,0,1,1,0,차대차 - 기타,안전운전불이행,건조,맑음,교차로 - 교차로안,화물,남,73세,상해없음,이륜,남,81세,경상
2018041800100135,2018년 4월 18일 08시,수요일,경상남도 창녕군 창녕읍,중상사고,0,2,1,0,차대차 - 측면충돌,안전운전불이행,건조,맑음,교차로 - 교차로안,승용,남,80세,경상,화물,남,63세,중상
2018041800100136,2018년 4월 18일 08시,수요일,경상남도 창녕군 창녕읍,중상사고,0,1,1,0,차대사람 - 횡단중,보행자보호의무위반,건조,맑음,교차로 - 교차로안,승용,남,45세,상해없음,보행자,여,9세,중상
2018041800100177,2018년 4월 18일 09시,수요일,경상남도 사천시 서포면,중상사고,0,1,0,0,차대차 - 정면충돌,중앙선침범,건조,맑음,단일로 - 기타,승용,남,54세,상해없음,승용,남,57세,중상
2018041800100206,2018년 4월 18일 10시,수요일,경상남도 사천시 사천읍,중상사고,0,1,0,0,차대차 - 측면충돌,직진우회전진행방해,건조,맑음,교차로 - 교차로안,자전거,남,45세,중상,승용,남,71세,상해없음
2018041800100207,2018년 4월 18일 10시,수요일,경상남도 산청군 단성면,중상사고,0,2,0,0,차량단독 - 전도전복 - 전도,안전운전불이행,건조,맑음,단일로 - 기타,원동기,남,78세,중상,미분류,미분류,미분류,미분류
2018041800100233,2018년 4월 18일 11시,수요일,경상남도 창원시 진해구 용원동,중상사고,0,1,0,0,차대차 - 측면충돌,직진우회전진행방해,건조,맑음,교차로 - 교차로안,승용,남,45세,상해없음,기타불명,여,79세,중상
2018041800100234,2018년 4월 18일 11시,수요일,경상남도 통영시 광도면,중상사고,0,1,0,0,차대차 - 측면충돌,직진우회전진행방해,건조,맑음,교차로 - 교차로안,승용,여,46세,중상,승용,남,37세,상해없음
2018041800100235,2018년 4월 18일 11시,수요일,경상남도 남해군 창선면,중상사고,0,1,0,0,차대차 - 추돌,안전운전불이행,건조,맑음,교차로 - 교차로부근,화물,남,52세,상해없음,승용,여,50세,중상
2018041800100236,2018년 4월 18일 11시,수요일,경상남도 창원시 의창구 북면,중상사고,0,1,0,0,차대차 - 기타,중앙선침범,건조,맑음,단일로 - 기타,화물,여,37세,상해없음,이륜,남,38세,중상
2018041800100281,2018년 4월 18일 13시,수요일,경상남도 고성군 거류면,사망사고,2,0,0,0,차량단독 - 공작물충돌,안전운전불이행,건조,맑음,단일로 - 기타,승용,남,70세,상해없음,,,,
2018041800100282,2018년 4월 18일 13시,수요일,경상남도 의령군 지정면,사망사고,1,0,0,0,차대차 - 측면충돌,교차로운행방법위반,건조,맑음,교차로 - 교차로안,이륜,남,68세,사망,화물,남,34세,상해없음
2018041800100313,2018년 4월 18일 14시,수요일,경상남도 산청군 산청읍,경상사고,0,0,1,0,차량단독 - 공작물충돌,안전운전불이행,건조,맑음,단일로 - 기타,화물,남,66세,경상,,,,