사고번호,사고일시,요일,시군구,사고내용,사망자수,중상자수,경상자수,부상신고자수,사고유형,법규위반,노면상태,기상상태,도로형태,가해운전자 차종,가해운전자 성별,가해운전자 연령,가해운전자 상해정도,피해운전자 차종,피해운전자 성별,피해운전자 연령,피해운전자 상해정도
2018042200100179,2018년 4월 22일 12시,일요일,경상남도 밀양시 내이동,중상사고,0,1,1,0,차대차 - 측면충돌,신호위반,건조,맑음,교차로 - 교차로안,승용,남,58세,상해없음,화물,남,61세,중상
2018042200100180,2018년 4월 22일 12시,일요일,경상남도 양산시 물금읍,경상사고,0,0,1,0,차대차 - 기타,안전운전불이행,건조,맑음,단일로 - 기타,승용,여,58세,상해없음,원동기,남,20세,경상
2018042200100181,2018년 4월 22일 12시,일요일,경상남도 고성군 고성읍,사망사고,1,3,0,0,차대차 - 측면충돌,신호위반,젖음/습기,흐림,교차로 - 교차로안,승용,남,70세,상해없음,화물,남,44세,중상
2018042200100199,2018년 4월 22일 13시,일요일,경상남도 밀양시 가곡동,경상사고,0,0,1,0,차대차 - 측면충돌,안전운전불이행,건조,맑음,단일로 - 기타,자전거,남,77세,경상,승용,남,47세,상해없음
2018042200100200,2018년 4월 22일 13시,일요일,경상남도 김해시 안동,중상사고,0,2,2,0,차대차 - 추돌,안전운전불이행,건조,맑음,단일로 - 기타,화물,남,58세,상해없음,승용,남,37세,경상
2018042200100235,2018년 4월 22일 14시,일요일,경상남도 창녕군 도천면,경상사고,0,0,4,0,차대차 - 측면충돌,중앙선침범,건조,맑음,교차로 - 교차로부근,승합,남,51세,상해없음,승용,남,55세,경상
2018042200100236,2018년 4월 22일 14시,일요일,경상남도 거제시 능포동,경상사고,0,0,1,0,차대차 - 측면충돌,교차로운행방법위반,건조,맑음,교차로 - 교차로안,승용,여,28세,상해없음,승용,여,60세,경상
2018042200100257,2018년 4월 22일 15시,일요일,경상남도 창원시 성산구 중앙동,중상사고,0,1,1,0,차대차 - 측면충돌,중앙선침범,건조,맑음,단일로 - 기타,승용,남,65세,상해없음,승용,여,23세,경상
2018042200100306,2018년 4월 22일 17시,일요일,경상남도 창원시 성산구 성주동,중상사고,0,1,0,0,차대차 - 추돌,안전운전불이행,건조,맑음,단일로 - 기타,승용,남,50세,상해없음,이륜,남,32세,중상
2018042200100405,2018년 4월 22일 20시,일요일,경상남도 거제시 상동동,중상사고,0,1,0,0,차대차 - 기타,안전운전불이행,건조,맑음,교차로 - 교차로안,승용,여,60세,상해없음,이륜,남,37세,중상
2018042200100439,2018년 4월 22일 21시,일요일,경상남도 사천시 사남면,중상사고,0,1,0,0,차대차 - 측면충돌,직진우회전진행방해,건조,맑음,교차로 - 교차로안,승용,남,39세,상해없음,승용,남,37세,상해없음
2018042200100440,2018년 4월 22일 21시,일요일,경상남도 창원시 성산구 중앙동,경상사고,0,0,1,0,차대사람 - 기타,안전운전불이행,건조,맑음,단일로 - 기타,승용,남,33세,상해없음,보행자,여,26세,경상
2018042200100469,2018년 4월 22일 22시,일요일,경상남도 양산시 신기동,중상사고,0,1,0,0,차대사람 - 기타,보행자보호의무위반,건조,맑음,단일로 - 기타,이륜,남,27세,상해없음,보행자,여,54세,중상
2018042300100034,2018년 4월 23일 03시,월요일,경상남도 진주시 하대동,중상사고,0,1,0,0,차대사람 - 횡단중,안전운전불이행,건조,맑음,단일로 - 기타,승용,남,20세,상해없음,보행자,남,54세,중상
2018042300100048,2018년 4월 23일 05시,월요일,경상남도 김해시 상동면,사망사고,1,3,2,0,차대차 - 측면충돌,안전운전불이행,젖음/습기,비,단일로 - 기타,승용,남,62세,상해없음,승용,남,53세,사망
2018042300100052,2018년 4월 23일 05시,월요일,경상남도 창원시 마산합포구 산호동,경상사고,0,0,1,0,차대사람 - 횡단중,안전운전불이행,젖음/습기,비,단일로 - 기타,승용,여,37세,상해없음,보행자,남,34세,경상
2018042300100067,2018년 4월 23일 06시,월요일,경상남도 창원시 의창구 북면,경상사고,0,0,2,0,차대차 - 측면충돌,신호위반,젖음/습기,비,교차로 - 교차로안,화물,남,39세,기타불명,승용,남,25세,경상
2018042300100068,2018년 4월 23일 06시,월요일,경상남도 함안군 가야읍,중상사고,0,1,0,0,차대차 - 기타,안전거리미확보,젖음/습기,비,단일로 - 기타,승용,남,68세,상해없음,승용,남,46세,중상
2018042300100089,2018년 4월 23일 07시,월요일,경상남도 창원시 진해구 이동,경상사고,0,0,1,0,차대차 - 측면충돌,신호위반,건조,맑음,교차로 - 교차로안,승용,남,50세,기타불명,승용,남,38세,경상
2018042300100090,2018년 4월 23일 07시,월요일,경상남도 김해시 삼문동,중상사고,0,3,0,0,차대차 - 추돌,안전운전불이행,젖음/습기,비,단일로 - 기타,승용,남,19세,중상,승용,남,61세,상해없음
2018042300100128,2018년 4월 23일 08시,월요일,경상남도 양산시 용당동,경상사고,0,0,2,0,차대차 - 측면충돌,안전운전불이행,젖음/습기,비,교차로 - 교차로안,화물,남,58세,상해없음,승용,여,47세,경상
2018042300100129,2018년 4월 23일 08시,월요일,경상남도 하동군 진교면,중상사고,0,1,0,0,차대사람 - 횡단중,보행자보호의무위반,건조,맑음,교차로 - 교차로횡단보도내,승용,남,57세,상해없음,보행자,여,80세,중상
2018042300100130,2018년 4월 23일 08시,월요일,경상남도 의령군 의령읍,중상사고,0,1,0,0,차대사람 - 길가장자리구역통행중,안전운전불이행,건조,맑음,단일로 - 지하차도(도로)내,승용,남,29세,상해없음,보행자,여,67세,중상
2018042300100131,2018년 4월 23일 08시,월요일,경상남도 김해시 진영읍,중상사고,0,1,2,0,차대사람 - 횡단중,안전운전불이행,젖음/습기,비,단일로 - 기타,승용,여,64세,경상,보행자,남,23세,중상
2018042300100174,2018년 4월 23일 09시,월요일,경상남도 진주시 신안동,중상사고,0,1,1,0,차대차 - 기타,신호위반,젖음/습기,비,교차로 - 교차로안,승용,남,80세,상해없음,승용,여,47세,중상
2018042300100175,2018년 4월 23일 09시,월요일,경상남도 김해시 생림면,경상사고,0,0,1,0,차대차 - 측면충돌,안전거리미확보,젖음/습기,비,단일로 - 기타,화물,남,57세,상해없음,승용,남,38세,경상
2018042300100176,2018년 4월 23일 09시,월요일,경상남도 함양군 서상면,중상사고,0,1,0,1,차대차 - 측면충돌,교차로운행방법위반,젖음/습기,비,교차로 - 교차로안,승용,남,47세,부상신고,승용,남,38세,중상
2018042300100203,2018년 4월 23일 10시,월요일,경상남도 통영시 서호동,경상사고,0,0,2,0,차대차 - 기타,중앙선침범,젖음/습기,비,단일로 - 기타,승용,여,54세,상해없음,승용,남,70세,경상
2018042300100204,2018년 4월 23일 10시,월요일,경상남도 창녕군 창녕읍,중상사고,0,1,0,0,차대차 - 추돌,안전거리미확보,젖음/습기,비,단일로 - 기타,승용,남,56세,상해없음,화물,남,73세,중상
2018042300100285,2018년 4월 23일 13시,월요일,경상남도 통영시 명정동,중상사고,0,1,1,0,차대차 - 정면충돌,안전운전불이행,젖음/습기,비,교차로 - 교차로안,화물,남,38세,상해없음,승용,여,49세,경상
2018042300100286,2018년 4월 23일 13시,월요일,경상남도 양산시 물금읍,중상사고,0,1,0,0,차대차 - 측면충돌,안전운전불이행,건조,맑음,교차로 - 교차로안,승용,여,37세,상해없음,승용,남,69세,중상
2018042300100287,2018년 4월 23일 13시,월요일,경상남도 양산시 평산동,경상사고,0,0,1,0,차대차 - 기타,중앙선침범,젖음/습기,비,단일로 - 기타,화물,남,66세,상해없음,승용,남,69세,경상
2018042300100288,2018년 4월 23일 13시,월요일,경상남도 하동군 화개면,중상사고,0,2,1,0,차대차 - 정면충돌,중앙선침범,젖음/습기,비,단일로 - 기타,화물,남,48세,상해없음,승용,남,41세,경상
2018042300100363,2018년 4월 23일 16시,월요일,경상남도 창원시 마산합포구 구산면,중상사고,0,1,0,0,차대차 - 측면충돌,교차로운행방법위반,건조,맑음,교차로 - 교차로안,승용,여,31세,상해없음,승용,여,69세,중상
2018042300100402,2018년 4월 23일 17시,월요일,경상남도 창원시 마산합포구 홍문동,경상사고,0,0,1,0,차대차 - 측면충돌,안전운전불이행,젖음/습기,비,교차로 - 교차로안,승용,남,51세,상해없음,승용,남,33세,경상
2018042300100403,2018년 4월 23일 17시,월요일,경상남도 밀양시 교동,경상사고,0,0,1,0,차대차 - 추돌,안전거리미확보,젖음/습기,비,교차로 - 교차로부근,화물,남,25세,상해없음,승용,여,58세,경상
2018042300100404,2018년 4월 23일 17시,월요일,경상남도 김해시 지내동,경상사고,0,0,1,0,차대차 - 추돌,안전운전불이행,젖음/습기,비,단일로 - 기타,승용,남,45세,상해없음,승용,여,47세,경상
2018042300100434,2018년 4월 23일 18시,월요일,경상남도 창원시 의창구 서상동,중상사고,0,4,10,3,차대차 - 추돌,안전운전불이행,젖음/습기,비,단일로 - 기타,승합,남,56세,상해없음,승합,남,48세,경상
2018042300100471,2018년 4월 23일 19시,월요일,경상남도 창원시 의창구 팔용동,중상사고,0,1,1,0,차량단독 - 공작물충돌,안전운전불이행,건조,맑음,단일로 - 기타,승용,남,57세,상해없음,,,,
2018042300100561,2018년 4월 23일 21시,월요일,경상남도 진주시 상대동,중상사고,0,1,0,0,차대사람 - 횡단중,안전운전불이행,젖음/습기,비,단일로 - 기타,승용,남,70세,상해없음,보행자,남,79세,중상
2018042300100562,2018년 4월 23일 21시,월요일,경상남도 창녕군 남지읍,중상사고,0,1,0,0,차대차 - 기타,중앙선침범,젖음/습기,비,단일로 - 기타,승용,남,76세,상해없음,자전거,여,63세,중상
2018042300100563,2018년 4월 23일 21시,월요일,경상남도 양산시 삼호동,경상사고,0,0,1,0,차대차 - 측면충돌,신호위반,젖음/습기,비,교차로 - 교차로안,승용,여,31세,상해없음,승용,남,42세,경상
2018042300100594,2018년 4월 23일 22시,월요일,경상남도 사천시 서포면,경상사고,0,0,1,0,차량단독 - 도로외이탈 - 추락,안전운전불이행,젖음/습기,비,단일로 - 기타,화물,남,56세,경상,,,,
2018042300100595,2018년 4월 23일 22시,월요일,경상남도 김해시 동상동,경상사고,0,0,1,0,차대차 - 추돌,안전운전불이행,젖음/습기,비,단일로 - 기타,승용,남,47세,상해없음,승용,여,37세,경상
2018042300100596,2018년 4월 23일 22시,월요일,경상남도 창원시 성산구 중앙동,경상사고,0,0,1,0,차대차 - 측면충돌,안전운전불이행,건조,맑음,단일로 - 기타,승용,남,59세,상해없음,승용,여,25세,경상
2018042300100616,2018년 4월 23일 23시,월요일,경상남도 김해시 대동면,중상사고,0,1,0,0,차대차 - 측면충돌,안전운전불이행,젖음/습기,비,단일로 - 기타,화물,남,61세,중상,특수,남,32세,상해없음
2018042300100617,2018년 4월 23일 23시,월요일,경상남도 김해시 진례면,경상사고,0,0,1,0,차대차 - 측면충돌,안전운전불이행,젖음/습기,비,단일로 - 기타,승용,남,57세,상해없음,승용,남,34세,경상
2018042300100627,2018년 4월 23일 23시,월요일,경상남도 사천시 정동면,경상사고,0,0,2,0,차대차 - 측면충돌,중앙선침범,건조,맑음,교차로 - 교차로부근,승용,남,29세,상해없음,승용,여,48세,경상
2018042400100029,2018년 4월 24일 02시,화요일,경상남도 김해시 불암동,중상사고,0,1,0,0,차량단독 - 공작물충돌,과속,젖음/습기,비,단일로 - 기타,승용,남,53세,상해없음,,,,
2018042400100061,2018년 4월 24일 05시,화요일,경상남도 진주시 중안동,중상사고,0,2,0,0,차대차 - 측면충돌,직진우회전진행방해,건조,맑음,교차로 - 교차로안,화물,남,23세,상해없음,승용,남,70세,중상
2018042400100062,2018년 4월 24일 05시,화요일,경상남도 창원시 성산구 대방동,중상사고,0,1,1,0,차대차 - 측면충돌,신호위반,젖음/습기,비,교차로 - 교차로안,승용,남,40세,상해없음,승용,남,53세,중상
2018042400100063,2018년 4월 24일 05시,화요일,경상남도 창원시 의창구 봉곡동,중상사고,0,1,0,0,차대차 - 측면충돌,안전운전불이행,건조,맑음,교차로 - 교차로안,승용,남,61세,상해없음,원동기,남,87세,중상
2018042400100073,2018년 4월 24일 06시,화요일,경상남도 양산시 물금읍,중상사고,0,2,0,0,차대차 - 측면충돌,교차로운행방법위반,젖음/습기,비,교차로 - 교차로안,화물,남,69세,상해없음,승용,남,80세,중상
2018042400100089,2018년 4월 24일 07시,화요일,경상남도 김해시 내동,중상사고,0,1,0,0,차대차 - 측면충돌,교차로운행방법위반,젖음/습기,비,교차로 - 교차로안,승용,남,26세,상해없음,승용,여,66세,중상
2018042400100090,2018년 4월 24일 07시,화요일,경상남도 김해시 어방동,경상사고,0,0,1,0,차대사람 - 횡단중,보행자보호의무위반,젖음/습기,비,단일로 - 기타,승용,남,23세,상해없음,보행자,남,53세,경상
2018042400100091,2018년 4월 24일 07시,화요일,경상남도 고성군 고성읍,중상사고,0,1,0,0,차대차 - 측면충돌,중앙선침범,젖음/습기,흐림,단일로 - 기타,농기계,남,67세,상해없음,화물,남,50세,중상
2018042400100125,2018년 4월 24일 08시,화요일,경상남도 김해시 삼계동,경상사고,0,0,1,0,차대사람 - 횡단중,안전운전불이행,젖음/습기,비,단일로 - 기타,승용,남,58세,상해없음,보행자,여,15세,경상
2018042400100126,2018년 4월 24일 08시,화요일,경상남도 거제시 사등면,중상사고,0,1,2,0,차대차 - 정면충돌,중앙선침범,건조,맑음,단일로 - 기타,승용,남,71세,경상,승합,여,48세,경상
2018042400100127,2018년 4월 24일 08시,화요일,경상남도 창원시 의창구 용호동,중상사고,0,1,0,0,차대사람 - 보도통행중,보행자보호의무위반,젖음/습기,비,교차로 - 교차로부근,승용,여,38세,상해없음,보행자,여,61세,중상
2018042400100165,2018년 4월 24일 09시,화요일,경상남도 밀양시 삼랑진읍,중상사고,0,1,1,0,차대차 - 측면충돌,중앙선침범,젖음/습기,비,단일로 - 기타,화물,남,35세,중상,승용,남,31세,경상
2018042400100166,2018년 4월 24일 09시,화요일,경상남도 창원시 의창구 서상동,경상사고,0,0,1,0,차대차 - 기타,안전운전불이행,젖음/습기,비,단일로 - 기타,승용,남,52세,상해없음,승합,남,66세,상해없음
2018042400100202,2018년 4월 24일 10시,화요일,경상남도 통영시 광도면,경상사고,0,0,1,0,차대차 - 기타,안전운전불이행,젖음/습기,흐림,단일로 - 기타,승용,남,58세,기타불명,승용,남,47세,경상
2018042400100230,2018년 4월 24일 11시,화요일,경상남도 창원시 진해구 이동,사망사고,1,0,0,0,차대사람 - 차도통행중,안전운전불이행,건조,맑음,단일로 - 기타,특수,남,38세,상해없음,보행자,여,79세,사망
2018042400100231,2018년 4월 24일 11시,화요일,경상남도 양산시 주진동,경상사고,0,0,4,0,차대차 - 측면충돌,중앙선침범,젖음/습기,비,교차로 - 교차로부근,화물,남,66세,기타불명,승용,남,24세,경상
2018042400100259,2018년 4월 24일 12시,화요일,경상남도 김해시 상동면,사망사고,1,0,1,0,차대차 - 측면충돌,중앙선침범,건조,흐림,단일로 - 기타,화물,여,53세,사망,화물,남,42세,경상
2018042400100321,2018년 4월 24일 14시,화요일,경상남도 진주시 하대동,중상사고,0,1,0,0,차대사람 - 횡단중,보행자보호의무위반,건조,맑음,교차로 - 교차로횡단보도내,화물,남,46세,상해없음,보행자,여,8세,중상
2018042400100365,2018년 4월 24일 15시,화요일,경상남도 창원시 마산합포구 산호동,경상사고,0,0,1,0,차대차 - 기타,안전운전불이행,건조,맑음,교차로 - 교차로안,승용,여,48세,상해없음,승용,여,70세,경상
2018042400100366,2018년 4월 24일 15시,화요일,경상남도 김해시 진영읍,중상사고,0,1,0,0,차대사람 - 보도통행중,보행자보호의무위반,건조,맑음,교차로 - 교차로안,승합,남,59세,상해없음,보행자,여,6세,중상
2018042400100410,2018년 4월 24일 16시,화요일,경상남도 통영시 항남동,중상사고,0,1,0,0,차대사람 - 기타,안전운전불이행,건조,맑음,단일로 - 기타,화물,남,50세,상해없음,보행자,남,77세,중상
2018042400100411,2018년 4월 24일 16시,화요일,경상남도 김해시 생림면,중상사고,0,1,0,0,차대차 - 측면충돌,안전운전불이행,건조,흐림,교차로 - 교차로부근,승용,여,40세,상해없음,이륜,남,61세,중상
2018042400100412,2018년 4월 24일 16시,화요일,경상남도 김해시 외동,경상사고,0,0,2,0,차대차 - 추돌,안전운전불이행,건조,맑음,단일로 - 기타,승합,여,54세,상해없음,승용,여,51세,경상
2018042400100440,2018년 4월 24일 17시,화요일,경상남도 거제시 고현동,중상사고,0,1,0,0,차대차 - 추돌,안전운전불이행,건조,맑음,단일로 - 기타,이륜,남,56세,중상,승용,남,37세,상해없음
2018042400100478,2018년 4월 24일 18시,화요일,경상남도 거창군 마리면,중상사고,0,1,0,0,차대차 - 측면충돌,신호위반,건조,맑음,교차로 - 교차로안,화물,남,54세,상해없음,승용,남,33세,중상
2018042400100545,2018년 4월 24일 20시,화요일,경상남도 양산시 명곡동,경상사고,0,0,1,0,차대차 - 측면충돌,안전운전불이행,건조,맑음,교차로 - 교차로안,승용,남,42세,상해없음,승용,남,64세,경상
2018042400100546,2018년 4월 24일 20시,화요일,경상남도 거제시 고현동,경상사고,0,0,2,0,차대차 - 정면충돌,중앙선침범,건조,맑음,단일로 - 기타,이륜,남,58세,상해없음,승용,여,22세,경상
2018042400100580,2018년 4월 24일 21시,화요일,경상남도 창원시 성산구 중앙동,경상사고,0,0,1,0,차대차 - 기타,안전운전불이행,건조,맑음,단일로 - 기타,승용,남,53세,상해없음,승용,남,48세,경상
2018042400100638,2018년 4월 24일 23시,화요일,경상남도 사천시 선구동,경상사고,0,0,1,0,차대차 - 측면충돌,신호위반,건조,맑음,교차로 - 교차로안,승용,남,36세,상해없음,승용,남,55세,경상
2018042400100639,2018년 4월 24일 23시,화요일,경상남도 김해시 내동,중상사고,0,1,1,0,차대차 - 추돌,안전운전불이행,건조,맑음,단일로 - 기타,이륜,남,18세,중상,승용,남,45세,경상
2018042400100640,2018년 4월 24일 23시,화요일,경상남도 고성군 고성읍,중상사고,0,1,0,0,차대사람 - 기타,안전운전불이행,건조,맑음,단일로 - 기타,승용,남,63세,상해없음,보행자,남,66세,중상
2018042500100079,2018년 4월 25일 07시,수요일,경상남도 김해시 진영읍,경상사고,0,0,2,0,차대차 - 측면충돌,안전운전불이행,건조,맑음,교차로 - 교차로안,승용,여,44세,경상,승용,남,24세,경상
2018042500100112,2018년 4월 25일 08시,수요일,경상남도 창원시 진해구 경화동,중상사고,0,1,0,0,차대차 - 측면충돌,안전운전불이행,건조,맑음,단일로 - 기타,승용,여,40세,상해없음,사륜오토바이(ATV),남,63세,중상
2018042500100113,2018년 4월 25일 08시,수요일,경상남도 창원시 마산회원구 내서읍,경상사고,0,0,1,0,차대차 - 추돌,안전운전불이행,건조,맑음,교차로 - 교차로부근,승용,남,52세,상해없음,승용,여,58세,경상
2018042500100114,2018년 4월 25일 08시,수요일,경상남도 김해시 명법동,경상사고,0,0,2,0,차량단독 - 공작물충돌,교차로운행방법위반,건조,맑음,교차로 - 교차로안,승용,여,53세,경상,,,,
2018042500100151,2018년 4월 25일 09시,수요일,경상남도 양산시 다방동,경상사고,0,0,1,0,차대차 - 측면충돌,안전운전불이행,건조,맑음,주차장 - 주차장,승용,남,55세,상해없음,승용,여,33세,경상
2018042500100183,2018년 4월 25일 10시,수요일,경상남도 양산시 남부동,경상사고,0,0,1,0,차대차 - 추돌,안전운전불이행,건조,맑음,교차로 - 교차로안,화물,남,37세,상해없음,승용,남,50세,경상
2018042500100184,2018년 4월 25일 10시,수요일,경상남도 김해시 진례면,중상사고,0,1,0,0,차대차 - 측면충돌,안전운전불이행,건조,맑음,단일로 - 기타,화물,여,58세,상해없음,승용,여,38세,중상
2018042500100212,2018년 4월 25일 11시,수요일,경상남도 창원시 성산구 사파동,중상사고,0,1,0,0,차대차 - 측면충돌,안전운전불이행,건조,맑음,교차로 - 교차로부근,화물,남,58세,상해없음,자전거,여,49세,중상
2018042500100242,2018년 4월 25일 12시,수요일,경상남도 진주시 하대동,중상사고,0,1,0,0,차대사람 - 횡단중,보행자보호의무위반,건조,맑음,단일로 - 기타,승용,여,57세,상해없음,보행자,여,46세,중상
2018042500100274,2018년 4월 25일 13시,수요일,경상남도 함안군 가야읍,중상사고,0,1,1,0,차대차 - 측면충돌,직진우회전진행방해,건조,맑음,교차로 - 교차로안,승용,남,64세,경상,승용,여,59세,상해없음
2018042500100275,2018년 4월 25일 13시,수요일,경상남도 창원시 성산구 중앙동,중상사고,0,1,0,0,차대차 - 정면충돌,신호위반,건조,맑음,교차로 - 교차로안,승용,여,50세,상해없음,이륜,남,41세,중상
2018042500100314,2018년 4월 25일 14시,수요일,경상남도 밀양시 삼랑진읍,중상사고,0,3,0,0,차대차 - 측면충돌,기타,건조,맑음,교차로 - 교차로안,승용,남,50세,상해없음,승용,여,49세,중상
2018042500100315,2018년 4월 25일 14시,수요일,경상남도 거창군 거창읍,중상사고,0,1,1,0,차대차 - 기타,안전운전불이행,건조,맑음,단일로 - 기타,이륜,여,72세,중상,승용,여,36세,경상
2018042500100316,2018년 4월 25일 14시,수요일,경상남도 산청군 단성면,중상사고,0,1,0,0,차대차 - 측면충돌,교차로운행방법위반,건조,맑음,교차로 - 교차로안,승합,남,48세,상해없음,이륜,남,76세,중상
2018042500100354,2018년 4월 25일 15시,수요일,경상남도 양산시 삼호동,경상사고,0,0,1,0,차대차 - 측면충돌,안전운전불이행,건조,맑음,교차로 - 교차로부근,승용,남,22세,상해없음,승용,남,52세,상해없음
2018042500100355,2018년 4월 25일 15시,수요일,경상남도 산청군 시천면,중상사고,0,1,0,0,차량단독 - 도로외이탈 - 추락,안전운전불이행,건조,맑음,단일로 - 기타,승용,여,56세,상해없음,,,,
2018042500100356,2018년 4월 25일 15시,수요일,경상남도 창원시 마산회원구 양덕동,경상사고,0,0,1,0,차대사람 - 횡단중,안전운전불이행,건조,맑음,단일로 - 기타,승용,남,48세,상해없음,보행자,남,8세,경상
2018042500100357,2018년 4월 25일 15시,수요일,경상남도 김해시 진영읍,중상사고,0,1,0,0,차대사람 - 차도통행중,교차로운행방법위반,건조,맑음,교차로 - 교차로부근,승용,남,28세,상해없음,보행자,남,14세,중상
2018042500100434,2018년 4월 25일 17시,수요일,경상남도 창원시 마산합포구 진동면,경상사고,0,0,1,0,차대차 - 추돌,안전거리미확보,건조,맑음,교차로 - 교차로안,화물,남,56세,상해없음,승용,여,60세,경상
2018042500100435,2018년 4월 25일 17시,수요일,경상남도 사천시 사천읍,경상사고,0,0,1,0,차량단독 - 공작물충돌,안전운전불이행,건조,맑음,단일로 - 기타,화물,남,41세,경상,,,,
2018042500100436,2018년 4월 25일 17시,수요일,경상남도 밀양시 부북면,중상사고,0,1,0,0,차대차 - 측면충돌,안전운전불이행,건조,맑음,교차로 - 교차로안,화물,남,35세,상해없음,원동기,남,70세,중상
2018042500100509,2018년 4월 25일 19시,수요일,경상남도 진주시 가좌동,중상사고,0,1,0,0,차대차 - 기타,안전운전불이행,건조,맑음,교차로 - 교차로부근,화물,남,52세,상해없음,이륜,남,26세,중상
2018042500100510,2018년 4월 25일 19시,수요일,경상남도 양산시 물금읍,경상사고,0,0,1,0,차대차 - 측면충돌,안전운전불이행,건조,맑음,교차로 - 교차로안,승용,남,33세,상해없음,승용,여,36세,경상
2018042500100536,2018년 4월 25일 20시,수요일,경상남도 창원시 마산합포구 월영동,경상사고,0,0,1,0,차대차 - 후진중충돌,안전운전불이행,건조,맑음,교차로 - 교차로안,승용,여,53세,상해없음,승용,여,31세,경상
2018042500100537,2018년 4월 25일 20시,수요일,경상남도 김해시 내동,중상사고,0,1,1,0,차대차 - 기타,신호위반,건조,맑음,교차로 - 교차로안,승합,남,47세,경상,승용,남,68세,중상
2018042500100538,2018년 4월 25일 20시,수요일,경상남도 함안군 칠서면,중상사고,0,1,0,0,차대사람 - 길가장자리구역통행중,안전운전불이행,건조,맑음,단일로 - 기타,승용,남,74세,상해없음,보행자,남,58세,중상
2018042500100539,2018년 4월 25일 20시,수요일,경상남도 창원시 마산회원구 내서읍,중상사고,0,1,1,0,차대차 - 정면충돌,신호위반,건조,맑음,교차로 - 교차로안,승용,여,71세,상해없음,화물,남,48세,경상
2018042600100008,2018년 4월 26일 00시,목요일,경상남도 김해시 삼계동,중상사고,0,1,0,0,차대차 - 기타,안전운전불이행,건조,맑음,단일로 - 기타,승용,남,21세,상해없음,이륜,남,22세,중상
2018042600100027,2018년 4월 26일 02시,목요일,경상남도 양산시 북정동,중상사고,0,1,0,0,차대차 - 기타,안전운전불이행,건조,맑음,교차로 - 교차로부근,화물,남,40세,상해없음,이륜,남,53세,중상
2018042600100034,2018년 4월 26일 03시,목요일,경상남도 창원시 성산구 사파동,경상사고,0,0,1,0,차대차 - 추돌,안전운전불이행,건조,흐림,단일로 - 기타,승용,여,31세,상해없음,승용,남,40세,경상
2018042600100045,2018년 4월 26일 05시,목요일,경상남도 김해시 대동면,중상사고,0,2,0,0,차대차 - 추돌,기타,건조,맑음,단일로 - 기타,화물,남,67세,중상,특수,남,39세,중상
2018042600100054,2018년 4월 26일 05시,목요일,경상남도 고성군 고성읍,중상사고,0,1,0,0,차대차 - 추돌,안전거리미확보,건조,맑음,교차로 - 교차로안,화물,남,36세,상해없음,이륜,여,39세,중상
2018042600100062,2018년 4월 26일 06시,목요일,경상남도 창원시 의창구 명서동,경상사고,0,0,1,0,차대차 - 측면충돌,신호위반,건조,맑음,교차로 - 교차로안,승용,남,34세,상해없음,승용,여,47세,경상
2018042600100079,2018년 4월 26일 07시,목요일,경상남도 김해시 관동동,중상사고,0,1,0,0,차대차 - 측면충돌,교차로운행방법위반,건조,맑음,교차로 - 교차로안,승용,남,51세,상해없음,이륜,남,64세,중상
2018042600100113,2018년 4월 26일 08시,목요일,경상남도 진주시 호탄동,경상사고,0,0,1,0,차대차 - 정면충돌,안전운전불이행,건조,맑음,교차로 - 교차로부근,화물,남,40세,상해없음,자전거,여,20세,경상
2018042600100114,2018년 4월 26일 08시,목요일,경상남도 거창군 거창읍,경상사고,0,0,1,0,차대차 - 기타,안전운전불이행,건조,맑음,교차로 - 교차로안,자전거,남,12세,경상,화물,남,53세,상해없음
2018042600100115,2018년 4월 26일 08시,목요일,경상남도 거제시 일운면,경상사고,0,0,1,0,차대차 - 측면충돌,신호위반,건조,맑음,교차로 - 교차로안,승용,남,67세,상해없음,승용,여,36세,경상
2018042600100148,2018년 4월 26일 09시,목요일,경상남도 통영시 광도면,중상사고,0,1,2,0,차대차 - 측면충돌,신호위반,건조,맑음,교차로 - 교차로안,화물,남,75세,경상,승용,남,33세,경상
2018042600100149,2018년 4월 26일 09시,목요일,경상남도 밀양시 하남읍,경상사고,0,0,1,0,차대차 - 추돌,차로위반,건조,맑음,단일로 - 기타,승합,남,60세,상해없음,화물,남,48세,경상
2018042600100150,2018년 4월 26일 09시,목요일,경상남도 밀양시 상남면,중상사고,0,1,0,0,차대차 - 측면충돌,교차로운행방법위반,건조,맑음,교차로 - 교차로안,승용,남,60세,상해없음,화물,남,66세,중상
2018042600100151,2018년 4월 26일 09시,목요일,경상남도 거제시 아주동,중상사고,0,2,1,0,차대차 - 추돌,안전거리미확보,건조,맑음,단일로 - 기타,화물,남,61세,상해없음,화물,남,37세,중상
2018042600100178,2018년 4월 26일 10시,목요일,경상남도 창원시 마산합포구 우산동,경상사고,0,0,1,0,차대차 - 추돌,안전운전불이행,건조,맑음,단일로 - 교량,화물,남,71세,상해없음,승용,여,43세,경상
2018042600100208,2018년 4월 26일 11시,목요일,경상남도 남해군 고현면,중상사고,0,1,0,0,차대사람 - 기타,안전운전불이행,건조,맑음,단일로 - 기타,화물,남,56세,상해없음,보행자,여,75세,중상