사고번호,사고일시,요일,시군구,사고내용,사망자수,중상자수,경상자수,부상신고자수,사고유형,법규위반,노면상태,기상상태,도로형태,가해운전자 차종,가해운전자 성별,가해운전자 연령,가해운전자 상해정도,피해운전자 차종,피해운전자 성별,피해운전자 연령,피해운전자 상해정도
2018050800100292,2018년 5월 8일 14시,화요일,경상남도 양산시 원동면,중상사고,0,1,0,0,차대차 - 정면충돌,중앙선침범,건조,맑음,단일로 - 기타,승용,여,63세,상해없음,승용,여,41세,중상
2018050800100293,2018년 5월 8일 14시,화요일,경상남도 거제시 아주동,경상사고,0,0,2,0,차대차 - 측면충돌,안전운전불이행,건조,맑음,교차로 - 교차로안,승용,남,58세,상해없음,화물,남,76세,경상
2018050800100338,2018년 5월 8일 15시,화요일,경상남도 창원시 진해구 경화동,중상사고,0,1,0,0,차대차 - 측면충돌,안전운전불이행,건조,맑음,단일로 - 기타,이륜,남,69세,중상,승용,여,57세,상해없음
2018050800100339,2018년 5월 8일 15시,화요일,경상남도 거제시 아주동,중상사고,0,1,4,0,차대차 - 측면충돌,직진우회전진행방해,건조,맑음,교차로 - 교차로안,특수,남,54세,상해없음,승합,남,52세,상해없음
2018050800100381,2018년 5월 8일 16시,화요일,경상남도 창원시 마산합포구 중앙동2가,경상사고,0,0,2,0,차대차 - 측면충돌,안전운전불이행,건조,흐림,교차로 - 교차로안,승용,여,45세,상해없음,승용,남,58세,경상
2018050800100382,2018년 5월 8일 16시,화요일,경상남도 양산시 동면,경상사고,0,0,1,0,차대차 - 측면충돌,안전운전불이행,건조,맑음,단일로 - 기타,화물,남,57세,상해없음,승용,남,31세,상해없음
2018050800100383,2018년 5월 8일 16시,화요일,경상남도 산청군 생비량면,부상신고사고,0,0,0,1,차량단독 - 공작물충돌,안전운전불이행,건조,맑음,단일로 - 기타,승용,남,66세,부상신고,,,,
2018050800100433,2018년 5월 8일 17시,화요일,경상남도 거제시 문동동,중상사고,0,1,0,0,차대차 - 기타,직진우회전진행방해,건조,맑음,교차로 - 교차로안,승용,여,47세,상해없음,이륜,남,34세,중상
2018050800100482,2018년 5월 8일 18시,화요일,경상남도 함안군 칠서면,중상사고,0,1,0,0,차대차 - 측면충돌,안전운전불이행,건조,맑음,단일로 - 기타,승용,남,29세,상해없음,화물,남,54세,중상
2018050800100514,2018년 5월 8일 19시,화요일,경상남도 거제시 고현동,부상신고사고,0,0,0,1,차대사람 - 차도통행중,안전운전불이행,건조,맑음,주차장 - 주차장,승합,남,49세,상해없음,보행자,남,56세,부상신고
2018050800100569,2018년 5월 8일 21시,화요일,경상남도 밀양시 삼문동,경상사고,0,0,1,0,차대차 - 측면충돌,안전운전불이행,건조,맑음,단일로 - 기타,승용,여,53세,상해없음,원동기,남,63세,경상
2018050800100570,2018년 5월 8일 21시,화요일,경상남도 양산시 평산동,경상사고,0,0,1,0,차대차 - 측면충돌,중앙선침범,건조,맑음,단일로 - 기타,승용,남,58세,상해없음,이륜,남,18세,경상
2018050800100571,2018년 5월 8일 21시,화요일,경상남도 양산시 동면,중상사고,0,1,0,0,차대차 - 추돌,안전운전불이행,건조,맑음,단일로 - 기타,승용,남,58세,상해없음,자전거,남,52세,중상
2018050800100594,2018년 5월 8일 22시,화요일,경상남도 창원시 의창구 사림동,중상사고,0,1,0,0,차대사람 - 차도통행중,안전운전불이행,건조,맑음,교차로 - 교차로횡단보도내,승용,여,38세,상해없음,보행자,여,69세,중상
2018050800100595,2018년 5월 8일 22시,화요일,경상남도 창원시 성산구 상남동,중상사고,0,1,0,0,차량단독 - 전도전복 - 전도,안전운전불이행,건조,맑음,단일로 - 기타,이륜,남,22세,상해없음,미분류,미분류,미분류,미분류
2018050800100596,2018년 5월 8일 22시,화요일,경상남도 창원시 의창구 도계동,중상사고,0,1,0,0,차대사람 - 기타,안전운전불이행,건조,맑음,단일로 - 기타,승용,남,52세,상해없음,보행자,남,40세,중상
2018050900100037,2018년 5월 9일 05시,수요일,경상남도 창원시 진해구 이동,중상사고,0,1,0,0,차대차 - 측면충돌,기타,건조,맑음,교차로 - 교차로안,승용,남,61세,상해없음,승용,남,28세,중상
2018050900100124,2018년 5월 9일 08시,수요일,경상남도 함안군 군북면,경상사고,0,0,2,0,차대차 - 정면충돌,안전운전불이행,건조,맑음,단일로 - 기타,승용,남,25세,경상,승용,여,53세,경상
2018050900100125,2018년 5월 9일 08시,수요일,경상남도 창원시 의창구 동읍,경상사고,0,0,1,0,차대차 - 추돌,안전운전불이행,건조,맑음,단일로 - 기타,승용,여,51세,상해없음,승용,여,52세,경상
2018050900100126,2018년 5월 9일 08시,수요일,경상남도 김해시 진례면,중상사고,0,1,1,0,차대차 - 추돌,안전거리미확보,건조,맑음,단일로 - 기타,화물,남,44세,중상,승용,남,34세,경상
2018050900100160,2018년 5월 9일 09시,수요일,경상남도 창녕군 창녕읍,사망사고,1,0,0,0,차대사람 - 기타,안전운전불이행,건조,맑음,단일로 - 기타,화물,남,76세,상해없음,보행자,여,72세,사망
2018050900100161,2018년 5월 9일 09시,수요일,경상남도 산청군 단성면,중상사고,0,1,0,0,차대차 - 측면충돌,안전운전불이행,건조,맑음,교차로 - 교차로안,화물,남,52세,상해없음,승합,남,54세,중상
2018050900100180,2018년 5월 9일 10시,수요일,경상남도 합천군 대양면,부상신고사고,0,0,0,1,차량단독 - 전도전복 - 전도,안전운전불이행,건조,흐림,단일로 - 기타,승용,남,75세,상해없음,미분류,미분류,미분류,미분류
2018050900100181,2018년 5월 9일 10시,수요일,경상남도 의령군 봉수면,중상사고,0,1,0,0,차대차 - 기타,안전운전불이행,건조,맑음,단일로 - 지하차도(도로)내,승용,여,46세,상해없음,농기계,남,82세,중상
2018050900100215,2018년 5월 9일 11시,수요일,경상남도 김해시 삼계동,중상사고,0,1,1,0,차대차 - 측면충돌,안전운전불이행,건조,맑음,교차로 - 교차로안,승용,남,41세,경상,화물,남,42세,중상
2018050900100216,2018년 5월 9일 11시,수요일,경상남도 함양군 서하면,중상사고,0,1,0,0,차대차 - 정면충돌,중앙선침범,건조,맑음,단일로 - 기타,화물,여,62세,상해없음,승용,남,87세,중상
2018050900100217,2018년 5월 9일 11시,수요일,경상남도 함안군 칠서면,중상사고,0,1,0,1,차대차 - 정면충돌,중앙선침범,건조,맑음,단일로 - 기타,승용,남,58세,부상신고,화물,남,32세,중상
2018050900100280,2018년 5월 9일 13시,수요일,경상남도 진주시 주약동,중상사고,0,2,0,0,차대차 - 추돌,안전운전불이행,건조,맑음,단일로 - 기타,승용,여,45세,상해없음,승용,남,38세,중상
2018050900100362,2018년 5월 9일 15시,수요일,경상남도 창원시 마산합포구 중앙동2가,중상사고,0,1,0,0,차대사람 - 횡단중,보행자보호의무위반,건조,맑음,교차로 - 교차로횡단보도내,승용,남,57세,상해없음,보행자,여,77세,중상
2018050900100363,2018년 5월 9일 15시,수요일,경상남도 창원시 성산구 성산동,경상사고,0,0,1,0,차대차 - 측면충돌,안전운전불이행,건조,맑음,단일로 - 기타,승용,남,55세,상해없음,승용,남,64세,경상
2018050900100388,2018년 5월 9일 16시,수요일,경상남도 창원시 마산합포구 장군동3가,중상사고,0,1,0,0,차대사람 - 횡단중,보행자보호의무위반,건조,맑음,교차로 - 교차로부근,승합,남,58세,상해없음,보행자,남,68세,중상
2018050900100389,2018년 5월 9일 16시,수요일,경상남도 진주시 하대동,중상사고,0,1,0,0,차대사람 - 횡단중,보행자보호의무위반,건조,맑음,교차로 - 교차로안,화물,남,56세,상해없음,보행자,여,60세,중상
2018050900100390,2018년 5월 9일 16시,수요일,경상남도 합천군 합천읍,경상사고,0,0,1,0,차대차 - 추돌,안전운전불이행,건조,맑음,단일로 - 기타,화물,남,66세,상해없음,화물,남,67세,상해없음
2018050900100391,2018년 5월 9일 16시,수요일,경상남도 합천군 적중면,중상사고,0,1,0,1,차대사람 - 기타,안전운전불이행,건조,맑음,단일로 - 기타,자전거,남,79세,부상신고,보행자,남,64세,중상
2018050900100392,2018년 5월 9일 16시,수요일,경상남도 하동군 하동읍,중상사고,0,1,0,0,차대차 - 측면충돌,안전운전불이행,건조,맑음,교차로 - 교차로부근,화물,남,35세,상해없음,농기계,남,72세,중상
2018050900100447,2018년 5월 9일 17시,수요일,경상남도 진주시 칠암동,중상사고,0,2,2,0,차대차 - 측면충돌,신호위반,건조,맑음,교차로 - 교차로안,승용,남,55세,상해없음,승용,남,76세,중상
2018050900100448,2018년 5월 9일 17시,수요일,경상남도 거창군 남하면,중상사고,0,1,0,0,차대차 - 측면충돌,안전운전불이행,건조,맑음,교차로 - 교차로안,승용,여,48세,상해없음,자전거,남,58세,중상
2018050900100495,2018년 5월 9일 18시,수요일,경상남도 창원시 의창구 명서동,경상사고,0,0,1,0,차대차 - 추돌,안전운전불이행,건조,맑음,교차로 - 교차로부근,화물,남,54세,상해없음,승용,남,49세,경상
2018050900100519,2018년 5월 9일 19시,수요일,경상남도 진주시 중안동,경상사고,0,0,1,0,차대차 - 측면충돌,직진우회전진행방해,건조,맑음,교차로 - 교차로안,승용,남,63세,상해없음,승용,남,32세,경상
2018050900100546,2018년 5월 9일 20시,수요일,경상남도 양산시 상북면,경상사고,0,0,1,0,차대차 - 측면충돌,안전운전불이행,건조,맑음,단일로 - 기타,승용,남,68세,상해없음,자전거,남,47세,경상
2018050900100547,2018년 5월 9일 20시,수요일,경상남도 거제시 아주동,경상사고,0,0,1,0,차대차 - 측면충돌,신호위반,건조,맑음,교차로 - 교차로안,승용,여,43세,상해없음,승용,여,25세,경상
2018050900100585,2018년 5월 9일 21시,수요일,경상남도 통영시 문화동,사망사고,1,0,0,0,차대사람 - 횡단중,보행자보호의무위반,건조,맑음,단일로 - 기타,승용,남,59세,상해없음,보행자,여,75세,사망
2018050900100586,2018년 5월 9일 21시,수요일,경상남도 양산시 주진동,경상사고,0,0,1,0,차대차 - 후진중충돌,안전운전불이행,건조,맑음,단일로 - 기타,화물,남,58세,상해없음,승용,여,35세,경상
2018050900100635,2018년 5월 9일 23시,수요일,경상남도 통영시 봉평동,경상사고,0,0,5,0,차대차 - 측면충돌,신호위반,건조,맑음,교차로 - 교차로안,승용,남,43세,경상,승용,남,21세,경상
2018051000100037,2018년 5월 10일 03시,목요일,경상남도 김해시 삼방동,중상사고,0,1,0,0,차량단독 - 기타,안전운전불이행,건조,맑음,단일로 - 기타,승용,여,43세,중상,,,,
2018051000100140,2018년 5월 10일 08시,목요일,경상남도 창녕군 창녕읍,중상사고,0,1,0,0,차대사람 - 횡단중,신호위반,건조,맑음,교차로 - 교차로횡단보도내,승용,여,38세,상해없음,보행자,여,53세,중상
2018051000100141,2018년 5월 10일 08시,목요일,경상남도 창원시 마산회원구 합성동,중상사고,0,1,0,0,차대사람 - 차도통행중,안전운전불이행,건조,맑음,단일로 - 기타,승용,남,61세,상해없음,보행자,여,59세,중상
2018051000100142,2018년 5월 10일 08시,목요일,경상남도 창원시 의창구 동읍,경상사고,0,0,1,0,차대차 - 기타,안전운전불이행,건조,맑음,교차로 - 교차로부근,승용,여,37세,상해없음,자전거,남,12세,경상
2018051000100143,2018년 5월 10일 08시,목요일,경상남도 김해시 한림면,중상사고,0,1,0,0,차대차 - 추돌,안전운전불이행,건조,맑음,단일로 - 터널,화물,남,35세,상해없음,화물,남,47세,중상
2018051000100178,2018년 5월 10일 09시,목요일,경상남도 창원시 마산합포구 교방동,중상사고,0,1,0,0,차대차 - 측면충돌,안전운전불이행,건조,맑음,교차로 - 교차로안,승용,여,32세,상해없음,이륜,남,77세,중상
2018051000100179,2018년 5월 10일 09시,목요일,경상남도 창원시 성산구 가음동,경상사고,0,0,1,0,차대차 - 측면충돌,신호위반,건조,맑음,교차로 - 교차로안,승용,남,32세,상해없음,승용,남,56세,경상
2018051000100199,2018년 5월 10일 10시,목요일,경상남도 창원시 마산합포구 신포동1가,중상사고,0,1,0,0,차대차 - 측면충돌,신호위반,건조,맑음,교차로 - 교차로안,이륜,남,18세,중상,승용,여,35세,상해없음
2018051000100200,2018년 5월 10일 10시,목요일,경상남도 양산시 남부동,중상사고,0,1,0,0,차대사람 - 횡단중,보행자보호의무위반,건조,맑음,교차로 - 교차로안,승용,남,58세,상해없음,보행자,남,43세,중상
2018051000100229,2018년 5월 10일 11시,목요일,경상남도 창원시 마산합포구 진전면,경상사고,0,0,2,0,차대차 - 추돌,안전운전불이행,건조,맑음,기타 - 기타,승용,남,55세,상해없음,승용,여,48세,경상
2018051000100230,2018년 5월 10일 11시,목요일,경상남도 창원시 마산합포구 현동,사망사고,1,0,0,0,차량단독 - 공작물충돌,안전운전불이행,건조,맑음,단일로 - 기타,승용,남,78세,사망,,,,
2018051000100231,2018년 5월 10일 11시,목요일,경상남도 김해시 내동,경상사고,0,0,5,0,차대차 - 추돌,안전거리미확보,건조,맑음,교차로 - 교차로부근,건설기계,남,40세,상해없음,승합,남,43세,경상
2018051000100232,2018년 5월 10일 11시,목요일,경상남도 창원시 성산구 사파동,중상사고,0,1,0,0,차대차 - 정면충돌,중앙선침범,건조,맑음,단일로 - 기타,승용,남,72세,상해없음,이륜,남,55세,중상
2018051000100272,2018년 5월 10일 12시,목요일,경상남도 창원시 마산합포구 오동동,경상사고,0,0,1,0,차대차 - 측면충돌,안전운전불이행,건조,맑음,교차로 - 교차로부근,승용,남,58세,상해없음,자전거,남,64세,경상
2018051000100273,2018년 5월 10일 12시,목요일,경상남도 창원시 성산구 대방동,경상사고,0,0,1,0,차대사람 - 길가장자리구역통행중,안전운전불이행,건조,맑음,단일로 - 기타,승용,남,55세,상해없음,보행자,여,68세,경상
2018051000100305,2018년 5월 10일 13시,목요일,경상남도 김해시 부곡동,경상사고,0,0,1,0,차대차 - 측면충돌,교차로운행방법위반,건조,맑음,교차로 - 교차로안,승용,여,48세,상해없음,이륜,남,42세,경상
2018051000100334,2018년 5월 10일 14시,목요일,경상남도 통영시 북신동,중상사고,0,1,0,0,차대차 - 기타,교차로운행방법위반,건조,맑음,교차로 - 교차로안,승용,남,73세,상해없음,승합,남,47세,상해없음
2018051000100335,2018년 5월 10일 14시,목요일,경상남도 밀양시 산외면,중상사고,0,1,0,0,차대사람 - 차도통행중,안전운전불이행,건조,맑음,단일로 - 기타,화물,남,39세,상해없음,보행자,여,85세,중상
2018051000100336,2018년 5월 10일 14시,목요일,경상남도 김해시 내동,중상사고,0,1,0,0,차대사람 - 기타,기타,건조,맑음,단일로 - 기타,승용,남,62세,상해없음,보행자,여,81세,중상
2018051000100338,2018년 5월 10일 14시,목요일,경상남도 김해시 부곡동,중상사고,0,1,0,0,차대차 - 측면충돌,교차로운행방법위반,건조,맑음,교차로 - 교차로안,승용,남,42세,상해없음,승용,여,26세,중상
2018051000100402,2018년 5월 10일 16시,목요일,경상남도 진주시 금곡면,경상사고,0,0,1,0,차대차 - 정면충돌,안전운전불이행,건조,맑음,단일로 - 기타,이륜,여,76세,경상,승용,여,51세,상해없음
2018051000100403,2018년 5월 10일 16시,목요일,경상남도 통영시 무전동,경상사고,0,0,1,0,차대차 - 기타,교차로운행방법위반,건조,맑음,교차로 - 교차로안,승합,남,58세,상해없음,승용,남,60세,상해없음
2018051000100404,2018년 5월 10일 16시,목요일,경상남도 김해시 생림면,중상사고,0,1,0,0,차대사람 - 길가장자리구역통행중,안전운전불이행,건조,맑음,교차로 - 교차로부근,화물,남,56세,상해없음,보행자,남,77세,중상
2018051000100405,2018년 5월 10일 16시,목요일,경상남도 창녕군 유어면,경상사고,0,0,2,0,차대차 - 추돌,안전운전불이행,건조,맑음,교차로 - 교차로부근,화물,남,52세,상해없음,승용,남,61세,경상
2018051000100459,2018년 5월 10일 17시,목요일,경상남도 창원시 진해구 풍호동,경상사고,0,0,2,0,차대차 - 측면충돌,안전운전불이행,건조,맑음,단일로 - 기타,화물,남,66세,상해없음,승용,남,61세,경상
2018051000100460,2018년 5월 10일 17시,목요일,경상남도 김해시 대동면,경상사고,0,0,1,0,차대차 - 측면충돌,안전운전불이행,건조,맑음,단일로 - 기타,승용,남,69세,상해없음,자전거,남,76세,경상
2018051000100505,2018년 5월 10일 18시,목요일,경상남도 진주시 봉곡동,경상사고,0,0,1,0,차대사람 - 횡단중,보행자보호의무위반,건조,맑음,단일로 - 기타,승합,남,49세,상해없음,보행자,남,45세,경상
2018051000100506,2018년 5월 10일 18시,목요일,경상남도 창원시 진해구 마천동,경상사고,0,0,1,0,차대차 - 기타,교차로운행방법위반,건조,맑음,교차로 - 교차로안,승용,남,55세,상해없음,원동기,남,44세,경상
2018051000100507,2018년 5월 10일 18시,목요일,경상남도 밀양시 하남읍,중상사고,0,1,0,0,차대차 - 측면충돌,안전운전불이행,건조,맑음,단일로 - 기타,승용,남,60세,상해없음,사륜오토바이(ATV),여,79세,중상
2018051000100508,2018년 5월 10일 18시,목요일,경상남도 양산시 북정동,중상사고,0,1,0,0,차대차 - 측면충돌,안전운전불이행,건조,맑음,교차로 - 교차로부근,화물,남,59세,상해없음,이륜,남,28세,중상
2018051000100509,2018년 5월 10일 18시,목요일,경상남도 김해시 진영읍,중상사고,0,1,1,0,차대차 - 추돌,안전운전불이행,건조,맑음,단일로 - 기타,승용,남,45세,상해없음,승용,남,28세,중상
2018051000100545,2018년 5월 10일 19시,목요일,경상남도 김해시 구산동,중상사고,0,1,0,0,차대차 - 기타,안전운전불이행,건조,맑음,단일로 - 기타,승용,여,43세,상해없음,이륜,남,38세,중상
2018051000100546,2018년 5월 10일 19시,목요일,경상남도 김해시 구산동,중상사고,0,1,0,0,차대차 - 측면충돌,중앙선침범,건조,맑음,단일로 - 기타,승합,남,67세,상해없음,승용,여,22세,중상
2018051000100578,2018년 5월 10일 20시,목요일,경상남도 통영시 광도면,중상사고,0,1,0,0,차대차 - 측면충돌,중앙선침범,건조,맑음,교차로 - 교차로부근,승용,여,29세,상해없음,이륜,남,36세,중상
2018051000100579,2018년 5월 10일 20시,목요일,경상남도 김해시 무계동,경상사고,0,0,1,0,차대사람 - 횡단중,보행자보호의무위반,건조,맑음,단일로 - 기타,승용,남,70세,상해없음,보행자,남,55세,경상
2018051000100605,2018년 5월 10일 21시,목요일,경상남도 창원시 의창구 봉곡동,중상사고,0,1,0,0,차대차 - 기타,안전운전불이행,건조,맑음,단일로 - 기타,승용,남,23세,상해없음,승용,여,55세,중상
2018051000100637,2018년 5월 10일 22시,목요일,경상남도 사천시 사천읍,중상사고,0,1,0,0,차대차 - 측면충돌,안전거리미확보,건조,맑음,교차로 - 교차로안,승용,남,33세,상해없음,이륜,남,16세,중상
2018051000100638,2018년 5월 10일 22시,목요일,경상남도 창원시 성산구 대방동,중상사고,0,1,0,0,차대차 - 정면충돌,중앙선침범,건조,맑음,단일로 - 기타,자전거,남,18세,상해없음,자전거,남,58세,중상
2018051100100010,2018년 5월 11일 00시,금요일,경상남도 김해시 어방동,중상사고,0,1,0,0,차량단독 - 기타,안전운전불이행,건조,맑음,단일로 - 기타,승용,남,44세,상해없음,,,,
2018051100100076,2018년 5월 11일 07시,금요일,경상남도 사천시 송포동,중상사고,0,1,0,0,차대차 - 측면충돌,신호위반,건조,맑음,교차로 - 교차로안,사륜오토바이(ATV),남,78세,중상,승용,남,37세,상해없음
2018051100100077,2018년 5월 11일 07시,금요일,경상남도 김해시 율하동,중상사고,0,1,0,0,차대사람 - 횡단중,안전운전불이행,건조,맑음,단일로 - 기타,승용,남,38세,상해없음,보행자,남,73세,중상
2018051100100112,2018년 5월 11일 08시,금요일,경상남도 창원시 마산합포구 월영동,중상사고,0,1,0,0,차대차 - 추돌,안전거리미확보,건조,맑음,기타 - 기타,승용,여,27세,상해없음,이륜,남,67세,중상
2018051100100113,2018년 5월 11일 08시,금요일,경상남도 창원시 진해구 여좌동,경상사고,0,0,1,0,차대차 - 측면충돌,안전운전불이행,건조,맑음,교차로 - 교차로안,승용,남,57세,상해없음,승용,남,25세,상해없음
2018051100100114,2018년 5월 11일 08시,금요일,경상남도 창원시 의창구 소계동,중상사고,0,1,0,0,차대차 - 측면충돌,신호위반,건조,맑음,교차로 - 교차로안,승용,남,46세,상해없음,이륜,남,35세,중상
2018051100100156,2018년 5월 11일 09시,금요일,경상남도 양산시 북정동,부상신고사고,0,0,0,1,차대차 - 추돌,안전운전불이행,건조,맑음,단일로 - 기타,화물,남,50세,부상신고,승용,남,57세,상해없음
2018051100100157,2018년 5월 11일 09시,금요일,경상남도 창원시 성산구 내동,경상사고,0,0,2,0,차대차 - 측면충돌,안전운전불이행,건조,맑음,교차로 - 교차로안,승용,남,65세,상해없음,승용,남,31세,경상
2018051100100158,2018년 5월 11일 09시,금요일,경상남도 창원시 의창구 팔용동,경상사고,0,0,1,0,차대차 - 측면충돌,안전운전불이행,건조,맑음,교차로 - 교차로안,승용,남,36세,상해없음,승용,남,62세,경상
2018051100100189,2018년 5월 11일 10시,금요일,경상남도 김해시 안동,중상사고,0,1,3,0,차대차 - 기타,안전운전불이행,건조,맑음,교차로 - 교차로안,화물,남,46세,상해없음,승용,여,32세,경상
2018051100100190,2018년 5월 11일 10시,금요일,경상남도 합천군 대병면,중상사고,0,1,0,0,차량단독 - 공작물충돌,안전운전불이행,건조,맑음,단일로 - 기타,화물,남,71세,상해없음,,,,
2018051100100191,2018년 5월 11일 10시,금요일,경상남도 거제시 고현동,경상사고,0,0,2,0,차대차 - 측면충돌,안전운전불이행,건조,맑음,교차로 - 교차로안,승용,여,39세,경상,승용,여,59세,경상
2018051100100224,2018년 5월 11일 11시,금요일,경상남도 거제시 사등면,중상사고,0,1,1,0,차대차 - 정면충돌,중앙선침범,건조,맑음,단일로 - 기타,화물,여,57세,상해없음,화물,남,49세,중상
2018051100100225,2018년 5월 11일 11시,금요일,경상남도 남해군 남해읍,중상사고,0,1,0,0,차대사람 - 횡단중,보행자보호의무위반,건조,맑음,교차로 - 교차로횡단보도내,화물,남,48세,상해없음,보행자,여,65세,중상
2018051100100226,2018년 5월 11일 11시,금요일,경상남도 김해시 진영읍,경상사고,0,0,1,0,차대차 - 측면충돌,안전운전불이행,건조,맑음,교차로 - 교차로안,화물,남,46세,상해없음,화물,남,56세,경상
2018051100100257,2018년 5월 11일 12시,금요일,경상남도 밀양시 초동면,경상사고,0,0,2,0,차대차 - 측면충돌,신호위반,건조,맑음,교차로 - 교차로안,화물,남,61세,상해없음,승용,남,75세,경상
2018051100100258,2018년 5월 11일 12시,금요일,경상남도 밀양시 부북면,경상사고,0,0,1,0,차대차 - 측면충돌,안전운전불이행,건조,맑음,교차로 - 교차로안,승용,여,32세,상해없음,화물,남,63세,경상
2018051100100259,2018년 5월 11일 12시,금요일,경상남도 거창군 거창읍,중상사고,0,1,0,0,차대차 - 기타,안전거리미확보,건조,맑음,단일로 - 기타,승용,남,60세,상해없음,이륜,남,74세,중상
2018051100100260,2018년 5월 11일 12시,금요일,경상남도 양산시 상북면,중상사고,0,1,0,0,차대차 - 측면충돌,직진우회전진행방해,건조,맑음,교차로 - 교차로안,승용,여,57세,상해없음,화물,남,63세,중상
2018051100100261,2018년 5월 11일 12시,금요일,경상남도 거제시 연초면,경상사고,0,0,1,0,차대차 - 기타,안전거리미확보,건조,맑음,단일로 - 기타,화물,남,44세,상해없음,승용,남,31세,경상
2018051100100297,2018년 5월 11일 13시,금요일,경상남도 창원시 마산합포구 구산면,경상사고,0,0,1,0,차대차 - 추돌,안전거리미확보,건조,맑음,단일로 - 기타,승용,남,75세,상해없음,승용,남,61세,경상
2018051100100298,2018년 5월 11일 13시,금요일,경상남도 함양군 함양읍,경상사고,0,0,1,0,차대사람 - 기타,안전운전불이행,건조,맑음,단일로 - 기타,화물,남,71세,상해없음,보행자,남,54세,경상
2018051100100330,2018년 5월 11일 14시,금요일,경상남도 거창군 거창읍,중상사고,0,3,2,0,차대차 - 기타,안전거리미확보,건조,맑음,단일로 - 기타,승용,여,40세,상해없음,승합,남,56세,중상
2018051100100361,2018년 5월 11일 15시,금요일,경상남도 양산시 덕계동,경상사고,0,0,4,0,차대차 - 측면충돌,안전운전불이행,건조,맑음,교차로 - 교차로부근,승용,여,64세,상해없음,승용,여,70세,경상
2018051100100362,2018년 5월 11일 15시,금요일,경상남도 의령군 의령읍,경상사고,0,0,1,0,차대차 - 측면충돌,안전운전불이행,건조,맑음,교차로 - 교차로안,승용,남,81세,상해없음,화물,남,59세,경상
2018051100100493,2018년 5월 11일 18시,금요일,경상남도 사천시 벌리동,경상사고,0,0,2,0,차대차 - 측면충돌,신호위반,건조,맑음,교차로 - 교차로안,승용,남,61세,상해없음,승용,여,21세,경상
2018051100100531,2018년 5월 11일 19시,금요일,경상남도 거제시 아주동,중상사고,0,1,0,0,차대차 - 측면충돌,안전거리미확보,건조,맑음,단일로 - 기타,승용,여,36세,상해없음,이륜,남,55세,중상
2018051100100570,2018년 5월 11일 20시,금요일,경상남도 사천시 벌리동,경상사고,0,0,2,0,차대사람 - 횡단중,보행자보호의무위반,건조,맑음,단일로 - 기타,승용,여,51세,상해없음,보행자,여,38세,경상
2018051100100571,2018년 5월 11일 20시,금요일,경상남도 김해시 진영읍,중상사고,0,1,0,0,차대사람 - 길가장자리구역통행중,안전운전불이행,건조,맑음,교차로 - 교차로안,승용,남,52세,상해없음,보행자,남,52세,중상
2018051100100638,2018년 5월 11일 22시,금요일,경상남도 창원시 성산구 사파동,중상사고,0,1,0,0,차대사람 - 기타,신호위반,건조,맑음,단일로 - 기타,이륜,남,25세,상해없음,보행자,남,24세,중상
2018051100100639,2018년 5월 11일 22시,금요일,경상남도 김해시 내덕동,중상사고,0,1,0,0,차대차 - 측면충돌,신호위반,건조,맑음,교차로 - 교차로안,승용,여,46세,중상,승용,남,57세,상해없음
2018051100100664,2018년 5월 11일 23시,금요일,경상남도 창원시 의창구 봉곡동,경상사고,0,0,3,0,차대차 - 정면충돌,신호위반,건조,맑음,교차로 - 교차로안,이륜,남,26세,경상,승용,여,22세,경상
2018051200100033,2018년 5월 12일 01시,토요일,경상남도 양산시 물금읍,경상사고,0,0,1,3,차대차 - 측면충돌,신호위반,건조,맑음,교차로 - 교차로안,승용,남,25세,상해없음,승용,남,49세,경상
2018051200100088,2018년 5월 12일 05시,토요일,경상남도 함안군 가야읍,경상사고,0,0,1,0,차대차 - 추돌,안전운전불이행,건조,맑음,단일로 - 기타,승용,남,26세,상해없음,특수,남,60세,경상
2018051200100098,2018년 5월 12일 06시,토요일,경상남도 사천시 사남면,경상사고,0,0,2,0,차대차 - 측면충돌,안전운전불이행,건조,맑음,단일로 - 기타,승용,남,62세,상해없음,화물,남,73세,경상
2018051200100118,2018년 5월 12일 07시,토요일,경상남도 고성군 회화면,경상사고,0,0,1,0,차대차 - 측면충돌,안전운전불이행,건조,맑음,단일로 - 기타,승용,여,52세,상해없음,승용,남,42세,경상
2018051200100139,2018년 5월 12일 08시,토요일,경상남도 김해시 외동,중상사고,0,1,0,0,차대차 - 기타,안전운전불이행,건조,맑음,교차로 - 교차로부근,승용,남,57세,상해없음,이륜,여,55세,중상
2018051200100140,2018년 5월 12일 08시,토요일,경상남도 남해군 삼동면,경상사고,0,0,1,0,차대사람 - 기타,안전운전불이행,건조,맑음,단일로 - 기타,화물,남,59세,상해없음,보행자,남,67세,경상
2018051200100221,2018년 5월 12일 11시,토요일,경상남도 창원시 의창구 봉곡동,중상사고,0,1,0,0,차대사람 - 차도통행중,안전운전불이행,건조,맑음,단일로 - 기타,승용,남,65세,상해없음,보행자,남,83세,중상
2018051200100254,2018년 5월 12일 12시,토요일,경상남도 진주시 하대동,경상사고,0,0,1,0,차대차 - 추돌,안전운전불이행,젖음/습기,비,단일로 - 기타,승용,남,50세,경상,승용,여,51세,상해없음
2018051200100255,2018년 5월 12일 12시,토요일,경상남도 거창군 주상면,사망사고,1,0,1,0,차대차 - 정면충돌,안전운전불이행,젖음/습기,비,단일로 - 기타,화물,남,60세,경상,화물,남,67세,사망