사고번호,사고일시,요일,시군구,사고내용,사망자수,중상자수,경상자수,부상신고자수,사고유형,법규위반,노면상태,기상상태,도로형태,가해운전자 차종,가해운전자 성별,가해운전자 연령,가해운전자 상해정도,피해운전자 차종,피해운전자 성별,피해운전자 연령,피해운전자 상해정도
2018060800100382,2018년 6월 8일 15시,금요일,경상남도 창녕군 남지읍,경상사고,0,0,1,0,차대차 - 기타,안전운전불이행,건조,맑음,교차로 - 교차로안,승용,여,66세,상해없음,승용,여,55세,경상
2018060800100383,2018년 6월 8일 15시,금요일,경상남도 거제시 동부면,중상사고,0,1,0,0,차대차 - 측면충돌,안전운전불이행,건조,맑음,교차로 - 교차로안,승용,남,65세,상해없음,승용,남,72세,중상
2018060800100483,2018년 6월 8일 17시,금요일,경상남도 통영시 북신동,중상사고,0,1,0,0,차대사람 - 횡단중,신호위반,건조,맑음,교차로 - 교차로횡단보도내,승용,여,50세,상해없음,보행자,여,53세,중상
2018060800100484,2018년 6월 8일 17시,금요일,경상남도 밀양시 상남면,중상사고,0,1,4,0,차대차 - 측면충돌,교차로운행방법위반,건조,맑음,교차로 - 교차로안,승용,남,46세,경상,화물,남,64세,경상
2018060800100485,2018년 6월 8일 17시,금요일,경상남도 김해시 진영읍,경상사고,0,0,1,0,차대차 - 측면충돌,안전운전불이행,건조,맑음,교차로 - 교차로부근,승용,남,59세,상해없음,자전거,남,38세,경상
2018060800100536,2018년 6월 8일 18시,금요일,경상남도 합천군 초계면,중상사고,0,1,1,0,차대차 - 측면충돌,신호위반,건조,맑음,교차로 - 교차로안,화물,남,64세,중상,승용,남,30세,경상
2018060800100537,2018년 6월 8일 18시,금요일,경상남도 양산시 동면,경상사고,0,0,1,0,차량단독 - 공작물충돌,기타,건조,맑음,교차로 - 교차로부근,승합,남,58세,상해없음,,,,
2018060800100538,2018년 6월 8일 18시,금요일,경상남도 김해시 관동동,중상사고,0,1,0,0,차대차 - 추돌,안전운전불이행,건조,맑음,단일로 - 기타,승용,남,19세,상해없음,승용,여,38세,중상
2018060800100574,2018년 6월 8일 19시,금요일,경상남도 김해시 생림면,중상사고,0,1,0,0,차량단독 - 기타,안전운전불이행,건조,맑음,단일로 - 기타,자전거,남,68세,중상,,,,
2018060800100575,2018년 6월 8일 19시,금요일,경상남도 고성군 고성읍,경상사고,0,0,1,0,차대차 - 추돌,안전거리미확보,건조,맑음,단일로 - 기타,화물,남,25세,상해없음,이륜,남,61세,경상
2018060800100643,2018년 6월 8일 21시,금요일,경상남도 진주시 신안동,경상사고,0,0,1,0,차대사람 - 횡단중,보행자보호의무위반,건조,맑음,단일로 - 기타,승용,남,65세,상해없음,보행자,여,57세,경상
2018060800100694,2018년 6월 8일 23시,금요일,경상남도 창원시 진해구 용원동,중상사고,0,3,0,0,차대차 - 측면충돌,안전거리미확보,건조,맑음,교차로 - 교차로안,원동기,남,17세,상해없음,승용,남,22세,중상
2018060900100014,2018년 6월 9일 00시,토요일,경상남도 양산시 물금읍,중상사고,0,1,0,0,차대차 - 측면충돌,안전운전불이행,건조,맑음,단일로 - 기타,승용,남,32세,상해없음,이륜,남,22세,중상
2018060900100015,2018년 6월 9일 00시,토요일,경상남도 거제시 고현동,경상사고,0,0,1,0,차대차 - 측면충돌,신호위반,건조,맑음,교차로 - 교차로안,승용,남,22세,상해없음,승용,남,45세,경상
2018060900100016,2018년 6월 9일 00시,토요일,경상남도 창원시 의창구 소답동,경상사고,0,0,1,0,차대차 - 기타,안전운전불이행,건조,맑음,교차로 - 교차로안,승용,남,19세,상해없음,승용,남,56세,경상
2018060900100034,2018년 6월 9일 01시,토요일,경상남도 김해시 어방동,경상사고,0,0,1,0,차대차 - 정면충돌,신호위반,건조,맑음,교차로 - 교차로안,이륜,남,18세,상해없음,승용,여,21세,경상
2018060900100039,2018년 6월 9일 02시,토요일,경상남도 김해시 삼방동,경상사고,0,0,1,0,차대차 - 기타,안전거리미확보,건조,맑음,단일로 - 기타,화물,남,51세,상해없음,이륜,남,32세,상해없음
2018060900100040,2018년 6월 9일 02시,토요일,경상남도 양산시 동면,중상사고,0,1,2,0,차대차 - 측면충돌,신호위반,건조,맑음,교차로 - 교차로안,승용,남,56세,경상,화물,남,52세,경상
2018060900100068,2018년 6월 9일 04시,토요일,경상남도 진주시 동성동,사망사고,1,0,1,0,차대차 - 측면충돌,신호위반,건조,맑음,교차로 - 교차로안,승용,남,22세,경상,승용,여,58세,사망
2018060900100069,2018년 6월 9일 04시,토요일,경상남도 창원시 의창구 북면,중상사고,0,4,0,0,차대차 - 측면충돌,신호위반,건조,맑음,교차로 - 교차로안,승용,여,38세,상해없음,승용,남,55세,중상
2018060900100083,2018년 6월 9일 05시,토요일,경상남도 김해시 구산동,중상사고,0,1,0,0,차대차 - 기타,신호위반,건조,맑음,교차로 - 교차로안,승용,남,53세,상해없음,이륜,남,48세,중상
2018060900100084,2018년 6월 9일 05시,토요일,경상남도 양산시 동면,경상사고,0,0,1,0,차대차 - 측면충돌,신호위반,건조,맑음,교차로 - 교차로안,화물,남,69세,상해없음,특수,남,44세,경상
2018060900100091,2018년 6월 9일 06시,토요일,경상남도 사천시 향촌동,경상사고,0,0,1,0,차대차 - 측면충돌,신호위반,건조,맑음,교차로 - 교차로안,승용,여,55세,상해없음,화물,남,68세,경상
2018060900100125,2018년 6월 9일 08시,토요일,경상남도 김해시 무계동,중상사고,0,1,3,0,차대차 - 측면충돌,교차로운행방법위반,건조,맑음,교차로 - 교차로안,화물,남,52세,상해없음,승합,남,50세,상해없음
2018060900100150,2018년 6월 9일 09시,토요일,경상남도 통영시 당동,경상사고,0,0,1,0,차대차 - 기타,안전운전불이행,건조,맑음,교차로 - 교차로부근,화물,남,67세,상해없음,승용,여,33세,경상
2018060900100182,2018년 6월 9일 10시,토요일,경상남도 양산시 상북면,중상사고,0,1,0,0,차대사람 - 기타,안전운전불이행,건조,맑음,교차로 - 교차로부근,승용,남,78세,상해없음,보행자,여,62세,중상
2018060900100183,2018년 6월 9일 10시,토요일,경상남도 고성군 구만면,중상사고,0,1,0,0,차대차 - 정면충돌,안전운전불이행,건조,맑음,단일로 - 기타,승용,남,68세,상해없음,승용,남,76세,중상
2018060900100184,2018년 6월 9일 10시,토요일,경상남도 산청군 시천면,중상사고,0,1,0,1,차대차 - 측면충돌,안전운전불이행,건조,맑음,단일로 - 기타,이륜,남,61세,부상신고,화물,남,57세,상해없음
2018060900100185,2018년 6월 9일 10시,토요일,경상남도 함안군 가야읍,중상사고,0,1,0,0,차대차 - 측면충돌,안전운전불이행,건조,맑음,단일로 - 기타,화물,남,58세,상해없음,이륜,남,84세,중상
2018060900100186,2018년 6월 9일 10시,토요일,경상남도 김해시 삼문동,경상사고,0,0,1,0,차대차 - 측면충돌,차로위반,건조,맑음,단일로 - 기타,승용,남,46세,상해없음,화물,남,25세,경상
2018060900100222,2018년 6월 9일 11시,토요일,경상남도 남해군 남면,중상사고,0,1,1,0,차대차 - 정면충돌,안전운전불이행,건조,맑음,단일로 - 기타,승용,여,60세,상해없음,화물,남,22세,중상
2018060900100262,2018년 6월 9일 12시,토요일,경상남도 진주시 하대동,중상사고,0,1,2,0,차대차 - 측면충돌,안전운전불이행,건조,맑음,교차로 - 교차로안,이륜,남,57세,중상,승용,남,42세,경상
2018060900100263,2018년 6월 9일 12시,토요일,경상남도 거창군 거창읍,경상사고,0,0,2,0,차대차 - 기타,중앙선침범,건조,맑음,단일로 - 기타,승용,여,28세,상해없음,승용,여,43세,경상
2018060900100297,2018년 6월 9일 13시,토요일,경상남도 창원시 진해구 충의동,중상사고,0,1,0,0,차대차 - 측면충돌,교차로운행방법위반,건조,맑음,교차로 - 교차로부근,승용,남,45세,상해없음,이륜,남,37세,중상
2018060900100298,2018년 6월 9일 13시,토요일,경상남도 하동군 악양면,중상사고,0,1,0,0,차대차 - 측면충돌,안전운전불이행,건조,맑음,단일로 - 기타,승용,여,63세,상해없음,이륜,남,76세,중상
2018060900100335,2018년 6월 9일 14시,토요일,경상남도 사천시 벌리동,경상사고,0,0,1,0,차대차 - 측면충돌,직진우회전진행방해,건조,맑음,교차로 - 교차로안,이륜,남,64세,경상,승용,남,27세,상해없음
2018060900100336,2018년 6월 9일 14시,토요일,경상남도 창원시 성산구 남양동,중상사고,0,1,0,0,차대차 - 정면충돌,신호위반,건조,맑음,교차로 - 교차로안,승용,남,53세,상해없음,이륜,남,60세,중상
2018060900100365,2018년 6월 9일 15시,토요일,경상남도 진주시 인사동,부상신고사고,0,0,0,1,차대차 - 기타,신호위반,건조,맑음,교차로 - 교차로부근,승용,남,60세,상해없음,자전거,남,11세,부상신고
2018060900100390,2018년 6월 9일 16시,토요일,경상남도 통영시 한산면,경상사고,0,0,1,0,차대차 - 기타,안전운전불이행,건조,맑음,단일로 - 기타,승합,남,54세,상해없음,승용,남,40세,상해없음
2018060900100391,2018년 6월 9일 16시,토요일,경상남도 김해시 어방동,중상사고,0,1,0,0,차대차 - 측면충돌,안전운전불이행,건조,맑음,교차로 - 교차로안,승용,여,49세,상해없음,이륜,남,55세,중상
2018060900100430,2018년 6월 9일 17시,토요일,경상남도 김해시 삼계동,경상사고,0,0,1,0,차대차 - 기타,기타,건조,맑음,단일로 - 기타,승용,남,51세,상해없음,이륜,남,26세,경상
2018060900100431,2018년 6월 9일 17시,토요일,경상남도 양산시 남부동,부상신고사고,0,0,0,1,차대사람 - 기타,안전운전불이행,건조,맑음,주차장 - 주차장,승합,남,41세,상해없음,보행자,남,49세,부상신고
2018060900100432,2018년 6월 9일 17시,토요일,경상남도 창원시 의창구 봉곡동,중상사고,0,1,0,0,차대차 - 측면충돌,안전운전불이행,건조,맑음,교차로 - 교차로안,승용,남,60세,상해없음,자전거,남,45세,중상
2018060900100471,2018년 6월 9일 18시,토요일,경상남도 양산시 물금읍,경상사고,0,0,1,0,차대차 - 측면충돌,안전운전불이행,건조,맑음,교차로 - 교차로안,승용,여,36세,상해없음,승용,여,44세,경상
2018060900100508,2018년 6월 9일 19시,토요일,경상남도 창원시 성산구 반지동,중상사고,0,1,0,0,차대차 - 측면충돌,중앙선침범,건조,맑음,단일로 - 기타,이륜,남,31세,상해없음,이륜,남,47세,중상
2018060900100509,2018년 6월 9일 19시,토요일,경상남도 창원시 의창구 팔용동,중상사고,0,1,3,0,차대차 - 측면충돌,안전운전불이행,건조,맑음,교차로 - 교차로안,승용,남,43세,상해없음,승용,남,28세,중상
2018060900100583,2018년 6월 9일 21시,토요일,경상남도 김해시 삼계동,경상사고,0,0,1,0,차대차 - 측면충돌,차로위반,건조,맑음,단일로 - 기타,승용,남,36세,상해없음,이륜,남,51세,경상
2018060900100609,2018년 6월 9일 22시,토요일,경상남도 하동군 금성면,중상사고,0,1,0,0,차대차 - 기타,안전운전불이행,젖음/습기,흐림,단일로 - 기타,승용,남,50세,상해없음,승용,여,34세,중상
2018061000100035,2018년 6월 10일 01시,일요일,경상남도 창원시 마산합포구 산호동,중상사고,0,1,2,0,차대차 - 측면충돌,중앙선침범,건조,맑음,단일로 - 기타,승용,남,57세,상해없음,승용,남,28세,중상
2018061000100051,2018년 6월 10일 02시,일요일,경상남도 김해시 외동,중상사고,0,1,0,0,차대차 - 추돌,안전운전불이행,건조,맑음,단일로 - 기타,승용,여,22세,상해없음,승용,남,43세,중상
2018061000100052,2018년 6월 10일 02시,일요일,경상남도 김해시 내동,중상사고,0,1,0,0,차대차 - 측면충돌,안전운전불이행,건조,맑음,교차로 - 교차로안,승용,남,18세,상해없음,이륜,남,38세,중상
2018061000100053,2018년 6월 10일 02시,일요일,경상남도 창원시 마산회원구 양덕동,중상사고,0,1,0,0,차대차 - 정면충돌,중앙선침범,건조,맑음,단일로 - 기타,승용,남,65세,상해없음,승용,남,62세,중상
2018061000100083,2018년 6월 10일 05시,일요일,경상남도 창원시 마산합포구 산호동,경상사고,0,0,2,0,차대차 - 측면충돌,안전운전불이행,건조,맑음,단일로 - 기타,승용,남,66세,상해없음,화물,남,51세,경상
2018061000100109,2018년 6월 10일 08시,일요일,경상남도 양산시 다방동,중상사고,0,1,1,0,차대차 - 측면충돌,안전운전불이행,젖음/습기,비,단일로 - 기타,화물,남,23세,상해없음,승합,남,62세,경상
2018061000100114,2018년 6월 10일 08시,일요일,경상남도 사천시 봉남동,중상사고,0,1,0,0,차대차 - 기타,교차로운행방법위반,건조,흐림,교차로 - 교차로안,화물,남,67세,상해없음,자전거,남,76세,중상
2018061000100124,2018년 6월 10일 09시,일요일,경상남도 김해시 주촌면,경상사고,0,0,1,0,차대차 - 측면충돌,안전운전불이행,건조,맑음,단일로 - 기타,승용,남,40세,상해없음,화물,여,65세,경상
2018061000100160,2018년 6월 10일 10시,일요일,경상남도 거제시 문동동,경상사고,0,0,1,0,차대차 - 추돌,안전거리미확보,건조,맑음,단일로 - 기타,승용,남,78세,상해없음,승용,남,78세,상해없음
2018061000100161,2018년 6월 10일 10시,일요일,경상남도 산청군 단성면,중상사고,0,1,0,0,차대사람 - 차도통행중,안전운전불이행,건조,맑음,단일로 - 기타,화물,남,60세,상해없음,보행자,남,78세,중상
2018061000100195,2018년 6월 10일 12시,일요일,경상남도 함안군 가야읍,중상사고,0,1,0,0,차대차 - 측면충돌,교차로운행방법위반,건조,맑음,교차로 - 교차로안,자전거,남,70세,중상,승용,여,57세,상해없음
2018061000100225,2018년 6월 10일 13시,일요일,경상남도 양산시 신기동,중상사고,0,1,0,0,차대사람 - 횡단중,보행자보호의무위반,건조,맑음,교차로 - 교차로부근,승용,남,66세,상해없음,보행자,여,18세,중상
2018061000100282,2018년 6월 10일 15시,일요일,경상남도 합천군 청덕면,부상신고사고,0,0,0,1,차대차 - 측면충돌,안전운전불이행,건조,흐림,교차로 - 교차로안,승용,여,57세,상해없음,화물,남,55세,부상신고
2018061000100284,2018년 6월 10일 15시,일요일,경상남도 고성군 회화면,경상사고,0,0,1,0,차대차 - 추돌,안전거리미확보,건조,맑음,단일로 - 기타,승용,여,32세,상해없음,승용,남,28세,경상
2018061000100313,2018년 6월 10일 16시,일요일,경상남도 거제시 고현동,경상사고,0,0,1,0,차대차 - 측면충돌,안전운전불이행,건조,맑음,교차로 - 교차로안,이륜,남,36세,경상,승용,남,43세,상해없음
2018061000100347,2018년 6월 10일 17시,일요일,경상남도 창녕군 창녕읍,중상사고,0,1,0,0,차량단독 - 기타,안전운전불이행,건조,맑음,단일로 - 기타,승합,남,58세,상해없음,,,,
2018061000100376,2018년 6월 10일 18시,일요일,경상남도 창원시 마산합포구 오동동,경상사고,0,0,1,0,차대차 - 기타,안전운전불이행,젖음/습기,비,교차로 - 교차로안,승용,남,62세,상해없음,이륜,남,31세,경상
2018061000100377,2018년 6월 10일 18시,일요일,경상남도 거창군 거창읍,중상사고,0,1,1,0,차대차 - 측면충돌,중앙선침범,건조,흐림,교차로 - 교차로부근,이륜,남,45세,경상,화물,남,61세,상해없음
2018061000100424,2018년 6월 10일 20시,일요일,경상남도 김해시 삼계동,경상사고,0,0,1,0,차대사람 - 기타,안전운전불이행,건조,흐림,교차로 - 교차로안,승용,여,45세,상해없음,보행자,여,17세,경상
2018061000100425,2018년 6월 10일 20시,일요일,경상남도 산청군 시천면,사망사고,1,0,0,0,차대사람 - 횡단중,보행자보호의무위반,젖음/습기,비,단일로 - 기타,승용,여,48세,상해없음,보행자,여,73세,사망
2018061000100426,2018년 6월 10일 20시,일요일,경상남도 창원시 의창구 소답동,경상사고,0,0,2,0,차대차 - 추돌,안전운전불이행,건조,맑음,교차로 - 교차로부근,승용,남,54세,상해없음,승용,남,42세,경상
2018061000100474,2018년 6월 10일 22시,일요일,경상남도 양산시 덕계동,중상사고,0,1,0,0,차대차 - 측면충돌,신호위반,건조,맑음,교차로 - 교차로안,승용,남,57세,상해없음,승용,남,30세,상해없음
2018061000100484,2018년 6월 10일 23시,일요일,경상남도 진주시 신안동,중상사고,0,1,0,0,차대사람 - 횡단중,안전운전불이행,젖음/습기,비,교차로 - 교차로안,승용,남,68세,상해없음,보행자,여,62세,중상
2018061100100053,2018년 6월 11일 06시,월요일,경상남도 밀양시 내이동,중상사고,0,1,0,0,차대차 - 추돌,안전운전불이행,젖음/습기,비,단일로 - 기타,승용,남,53세,상해없음,승용,여,50세,중상
2018061100100076,2018년 6월 11일 07시,월요일,경상남도 거제시 옥포동,경상사고,0,0,1,0,차대차 - 기타,교차로운행방법위반,젖음/습기,비,교차로 - 교차로안,승용,남,21세,상해없음,이륜,남,41세,경상
2018061100100117,2018년 6월 11일 08시,월요일,경상남도 김해시 대청동,경상사고,0,0,1,0,차대차 - 추돌,안전운전불이행,젖음/습기,비,단일로 - 기타,승용,여,45세,상해없음,승용,남,47세,경상
2018061100100148,2018년 6월 11일 09시,월요일,경상남도 창원시 마산합포구 완월동,중상사고,0,2,0,1,차량단독 - 기타,안전운전불이행,젖음/습기,비,교차로 - 교차로부근,승용,남,58세,부상신고,,,,
2018061100100149,2018년 6월 11일 09시,월요일,경상남도 거제시 동부면,경상사고,0,0,1,0,차대차 - 정면충돌,중앙선침범,젖음/습기,흐림,단일로 - 기타,승용,남,61세,상해없음,화물,남,48세,경상
2018061100100150,2018년 6월 11일 09시,월요일,경상남도 의령군 봉수면,경상사고,0,0,1,0,차대차 - 측면충돌,신호위반,젖음/습기,맑음,교차로 - 교차로안,승용,남,74세,상해없음,승용,여,53세,경상
2018061100100182,2018년 6월 11일 10시,월요일,경상남도 창녕군 남지읍,중상사고,0,1,1,0,차대차 - 측면충돌,신호위반,젖음/습기,비,교차로 - 교차로안,승용,여,68세,상해없음,승용,남,60세,중상
2018061100100183,2018년 6월 11일 10시,월요일,경상남도 양산시 물금읍,경상사고,0,0,1,0,차대차 - 측면충돌,안전거리미확보,건조,맑음,단일로 - 기타,승용,남,60세,상해없음,승합,남,40세,경상
2018061100100209,2018년 6월 11일 11시,월요일,경상남도 창원시 의창구 팔용동,경상사고,0,0,1,0,차대차 - 기타,안전운전불이행,젖음/습기,흐림,단일로 - 기타,승용,남,59세,상해없음,화물,여,68세,경상
2018061100100245,2018년 6월 11일 12시,월요일,경상남도 창원시 진해구 안골동,중상사고,0,1,1,0,차대차 - 측면충돌,안전운전불이행,건조,맑음,교차로 - 교차로안,특수,남,48세,경상,승용,여,44세,중상
2018061100100246,2018년 6월 11일 12시,월요일,경상남도 거제시 장승포동,경상사고,0,0,1,0,차대차 - 추돌,안전운전불이행,건조,맑음,교차로 - 교차로부근,승용,여,28세,상해없음,승용,여,71세,경상
2018061100100247,2018년 6월 11일 12시,월요일,경상남도 창원시 성산구 성산동,중상사고,0,1,0,0,차대차 - 측면충돌,신호위반,건조,맑음,교차로 - 교차로안,화물,남,61세,상해없음,승용,남,54세,중상
2018061100100248,2018년 6월 11일 12시,월요일,경상남도 창원시 의창구 북면,중상사고,0,1,0,0,차대차 - 측면충돌,안전운전불이행,젖음/습기,흐림,교차로 - 교차로안,화물,남,64세,기타불명,승용,남,53세,중상
2018061100100276,2018년 6월 11일 13시,월요일,경상남도 사천시 실안동,중상사고,0,1,0,0,차대차 - 추돌,안전운전불이행,건조,흐림,교차로 - 교차로안,화물,남,64세,상해없음,승용,남,26세,중상
2018061100100277,2018년 6월 11일 13시,월요일,경상남도 김해시 생림면,중상사고,0,1,0,0,차대차 - 기타,중앙선침범,건조,맑음,단일로 - 기타,화물,남,48세,상해없음,승용,여,59세,중상
2018061100100278,2018년 6월 11일 13시,월요일,경상남도 고성군 고성읍,중상사고,0,1,0,0,차대사람 - 기타,안전운전불이행,건조,맑음,단일로 - 기타,화물,남,61세,상해없음,보행자,여,81세,중상
2018061100100279,2018년 6월 11일 13시,월요일,경상남도 남해군 남해읍,중상사고,0,1,0,0,차대차 - 측면충돌,직진우회전진행방해,건조,맑음,교차로 - 교차로안,승용,남,69세,상해없음,승용,여,60세,중상
2018061100100280,2018년 6월 11일 13시,월요일,경상남도 산청군 금서면,중상사고,0,1,1,1,차대차 - 측면충돌,신호위반,건조,맑음,교차로 - 교차로안,승용,여,70세,부상신고,화물,여,46세,상해없음
2018061100100307,2018년 6월 11일 14시,월요일,경상남도 진주시 상대동,중상사고,0,1,0,0,차대사람 - 기타,안전운전불이행,건조,맑음,교차로 - 교차로안,화물,남,31세,상해없음,보행자,여,55세,중상
2018061100100308,2018년 6월 11일 14시,월요일,경상남도 하동군 하동읍,경상사고,0,0,1,0,차대차 - 측면충돌,교차로운행방법위반,건조,맑음,교차로 - 교차로안,화물,남,62세,상해없음,승합,여,58세,경상
2018061100100309,2018년 6월 11일 14시,월요일,경상남도 창원시 의창구 내리동,부상신고사고,0,0,0,1,차대차 - 기타,차로위반,건조,맑음,단일로 - 기타,기타불명,기타불명,미분류,기타불명,승용,여,55세,부상신고
2018061100100348,2018년 6월 11일 15시,월요일,경상남도 진주시 금곡면,경상사고,0,0,1,0,차대차 - 기타,안전운전불이행,건조,맑음,단일로 - 기타,화물,여,56세,상해없음,승용,남,75세,경상
2018061100100383,2018년 6월 11일 16시,월요일,경상남도 창원시 마산합포구 중앙동3가,경상사고,0,0,1,0,차대사람 - 기타,안전운전불이행,건조,맑음,주차장 - 주차장,승용,남,54세,상해없음,보행자,남,50세,경상
2018061100100384,2018년 6월 11일 16시,월요일,경상남도 양산시 중부동,사망사고,1,0,0,0,차대사람 - 차도통행중,안전운전불이행,건조,맑음,단일로 - 기타,승합,남,55세,상해없음,보행자,남,63세,사망
2018061100100423,2018년 6월 11일 17시,월요일,경상남도 진주시 상대동,경상사고,0,0,1,0,차대차 - 추돌,안전운전불이행,젖음/습기,비,교차로 - 교차로부근,승용,남,49세,상해없음,승용,남,34세,경상
2018061100100452,2018년 6월 11일 18시,월요일,경상남도 밀양시 내일동,경상사고,0,0,1,0,차대사람 - 횡단중,보행자보호의무위반,건조,맑음,단일로 - 기타,승용,여,54세,상해없음,보행자,여,34세,경상
2018061100100453,2018년 6월 11일 18시,월요일,경상남도 창원시 의창구 도계동,경상사고,0,0,1,0,차량단독 - 기타,안전운전불이행,건조,맑음,단일로 - 기타,승합,남,48세,상해없음,,,,
2018061100100497,2018년 6월 11일 19시,월요일,경상남도 진주시 장대동,중상사고,0,2,0,0,차대사람 - 기타,보행자보호의무위반,젖음/습기,비,교차로 - 교차로안,승용,남,79세,상해없음,보행자,여,61세,중상
2018061100100498,2018년 6월 11일 19시,월요일,경상남도 통영시 광도면,경상사고,0,0,1,0,차대차 - 정면충돌,중앙선침범,건조,맑음,단일로 - 기타,승용,여,52세,상해없음,이륜,남,30세,경상
2018061100100527,2018년 6월 11일 20시,월요일,경상남도 김해시 부원동,중상사고,0,1,0,0,차대사람 - 기타,안전운전불이행,건조,맑음,교차로 - 교차로안,승용,남,70세,상해없음,보행자,남,46세,중상
2018061100100528,2018년 6월 11일 20시,월요일,경상남도 김해시 부원동,중상사고,0,1,0,0,차대차 - 추돌,안전거리미확보,건조,맑음,단일로 - 기타,승용,남,26세,상해없음,승용,여,23세,중상
2018061100100529,2018년 6월 11일 20시,월요일,경상남도 김해시 대청동,중상사고,0,1,2,0,차대차 - 측면충돌,신호위반,건조,맑음,교차로 - 교차로안,승용,남,80세,경상,승용,여,59세,중상
2018061100100556,2018년 6월 11일 21시,월요일,경상남도 사천시 사천읍,경상사고,0,0,1,0,차대차 - 측면충돌,안전운전불이행,젖음/습기,비,교차로 - 교차로안,승용,여,29세,경상,승합,남,60세,상해없음
2018061100100557,2018년 6월 11일 21시,월요일,경상남도 창원시 의창구 명서동,중상사고,0,1,0,0,차대차 - 기타,안전운전불이행,젖음/습기,흐림,교차로 - 교차로안,승용,남,45세,상해없음,원동기,남,33세,중상
2018061100100617,2018년 6월 11일 23시,월요일,경상남도 진주시 정촌면,경상사고,0,0,3,0,차대차 - 기타,신호위반,젖음/습기,비,교차로 - 교차로안,승용,여,46세,경상,승용,남,69세,경상
2018061100100618,2018년 6월 11일 23시,월요일,경상남도 사천시 송포동,중상사고,0,1,0,0,차량단독 - 공작물충돌,안전운전불이행,젖음/습기,비,단일로 - 기타,승용,남,72세,상해없음,,,,
2018061100100619,2018년 6월 11일 23시,월요일,경상남도 양산시 북정동,경상사고,0,0,5,0,차대차 - 측면충돌,안전운전불이행,건조,맑음,교차로 - 교차로부근,승용,남,41세,상해없음,승용,남,46세,경상
2018061100100620,2018년 6월 11일 23시,월요일,경상남도 김해시 삼문동,경상사고,0,0,1,0,차량단독 - 공작물충돌,안전운전불이행,건조,맑음,단일로 - 기타,승용,남,24세,경상,,,,
2018061200100120,2018년 6월 12일 08시,화요일,경상남도 양산시 물금읍,중상사고,0,1,0,0,차대사람 - 횡단중,신호위반,젖음/습기,비,교차로 - 교차로안,승용,여,52세,상해없음,보행자,여,33세,중상
2018061200100121,2018년 6월 12일 08시,화요일,경상남도 김해시 진영읍,중상사고,0,1,0,0,차대차 - 측면충돌,신호위반,건조,맑음,교차로 - 교차로안,승용,남,61세,상해없음,이륜,남,42세,중상
2018061200100200,2018년 6월 12일 10시,화요일,경상남도 하동군 하동읍,경상사고,0,0,1,0,차대사람 - 기타,안전운전불이행,건조,맑음,단일로 - 기타,승용,남,73세,상해없음,보행자,남,27세,경상
2018061200100201,2018년 6월 12일 10시,화요일,경상남도 하동군 하동읍,경상사고,0,0,1,0,차대사람 - 기타,안전운전불이행,건조,맑음,단일로 - 기타,승용,남,82세,상해없음,보행자,여,83세,경상
2018061200100231,2018년 6월 12일 11시,화요일,경상남도 의령군 대의면,중상사고,0,1,0,0,차대차 - 측면충돌,교차로운행방법위반,건조,맑음,교차로 - 교차로안,화물,남,27세,상해없음,승합,남,57세,상해없음
2018061200100232,2018년 6월 12일 11시,화요일,경상남도 창원시 마산회원구 합성동,중상사고,0,1,0,0,차대차 - 기타,안전운전불이행,건조,맑음,교차로 - 교차로안,승용,남,39세,상해없음,승합,남,59세,상해없음
2018061200100260,2018년 6월 12일 12시,화요일,경상남도 창녕군 남지읍,중상사고,0,1,0,0,차대차 - 기타,안전운전불이행,건조,맑음,교차로 - 교차로부근,승합,여,64세,상해없음,이륜,남,80세,중상
2018061200100290,2018년 6월 12일 13시,화요일,경상남도 김해시 삼계동,경상사고,0,0,2,0,차대차 - 측면충돌,신호위반,건조,맑음,교차로 - 교차로안,승합,남,34세,상해없음,승용,남,34세,경상
2018061200100356,2018년 6월 12일 15시,화요일,경상남도 진주시 신안동,중상사고,0,1,1,0,차대차 - 측면충돌,신호위반,건조,맑음,교차로 - 교차로안,승용,남,74세,상해없음,승용,남,55세,중상
2018061200100357,2018년 6월 12일 15시,화요일,경상남도 양산시 물금읍,중상사고,0,1,0,0,차대사람 - 기타,안전운전불이행,건조,맑음,단일로 - 기타,승용,여,53세,상해없음,보행자,여,66세,중상
2018061200100387,2018년 6월 12일 16시,화요일,경상남도 밀양시 내일동,경상사고,0,0,1,0,차대차 - 측면충돌,중앙선침범,건조,맑음,교차로 - 교차로안,화물,남,53세,상해없음,승용,여,50세,경상
2018061200100388,2018년 6월 12일 16시,화요일,경상남도 창원시 성산구 내동,경상사고,0,0,1,0,차대차 - 후진중충돌,안전운전불이행,건조,맑음,단일로 - 기타,승용,남,71세,상해없음,승용,여,56세,경상
2018061200100443,2018년 6월 12일 17시,화요일,경상남도 거제시 고현동,경상사고,0,0,1,0,차대차 - 측면충돌,안전운전불이행,건조,맑음,교차로 - 교차로안,승합,여,53세,상해없음,이륜,남,39세,경상
2018061200100444,2018년 6월 12일 17시,화요일,경상남도 김해시 진례면,경상사고,0,0,1,0,차대차 - 측면충돌,신호위반,건조,맑음,교차로 - 교차로안,승용,남,68세,상해없음,화물,남,59세,경상