사고번호,사고일시,요일,시군구,사고내용,사망자수,중상자수,경상자수,부상신고자수,사고유형,법규위반,노면상태,기상상태,도로형태,가해운전자 차종,가해운전자 성별,가해운전자 연령,가해운전자 상해정도,피해운전자 차종,피해운전자 성별,피해운전자 연령,피해운전자 상해정도
2018061200100445,2018년 6월 12일 17시,화요일,경상남도 김해시 진영읍,경상사고,0,0,1,0,차대차 - 측면충돌,신호위반,건조,맑음,교차로 - 교차로안,원동기,여,31세,경상,승용,여,56세,상해없음
2018061200100495,2018년 6월 12일 18시,화요일,경상남도 진주시 상봉동,경상사고,0,0,1,0,차대사람 - 차도통행중,안전운전불이행,건조,맑음,교차로 - 교차로부근,승용,여,28세,상해없음,보행자,여,75세,경상
2018061200100537,2018년 6월 12일 19시,화요일,경상남도 진주시 유곡동,중상사고,0,1,0,0,차대차 - 추돌,안전운전불이행,건조,맑음,단일로 - 기타,승용,남,31세,상해없음,승용,남,71세,상해없음
2018061200100538,2018년 6월 12일 19시,화요일,경상남도 김해시 봉황동,중상사고,0,1,0,0,차대차 - 측면충돌,직진우회전진행방해,건조,맑음,교차로 - 교차로안,화물,남,44세,상해없음,이륜,남,53세,중상
2018061200100539,2018년 6월 12일 19시,화요일,경상남도 김해시 삼방동,중상사고,0,1,0,0,차대차 - 측면충돌,직진우회전진행방해,건조,맑음,교차로 - 교차로안,이륜,남,25세,중상,승용,여,47세,상해없음
2018061200100540,2018년 6월 12일 19시,화요일,경상남도 양산시 평산동,경상사고,0,0,1,0,차대차 - 추돌,안전운전불이행,건조,맑음,교차로 - 교차로부근,승용,남,43세,상해없음,승합,여,40세,경상
2018061200100577,2018년 6월 12일 20시,화요일,경상남도 창원시 마산합포구 월영동,경상사고,0,0,2,0,차대차 - 추돌,안전거리미확보,건조,맑음,단일로 - 기타,승용,남,33세,상해없음,승용,남,77세,경상
2018061200100578,2018년 6월 12일 20시,화요일,경상남도 밀양시 내이동,중상사고,0,1,0,0,차대차 - 측면충돌,교차로운행방법위반,건조,맑음,교차로 - 교차로안,승용,여,38세,상해없음,원동기,남,62세,중상
2018061200100607,2018년 6월 12일 21시,화요일,경상남도 김해시 동상동,경상사고,0,0,1,0,차대차 - 측면충돌,안전운전불이행,건조,맑음,단일로 - 기타,이륜,남,24세,경상,승용,여,49세,상해없음
2018061200100608,2018년 6월 12일 21시,화요일,경상남도 거제시 상동동,중상사고,0,1,0,0,차대차 - 추돌,안전운전불이행,건조,맑음,단일로 - 기타,이륜,남,18세,상해없음,자전거,남,49세,중상
2018061200100636,2018년 6월 12일 22시,화요일,경상남도 창원시 의창구 용호동,경상사고,0,0,1,0,차대사람 - 횡단중,보행자보호의무위반,건조,맑음,단일로 - 기타,자전거,남,29세,상해없음,보행자,여,60세,경상
2018061200100637,2018년 6월 12일 22시,화요일,경상남도 창원시 의창구 신월동,중상사고,0,1,0,0,차대차 - 측면충돌,안전운전불이행,건조,맑음,교차로 - 교차로부근,승용,남,54세,상해없음,승용,남,55세,기타불명
2018061200100638,2018년 6월 12일 22시,화요일,경상남도 창원시 마산합포구 산호동,경상사고,0,0,3,0,차대차 - 추돌,안전운전불이행,건조,맑음,단일로 - 기타,승용,남,58세,상해없음,승용,여,50세,경상
2018061200100671,2018년 6월 12일 23시,화요일,경상남도 창원시 의창구 봉곡동,중상사고,0,1,0,0,차대사람 - 기타,안전운전불이행,건조,맑음,단일로 - 기타,승용,여,64세,상해없음,보행자,남,50세,중상
2018061300100046,2018년 6월 13일 02시,수요일,경상남도 양산시 물금읍,경상사고,0,0,1,0,차대차 - 추돌,안전운전불이행,건조,맑음,단일로 - 기타,승용,남,40세,상해없음,승용,여,57세,경상
2018061300100068,2018년 6월 13일 04시,수요일,경상남도 함안군 칠원읍,중상사고,0,1,3,0,차대차 - 추돌,안전운전불이행,건조,맑음,교차로 - 교차로부근,이륜,남,17세,상해없음,승용,남,16세,경상
2018061300100081,2018년 6월 13일 05시,수요일,경상남도 창원시 마산회원구 합성동,중상사고,0,1,0,0,차대사람 - 횡단중,보행자보호의무위반,건조,맑음,교차로 - 교차로횡단보도내,원동기,남,20세,상해없음,보행자,여,64세,중상
2018061300100095,2018년 6월 13일 06시,수요일,경상남도 함양군 안의면,경상사고,0,0,2,0,차대차 - 기타,안전운전불이행,건조,맑음,교차로 - 교차로안,승용,남,78세,상해없음,화물,여,45세,경상
2018061300100096,2018년 6월 13일 06시,수요일,경상남도 김해시 진영읍,중상사고,0,1,0,0,차대차 - 측면충돌,안전운전불이행,건조,맑음,단일로 - 기타,자전거,남,38세,중상,승용,남,48세,상해없음
2018061300100097,2018년 6월 13일 06시,수요일,경상남도 김해시 대청동,중상사고,0,1,0,0,차량단독 - 공작물충돌,안전운전불이행,건조,맑음,단일로 - 기타,승용,여,28세,중상,,,,
2018061300100119,2018년 6월 13일 07시,수요일,경상남도 김해시 삼방동,경상사고,0,0,1,0,차대차 - 측면충돌,불법유턴,건조,맑음,단일로 - 기타,이륜,남,76세,상해없음,승용,남,34세,경상
2018061300100120,2018년 6월 13일 07시,수요일,경상남도 합천군 적중면,중상사고,0,1,0,0,차대차 - 기타,안전운전불이행,건조,맑음,교차로 - 교차로안,화물,남,73세,상해없음,자전거,여,69세,중상
2018061300100121,2018년 6월 13일 07시,수요일,경상남도 거제시 장평동,경상사고,0,0,1,0,차대차 - 기타,교차로운행방법위반,건조,맑음,교차로 - 교차로안,승용,여,53세,상해없음,자전거,남,29세,경상
2018061300100122,2018년 6월 13일 07시,수요일,경상남도 거제시 고현동,경상사고,0,0,1,0,차대차 - 측면충돌,직진우회전진행방해,건조,맑음,교차로 - 교차로안,승용,남,65세,상해없음,승용,남,63세,경상
2018061300100123,2018년 6월 13일 07시,수요일,경상남도 창원시 성산구 삼정자동,중상사고,0,1,0,0,차대차 - 측면충돌,신호위반,건조,맑음,교차로 - 교차로안,승용,남,62세,상해없음,승용,남,50세,중상
2018061300100141,2018년 6월 13일 08시,수요일,경상남도 창녕군 영산면,중상사고,0,1,0,0,차대차 - 측면충돌,직진우회전진행방해,건조,맑음,교차로 - 교차로안,승용,여,37세,중상,화물,남,56세,상해없음
2018061300100158,2018년 6월 13일 09시,수요일,경상남도 통영시 무전동,경상사고,0,0,1,0,차대차 - 측면충돌,안전운전불이행,건조,맑음,교차로 - 교차로부근,승용,여,66세,상해없음,승용,남,62세,경상
2018061300100159,2018년 6월 13일 09시,수요일,경상남도 양산시 북부동,부상신고사고,0,0,0,1,차대차 - 측면충돌,직진우회전진행방해,건조,맑음,교차로 - 교차로안,승합,남,50세,상해없음,승용,남,73세,상해없음
2018061300100160,2018년 6월 13일 09시,수요일,경상남도 김해시 봉황동,중상사고,0,1,0,0,차대차 - 측면충돌,안전운전불이행,건조,맑음,단일로 - 기타,화물,남,63세,상해없음,자전거,남,64세,중상
2018061300100183,2018년 6월 13일 10시,수요일,경상남도 의령군 대의면,경상사고,0,0,1,0,차대차 - 측면충돌,중앙선침범,건조,맑음,단일로 - 기타,승용,남,71세,상해없음,화물,남,49세,경상
2018061300100184,2018년 6월 13일 10시,수요일,경상남도 창원시 의창구 도계동,중상사고,0,1,0,0,차대차 - 기타,안전운전불이행,건조,맑음,교차로 - 교차로횡단보도내,자전거,여,73세,중상,화물,남,65세,상해없음
2018061300100213,2018년 6월 13일 11시,수요일,경상남도 밀양시 무안면,중상사고,0,3,1,0,차대차 - 측면충돌,중앙선침범,건조,맑음,단일로 - 기타,승용,남,59세,경상,승용,남,59세,중상
2018061300100247,2018년 6월 13일 12시,수요일,경상남도 통영시 태평동,경상사고,0,0,1,0,차대사람 - 차도통행중,안전운전불이행,건조,맑음,단일로 - 기타,승용,남,75세,상해없음,보행자,여,72세,경상
2018061300100273,2018년 6월 13일 13시,수요일,경상남도 창원시 진해구 태평동,경상사고,0,0,1,0,차대차 - 측면충돌,안전운전불이행,건조,맑음,교차로 - 교차로횡단보도내,자전거,남,81세,경상,승용,남,66세,상해없음
2018061300100274,2018년 6월 13일 13시,수요일,경상남도 거제시 장평동,경상사고,0,0,1,0,차대사람 - 횡단중,안전운전불이행,건조,맑음,교차로 - 교차로부근,승용,남,59세,상해없음,보행자,남,15세,경상
2018061300100308,2018년 6월 13일 14시,수요일,경상남도 통영시 광도면,중상사고,0,1,0,0,차대차 - 측면충돌,안전운전불이행,건조,맑음,단일로 - 기타,자전거,남,11세,중상,화물,남,35세,상해없음
2018061300100309,2018년 6월 13일 14시,수요일,경상남도 김해시 어방동,경상사고,0,0,1,0,차대차 - 측면충돌,직진우회전진행방해,건조,맑음,교차로 - 교차로안,원동기,남,80세,경상,승용,남,43세,상해없음
2018061300100310,2018년 6월 13일 14시,수요일,경상남도 창녕군 유어면,중상사고,0,2,0,0,차대차 - 측면충돌,기타,건조,맑음,교차로 - 교차로안,승용,남,56세,상해없음,원동기,남,79세,중상
2018061300100311,2018년 6월 13일 14시,수요일,경상남도 창원시 성산구 외동,중상사고,0,2,0,0,차대차 - 추돌,안전운전불이행,건조,맑음,교차로 - 교차로부근,승합,남,57세,상해없음,승용,남,61세,중상
2018061300100342,2018년 6월 13일 15시,수요일,경상남도 창원시 의창구 소답동,경상사고,0,0,1,0,차대차 - 측면충돌,교차로운행방법위반,건조,맑음,교차로 - 교차로안,승용,남,45세,상해없음,승용,남,25세,경상
2018061300100381,2018년 6월 13일 16시,수요일,경상남도 창원시 성산구 상남동,중상사고,0,1,0,0,차대사람 - 횡단중,안전운전불이행,건조,맑음,교차로 - 교차로부근,승용,여,59세,상해없음,보행자,여,50세,중상
2018061300100382,2018년 6월 13일 16시,수요일,경상남도 창원시 의창구 용호동,중상사고,0,1,0,0,차대차 - 측면충돌,안전운전불이행,건조,맑음,교차로 - 교차로안,승용,여,63세,상해없음,자전거,남,87세,중상
2018061300100409,2018년 6월 13일 17시,수요일,경상남도 양산시 물금읍,중상사고,0,1,0,0,차대차 - 측면충돌,신호위반,건조,맑음,교차로 - 교차로안,화물,여,53세,상해없음,승용,남,36세,중상
2018061300100448,2018년 6월 13일 18시,수요일,경상남도 김해시 대동면,경상사고,0,0,1,0,차대차 - 측면충돌,신호위반,건조,맑음,교차로 - 교차로안,승용,남,72세,상해없음,승용,여,52세,경상
2018061300100449,2018년 6월 13일 18시,수요일,경상남도 창원시 마산합포구 산호동,경상사고,0,0,3,0,차대차 - 측면충돌,안전운전불이행,건조,맑음,단일로 - 기타,승용,남,50세,상해없음,이륜,남,62세,경상
2018061300100476,2018년 6월 13일 19시,수요일,경상남도 진주시 인사동,경상사고,0,0,1,0,차대차 - 측면충돌,안전운전불이행,건조,맑음,교차로 - 교차로횡단보도내,자전거,여,58세,경상,승용,남,61세,상해없음
2018061300100477,2018년 6월 13일 19시,수요일,경상남도 사천시 사천읍,경상사고,0,0,1,0,차대차 - 측면충돌,안전운전불이행,건조,맑음,교차로 - 교차로안,이륜,남,24세,경상,승용,남,68세,상해없음
2018061300100478,2018년 6월 13일 19시,수요일,경상남도 창원시 마산회원구 내서읍,경상사고,0,0,1,0,차대차 - 측면충돌,안전운전불이행,건조,맑음,단일로 - 기타,승용,남,35세,상해없음,이륜,남,59세,경상
2018061300100479,2018년 6월 13일 19시,수요일,경상남도 창원시 의창구 대산면,중상사고,0,2,0,0,차대차 - 측면충돌,신호위반,건조,맑음,교차로 - 교차로안,승용,여,39세,상해없음,승용,남,42세,중상
2018061300100511,2018년 6월 13일 20시,수요일,경상남도 진주시 상대동,중상사고,0,1,0,0,차대차 - 측면충돌,직진우회전진행방해,건조,맑음,교차로 - 교차로안,승용,남,24세,상해없음,원동기,남,59세,중상
2018061300100555,2018년 6월 13일 22시,수요일,경상남도 창원시 마산합포구 오동동,중상사고,0,1,0,0,차대차 - 측면충돌,신호위반,건조,맑음,교차로 - 교차로안,승용,남,56세,상해없음,이륜,남,23세,중상
2018061300100556,2018년 6월 13일 22시,수요일,경상남도 사천시 송포동,부상신고사고,0,0,0,1,차대차 - 측면충돌,안전운전불이행,건조,맑음,교차로 - 교차로부근,화물,남,55세,부상신고,특수,남,58세,상해없음
2018061400100002,2018년 6월 14일 00시,목요일,경상남도 진주시 충무공동,중상사고,0,1,1,0,차대차 - 측면충돌,신호위반,건조,맑음,교차로 - 교차로안,승용,남,50세,경상,승용,여,41세,중상
2018061400100003,2018년 6월 14일 00시,목요일,경상남도 김해시 외동,경상사고,0,0,4,0,차대차 - 추돌,안전거리미확보,건조,맑음,단일로 - 기타,승용,남,62세,상해없음,승용,남,65세,경상
2018061400100023,2018년 6월 14일 02시,목요일,경상남도 창원시 의창구 팔용동,중상사고,0,1,0,0,차대사람 - 차도통행중,안전운전불이행,건조,맑음,단일로 - 기타,승용,남,22세,상해없음,보행자,남,34세,중상
2018061400100051,2018년 6월 14일 06시,목요일,경상남도 양산시 동면,사망사고,1,0,0,0,차대사람 - 횡단중,안전운전불이행,건조,맑음,단일로 - 기타,승용,남,47세,상해없음,보행자,여,76세,사망
2018061400100070,2018년 6월 14일 07시,목요일,경상남도 김해시 생림면,경상사고,0,0,1,0,차대차 - 측면충돌,안전운전불이행,건조,맑음,단일로 - 기타,화물,남,51세,상해없음,화물,남,47세,상해없음
2018061400100071,2018년 6월 14일 07시,목요일,경상남도 거제시 고현동,경상사고,0,0,1,0,차대사람 - 기타,기타,건조,맑음,단일로 - 기타,승용,남,63세,상해없음,보행자,여,74세,경상
2018061400100120,2018년 6월 14일 08시,목요일,경상남도 밀양시 삼문동,중상사고,0,1,0,0,차대사람 - 횡단중,안전운전불이행,건조,맑음,단일로 - 기타,승용,여,42세,상해없음,보행자,여,77세,중상
2018061400100159,2018년 6월 14일 09시,목요일,경상남도 진주시 대안동,경상사고,0,0,1,0,차대사람 - 차도통행중,안전운전불이행,건조,맑음,기타 - 기타,화물,여,63세,상해없음,보행자,여,32세,경상
2018061400100160,2018년 6월 14일 09시,목요일,경상남도 창녕군 도천면,중상사고,0,1,0,0,차대차 - 측면충돌,안전운전불이행,건조,맑음,교차로 - 교차로부근,화물,남,28세,상해없음,자전거,여,77세,중상
2018061400100179,2018년 6월 14일 10시,목요일,경상남도 거제시 아양동,경상사고,0,0,3,0,차대차 - 추돌,안전거리미확보,건조,맑음,단일로 - 기타,승용,남,32세,상해없음,승용,남,61세,경상
2018061400100180,2018년 6월 14일 10시,목요일,경상남도 창원시 의창구 대원동,경상사고,0,0,1,0,차대사람 - 횡단중,보행자보호의무위반,건조,맑음,교차로 - 교차로횡단보도내,승용,남,67세,상해없음,보행자,여,56세,경상
2018061400100268,2018년 6월 14일 13시,목요일,경상남도 통영시 무전동,경상사고,0,0,2,0,차대차 - 측면충돌,안전운전불이행,건조,맑음,단일로 - 기타,승용,여,56세,상해없음,승용,여,60세,경상
2018061400100269,2018년 6월 14일 13시,목요일,경상남도 김해시 어방동,중상사고,0,1,0,0,차대사람 - 횡단중,보행자보호의무위반,건조,맑음,단일로 - 기타,승용,여,51세,상해없음,보행자,여,76세,중상
2018061400100270,2018년 6월 14일 13시,목요일,경상남도 양산시 북부동,사망사고,1,2,0,0,차대차 - 추돌,안전운전불이행,건조,맑음,단일로 - 기타,승용,여,59세,상해없음,승용,여,46세,중상
2018061400100271,2018년 6월 14일 13시,목요일,경상남도 양산시 하북면,중상사고,0,1,0,0,차대사람 - 횡단중,보행자보호의무위반,건조,맑음,단일로 - 기타,승용,여,61세,기타불명,보행자,여,67세,중상
2018061400100295,2018년 6월 14일 14시,목요일,경상남도 사천시 서동,경상사고,0,0,2,1,차대차 - 측면충돌,교차로운행방법위반,건조,맑음,교차로 - 교차로안,승용,여,52세,상해없음,승용,남,75세,경상
2018061400100296,2018년 6월 14일 14시,목요일,경상남도 의령군 의령읍,중상사고,0,1,0,0,차대차 - 기타,기타,건조,맑음,교차로 - 교차로안,승용,남,58세,상해없음,화물,남,55세,상해없음
2018061400100388,2018년 6월 14일 16시,목요일,경상남도 김해시 신문동,중상사고,0,1,0,0,차대사람 - 횡단중,보행자보호의무위반,건조,맑음,단일로 - 기타,승용,남,58세,상해없음,보행자,남,11세,중상
2018061400100436,2018년 6월 14일 17시,목요일,경상남도 진주시 평거동,경상사고,0,0,1,0,차대사람 - 횡단중,보행자보호의무위반,건조,맑음,단일로 - 기타,승용,여,33세,상해없음,보행자,남,6세,경상
2018061400100437,2018년 6월 14일 17시,목요일,경상남도 사천시 서동,중상사고,0,1,0,0,차대사람 - 횡단중,안전운전불이행,건조,맑음,단일로 - 기타,승용,여,33세,상해없음,보행자,여,59세,중상
2018061400100438,2018년 6월 14일 17시,목요일,경상남도 함안군 가야읍,중상사고,0,1,0,0,차량단독 - 기타,안전운전불이행,건조,맑음,교차로 - 교차로안,이륜,남,78세,중상,,,,
2018061400100439,2018년 6월 14일 17시,목요일,경상남도 창원시 성산구 상남동,중상사고,0,1,0,0,차대사람 - 횡단중,보행자보호의무위반,건조,맑음,교차로 - 교차로횡단보도내,승용,남,43세,상해없음,보행자,여,75세,중상
2018061400100490,2018년 6월 14일 18시,목요일,경상남도 밀양시 상남면,경상사고,0,0,1,0,차대차 - 측면충돌,안전운전불이행,건조,맑음,교차로 - 교차로안,사륜오토바이(ATV),남,38세,경상,승용,여,30세,상해없음
2018061400100491,2018년 6월 14일 18시,목요일,경상남도 창녕군 대합면,중상사고,0,1,0,0,차대차 - 추돌,안전거리미확보,건조,맑음,교차로 - 교차로부근,승용,여,35세,상해없음,승용,여,37세,상해없음
2018061400100528,2018년 6월 14일 19시,목요일,경상남도 통영시 광도면,중상사고,0,1,0,0,차대차 - 정면충돌,중앙선침범,건조,맑음,교차로 - 교차로부근,승용,남,59세,상해없음,이륜,남,33세,중상
2018061400100529,2018년 6월 14일 19시,목요일,경상남도 거제시 옥포동,중상사고,0,1,0,0,차대차 - 기타,안전운전불이행,건조,맑음,단일로 - 기타,화물,남,62세,상해없음,이륜,남,33세,중상
2018061400100566,2018년 6월 14일 20시,목요일,경상남도 김해시 관동동,중상사고,0,1,0,0,차대차 - 측면충돌,교차로운행방법위반,건조,맑음,교차로 - 교차로안,승용,남,42세,상해없음,승용,여,29세,중상
2018061400100588,2018년 6월 14일 21시,목요일,경상남도 진주시 중안동,중상사고,0,1,0,0,차대사람 - 길가장자리구역통행중,안전운전불이행,건조,맑음,단일로 - 기타,승용,남,24세,상해없음,보행자,남,79세,중상
2018061400100589,2018년 6월 14일 21시,목요일,경상남도 창원시 의창구 용호동,중상사고,0,1,0,0,차대사람 - 기타,안전운전불이행,건조,맑음,기타 - 기타,자전거,남,19세,상해없음,보행자,여,44세,중상
2018061400100590,2018년 6월 14일 21시,목요일,경상남도 창원시 마산회원구 양덕동,중상사고,0,1,0,0,차대사람 - 길가장자리구역통행중,기타,건조,맑음,단일로 - 기타,승합,남,56세,상해없음,보행자,여,64세,중상
2018061500100038,2018년 6월 15일 03시,금요일,경상남도 창원시 마산회원구 합성동,사망사고,1,0,0,0,차대사람 - 차도통행중,안전운전불이행,건조,맑음,단일로 - 기타,승용,남,19세,상해없음,보행자,남,49세,사망
2018061500100060,2018년 6월 15일 06시,금요일,경상남도 양산시 남부동,경상사고,0,0,1,0,차대차 - 측면충돌,교차로운행방법위반,건조,맑음,교차로 - 교차로안,승용,남,36세,상해없음,승용,남,49세,경상
2018061500100079,2018년 6월 15일 07시,금요일,경상남도 창원시 진해구 석동,중상사고,0,1,10,0,차대차 - 측면충돌,안전운전불이행,건조,맑음,교차로 - 교차로안,특수,남,24세,상해없음,승용,남,42세,중상
2018061500100080,2018년 6월 15일 07시,금요일,경상남도 거제시 고현동,경상사고,0,0,2,0,차대차 - 측면충돌,직진우회전진행방해,건조,맑음,교차로 - 교차로안,승용,남,63세,상해없음,승용,남,62세,경상
2018061500100081,2018년 6월 15일 07시,금요일,경상남도 창원시 의창구 팔용동,경상사고,0,0,1,0,차대차 - 추돌,안전운전불이행,건조,맑음,교차로 - 교차로부근,승용,남,57세,상해없음,승용,여,31세,경상
2018061500100116,2018년 6월 15일 08시,금요일,경상남도 김해시 부원동,경상사고,0,0,1,0,차대차 - 측면충돌,불법유턴,건조,맑음,교차로 - 교차로안,이륜,남,66세,경상,승용,남,28세,상해없음
2018061500100117,2018년 6월 15일 08시,금요일,경상남도 합천군 청덕면,중상사고,0,1,0,0,차대차 - 기타,안전운전불이행,건조,맑음,단일로 - 기타,승용,여,47세,상해없음,자전거,남,64세,중상
2018061500100118,2018년 6월 15일 08시,금요일,경상남도 하동군 횡천면,중상사고,0,1,0,0,차대사람 - 횡단중,안전운전불이행,건조,맑음,단일로 - 기타,승용,여,54세,상해없음,보행자,여,87세,중상
2018061500100183,2018년 6월 15일 10시,금요일,경상남도 양산시 중부동,중상사고,0,1,0,0,차대차 - 기타,안전운전불이행,건조,맑음,단일로 - 기타,승용,여,29세,상해없음,자전거,남,63세,중상
2018061500100184,2018년 6월 15일 10시,금요일,경상남도 하동군 횡천면,중상사고,0,1,0,0,차대차 - 추돌,안전운전불이행,건조,맑음,단일로 - 기타,화물,남,32세,상해없음,농기계,남,68세,중상
2018061500100204,2018년 6월 15일 11시,금요일,경상남도 함안군 칠서면,중상사고,0,1,0,0,차대차 - 정면충돌,중앙선침범,건조,맑음,교차로 - 교차로부근,이륜,남,71세,중상,승용,남,45세,상해없음
2018061500100205,2018년 6월 15일 11시,금요일,경상남도 김해시 진영읍,경상사고,0,0,1,0,차대사람 - 횡단중,안전운전불이행,건조,맑음,단일로 - 기타,승용,여,50세,상해없음,보행자,남,45세,경상
2018061500100206,2018년 6월 15일 11시,금요일,경상남도 창원시 의창구 동읍,경상사고,0,0,4,0,차대차 - 추돌,안전운전불이행,건조,맑음,단일로 - 기타,화물,남,71세,상해없음,승용,남,51세,상해없음
2018061500100233,2018년 6월 15일 12시,금요일,경상남도 창원시 성산구 남산동,경상사고,0,0,1,0,차대차 - 추돌,안전운전불이행,건조,맑음,교차로 - 교차로부근,승용,남,56세,상해없음,승용,여,63세,경상
2018061500100299,2018년 6월 15일 14시,금요일,경상남도 김해시 봉황동,경상사고,0,0,1,0,차대차 - 기타,교차로운행방법위반,건조,맑음,교차로 - 교차로안,승용,남,77세,상해없음,승용,남,44세,경상
2018061500100300,2018년 6월 15일 14시,금요일,경상남도 의령군 부림면,경상사고,0,0,1,0,차대차 - 측면충돌,교차로운행방법위반,건조,맑음,교차로 - 교차로안,승용,여,45세,상해없음,원동기,남,80세,경상
2018061500100301,2018년 6월 15일 14시,금요일,경상남도 창원시 의창구 대산면,경상사고,0,0,1,0,차대차 - 추돌,안전운전불이행,건조,맑음,교차로 - 교차로부근,승용,남,59세,기타불명,승용,남,53세,경상
2018061500100343,2018년 6월 15일 15시,금요일,경상남도 창원시 의창구 명서동,중상사고,0,1,0,0,차대사람 - 횡단중,보행자보호의무위반,건조,맑음,교차로 - 교차로횡단보도내,화물,여,59세,상해없음,보행자,여,66세,중상
2018061500100395,2018년 6월 15일 16시,금요일,경상남도 창녕군 유어면,경상사고,0,0,1,0,차대차 - 측면충돌,직진우회전진행방해,건조,맑음,교차로 - 교차로안,이륜,남,90세 이상,경상,화물,남,76세,상해없음
2018061500100396,2018년 6월 15일 16시,금요일,경상남도 양산시 어곡동,경상사고,0,0,1,0,차대차 - 측면충돌,안전운전불이행,건조,맑음,단일로 - 기타,화물,남,53세,상해없음,승용,남,43세,경상
2018061500100397,2018년 6월 15일 16시,금요일,경상남도 창원시 의창구 도계동,중상사고,0,1,0,0,차대사람 - 기타,안전운전불이행,건조,맑음,단일로 - 기타,승용,남,36세,상해없음,보행자,남,14세,중상
2018061500100447,2018년 6월 15일 17시,금요일,경상남도 창원시 진해구 대천동,중상사고,0,1,0,0,차대차 - 측면충돌,안전운전불이행,건조,맑음,교차로 - 교차로안,승용,남,75세,기타불명,승용,남,49세,중상
2018061500100448,2018년 6월 15일 17시,금요일,경상남도 창원시 진해구 자은동,경상사고,0,0,3,0,차대차 - 추돌,안전운전불이행,건조,맑음,교차로 - 교차로안,승용,여,35세,상해없음,승용,여,31세,경상
2018061500100449,2018년 6월 15일 17시,금요일,경상남도 통영시 무전동,중상사고,0,1,0,0,차대차 - 측면충돌,신호위반,건조,맑음,단일로 - 기타,승용,남,27세,상해없음,자전거,남,9세,중상
2018061500100503,2018년 6월 15일 18시,금요일,경상남도 양산시 물금읍,중상사고,0,1,0,0,차대차 - 기타,신호위반,건조,맑음,교차로 - 교차로안,승용,남,42세,상해없음,승용,남,35세,중상
2018061500100504,2018년 6월 15일 18시,금요일,경상남도 하동군 하동읍,중상사고,0,1,1,0,차대차 - 추돌,안전운전불이행,건조,맑음,단일로 - 기타,승용,남,47세,상해없음,승용,남,61세,경상
2018061500100541,2018년 6월 15일 19시,금요일,경상남도 창원시 마산합포구 월영동,경상사고,0,0,4,0,차대차 - 추돌,안전거리미확보,건조,맑음,교차로 - 교차로부근,화물,남,58세,상해없음,승용,남,51세,경상
2018061500100542,2018년 6월 15일 19시,금요일,경상남도 창원시 의창구 신월동,경상사고,0,0,1,0,차대차 - 추돌,안전운전불이행,건조,맑음,교차로 - 교차로부근,승용,남,25세,상해없음,승용,남,49세,경상
2018061500100577,2018년 6월 15일 20시,금요일,경상남도 고성군 고성읍,중상사고,0,1,0,0,차대사람 - 횡단중,안전운전불이행,건조,맑음,단일로 - 기타,승용,여,47세,상해없음,보행자,여,57세,중상
2018061500100650,2018년 6월 15일 22시,금요일,경상남도 김해시 대청동,중상사고,0,1,1,0,차대차 - 추돌,안전운전불이행,건조,맑음,단일로 - 기타,화물,남,53세,기타불명,승용,남,47세,중상
2018061500100651,2018년 6월 15일 22시,금요일,경상남도 김해시 삼문동,경상사고,0,0,1,0,차대차 - 측면충돌,교차로운행방법위반,건조,맑음,교차로 - 교차로안,승용,남,29세,상해없음,승용,여,49세,경상
2018061600100010,2018년 6월 16일 00시,토요일,경상남도 김해시 구산동,중상사고,0,1,0,0,차대사람 - 기타,안전운전불이행,건조,맑음,교차로 - 교차로안,승용,남,30세,상해없음,보행자,남,60세,중상
2018061600100011,2018년 6월 16일 00시,토요일,경상남도 함양군 함양읍,사망사고,1,0,0,0,차대사람 - 기타,안전운전불이행,건조,맑음,교차로 - 교차로안,승용,여,36세,상해없음,보행자,남,48세,사망
2018061600100053,2018년 6월 16일 03시,토요일,경상남도 사천시 향촌동,중상사고,0,1,0,0,차대차 - 측면충돌,직진우회전진행방해,건조,맑음,교차로 - 교차로안,승용,남,62세,상해없음,화물,남,76세,중상
2018061600100102,2018년 6월 16일 07시,토요일,경상남도 거창군 거창읍,중상사고,0,1,0,0,차대차 - 측면충돌,안전운전불이행,건조,맑음,교차로 - 교차로안,개인형이동수단(PM),남,87세,상해없음,자전거,여,80세,중상
2018061600100143,2018년 6월 16일 09시,토요일,경상남도 거제시 장승포동,경상사고,0,0,1,0,차대차 - 측면충돌,교차로운행방법위반,건조,맑음,교차로 - 교차로안,자전거,남,10세,경상,승용,남,61세,상해없음
2018061600100158,2018년 6월 16일 10시,토요일,경상남도 진주시 집현면,중상사고,0,1,0,0,차대차 - 추돌,안전운전불이행,건조,맑음,단일로 - 기타,승용,남,34세,상해없음,기타불명,남,81세,중상
2018061600100193,2018년 6월 16일 11시,토요일,경상남도 통영시 광도면,중상사고,0,1,0,0,차대차 - 측면충돌,안전운전불이행,건조,맑음,단일로 - 기타,화물,남,65세,상해없음,승용,남,57세,기타불명
2018061600100259,2018년 6월 16일 13시,토요일,경상남도 김해시 구산동,경상사고,0,0,1,1,차대차 - 기타,안전운전불이행,건조,맑음,교차로 - 교차로안,승용,여,60세,경상,화물,남,38세,부상신고
2018061600100260,2018년 6월 16일 13시,토요일,경상남도 거제시 장평동,중상사고,0,1,0,0,차량단독 - 기타,안전운전불이행,건조,맑음,단일로 - 기타,기타불명,기타불명,미분류,기타불명,,,,