사고번호,사고일시,요일,시군구,사고내용,사망자수,중상자수,경상자수,부상신고자수,사고유형,법규위반,노면상태,기상상태,도로형태,가해운전자 차종,가해운전자 성별,가해운전자 연령,가해운전자 상해정도,피해운전자 차종,피해운전자 성별,피해운전자 연령,피해운전자 상해정도
2018061600100261,2018년 6월 16일 13시,토요일,경상남도 김해시 진례면,중상사고,0,1,1,0,차대차 - 측면충돌,안전운전불이행,건조,맑음,교차로 - 교차로안,승용,남,48세,상해없음,승용,남,53세,중상
2018061600100262,2018년 6월 16일 13시,토요일,경상남도 김해시 주촌면,중상사고,0,1,0,0,차대차 - 측면충돌,직진우회전진행방해,건조,맑음,교차로 - 교차로안,승용,남,46세,상해없음,승용,남,50세,중상
2018061600100300,2018년 6월 16일 14시,토요일,경상남도 함안군 칠서면,중상사고,0,1,0,0,차대차 - 측면충돌,안전거리미확보,건조,맑음,교차로 - 교차로부근,승용,남,54세,상해없음,승용,남,53세,중상
2018061600100335,2018년 6월 16일 15시,토요일,경상남도 김해시 외동,중상사고,0,2,0,0,차대차 - 기타,안전거리미확보,건조,맑음,단일로 - 기타,건설기계,남,42세,상해없음,승용,남,39세,중상
2018061600100336,2018년 6월 16일 15시,토요일,경상남도 김해시 어방동,경상사고,0,0,1,0,차대차 - 측면충돌,안전운전불이행,건조,맑음,단일로 - 기타,승용,여,38세,상해없음,승용,여,54세,경상
2018061600100337,2018년 6월 16일 15시,토요일,경상남도 거창군 거창읍,경상사고,0,0,1,0,차대차 - 기타,신호위반,건조,맑음,교차로 - 교차로안,이륜,여,58세,경상,승용,여,54세,상해없음
2018061600100338,2018년 6월 16일 15시,토요일,경상남도 창원시 의창구 팔용동,경상사고,0,0,1,0,차량단독 - 기타,안전운전불이행,건조,맑음,단일로 - 기타,승용,남,61세,상해없음,,,,
2018061600100339,2018년 6월 16일 15시,토요일,경상남도 김해시 내덕동,중상사고,0,1,1,0,차대차 - 측면충돌,안전운전불이행,건조,맑음,단일로 - 기타,건설기계,남,47세,상해없음,승용,남,28세,경상
2018061600100340,2018년 6월 16일 15시,토요일,경상남도 김해시 대청동,중상사고,0,1,2,0,차대차 - 측면충돌,안전거리미확보,건조,맑음,단일로 - 기타,승용,여,36세,경상,화물,남,32세,중상
2018061600100386,2018년 6월 16일 16시,토요일,경상남도 창원시 의창구 대원동,경상사고,0,0,1,0,차대차 - 측면충돌,안전운전불이행,건조,맑음,교차로 - 교차로부근,화물,남,67세,상해없음,승용,여,45세,경상
2018061600100425,2018년 6월 16일 17시,토요일,경상남도 창원시 진해구 석동,경상사고,0,0,2,0,차대차 - 추돌,안전거리미확보,건조,맑음,단일로 - 기타,승용,남,28세,상해없음,화물,남,47세,경상
2018061600100426,2018년 6월 16일 17시,토요일,경상남도 창원시 진해구 장천동,경상사고,0,0,1,0,차대차 - 추돌,안전운전불이행,건조,맑음,단일로 - 기타,화물,남,50세,상해없음,승용,여,63세,경상
2018061600100427,2018년 6월 16일 17시,토요일,경상남도 밀양시 내이동,경상사고,0,0,1,0,차대사람 - 횡단중,안전운전불이행,건조,맑음,교차로 - 교차로안,승용,여,58세,상해없음,보행자,남,73세,경상
2018061600100428,2018년 6월 16일 17시,토요일,경상남도 창원시 마산회원구 봉암동,경상사고,0,0,4,0,차대차 - 추돌,안전운전불이행,건조,맑음,교차로 - 교차로부근,승용,남,45세,상해없음,승용,남,45세,경상
2018061600100468,2018년 6월 16일 18시,토요일,경상남도 거제시 연초면,중상사고,0,1,0,0,차대차 - 추돌,안전운전불이행,건조,맑음,단일로 - 기타,승용,남,30세,상해없음,승용,남,27세,상해없음
2018061600100469,2018년 6월 16일 18시,토요일,경상남도 거창군 남상면,경상사고,0,0,1,0,차대차 - 기타,안전운전불이행,건조,맑음,단일로 - 기타,승용,남,49세,상해없음,승합,남,51세,경상
2018061600100504,2018년 6월 16일 19시,토요일,경상남도 양산시 물금읍,부상신고사고,0,0,0,1,차대사람 - 보도통행중,안전운전불이행,건조,맑음,교차로 - 교차로횡단보도내,승용,여,59세,상해없음,보행자,남,15세,부상신고
2018061600100505,2018년 6월 16일 19시,토요일,경상남도 남해군 삼동면,중상사고,0,1,0,0,차대사람 - 기타,안전운전불이행,건조,맑음,단일로 - 기타,화물,남,59세,상해없음,보행자,여,6세,중상
2018061600100506,2018년 6월 16일 19시,토요일,경상남도 창원시 의창구 팔용동,중상사고,0,1,1,0,차대차 - 추돌,안전운전불이행,건조,맑음,단일로 - 기타,승용,여,64세,상해없음,승합,남,43세,경상
2018061600100535,2018년 6월 16일 20시,토요일,경상남도 진주시 가좌동,경상사고,0,0,1,0,차대차 - 측면충돌,안전운전불이행,건조,맑음,단일로 - 기타,이륜,남,37세,상해없음,자전거,남,19세,경상
2018061600100567,2018년 6월 16일 21시,토요일,경상남도 창원시 마산합포구 추산동,경상사고,0,0,1,0,차대사람 - 횡단중,안전운전불이행,건조,맑음,교차로 - 교차로안,승용,여,61세,상해없음,보행자,여,61세,경상
2018061600100568,2018년 6월 16일 21시,토요일,경상남도 진주시 대곡면,경상사고,0,0,1,0,차량단독 - 전도전복 - 전도,안전운전불이행,건조,맑음,단일로 - 기타,승용,남,70세,경상,미분류,미분류,미분류,미분류
2018061600100569,2018년 6월 16일 21시,토요일,경상남도 김해시 외동,중상사고,0,1,0,0,차대사람 - 횡단중,안전운전불이행,건조,맑음,단일로 - 기타,승합,남,51세,상해없음,보행자,남,37세,중상
2018061600100596,2018년 6월 16일 22시,토요일,경상남도 김해시 생림면,중상사고,0,1,1,1,차대차 - 기타,안전운전불이행,건조,맑음,교차로 - 교차로안,승용,여,40세,경상,승용,남,48세,중상
2018061600100597,2018년 6월 16일 22시,토요일,경상남도 산청군 산청읍,경상사고,0,0,2,0,차대차 - 측면충돌,교차로운행방법위반,건조,맑음,교차로 - 교차로안,승용,여,49세,경상,승용,남,33세,경상
2018061600100620,2018년 6월 16일 23시,토요일,경상남도 진주시 중안동,경상사고,0,0,1,0,차량단독 - 공작물충돌,안전운전불이행,건조,맑음,단일로 - 기타,승용,남,55세,상해없음,,,,
2018061600100621,2018년 6월 16일 23시,토요일,경상남도 통영시 무전동,경상사고,0,0,1,0,차대사람 - 기타,안전운전불이행,건조,맑음,교차로 - 교차로안,승용,남,63세,상해없음,보행자,남,44세,경상
2018061600100622,2018년 6월 16일 23시,토요일,경상남도 사천시 용현면,중상사고,0,2,2,0,차대차 - 측면충돌,신호위반,건조,맑음,교차로 - 교차로안,승용,남,35세,상해없음,승용,여,49세,중상
2018061600100623,2018년 6월 16일 23시,토요일,경상남도 양산시 동면,경상사고,0,0,1,0,차대차 - 측면충돌,신호위반,건조,맑음,교차로 - 교차로안,승용,여,28세,상해없음,승용,여,49세,경상
2018061700100048,2018년 6월 17일 02시,일요일,경상남도 거제시 아주동,중상사고,0,1,0,0,차대차 - 측면충돌,신호위반,건조,맑음,교차로 - 교차로안,승용,여,27세,상해없음,이륜,남,28세,중상
2018061700100060,2018년 6월 17일 03시,일요일,경상남도 거제시 아주동,경상사고,0,0,1,0,차대사람 - 차도통행중,안전운전불이행,건조,맑음,교차로 - 교차로부근,이륜,남,31세,상해없음,보행자,남,19세,경상
2018061700100065,2018년 6월 17일 04시,일요일,경상남도 거제시 고현동,경상사고,0,0,2,0,차대차 - 측면충돌,신호위반,건조,맑음,교차로 - 교차로안,승합,남,41세,상해없음,승용,남,48세,경상
2018061700100077,2018년 6월 17일 05시,일요일,경상남도 사천시 송포동,경상사고,0,0,1,0,차량단독 - 도로외이탈 - 추락,안전운전불이행,건조,맑음,단일로 - 기타,승용,남,28세,경상,,,,
2018061700100091,2018년 6월 17일 06시,일요일,경상남도 통영시 항남동,경상사고,0,0,1,0,차대사람 - 기타,안전운전불이행,건조,맑음,단일로 - 기타,승용,남,45세,상해없음,보행자,여,78세,경상
2018061700100138,2018년 6월 17일 10시,일요일,경상남도 진주시 평안동,중상사고,0,1,0,0,차대차 - 측면충돌,신호위반,건조,맑음,교차로 - 교차로안,승용,남,61세,상해없음,승용,남,55세,중상
2018061700100139,2018년 6월 17일 10시,일요일,경상남도 김해시 동상동,중상사고,0,1,0,0,차대사람 - 횡단중,안전운전불이행,건조,맑음,단일로 - 기타,승용,남,60세,상해없음,보행자,여,10세,중상
2018061700100140,2018년 6월 17일 10시,일요일,경상남도 남해군 남면,경상사고,0,0,1,0,차량단독 - 공작물충돌,안전운전불이행,건조,맑음,단일로 - 기타,승용,남,68세,경상,,,,
2018061700100141,2018년 6월 17일 10시,일요일,경상남도 김해시 신문동,중상사고,0,1,0,0,차대사람 - 횡단중,안전운전불이행,건조,맑음,단일로 - 기타,승용,남,37세,상해없음,보행자,남,20세,중상
2018061700100162,2018년 6월 17일 11시,일요일,경상남도 거제시 고현동,경상사고,0,0,2,0,차대차 - 측면충돌,안전운전불이행,건조,맑음,단일로 - 기타,승용,남,31세,상해없음,승용,여,40세,경상
2018061700100185,2018년 6월 17일 12시,일요일,경상남도 창녕군 대합면,경상사고,0,0,5,0,차대차 - 기타,기타,건조,맑음,교차로 - 교차로안,승용,남,29세,경상,승용,여,22세,경상
2018061700100186,2018년 6월 17일 12시,일요일,경상남도 거제시 남부면,경상사고,0,0,1,0,차대차 - 추돌,기타,건조,맑음,단일로 - 기타,승용,남,47세,상해없음,승용,남,62세,경상
2018061700100210,2018년 6월 17일 13시,일요일,경상남도 거제시 남부면,경상사고,0,0,1,0,차대차 - 정면충돌,중앙선침범,건조,맑음,단일로 - 기타,승용,남,24세,상해없음,승용,남,55세,경상
2018061700100242,2018년 6월 17일 14시,일요일,경상남도 거제시 둔덕면,경상사고,0,0,1,0,차대차 - 측면충돌,중앙선침범,건조,맑음,기타 - 기타,화물,남,60세,상해없음,화물,여,64세,경상
2018061700100243,2018년 6월 17일 14시,일요일,경상남도 창원시 마산회원구 회성동,중상사고,0,1,2,0,차대차 - 측면충돌,안전운전불이행,건조,맑음,단일로 - 기타,승용,남,78세,중상,승용,남,50세,경상
2018061700100264,2018년 6월 17일 15시,일요일,경상남도 진주시 가좌동,중상사고,0,1,0,0,차대사람 - 횡단중,보행자보호의무위반,건조,맑음,교차로 - 교차로횡단보도내,승용,남,50세,상해없음,보행자,여,82세,중상
2018061700100292,2018년 6월 17일 16시,일요일,경상남도 창원시 마산합포구 우산동,경상사고,0,0,4,0,차대차 - 추돌,안전거리미확보,건조,맑음,단일로 - 기타,승용,여,43세,경상,화물,남,38세,경상
2018061700100293,2018년 6월 17일 16시,일요일,경상남도 남해군 미조면,부상신고사고,0,0,0,1,차대차 - 후진중충돌,안전운전불이행,건조,맑음,단일로 - 기타,승용,남,33세,상해없음,승용,여,42세,부상신고
2018061700100294,2018년 6월 17일 16시,일요일,경상남도 창원시 의창구 팔용동,경상사고,0,0,3,0,차대차 - 측면충돌,안전운전불이행,건조,맑음,교차로 - 교차로안,승용,남,47세,상해없음,승용,남,34세,경상
2018061700100322,2018년 6월 17일 17시,일요일,경상남도 통영시 무전동,경상사고,0,0,1,0,차대차 - 측면충돌,안전운전불이행,건조,맑음,단일로 - 기타,승용,여,42세,상해없음,승용,여,42세,경상
2018061700100323,2018년 6월 17일 17시,일요일,경상남도 김해시 내동,중상사고,0,1,1,0,차대차 - 측면충돌,안전거리미확보,건조,맑음,단일로 - 기타,이륜,남,37세,중상,승합,남,59세,상해없음
2018061700100324,2018년 6월 17일 17시,일요일,경상남도 함양군 유림면,사망사고,1,0,0,0,차대차 - 측면충돌,안전운전불이행,건조,맑음,교차로 - 교차로안,사륜오토바이(ATV),남,90세 이상,사망,승용,남,51세,상해없음
2018061700100325,2018년 6월 17일 17시,일요일,경상남도 거제시 연초면,중상사고,0,1,0,0,차대차 - 측면충돌,안전운전불이행,건조,맑음,교차로 - 교차로부근,이륜,남,40세,중상,승용,남,28세,상해없음
2018061700100354,2018년 6월 17일 18시,일요일,경상남도 김해시 어방동,경상사고,0,0,1,0,차대차 - 측면충돌,안전운전불이행,건조,맑음,교차로 - 교차로안,승용,남,57세,상해없음,이륜,남,24세,경상
2018061700100355,2018년 6월 17일 18시,일요일,경상남도 김해시 진영읍,중상사고,0,1,1,0,차대차 - 측면충돌,신호위반,건조,맑음,교차로 - 교차로안,승용,여,40세,경상,승용,남,64세,상해없음
2018061700100386,2018년 6월 17일 19시,일요일,경상남도 하동군 하동읍,경상사고,0,0,2,0,차대차 - 측면충돌,안전운전불이행,건조,맑음,기타 - 기타,화물,여,44세,상해없음,승용,여,52세,경상
2018061700100409,2018년 6월 17일 20시,일요일,경상남도 창원시 의창구 동읍,사망사고,1,0,0,0,차대사람 - 횡단중,안전운전불이행,건조,맑음,교차로 - 교차로안,승용,남,47세,상해없음,보행자,남,50세,사망
2018061700100469,2018년 6월 17일 23시,일요일,경상남도 김해시 부원동,경상사고,0,0,3,0,차대차 - 측면충돌,교차로운행방법위반,건조,맑음,교차로 - 교차로안,승용,남,26세,상해없음,승용,남,63세,경상
2018061800100011,2018년 6월 18일 00시,월요일,경상남도 창원시 진해구 광화동,경상사고,0,0,1,0,차대차 - 측면충돌,신호위반,건조,맑음,교차로 - 교차로안,승용,남,27세,상해없음,승용,남,30세,경상
2018061800100020,2018년 6월 18일 03시,월요일,경상남도 진주시 충무공동,경상사고,0,0,1,0,차대사람 - 기타,안전운전불이행,건조,맑음,기타 - 기타,승용,남,25세,상해없음,보행자,남,29세,경상
2018061800100026,2018년 6월 18일 04시,월요일,경상남도 거제시 고현동,경상사고,0,0,1,0,차대차 - 기타,안전운전불이행,건조,맑음,교차로 - 교차로안,승용,남,26세,상해없음,승용,남,62세,상해없음
2018061800100044,2018년 6월 18일 06시,월요일,경상남도 창원시 진해구 경화동,경상사고,0,0,1,0,차량단독 - 기타,안전운전불이행,건조,맑음,단일로 - 기타,이륜,남,79세,경상,,,,
2018061800100063,2018년 6월 18일 07시,월요일,경상남도 통영시 북신동,경상사고,0,0,1,0,차대사람 - 기타,보행자보호의무위반,건조,맑음,교차로 - 교차로횡단보도내,승용,남,37세,상해없음,보행자,여,65세,경상
2018061800100064,2018년 6월 18일 07시,월요일,경상남도 김해시 생림면,경상사고,0,0,1,0,차대차 - 측면충돌,중앙선침범,건조,맑음,단일로 - 기타,승용,남,51세,상해없음,승용,남,46세,경상
2018061800100065,2018년 6월 18일 07시,월요일,경상남도 창녕군 창녕읍,경상사고,0,0,1,0,차대차 - 측면충돌,불법유턴,건조,맑음,단일로 - 기타,화물,남,49세,상해없음,승용,남,55세,경상
2018061800100123,2018년 6월 18일 08시,월요일,경상남도 김해시 구산동,경상사고,0,0,1,0,차대차 - 측면충돌,안전운전불이행,건조,맑음,교차로 - 교차로안,자전거,남,18세,경상,승용,남,58세,상해없음
2018061800100124,2018년 6월 18일 08시,월요일,경상남도 김해시 부원동,경상사고,0,0,2,0,차대차 - 측면충돌,교차로운행방법위반,건조,맑음,교차로 - 교차로안,승용,남,32세,경상,승용,여,39세,경상
2018061800100125,2018년 6월 18일 08시,월요일,경상남도 거제시 양정동,경상사고,0,0,1,0,차대차 - 측면충돌,신호위반,건조,맑음,교차로 - 교차로안,승용,여,32세,상해없음,승용,남,43세,경상
2018061800100126,2018년 6월 18일 08시,월요일,경상남도 의령군 가례면,경상사고,0,0,1,0,차량단독 - 공작물충돌,안전운전불이행,건조,맑음,미분류 - 미분류,화물,남,52세,경상,,,,
2018061800100127,2018년 6월 18일 08시,월요일,경상남도 창원시 의창구 서상동,중상사고,0,1,2,0,차대차 - 추돌,안전운전불이행,건조,맑음,단일로 - 기타,승용,남,48세,상해없음,화물,남,53세,경상
2018061800100204,2018년 6월 18일 10시,월요일,경상남도 창녕군 이방면,중상사고,0,1,0,0,차대차 - 기타,기타,건조,맑음,교차로 - 교차로부근,화물,남,27세,상해없음,자전거,남,82세,중상
2018061800100238,2018년 6월 18일 11시,월요일,경상남도 함양군 안의면,부상신고사고,0,0,0,1,차량단독 - 공작물충돌,안전운전불이행,건조,맑음,단일로 - 기타,승용,남,68세,부상신고,,,,
2018061800100239,2018년 6월 18일 11시,월요일,경상남도 창원시 의창구 두대동,중상사고,0,1,0,0,차대차 - 측면충돌,안전운전불이행,건조,맑음,기타 - 기타,자전거,여,27세,상해없음,자전거,남,54세,중상
2018061800100267,2018년 6월 18일 12시,월요일,경상남도 창원시 마산합포구 현동,경상사고,0,0,1,0,차대차 - 측면충돌,안전거리미확보,건조,맑음,교차로 - 교차로부근,승용,여,57세,상해없음,승용,여,64세,경상
2018061800100268,2018년 6월 18일 12시,월요일,경상남도 함안군 칠원읍,부상신고사고,0,0,0,1,차대사람 - 기타,안전운전불이행,건조,맑음,단일로 - 기타,승용,여,46세,상해없음,보행자,남,65세,부상신고
2018061800100302,2018년 6월 18일 13시,월요일,경상남도 사천시 사천읍,경상사고,0,0,1,0,차대차 - 측면충돌,교차로운행방법위반,건조,맑음,교차로 - 교차로안,승용,여,56세,상해없음,승용,남,27세,경상
2018061800100303,2018년 6월 18일 13시,월요일,경상남도 하동군 진교면,경상사고,0,0,1,0,차대차 - 정면충돌,중앙선침범,건조,맑음,단일로 - 기타,화물,남,64세,상해없음,승용,남,60세,경상
2018061800100332,2018년 6월 18일 14시,월요일,경상남도 합천군 초계면,경상사고,0,0,2,0,차대차 - 측면충돌,안전운전불이행,건조,맑음,교차로 - 교차로안,화물,남,44세,상해없음,승용,남,68세,경상
2018061800100333,2018년 6월 18일 14시,월요일,경상남도 창원시 의창구 동읍,경상사고,0,0,1,0,차대사람 - 기타,안전운전불이행,건조,맑음,단일로 - 기타,승용,여,63세,기타불명,보행자,여,50세,경상
2018061800100368,2018년 6월 18일 15시,월요일,경상남도 사천시 사천읍,경상사고,0,0,1,0,차대차 - 측면충돌,안전운전불이행,건조,맑음,교차로 - 교차로안,화물,남,54세,상해없음,농기계,남,77세,경상
2018061800100369,2018년 6월 18일 15시,월요일,경상남도 김해시 삼계동,중상사고,0,1,1,0,차대차 - 측면충돌,차로위반,건조,맑음,단일로 - 기타,자전거,남,12세,경상,승용,남,58세,상해없음
2018061800100414,2018년 6월 18일 16시,월요일,경상남도 거제시 장승포동,경상사고,0,0,2,0,차대차 - 후진중충돌,안전운전불이행,건조,맑음,주차장 - 주차장,승용,여,43세,상해없음,승용,여,38세,경상
2018061800100460,2018년 6월 18일 17시,월요일,경상남도 진주시 동성동,경상사고,0,0,1,0,차대사람 - 기타,안전운전불이행,건조,맑음,교차로 - 교차로안,승용,남,57세,상해없음,보행자,여,39세,경상
2018061800100461,2018년 6월 18일 17시,월요일,경상남도 김해시 어방동,중상사고,0,1,0,0,차대차 - 측면충돌,신호위반,건조,맑음,교차로 - 교차로안,화물,남,45세,상해없음,이륜,남,31세,중상
2018061800100462,2018년 6월 18일 17시,월요일,경상남도 함양군 함양읍,경상사고,0,0,1,0,차대차 - 측면충돌,교차로운행방법위반,건조,맑음,교차로 - 교차로안,화물,남,54세,상해없음,이륜,남,58세,경상
2018061800100525,2018년 6월 18일 18시,월요일,경상남도 김해시 동상동,중상사고,0,1,0,0,차대차 - 측면충돌,중앙선침범,건조,맑음,단일로 - 기타,승용,여,41세,상해없음,승용,남,51세,중상
2018061800100526,2018년 6월 18일 18시,월요일,경상남도 함양군 함양읍,중상사고,0,1,0,0,차대차 - 측면충돌,안전운전불이행,건조,맑음,단일로 - 기타,화물,남,65세,중상,화물,남,73세,상해없음
2018061800100562,2018년 6월 18일 19시,월요일,경상남도 창원시 성산구 성산동,경상사고,0,0,1,0,차대차 - 측면충돌,안전운전불이행,건조,맑음,교차로 - 교차로안,승용,남,25세,상해없음,승용,남,35세,경상
2018061800100597,2018년 6월 18일 20시,월요일,경상남도 진주시 봉곡동,경상사고,0,0,1,0,차대사람 - 횡단중,안전운전불이행,건조,맑음,단일로 - 기타,승용,남,68세,상해없음,보행자,남,66세,경상
2018061800100598,2018년 6월 18일 20시,월요일,경상남도 진주시 주약동,경상사고,0,0,1,0,차대차 - 측면충돌,안전거리미확보,건조,맑음,단일로 - 기타,승용,여,36세,상해없음,이륜,남,30세,경상
2018061800100599,2018년 6월 18일 20시,월요일,경상남도 진주시 호탄동,경상사고,0,0,1,0,차대차 - 측면충돌,기타,건조,맑음,단일로 - 기타,이륜,남,16세,경상,승용,남,28세,상해없음
2018061800100600,2018년 6월 18일 20시,월요일,경상남도 창원시 의창구 대산면,경상사고,0,0,2,0,차대차 - 기타,안전운전불이행,건조,맑음,단일로 - 기타,승용,남,37세,상해없음,화물,기타불명,미분류,기타불명
2018061800100601,2018년 6월 18일 20시,월요일,경상남도 김해시 진영읍,경상사고,0,0,1,0,차대차 - 측면충돌,신호위반,건조,맑음,교차로 - 교차로안,원동기,남,59세,경상,승용,남,51세,상해없음
2018061800100655,2018년 6월 18일 22시,월요일,경상남도 거창군 거창읍,경상사고,0,0,1,0,차대차 - 측면충돌,신호위반,건조,맑음,교차로 - 교차로안,이륜,남,48세,경상,승용,여,35세,상해없음
2018061800100682,2018년 6월 18일 23시,월요일,경상남도 창원시 마산합포구 오동동,중상사고,0,1,0,0,차대사람 - 횡단중,안전운전불이행,건조,맑음,교차로 - 교차로안,승용,남,32세,상해없음,보행자,여,44세,중상
2018061800100683,2018년 6월 18일 23시,월요일,경상남도 김해시 진영읍,경상사고,0,0,1,0,차대차 - 추돌,안전운전불이행,건조,맑음,단일로 - 기타,승용,남,36세,경상,화물,남,38세,상해없음
2018061900100014,2018년 6월 19일 01시,화요일,경상남도 진주시 중안동,경상사고,0,0,2,0,차대차 - 측면충돌,직진우회전진행방해,건조,맑음,교차로 - 교차로안,승용,여,23세,경상,승용,남,32세,경상
2018061900100023,2018년 6월 19일 02시,화요일,경상남도 통영시 북신동,경상사고,0,0,1,0,차대차 - 추돌,과속,건조,맑음,단일로 - 기타,승용,남,42세,상해없음,승용,남,64세,경상
2018061900100042,2018년 6월 19일 05시,화요일,경상남도 양산시 삼호동,중상사고,0,1,0,0,차대사람 - 기타,안전운전불이행,건조,맑음,기타 - 기타,승합,남,55세,상해없음,보행자,여,76세,중상
2018061900100077,2018년 6월 19일 07시,화요일,경상남도 통영시 용남면,중상사고,0,1,0,0,차대차 - 정면충돌,안전운전불이행,건조,맑음,단일로 - 기타,화물,남,34세,상해없음,승용,남,53세,중상
2018061900100110,2018년 6월 19일 08시,화요일,경상남도 사천시 서포면,경상사고,0,0,1,0,차대사람 - 차도통행중,안전운전불이행,건조,맑음,단일로 - 기타,승용,남,53세,상해없음,보행자,여,83세,경상
2018061900100111,2018년 6월 19일 08시,화요일,경상남도 사천시 동금동,중상사고,0,1,0,0,차대사람 - 보도통행중,보행자보호의무위반,건조,맑음,교차로 - 교차로횡단보도내,화물,남,43세,상해없음,보행자,남,79세,중상
2018061900100112,2018년 6월 19일 08시,화요일,경상남도 김해시 봉황동,경상사고,0,0,1,0,차대차 - 기타,안전거리미확보,건조,맑음,교차로 - 교차로부근,승용,남,59세,상해없음,승용,여,37세,경상
2018061900100113,2018년 6월 19일 08시,화요일,경상남도 창원시 의창구 북면,중상사고,0,1,0,0,차대차 - 기타,안전운전불이행,건조,맑음,기타 - 기타,승용,남,49세,기타불명,승용,여,58세,중상
2018061900100147,2018년 6월 19일 09시,화요일,경상남도 양산시 중부동,중상사고,0,2,0,0,차대차 - 측면충돌,교차로운행방법위반,건조,맑음,교차로 - 교차로안,승용,남,60세,상해없음,승용,여,43세,중상
2018061900100148,2018년 6월 19일 09시,화요일,경상남도 김해시 대청동,중상사고,0,1,0,0,차대차 - 기타,안전운전불이행,건조,맑음,단일로 - 기타,승용,여,37세,상해없음,원동기,남,33세,중상
2018061900100149,2018년 6월 19일 09시,화요일,경상남도 김해시 진영읍,중상사고,0,1,0,0,차대차 - 측면충돌,안전운전불이행,건조,맑음,단일로 - 기타,승용,여,36세,상해없음,승용,여,57세,중상
2018061900100186,2018년 6월 19일 10시,화요일,경상남도 진주시 이현동,중상사고,0,1,0,0,차대사람 - 길가장자리구역통행중,안전운전불이행,건조,맑음,단일로 - 기타,승용,남,60세,상해없음,보행자,남,90세 이상,중상
2018061900100187,2018년 6월 19일 10시,화요일,경상남도 산청군 단성면,경상사고,0,0,1,0,차대차 - 측면충돌,기타,건조,맑음,단일로 - 기타,화물,남,58세,상해없음,화물,남,50세,경상
2018061900100252,2018년 6월 19일 12시,화요일,경상남도 밀양시 무안면,중상사고,0,2,4,0,차량단독 - 공작물충돌,안전운전불이행,건조,맑음,교차로 - 교차로안,승합,남,56세,상해없음,,,,
2018061900100284,2018년 6월 19일 13시,화요일,경상남도 거제시 연초면,경상사고,0,0,1,0,차대차 - 측면충돌,신호위반,건조,흐림,교차로 - 교차로부근,승용,남,23세,상해없음,화물,남,55세,경상
2018061900100309,2018년 6월 19일 14시,화요일,경상남도 통영시 봉평동,경상사고,0,0,1,0,차대사람 - 횡단중,안전운전불이행,건조,맑음,교차로 - 교차로부근,승용,남,50세,상해없음,보행자,남,9세,경상
2018061900100310,2018년 6월 19일 14시,화요일,경상남도 김해시 외동,경상사고,0,0,1,0,차대차 - 추돌,안전운전불이행,건조,맑음,단일로 - 기타,승용,남,25세,상해없음,승용,여,41세,경상
2018061900100311,2018년 6월 19일 14시,화요일,경상남도 함양군 백전면,중상사고,0,1,0,0,차량단독 - 도로외이탈 - 추락,안전운전불이행,건조,맑음,단일로 - 기타,원동기,남,56세,중상,,,,
2018061900100312,2018년 6월 19일 14시,화요일,경상남도 거제시 고현동,중상사고,0,1,0,0,차대차 - 측면충돌,직진우회전진행방해,건조,맑음,교차로 - 교차로안,승용,남,54세,상해없음,승용,남,65세,중상
2018061900100337,2018년 6월 19일 15시,화요일,경상남도 진주시 이현동,중상사고,0,1,0,0,차대사람 - 기타,안전운전불이행,건조,맑음,단일로 - 기타,승용,남,39세,상해없음,보행자,여,77세,중상
2018061900100380,2018년 6월 19일 16시,화요일,경상남도 창원시 마산회원구 회원동,중상사고,0,1,0,0,차대사람 - 횡단중,안전운전불이행,건조,맑음,교차로 - 교차로안,화물,남,72세,상해없음,보행자,남,13세,중상
2018061900100424,2018년 6월 19일 17시,화요일,경상남도 거제시 거제면,경상사고,0,0,1,0,차대차 - 측면충돌,중앙선침범,젖음/습기,비,단일로 - 기타,승용,여,43세,상해없음,이륜,남,70세,경상
2018061900100425,2018년 6월 19일 17시,화요일,경상남도 거제시 연초면,경상사고,0,0,1,0,차대차 - 측면충돌,중앙선침범,젖음/습기,비,단일로 - 기타,승용,남,48세,상해없음,화물,남,27세,경상
2018061900100461,2018년 6월 19일 18시,화요일,경상남도 사천시 사남면,부상신고사고,0,0,0,1,차량단독 - 기타,안전운전불이행,젖음/습기,비,단일로 - 기타,승용,여,45세,부상신고,,,,
2018061900100462,2018년 6월 19일 18시,화요일,경상남도 양산시 동면,경상사고,0,0,1,0,차대차 - 기타,기타,젖음/습기,비,교차로 - 교차로부근,이륜,남,31세,경상,승용,여,62세,상해없음
2018061900100463,2018년 6월 19일 18시,화요일,경상남도 거제시 고현동,중상사고,0,2,0,0,차대차 - 측면충돌,신호위반,젖음/습기,비,교차로 - 교차로부근,승용,남,46세,상해없음,이륜,남,49세,중상
2018061900100500,2018년 6월 19일 19시,화요일,경상남도 양산시 물금읍,중상사고,0,2,5,1,차대차 - 측면충돌,신호위반,젖음/습기,비,교차로 - 교차로안,승용,여,62세,경상,승용,남,77세,중상
2018061900100525,2018년 6월 19일 20시,화요일,경상남도 창원시 진해구 석동,경상사고,0,0,1,0,차대차 - 측면충돌,신호위반,젖음/습기,비,교차로 - 교차로안,승용,여,39세,상해없음,원동기,남,40세,경상