사고번호,사고일시,요일,시군구,사고내용,사망자수,중상자수,경상자수,부상신고자수,사고유형,법규위반,노면상태,기상상태,도로형태,가해운전자 차종,가해운전자 성별,가해운전자 연령,가해운전자 상해정도,피해운전자 차종,피해운전자 성별,피해운전자 연령,피해운전자 상해정도
2018062300100309,2018년 6월 23일 13시,토요일,경상남도 김해시 내동,경상사고,0,0,1,0,차대차 - 기타,안전운전불이행,건조,맑음,교차로 - 교차로안,승용,남,48세,상해없음,원동기,남,38세,경상
2018062300100310,2018년 6월 23일 13시,토요일,경상남도 거창군 거창읍,경상사고,0,0,1,0,차대차 - 측면충돌,기타,건조,맑음,교차로 - 교차로안,승용,여,65세,상해없음,이륜,남,47세,경상
2018062300100311,2018년 6월 23일 13시,토요일,경상남도 창원시 성산구 중앙동,경상사고,0,0,1,0,차대차 - 측면충돌,안전운전불이행,건조,맑음,교차로 - 교차로안,이륜,남,24세,상해없음,승용,여,26세,경상
2018062300100341,2018년 6월 23일 14시,토요일,경상남도 창원시 진해구 용원동,경상사고,0,0,1,0,차대사람 - 기타,안전운전불이행,건조,맑음,단일로 - 기타,승용,남,52세,상해없음,보행자,남,67세,경상
2018062300100342,2018년 6월 23일 14시,토요일,경상남도 김해시 외동,중상사고,0,1,0,0,차대차 - 기타,불법유턴,건조,맑음,단일로 - 기타,승용,남,51세,상해없음,이륜,남,23세,중상
2018062300100343,2018년 6월 23일 14시,토요일,경상남도 하동군 진교면,경상사고,0,0,1,0,차대차 - 측면충돌,안전운전불이행,건조,맑음,단일로 - 기타,승용,여,50세,상해없음,승용,여,34세,경상
2018062300100377,2018년 6월 23일 15시,토요일,경상남도 통영시 사량면,경상사고,0,0,1,0,차대차 - 정면충돌,중앙선침범,건조,맑음,단일로 - 기타,승합,남,66세,상해없음,승용,남,49세,경상
2018062300100414,2018년 6월 23일 16시,토요일,경상남도 거제시 양정동,경상사고,0,0,3,0,차대차 - 추돌,안전거리미확보,건조,맑음,단일로 - 고가도로위,승용,여,49세,경상,승용,남,28세,경상
2018062300100415,2018년 6월 23일 16시,토요일,경상남도 거제시 능포동,중상사고,0,1,0,0,차대차 - 측면충돌,교차로운행방법위반,건조,맑음,교차로 - 교차로안,승합,남,48세,상해없음,이륜,남,47세,중상
2018062300100446,2018년 6월 23일 17시,토요일,경상남도 밀양시 교동,중상사고,0,2,1,0,차대차 - 정면충돌,중앙선침범,건조,맑음,단일로 - 기타,승용,여,52세,상해없음,승용,남,57세,경상
2018062300100468,2018년 6월 23일 18시,토요일,경상남도 김해시 삼정동,경상사고,0,0,1,0,차대사람 - 횡단중,안전운전불이행,건조,맑음,단일로 - 기타,이륜,남,21세,상해없음,보행자,남,15세,경상
2018062300100469,2018년 6월 23일 18시,토요일,경상남도 양산시 삼호동,경상사고,0,0,1,0,차대차 - 측면충돌,신호위반,건조,맑음,교차로 - 교차로안,승합,남,47세,상해없음,승용,남,74세,경상
2018062300100470,2018년 6월 23일 18시,토요일,경상남도 의령군 대의면,중상사고,0,1,0,0,차대차 - 추돌,안전운전불이행,건조,맑음,교차로 - 교차로부근,이륜,남,71세,중상,승용,남,66세,상해없음
2018062300100471,2018년 6월 23일 18시,토요일,경상남도 창원시 의창구 신월동,중상사고,0,1,0,0,차대차 - 측면충돌,안전운전불이행,건조,맑음,교차로 - 교차로부근,화물,남,47세,상해없음,이륜,남,49세,중상
2018062300100525,2018년 6월 23일 20시,토요일,경상남도 창원시 마산합포구 평화동,경상사고,0,0,1,0,차대사람 - 기타,보행자보호의무위반,건조,맑음,교차로 - 교차로안,승용,남,51세,상해없음,보행자,여,72세,경상
2018062300100526,2018년 6월 23일 20시,토요일,경상남도 창원시 성산구 성주동,경상사고,0,0,4,0,차대차 - 추돌,안전운전불이행,건조,맑음,교차로 - 교차로부근,승용,여,37세,상해없음,승용,남,34세,경상
2018062300100601,2018년 6월 23일 23시,토요일,경상남도 김해시 부원동,경상사고,0,0,1,0,차대차 - 기타,안전운전불이행,건조,맑음,단일로 - 기타,승용,여,24세,상해없음,승용,남,51세,경상
2018062400100057,2018년 6월 24일 04시,일요일,경상남도 진주시 강남동,중상사고,0,1,0,0,차대차 - 측면충돌,신호위반,건조,맑음,교차로 - 교차로안,승용,남,26세,상해없음,승용,남,45세,중상
2018062400100089,2018년 6월 24일 07시,일요일,경상남도 양산시 다방동,경상사고,0,0,1,0,차대차 - 추돌,안전운전불이행,건조,맑음,단일로 - 기타,승용,남,25세,상해없음,승용,여,69세,경상
2018062400100096,2018년 6월 24일 07시,일요일,경상남도 창원시 마산합포구 자산동,경상사고,0,0,1,0,차대사람 - 기타,보행자보호의무위반,건조,맑음,교차로 - 교차로횡단보도내,화물,남,63세,상해없음,보행자,여,47세,경상
2018062400100105,2018년 6월 24일 08시,일요일,경상남도 김해시 부원동,중상사고,0,1,0,0,차대사람 - 기타,안전운전불이행,건조,맑음,단일로 - 기타,승용,여,36세,상해없음,보행자,남,68세,중상
2018062400100136,2018년 6월 24일 10시,일요일,경상남도 통영시 용남면,경상사고,0,0,1,0,차량단독 - 도로외이탈 - 추락,안전운전불이행,건조,맑음,단일로 - 기타,승용,남,67세,상해없음,,,,
2018062400100137,2018년 6월 24일 10시,일요일,경상남도 양산시 하북면,중상사고,0,1,0,0,차대차 - 측면충돌,안전운전불이행,건조,맑음,교차로 - 교차로부근,승용,남,57세,상해없음,화물,여,59세,중상
2018062400100155,2018년 6월 24일 11시,일요일,경상남도 밀양시 청도면,경상사고,0,0,3,0,차대차 - 측면충돌,중앙선침범,건조,맑음,단일로 - 기타,자전거,남,48세,상해없음,승용,남,66세,경상
2018062400100175,2018년 6월 24일 12시,일요일,경상남도 거제시 아주동,중상사고,0,5,1,0,차대차 - 측면충돌,교차로운행방법위반,건조,맑음,교차로 - 교차로안,승용,남,28세,중상,승용,남,40세,경상
2018062400100176,2018년 6월 24일 12시,일요일,경상남도 거제시 장목면,중상사고,0,1,1,0,차대차 - 정면충돌,중앙선침범,건조,맑음,단일로 - 기타,승용,남,54세,상해없음,승용,남,55세,경상
2018062400100198,2018년 6월 24일 13시,일요일,경상남도 사천시 곤명면,중상사고,0,2,0,1,차량단독 - 도로외이탈 - 추락,안전운전불이행,건조,맑음,단일로 - 기타,승용,남,61세,부상신고,,,,
2018062400100199,2018년 6월 24일 13시,일요일,경상남도 김해시 삼계동,경상사고,0,0,1,0,차대차 - 기타,안전운전불이행,건조,맑음,교차로 - 교차로부근,승용,남,37세,상해없음,건설기계,남,45세,경상
2018062400100253,2018년 6월 24일 15시,일요일,경상남도 산청군 시천면,중상사고,0,1,0,0,차대차 - 측면충돌,안전운전불이행,건조,맑음,교차로 - 교차로부근,농기계,남,83세,중상,승합,남,37세,상해없음
2018062400100283,2018년 6월 24일 16시,일요일,경상남도 창원시 진해구 용원동,경상사고,0,0,1,0,차대차 - 측면충돌,중앙선침범,건조,맑음,교차로 - 교차로부근,승용,남,60세,상해없음,승용,남,34세,경상
2018062400100297,2018년 6월 24일 17시,일요일,경상남도 양산시 동면,경상사고,0,0,1,0,차대차 - 측면충돌,안전운전불이행,건조,맑음,기타 - 기타,승용,남,54세,상해없음,승용,남,26세,경상
2018062400100344,2018년 6월 24일 18시,일요일,경상남도 진주시 장재동,중상사고,0,1,1,0,차대차 - 정면충돌,중앙선침범,건조,맑음,단일로 - 기타,승용,여,54세,상해없음,승용,남,58세,경상
2018062400100345,2018년 6월 24일 18시,일요일,경상남도 김해시 어방동,경상사고,0,0,3,0,차대차 - 기타,신호위반,건조,맑음,교차로 - 교차로안,원동기,남,17세,경상,승용,남,52세,경상
2018062400100346,2018년 6월 24일 18시,일요일,경상남도 거제시 사등면,중상사고,0,1,4,0,차대차 - 추돌,기타,건조,맑음,단일로 - 기타,승용,남,23세,경상,승합,남,43세,상해없음
2018062400100374,2018년 6월 24일 19시,일요일,경상남도 거창군 거창읍,경상사고,0,0,1,0,차대차 - 기타,안전운전불이행,건조,맑음,교차로 - 교차로안,이륜,남,17세,경상,승용,남,31세,상해없음
2018062400100375,2018년 6월 24일 19시,일요일,경상남도 양산시 물금읍,경상사고,0,0,2,0,차대차 - 측면충돌,중앙선침범,건조,맑음,단일로 - 기타,승용,남,68세,상해없음,원동기,남,17세,경상
2018062400100376,2018년 6월 24일 19시,일요일,경상남도 김해시 진영읍,경상사고,0,0,1,0,차대차 - 측면충돌,신호위반,건조,맑음,교차로 - 교차로부근,원동기,남,18세,경상,승용,남,71세,상해없음
2018062400100393,2018년 6월 24일 20시,일요일,경상남도 사천시 곤명면,중상사고,0,1,0,0,차대사람 - 길가장자리구역통행중,안전운전불이행,건조,맑음,단일로 - 기타,화물,남,59세,상해없음,보행자,여,78세,중상
2018062400100394,2018년 6월 24일 20시,일요일,경상남도 양산시 북부동,경상사고,0,0,1,0,차대차 - 측면충돌,중앙선침범,건조,맑음,단일로 - 기타,승용,남,62세,상해없음,원동기,남,51세,경상
2018062400100414,2018년 6월 24일 21시,일요일,경상남도 밀양시 초동면,중상사고,0,2,2,0,차대차 - 추돌,안전운전불이행,건조,맑음,단일로 - 기타,승용,남,46세,상해없음,승용,남,55세,경상
2018062400100415,2018년 6월 24일 21시,일요일,경상남도 김해시 동상동,경상사고,0,0,3,0,차대차 - 기타,안전운전불이행,건조,맑음,교차로 - 교차로안,승용,여,29세,상해없음,승용,남,62세,경상
2018062400100436,2018년 6월 24일 22시,일요일,경상남도 창원시 진해구 제황산동,경상사고,0,0,1,0,차대차 - 추돌,안전운전불이행,건조,맑음,교차로 - 교차로부근,승용,여,42세,상해없음,승용,여,56세,경상
2018062500100011,2018년 6월 25일 00시,월요일,경상남도 양산시 신기동,중상사고,0,1,0,0,차량단독 - 도로외이탈 - 추락,안전운전불이행,건조,맑음,단일로 - 기타,승용,여,56세,중상,,,,
2018062500100062,2018년 6월 25일 06시,월요일,경상남도 거제시 동부면,경상사고,0,0,1,0,차대사람 - 보도통행중,안전운전불이행,건조,맑음,단일로 - 기타,화물,남,62세,상해없음,보행자,여,61세,경상
2018062500100070,2018년 6월 25일 07시,월요일,경상남도 양산시 다방동,중상사고,0,1,2,0,차대차 - 추돌,안전운전불이행,건조,맑음,단일로 - 기타,승용,여,34세,상해없음,승용,남,34세,경상
2018062500100076,2018년 6월 25일 07시,월요일,경상남도 통영시 무전동,중상사고,0,1,1,0,차대차 - 추돌,안전운전불이행,건조,맑음,단일로 - 기타,승용,남,51세,상해없음,이륜,남,34세,중상
2018062500100077,2018년 6월 25일 07시,월요일,경상남도 창녕군 영산면,중상사고,0,1,0,0,차대차 - 기타,안전운전불이행,건조,맑음,교차로 - 교차로안,승용,여,44세,상해없음,승용,여,50세,중상
2018062500100078,2018년 6월 25일 07시,월요일,경상남도 김해시 관동동,경상사고,0,0,1,0,차대차 - 측면충돌,신호위반,건조,맑음,교차로 - 교차로안,승용,남,65세,상해없음,승용,여,60세,경상
2018062500100136,2018년 6월 25일 08시,월요일,경상남도 창원시 마산회원구 양덕동,경상사고,0,0,1,0,차대차 - 측면충돌,안전운전불이행,건조,맑음,단일로 - 기타,승용,남,39세,상해없음,자전거,남,58세,경상
2018062500100168,2018년 6월 25일 09시,월요일,경상남도 창원시 의창구 대산면,경상사고,0,0,1,0,차대차 - 추돌,안전운전불이행,건조,맑음,단일로 - 기타,승용,여,56세,상해없음,화물,남,46세,경상
2018062500100202,2018년 6월 25일 10시,월요일,경상남도 진주시 이현동,경상사고,0,0,1,0,차대차 - 측면충돌,기타,건조,맑음,단일로 - 기타,승용,남,49세,상해없음,승용,여,35세,경상
2018062500100203,2018년 6월 25일 10시,월요일,경상남도 통영시 무전동,경상사고,0,0,2,0,차대차 - 기타,교차로운행방법위반,건조,맑음,교차로 - 교차로부근,화물,남,39세,상해없음,승용,남,35세,경상
2018062500100237,2018년 6월 25일 11시,월요일,경상남도 진주시 상대동,중상사고,0,1,0,0,차대사람 - 기타,안전운전불이행,건조,맑음,기타 - 기타,화물,남,36세,상해없음,보행자,여,61세,중상
2018062500100238,2018년 6월 25일 11시,월요일,경상남도 진주시 강남동,중상사고,0,2,0,0,차대차 - 추돌,안전운전불이행,건조,맑음,단일로 - 기타,승용,남,74세,상해없음,화물,남,50세,중상
2018062500100239,2018년 6월 25일 11시,월요일,경상남도 사천시 동금동,중상사고,0,1,0,0,차대차 - 추돌,안전운전불이행,건조,맑음,교차로 - 교차로부근,승용,남,57세,상해없음,승용,남,35세,중상
2018062500100240,2018년 6월 25일 11시,월요일,경상남도 창녕군 도천면,사망사고,1,0,1,0,차대차 - 측면충돌,안전운전불이행,건조,맑음,교차로 - 교차로안,화물,남,54세,경상,승용,여,69세,사망
2018062500100241,2018년 6월 25일 11시,월요일,경상남도 거제시 연초면,경상사고,0,0,2,0,차대차 - 추돌,안전거리미확보,건조,맑음,단일로 - 기타,승용,남,40세,상해없음,승용,남,79세,경상
2018062500100283,2018년 6월 25일 12시,월요일,경상남도 창원시 진해구 여좌동,경상사고,0,0,2,0,차대차 - 측면충돌,안전운전불이행,건조,맑음,교차로 - 교차로안,화물,남,66세,상해없음,승용,남,31세,경상
2018062500100284,2018년 6월 25일 12시,월요일,경상남도 합천군 합천읍,경상사고,0,0,1,0,차대차 - 측면충돌,안전운전불이행,건조,맑음,교차로 - 교차로안,승용,남,40세,상해없음,이륜,남,58세,경상
2018062500100285,2018년 6월 25일 12시,월요일,경상남도 창원시 성산구 상남동,중상사고,0,1,0,0,차대사람 - 차도통행중,안전운전불이행,건조,맑음,단일로 - 기타,승용,남,57세,상해없음,보행자,여,69세,중상
2018062500100327,2018년 6월 25일 13시,월요일,경상남도 진주시 주약동,중상사고,0,1,0,0,차대사람 - 기타,안전운전불이행,건조,맑음,단일로 - 기타,승용,여,30세,상해없음,보행자,여,86세,중상
2018062500100328,2018년 6월 25일 13시,월요일,경상남도 김해시 부원동,경상사고,0,0,1,0,차대차 - 측면충돌,안전거리미확보,건조,맑음,단일로 - 기타,승용,남,55세,상해없음,승용,남,25세,경상
2018062500100367,2018년 6월 25일 14시,월요일,경상남도 통영시 정량동,경상사고,0,0,1,0,차대차 - 측면충돌,안전운전불이행,건조,맑음,단일로 - 기타,승용,남,66세,상해없음,이륜,여,49세,경상
2018062500100368,2018년 6월 25일 14시,월요일,경상남도 김해시 생림면,사망사고,1,0,0,0,차대사람 - 횡단중,안전운전불이행,건조,맑음,교차로 - 교차로안,화물,여,53세,상해없음,보행자,남,71세,사망
2018062500100369,2018년 6월 25일 14시,월요일,경상남도 김해시 전하동,경상사고,0,0,1,0,차대차 - 측면충돌,교차로운행방법위반,건조,맑음,교차로 - 교차로부근,승용,남,74세,상해없음,승용,남,37세,경상
2018062500100370,2018년 6월 25일 14시,월요일,경상남도 함양군 서하면,사망사고,1,1,0,0,차대차 - 정면충돌,중앙선침범,건조,맑음,단일로 - 기타,화물,남,68세,중상,화물,남,67세,사망
2018062500100371,2018년 6월 25일 14시,월요일,경상남도 김해시 율하동,중상사고,0,1,0,0,차대차 - 정면충돌,안전운전불이행,건조,맑음,단일로 - 기타,승용,남,70세,상해없음,승용,여,34세,중상
2018062500100418,2018년 6월 25일 15시,월요일,경상남도 창원시 마산합포구 창동,중상사고,0,1,1,0,차대차 - 측면충돌,안전운전불이행,건조,맑음,단일로 - 기타,승용,남,64세,상해없음,승합,남,53세,상해없음
2018062500100419,2018년 6월 25일 15시,월요일,경상남도 밀양시 산외면,중상사고,0,2,0,0,차대차 - 측면충돌,신호위반,건조,맑음,교차로 - 교차로안,화물,남,72세,중상,승용,여,44세,중상
2018062500100420,2018년 6월 25일 15시,월요일,경상남도 창원시 성산구 상남동,경상사고,0,0,1,0,차대차 - 측면충돌,안전운전불이행,건조,맑음,단일로 - 기타,승용,남,50세,상해없음,승용,남,65세,경상
2018062500100456,2018년 6월 25일 16시,월요일,경상남도 창원시 마산합포구 두월동2가,중상사고,0,1,0,0,차대차 - 측면충돌,안전운전불이행,건조,맑음,교차로 - 교차로안,승용,여,52세,상해없음,이륜,남,70세,중상
2018062500100457,2018년 6월 25일 16시,월요일,경상남도 함안군 가야읍,중상사고,0,1,0,0,차대사람 - 횡단중,보행자보호의무위반,건조,맑음,단일로 - 기타,이륜,남,53세,상해없음,보행자,여,68세,중상
2018062500100458,2018년 6월 25일 16시,월요일,경상남도 창원시 마산회원구 합성동,중상사고,0,1,0,0,차대차 - 측면충돌,안전운전불이행,건조,맑음,단일로 - 기타,승용,남,58세,상해없음,이륜,남,46세,중상
2018062500100549,2018년 6월 25일 18시,월요일,경상남도 창원시 진해구 자은동,중상사고,0,1,1,0,차대차 - 추돌,안전운전불이행,건조,맑음,단일로 - 기타,화물,남,47세,상해없음,승용,여,47세,중상
2018062500100587,2018년 6월 25일 19시,월요일,경상남도 창원시 의창구 삼동동,경상사고,0,0,1,0,차대차 - 추돌,안전운전불이행,건조,맑음,단일로 - 기타,승용,남,25세,상해없음,승용,여,45세,경상
2018062500100619,2018년 6월 25일 20시,월요일,경상남도 남해군 남해읍,중상사고,0,1,0,0,차대차 - 측면충돌,안전운전불이행,건조,맑음,교차로 - 교차로안,승용,남,57세,상해없음,승용,남,37세,상해없음
2018062600100013,2018년 6월 26일 00시,화요일,경상남도 양산시 소주동,경상사고,0,0,1,0,차대차 - 기타,직진우회전진행방해,건조,맑음,교차로 - 교차로안,승용,여,45세,상해없음,이륜,남,44세,경상
2018062600100014,2018년 6월 26일 00시,화요일,경상남도 창원시 의창구 북면,경상사고,0,0,1,0,차대차 - 측면충돌,신호위반,건조,맑음,교차로 - 교차로안,승용,여,48세,상해없음,승용,남,26세,경상
2018062600100077,2018년 6월 26일 06시,화요일,경상남도 김해시 삼방동,중상사고,0,1,0,0,차대차 - 측면충돌,교차로운행방법위반,건조,흐림,교차로 - 교차로안,화물,남,57세,상해없음,승용,여,57세,중상
2018062600100103,2018년 6월 26일 07시,화요일,경상남도 거제시 옥포동,경상사고,0,0,2,0,차대차 - 추돌,안전운전불이행,건조,맑음,단일로 - 기타,승용,남,20세,상해없음,화물,남,63세,경상
2018062600100104,2018년 6월 26일 07시,화요일,경상남도 거제시 덕포동,경상사고,0,0,3,0,차대차 - 추돌,안전운전불이행,젖음/습기,비,단일로 - 교량,화물,남,36세,상해없음,승용,남,38세,상해없음
2018062600100105,2018년 6월 26일 07시,화요일,경상남도 창원시 마산회원구 회성동,중상사고,0,1,0,0,차대사람 - 횡단중,신호위반,건조,맑음,교차로 - 교차로횡단보도내,승합,남,67세,상해없음,보행자,여,59세,중상
2018062600100151,2018년 6월 26일 08시,화요일,경상남도 김해시 구산동,경상사고,0,0,1,0,차대사람 - 기타,안전운전불이행,적설,비,단일로 - 기타,승용,여,48세,상해없음,보행자,남,13세,경상
2018062600100194,2018년 6월 26일 09시,화요일,경상남도 진주시 이반성면,중상사고,0,3,0,0,차대차 - 측면충돌,안전운전불이행,젖음/습기,흐림,교차로 - 교차로안,이륜,여,66세,중상,화물,남,48세,중상
2018062600100195,2018년 6월 26일 09시,화요일,경상남도 창녕군 남지읍,중상사고,0,1,1,0,차대차 - 측면충돌,직진우회전진행방해,건조,맑음,교차로 - 교차로안,승용,여,51세,경상,화물,남,64세,중상
2018062600100229,2018년 6월 26일 10시,화요일,경상남도 진주시 상평동,중상사고,0,1,0,0,차대사람 - 차도통행중,안전운전불이행,젖음/습기,흐림,교차로 - 교차로안,승용,남,33세,상해없음,보행자,여,66세,중상
2018062600100258,2018년 6월 26일 11시,화요일,경상남도 의령군 가례면,경상사고,0,0,1,0,차대차 - 추돌,안전거리미확보,젖음/습기,흐림,단일로 - 지하차도(도로)내,승용,남,78세,상해없음,화물,남,58세,경상
2018062600100307,2018년 6월 26일 13시,화요일,경상남도 김해시 진영읍,경상사고,0,0,2,0,차대차 - 측면충돌,교차로운행방법위반,건조,맑음,교차로 - 교차로부근,이륜,남,80세,경상,화물,남,55세,상해없음
2018062600100332,2018년 6월 26일 14시,화요일,경상남도 밀양시 산외면,사망사고,1,0,0,0,차대차 - 추돌,안전운전불이행,건조,맑음,단일로 - 기타,화물,남,54세,사망,화물,남,27세,상해없음
2018062600100333,2018년 6월 26일 14시,화요일,경상남도 거제시 연초면,부상신고사고,0,0,0,1,차량단독 - 기타,안전운전불이행,건조,맑음,교차로 - 교차로안,이륜,남,58세,부상신고,,,,
2018062600100374,2018년 6월 26일 15시,화요일,경상남도 밀양시 부북면,중상사고,0,1,0,0,차대차 - 측면충돌,안전운전불이행,건조,맑음,교차로 - 교차로안,승용,남,65세,상해없음,승용,여,38세,중상
2018062600100375,2018년 6월 26일 15시,화요일,경상남도 양산시 신기동,중상사고,0,1,0,0,차대사람 - 횡단중,보행자보호의무위반,건조,맑음,교차로 - 교차로부근,승용,여,60세,상해없음,보행자,여,24세,중상
2018062600100376,2018년 6월 26일 15시,화요일,경상남도 창원시 의창구 북동,중상사고,0,1,0,0,차대사람 - 횡단중,중앙선침범,건조,맑음,단일로 - 기타,승용,남,48세,상해없음,보행자,여,84세,중상
2018062600100404,2018년 6월 26일 16시,화요일,경상남도 진주시 신안동,중상사고,0,1,0,0,차대사람 - 횡단중,보행자보호의무위반,젖음/습기,흐림,단일로 - 기타,승합,남,50세,상해없음,보행자,여,60세,중상
2018062600100405,2018년 6월 26일 16시,화요일,경상남도 진주시 가좌동,중상사고,0,1,0,0,차대차 - 측면충돌,안전운전불이행,젖음/습기,흐림,단일로 - 기타,승용,남,49세,상해없음,자전거,여,8세,중상
2018062600100406,2018년 6월 26일 16시,화요일,경상남도 김해시 외동,중상사고,0,1,0,0,차대사람 - 기타,안전운전불이행,건조,맑음,단일로 - 기타,원동기,남,31세,상해없음,보행자,남,13세,중상
2018062600100450,2018년 6월 26일 17시,화요일,경상남도 밀양시 내이동,경상사고,0,0,1,1,차대차 - 측면충돌,교차로운행방법위반,건조,맑음,교차로 - 교차로안,승용,여,47세,경상,화물,남,56세,부상신고
2018062600100451,2018년 6월 26일 17시,화요일,경상남도 거창군 거창읍,경상사고,0,0,1,0,차대차 - 측면충돌,안전운전불이행,젖음/습기,흐림,교차로 - 교차로안,승용,남,64세,경상,건설기계,남,42세,상해없음
2018062600100485,2018년 6월 26일 18시,화요일,경상남도 밀양시 내이동,경상사고,0,0,1,0,차대차 - 측면충돌,신호위반,건조,맑음,교차로 - 교차로안,승용,여,41세,상해없음,승용,여,65세,경상
2018062600100516,2018년 6월 26일 19시,화요일,경상남도 창원시 진해구 남양동,중상사고,0,1,0,0,차대차 - 추돌,안전거리미확보,건조,맑음,단일로 - 기타,원동기,남,39세,중상,승용,남,60세,상해없음
2018062600100517,2018년 6월 26일 19시,화요일,경상남도 통영시 항남동,중상사고,0,1,0,0,차대사람 - 기타,안전운전불이행,건조,맑음,단일로 - 기타,승용,남,46세,상해없음,보행자,남,61세,중상
2018062600100551,2018년 6월 26일 20시,화요일,경상남도 진주시 대곡면,경상사고,0,0,2,0,차대차 - 추돌,안전운전불이행,건조,맑음,단일로 - 기타,화물,남,41세,상해없음,승용,남,51세,경상
2018062600100552,2018년 6월 26일 20시,화요일,경상남도 양산시 동면,중상사고,0,2,2,0,차대차 - 기타,직진우회전진행방해,건조,흐림,교차로 - 교차로횡단보도내,승용,남,52세,상해없음,승용,남,64세,중상
2018062600100553,2018년 6월 26일 20시,화요일,경상남도 양산시 물금읍,경상사고,0,0,1,0,차대차 - 기타,안전운전불이행,젖음/습기,비,단일로 - 기타,이륜,남,45세,상해없음,이륜,남,16세,경상
2018062600100554,2018년 6월 26일 20시,화요일,경상남도 창원시 의창구 봉곡동,경상사고,0,0,1,0,차대차 - 측면충돌,안전운전불이행,건조,흐림,교차로 - 교차로부근,승용,남,65세,상해없음,자전거,남,74세,경상
2018062600100620,2018년 6월 26일 22시,화요일,경상남도 사천시 벌리동,경상사고,0,0,1,4,차대차 - 기타,안전운전불이행,건조,맑음,교차로 - 교차로안,승용,여,46세,부상신고,승용,남,57세,부상신고
2018062600100621,2018년 6월 26일 22시,화요일,경상남도 김해시 내동,경상사고,0,0,1,0,차대차 - 측면충돌,안전운전불이행,건조,맑음,교차로 - 교차로안,자전거,여,31세,경상,승용,남,31세,상해없음
2018062600100622,2018년 6월 26일 22시,화요일,경상남도 창원시 성산구 웅남동,중상사고,0,2,0,0,차대차 - 측면충돌,신호위반,건조,맑음,교차로 - 교차로안,화물,남,35세,상해없음,승용,여,51세,중상
2018062600100646,2018년 6월 26일 23시,화요일,경상남도 거제시 고현동,경상사고,0,0,1,0,차대차 - 측면충돌,교차로운행방법위반,건조,맑음,교차로 - 교차로안,승용,남,47세,상해없음,승용,여,68세,경상
2018062700100023,2018년 6월 27일 01시,수요일,경상남도 김해시 부원동,중상사고,0,1,0,0,차대사람 - 횡단중,안전운전불이행,건조,흐림,교차로 - 교차로안,승용,남,37세,상해없음,보행자,남,35세,중상
2018062700100040,2018년 6월 27일 03시,수요일,경상남도 함안군 군북면,중상사고,0,1,0,0,차대사람 - 기타,안전운전불이행,건조,흐림,교차로 - 교차로부근,화물,남,73세,상해없음,보행자,남,38세,중상
2018062700100051,2018년 6월 27일 04시,수요일,경상남도 창원시 의창구 봉곡동,경상사고,0,0,1,0,차대사람 - 기타,안전운전불이행,건조,맑음,교차로 - 교차로안,승용,남,69세,상해없음,보행자,남,36세,경상
2018062700100060,2018년 6월 27일 05시,수요일,경상남도 고성군 고성읍,중상사고,0,1,0,0,차대차 - 측면충돌,신호위반,건조,맑음,교차로 - 교차로안,화물,남,38세,상해없음,승용,여,52세,중상
2018062700100086,2018년 6월 27일 07시,수요일,경상남도 사천시 사남면,경상사고,0,0,1,1,차대차 - 추돌,안전운전불이행,젖음/습기,비,단일로 - 기타,승용,남,37세,부상신고,승용,남,45세,경상
2018062700100087,2018년 6월 27일 07시,수요일,경상남도 김해시 삼정동,경상사고,0,0,1,0,차대차 - 기타,안전운전불이행,젖음/습기,흐림,교차로 - 교차로안,화물,남,30세,상해없음,승용,여,47세,경상
2018062700100118,2018년 6월 27일 08시,수요일,경상남도 함양군 수동면,경상사고,0,0,3,0,차대차 - 측면충돌,교차로운행방법위반,건조,맑음,교차로 - 교차로안,승용,여,41세,상해없음,승용,여,50세,경상
2018062700100119,2018년 6월 27일 08시,수요일,경상남도 거제시 사등면,경상사고,0,0,1,0,차대차 - 측면충돌,안전운전불이행,젖음/습기,비,단일로 - 기타,승용,여,33세,상해없음,승용,남,36세,경상
2018062700100152,2018년 6월 27일 09시,수요일,경상남도 창원시 진해구 여좌동,경상사고,0,0,2,0,차대차 - 측면충돌,신호위반,건조,맑음,교차로 - 교차로안,승용,여,60세,상해없음,승용,여,61세,경상
2018062700100196,2018년 6월 27일 11시,수요일,경상남도 창원시 마산합포구 자산동,중상사고,0,1,0,0,차대차 - 기타,안전운전불이행,젖음/습기,흐림,교차로 - 교차로안,승용,여,46세,상해없음,원동기,남,58세,중상
2018062700100197,2018년 6월 27일 11시,수요일,경상남도 양산시 하북면,경상사고,0,0,1,0,차대차 - 측면충돌,신호위반,젖음/습기,비,교차로 - 교차로안,화물,남,47세,상해없음,승용,여,54세,경상
2018062700100228,2018년 6월 27일 13시,수요일,경상남도 김해시 대동면,중상사고,0,1,0,0,차대차 - 추돌,안전거리미확보,건조,맑음,단일로 - 기타,건설기계,남,50세,상해없음,화물,남,64세,중상
2018062700100244,2018년 6월 27일 13시,수요일,경상남도 거제시 연초면,중상사고,0,1,0,0,차대차 - 추돌,안전거리미확보,젖음/습기,흐림,교차로 - 교차로부근,화물,남,52세,상해없음,승용,여,43세,중상