사고번호,사고일시,요일,시군구,사고내용,사망자수,중상자수,경상자수,부상신고자수,사고유형,법규위반,노면상태,기상상태,도로형태,가해운전자 차종,가해운전자 성별,가해운전자 연령,가해운전자 상해정도,피해운전자 차종,피해운전자 성별,피해운전자 연령,피해운전자 상해정도
2018070100100041,2018년 7월 1일 02시,일요일,경상남도 진주시 상대동,중상사고,0,1,0,0,차대사람 - 횡단중,안전운전불이행,젖음/습기,비,교차로 - 교차로횡단보도내,승용,여,57세,상해없음,보행자,남,37세,중상
2018070100100042,2018년 7월 1일 02시,일요일,경상남도 김해시 서상동,중상사고,0,2,0,0,차대차 - 측면충돌,중앙선침범,젖음/습기,비,교차로 - 교차로부근,승용,남,31세,상해없음,승용,남,67세,중상
2018070100100058,2018년 7월 1일 03시,일요일,경상남도 김해시 삼정동,중상사고,0,1,1,0,차대차 - 측면충돌,안전운전불이행,젖음/습기,비,단일로 - 기타,승용,남,26세,상해없음,승용,남,52세,중상
2018070100100068,2018년 7월 1일 04시,일요일,경상남도 양산시 주진동,경상사고,0,0,3,0,차대차 - 측면충돌,안전운전불이행,젖음/습기,비,기타 - 기타,승용,남,40세,상해없음,승용,여,26세,기타불명
2018070100100075,2018년 7월 1일 05시,일요일,경상남도 남해군 서면,중상사고,0,1,0,0,차대사람 - 횡단중,안전운전불이행,건조,흐림,단일로 - 기타,화물,남,50세,상해없음,보행자,여,82세,중상
2018070100100076,2018년 7월 1일 05시,일요일,경상남도 창원시 의창구 동정동,중상사고,0,1,0,0,차대차 - 정면충돌,중앙선침범,젖음/습기,비,단일로 - 기타,승용,남,26세,상해없음,승용,남,58세,중상
2018070100100113,2018년 7월 1일 08시,일요일,경상남도 창원시 의창구 북면,중상사고,0,3,3,0,차대차 - 추돌,안전운전불이행,젖음/습기,맑음,단일로 - 기타,화물,남,62세,중상,승용,남,49세,경상
2018070100100131,2018년 7월 1일 10시,일요일,경상남도 김해시 내동,중상사고,0,1,0,0,차대사람 - 횡단중,안전운전불이행,건조,맑음,단일로 - 기타,화물,남,52세,상해없음,보행자,남,65세,중상
2018070100100148,2018년 7월 1일 11시,일요일,경상남도 밀양시 삼랑진읍,경상사고,0,0,1,0,차대차 - 측면충돌,안전운전불이행,건조,맑음,교차로 - 교차로안,화물,남,56세,상해없음,화물,남,48세,경상
2018070100100163,2018년 7월 1일 12시,일요일,경상남도 통영시 미수동,경상사고,0,0,3,0,차대차 - 추돌,안전거리미확보,건조,맑음,단일로 - 교량,승용,남,27세,상해없음,승용,남,24세,경상
2018070100100164,2018년 7월 1일 12시,일요일,경상남도 양산시 동면,중상사고,0,1,0,0,차대차 - 기타,안전운전불이행,건조,맑음,교차로 - 교차로안,승용,남,55세,상해없음,이륜,남,29세,중상
2018070100100180,2018년 7월 1일 13시,일요일,경상남도 창원시 진해구 용원동,중상사고,0,1,2,0,차대차 - 측면충돌,교차로운행방법위반,건조,맑음,교차로 - 교차로안,승용,남,38세,경상,원동기,남,22세,중상
2018070100100181,2018년 7월 1일 13시,일요일,경상남도 창원시 마산회원구 합성동,중상사고,0,1,0,0,차대차 - 기타,안전운전불이행,건조,맑음,단일로 - 기타,이륜,남,52세,중상,승용,남,59세,기타불명
2018070100100201,2018년 7월 1일 14시,일요일,경상남도 김해시 삼정동,경상사고,0,0,5,2,차대차 - 추돌,안전거리미확보,건조,맑음,단일로 - 기타,화물,남,45세,상해없음,승합,남,50세,경상
2018070100100202,2018년 7월 1일 14시,일요일,경상남도 창원시 의창구 봉곡동,중상사고,0,1,0,0,차대차 - 측면충돌,교차로운행방법위반,건조,흐림,교차로 - 교차로안,승용,남,26세,상해없음,화물,남,63세,중상
2018070100100235,2018년 7월 1일 15시,일요일,경상남도 창녕군 대지면,경상사고,0,0,1,1,차대차 - 추돌,안전운전불이행,건조,맑음,교차로 - 교차로부근,이륜,남,33세,부상신고,승용,남,41세,상해없음
2018070100100236,2018년 7월 1일 15시,일요일,경상남도 창원시 의창구 동읍,중상사고,0,1,0,0,차대차 - 추돌,안전운전불이행,건조,맑음,단일로 - 기타,승합,남,52세,상해없음,승용,남,33세,중상
2018070100100256,2018년 7월 1일 16시,일요일,경상남도 양산시 평산동,중상사고,0,1,0,0,차대차 - 측면충돌,신호위반,건조,맑음,교차로 - 교차로안,이륜,남,23세,상해없음,이륜,남,25세,중상
2018070100100257,2018년 7월 1일 16시,일요일,경상남도 창원시 의창구 동읍,경상사고,0,0,2,0,차대차 - 측면충돌,중앙선침범,건조,맑음,교차로 - 교차로부근,승용,남,56세,상해없음,승용,남,53세,경상
2018070100100258,2018년 7월 1일 16시,일요일,경상남도 창원시 의창구 팔용동,경상사고,0,0,1,0,차대차 - 측면충돌,차로위반,건조,맑음,교차로 - 교차로부근,승용,남,57세,상해없음,승용,남,57세,경상
2018070100100285,2018년 7월 1일 17시,일요일,경상남도 창원시 진해구 경화동,경상사고,0,0,3,0,차대차 - 측면충돌,안전운전불이행,건조,맑음,교차로 - 교차로안,승용,여,52세,경상,승용,남,67세,경상
2018070100100286,2018년 7월 1일 17시,일요일,경상남도 하동군 고전면,경상사고,0,0,1,0,차대차 - 추돌,안전운전불이행,건조,맑음,단일로 - 기타,승용,남,53세,상해없음,승용,여,45세,경상
2018070100100307,2018년 7월 1일 18시,일요일,경상남도 사천시 대방동,경상사고,0,0,2,0,차대차 - 측면충돌,신호위반,건조,맑음,교차로 - 교차로안,승용,남,55세,기타불명,화물,남,31세,경상
2018070100100308,2018년 7월 1일 18시,일요일,경상남도 거창군 거창읍,중상사고,0,1,0,0,차대차 - 추돌,안전운전불이행,건조,맑음,단일로 - 기타,승용,남,65세,상해없음,승용,남,66세,상해없음
2018070100100309,2018년 7월 1일 18시,일요일,경상남도 거창군 가조면,중상사고,0,1,0,0,차대차 - 추돌,안전운전불이행,젖음/습기,비,단일로 - 기타,화물,남,53세,상해없음,승용,여,55세,중상
2018070100100387,2018년 7월 1일 20시,일요일,경상남도 함양군 함양읍,경상사고,0,0,1,0,차대사람 - 기타,안전운전불이행,건조,맑음,교차로 - 교차로안,화물,남,46세,상해없음,보행자,남,61세,경상
2018070100100423,2018년 7월 1일 21시,일요일,경상남도 창원시 진해구 안골동,경상사고,0,0,1,0,차대차 - 측면충돌,안전운전불이행,건조,맑음,교차로 - 교차로부근,승용,남,29세,상해없음,원동기,남,38세,경상
2018070100100424,2018년 7월 1일 21시,일요일,경상남도 창원시 성산구 대방동,중상사고,0,1,0,0,차대차 - 측면충돌,안전운전불이행,젖음/습기,비,교차로 - 교차로안,승용,여,51세,상해없음,이륜,남,20세,중상
2018070100100463,2018년 7월 1일 22시,일요일,경상남도 김해시 삼방동,중상사고,0,1,0,0,차량단독 - 기타,안전운전불이행,건조,맑음,단일로 - 기타,승용,남,55세,상해없음,,,,
2018070100100487,2018년 7월 1일 23시,일요일,경상남도 진주시 중안동,경상사고,0,0,1,0,차대차 - 측면충돌,안전운전불이행,건조,맑음,단일로 - 기타,승용,남,52세,상해없음,승용,남,32세,경상
2018070200100067,2018년 7월 2일 05시,월요일,경상남도 김해시 어방동,중상사고,0,1,0,0,차대사람 - 횡단중,안전운전불이행,젖음/습기,흐림,교차로 - 교차로안,화물,남,64세,상해없음,보행자,여,23세,중상
2018070200100094,2018년 7월 2일 07시,월요일,경상남도 진주시 명석면,경상사고,0,0,1,0,차대차 - 기타,안전운전불이행,젖음/습기,비,단일로 - 기타,승합,남,29세,상해없음,승용,여,27세,경상
2018070200100095,2018년 7월 2일 07시,월요일,경상남도 창원시 진해구 덕산동,중상사고,0,1,0,0,차대차 - 기타,안전운전불이행,젖음/습기,흐림,교차로 - 교차로부근,승용,남,46세,상해없음,자전거,남,80세,중상
2018070200100096,2018년 7월 2일 07시,월요일,경상남도 의령군 정곡면,중상사고,0,1,0,0,차대사람 - 길가장자리구역통행중,안전운전불이행,젖음/습기,비,단일로 - 지하차도(도로)내,화물,남,64세,상해없음,보행자,남,52세,중상
2018070200100097,2018년 7월 2일 07시,월요일,경상남도 창원시 마산회원구 내서읍,중상사고,0,1,1,0,차대차 - 정면충돌,중앙선침범,젖음/습기,비,단일로 - 기타,승용,남,62세,기타불명,승용,남,66세,중상
2018070200100098,2018년 7월 2일 07시,월요일,경상남도 진주시 문산읍,중상사고,0,1,1,0,차대차 - 기타,안전운전불이행,젖음/습기,비,단일로 - 기타,승용,남,43세,상해없음,승용,남,51세,중상
2018070200100128,2018년 7월 2일 08시,월요일,경상남도 남해군 남면,중상사고,0,1,1,0,차량단독 - 기타,안전운전불이행,젖음/습기,비,단일로 - 기타,화물,남,76세,경상,,,,
2018070200100166,2018년 7월 2일 09시,월요일,경상남도 김해시 진영읍,경상사고,0,0,1,0,차대차 - 측면충돌,안전운전불이행,건조,맑음,교차로 - 교차로부근,화물,남,44세,상해없음,승용,남,42세,경상
2018070200100269,2018년 7월 2일 13시,월요일,경상남도 사천시 죽림동,경상사고,0,0,1,0,차대사람 - 차도통행중,안전운전불이행,건조,맑음,교차로 - 교차로부근,화물,남,37세,상해없음,보행자,여,52세,경상
2018070200100270,2018년 7월 2일 13시,월요일,경상남도 김해시 삼정동,경상사고,0,0,1,0,차대차 - 측면충돌,안전운전불이행,건조,맑음,교차로 - 교차로안,승용,남,28세,경상,특수,남,26세,상해없음
2018070200100271,2018년 7월 2일 13시,월요일,경상남도 창원시 의창구 북면,경상사고,0,0,2,0,차대차 - 기타,안전운전불이행,건조,맑음,교차로 - 교차로안,승용,여,39세,상해없음,승용,남,76세,경상
2018070200100272,2018년 7월 2일 13시,월요일,경상남도 김해시 내덕동,중상사고,0,2,0,0,차대차 - 추돌,안전운전불이행,건조,맑음,교차로 - 교차로안,승합,남,31세,상해없음,승용,여,43세,중상
2018070200100303,2018년 7월 2일 14시,월요일,경상남도 창원시 마산합포구 월영동,경상사고,0,0,1,0,차대차 - 측면충돌,안전운전불이행,젖음/습기,흐림,교차로 - 교차로횡단보도내,승합,남,64세,상해없음,이륜,남,40세,경상
2018070200100304,2018년 7월 2일 14시,월요일,경상남도 사천시 사천읍,부상신고사고,0,0,0,1,차대차 - 추돌,안전운전불이행,건조,흐림,교차로 - 교차로부근,승용,여,37세,상해없음,승용,남,47세,부상신고
2018070200100305,2018년 7월 2일 14시,월요일,경상남도 거제시 연초면,중상사고,0,2,3,0,차대차 - 측면충돌,안전운전불이행,건조,맑음,교차로 - 교차로안,승용,여,31세,경상,승용,여,57세,중상
2018070200100306,2018년 7월 2일 14시,월요일,경상남도 창원시 마산회원구 내서읍,중상사고,0,1,0,0,차대사람 - 횡단중,보행자보호의무위반,젖음/습기,흐림,교차로 - 교차로부근,화물,남,45세,상해없음,보행자,여,45세,중상
2018070200100339,2018년 7월 2일 15시,월요일,경상남도 사천시 용현면,사망사고,1,0,0,0,차량단독 - 공작물충돌,안전운전불이행,건조,흐림,교차로 - 교차로부근,화물,남,36세,사망,,,,
2018070200100340,2018년 7월 2일 15시,월요일,경상남도 김해시 삼방동,경상사고,0,0,1,0,차대차 - 측면충돌,안전운전불이행,건조,맑음,교차로 - 교차로안,이륜,남,71세,상해없음,승용,여,50세,경상
2018070200100368,2018년 7월 2일 16시,월요일,경상남도 창원시 성산구 대방동,경상사고,0,0,1,0,차대차 - 추돌,안전운전불이행,건조,맑음,단일로 - 기타,승용,남,57세,상해없음,승용,여,54세,경상
2018070200100417,2018년 7월 2일 17시,월요일,경상남도 통영시 봉평동,경상사고,0,0,1,0,차대차 - 측면충돌,안전거리미확보,젖음/습기,비,교차로 - 교차로안,승용,남,18세,상해없음,승용,남,46세,상해없음
2018070200100418,2018년 7월 2일 17시,월요일,경상남도 양산시 소주동,경상사고,0,0,1,0,차대차 - 측면충돌,중앙선침범,건조,맑음,단일로 - 기타,승합,남,64세,상해없음,승용,남,57세,경상
2018070200100419,2018년 7월 2일 17시,월요일,경상남도 김해시 한림면,중상사고,0,1,0,0,차대차 - 후진중충돌,불법유턴,건조,맑음,단일로 - 기타,화물,남,29세,상해없음,이륜,남,85세,중상
2018070200100456,2018년 7월 2일 18시,월요일,경상남도 함양군 함양읍,중상사고,0,2,0,0,차대차 - 추돌,안전운전불이행,젖음/습기,흐림,교차로 - 교차로안,화물,남,63세,상해없음,승용,남,65세,중상
2018070200100497,2018년 7월 2일 19시,월요일,경상남도 진주시 상대동,사망사고,1,0,0,0,차대사람 - 횡단중,안전운전불이행,젖음/습기,비,교차로 - 교차로안,승합,남,37세,상해없음,보행자,여,60세,사망
2018070200100498,2018년 7월 2일 19시,월요일,경상남도 창원시 의창구 명서동,중상사고,0,1,0,0,차대사람 - 횡단중,안전운전불이행,젖음/습기,흐림,교차로 - 교차로부근,승용,남,59세,기타불명,보행자,여,56세,중상
2018070200100537,2018년 7월 2일 20시,월요일,경상남도 김해시 어방동,경상사고,0,0,1,0,차대차 - 측면충돌,안전운전불이행,건조,맑음,교차로 - 교차로안,원동기,남,16세,상해없음,승용,남,22세,상해없음
2018070200100538,2018년 7월 2일 20시,월요일,경상남도 양산시 물금읍,경상사고,0,0,1,0,차대차 - 측면충돌,기타,건조,맑음,단일로 - 기타,승용,남,34세,상해없음,원동기,남,19세,경상
2018070200100573,2018년 7월 2일 21시,월요일,경상남도 김해시 삼계동,중상사고,0,1,0,0,차대차 - 측면충돌,불법유턴,건조,맑음,교차로 - 교차로안,승용,남,59세,상해없음,원동기,남,24세,중상
2018070200100615,2018년 7월 2일 22시,월요일,경상남도 창원시 진해구 이동,경상사고,0,0,1,0,차대차 - 측면충돌,중앙선침범,건조,맑음,단일로 - 기타,승용,남,57세,상해없음,승용,여,43세,경상
2018070200100616,2018년 7월 2일 22시,월요일,경상남도 양산시 덕계동,중상사고,0,1,0,0,차대사람 - 길가장자리구역통행중,안전운전불이행,건조,맑음,단일로 - 기타,승용,남,40세,상해없음,보행자,여,18세,중상
2018070200100654,2018년 7월 2일 23시,월요일,경상남도 김해시 내동,경상사고,0,0,1,0,차대차 - 후진중충돌,안전운전불이행,젖음/습기,흐림,단일로 - 기타,승용,남,62세,상해없음,승합,남,47세,경상
2018070300100031,2018년 7월 3일 01시,화요일,경상남도 거제시 아주동,경상사고,0,0,1,0,차대차 - 추돌,안전운전불이행,젖음/습기,흐림,교차로 - 교차로부근,승용,남,47세,상해없음,화물,남,36세,경상
2018070300100045,2018년 7월 3일 03시,화요일,경상남도 창원시 진해구 용원동,경상사고,0,0,1,0,차대차 - 측면충돌,신호위반,젖음/습기,비,교차로 - 교차로안,화물,남,55세,상해없음,승용,여,20세,경상
2018070300100055,2018년 7월 3일 05시,화요일,경상남도 창원시 진해구 풍호동,중상사고,0,1,0,0,차대사람 - 횡단중,안전운전불이행,젖음/습기,비,단일로 - 기타,승용,남,62세,상해없음,보행자,남,81세,중상
2018070300100056,2018년 7월 3일 05시,화요일,경상남도 통영시 무전동,경상사고,0,0,1,0,차대차 - 측면충돌,직진우회전진행방해,젖음/습기,흐림,교차로 - 교차로안,승용,남,76세,상해없음,화물,남,38세,경상
2018070300100069,2018년 7월 3일 06시,화요일,경상남도 김해시 외동,중상사고,0,1,3,0,차대차 - 기타,신호위반,젖음/습기,비,교차로 - 교차로안,승용,남,42세,경상,승용,남,57세,경상
2018070300100070,2018년 7월 3일 06시,화요일,경상남도 김해시 삼계동,경상사고,0,0,1,0,차대차 - 추돌,안전운전불이행,젖음/습기,비,교차로 - 교차로부근,승용,남,60세,상해없음,승용,남,35세,경상
2018070300100115,2018년 7월 3일 08시,화요일,경상남도 합천군 합천읍,경상사고,0,0,1,0,차대차 - 기타,안전운전불이행,건조,맑음,단일로 - 기타,화물,남,44세,상해없음,원동기,남,84세,경상
2018070300100116,2018년 7월 3일 08시,화요일,경상남도 양산시 신기동,중상사고,0,1,0,0,차량단독 - 기타,안전운전불이행,젖음/습기,비,단일로 - 기타,승용,여,38세,중상,,,,
2018070300100117,2018년 7월 3일 08시,화요일,경상남도 창원시 성산구 가음동,경상사고,0,0,1,0,차대차 - 추돌,안전운전불이행,젖음/습기,비,교차로 - 교차로부근,승용,여,40세,상해없음,승용,여,34세,경상
2018070300100118,2018년 7월 3일 08시,화요일,경상남도 김해시 대청동,중상사고,0,1,0,0,차대사람 - 횡단중,보행자보호의무위반,젖음/습기,비,교차로 - 교차로횡단보도내,승용,여,52세,상해없음,보행자,여,47세,중상
2018070300100154,2018년 7월 3일 09시,화요일,경상남도 통영시 도산면,경상사고,0,0,1,0,차량단독 - 공작물충돌,안전운전불이행,젖음/습기,비,단일로 - 기타,승용,여,45세,경상,,,,
2018070300100186,2018년 7월 3일 10시,화요일,경상남도 밀양시 삼문동,중상사고,0,1,1,0,차대차 - 측면충돌,중앙선침범,건조,맑음,단일로 - 기타,승용,남,30세,상해없음,승용,남,80세,중상
2018070300100203,2018년 7월 3일 11시,화요일,경상남도 김해시 진례면,경상사고,0,0,1,0,차대차 - 측면충돌,교차로운행방법위반,건조,맑음,교차로 - 교차로안,승용,남,58세,경상,승용,남,57세,상해없음
2018070300100226,2018년 7월 3일 12시,화요일,경상남도 창원시 마산합포구 월남동1가,경상사고,0,0,1,0,차대사람 - 횡단중,신호위반,젖음/습기,비,교차로 - 교차로안,승용,여,30세,상해없음,보행자,여,20세,경상
2018070300100227,2018년 7월 3일 12시,화요일,경상남도 통영시 무전동,경상사고,0,0,2,0,차대차 - 기타,안전운전불이행,건조,맑음,교차로 - 교차로부근,승용,남,55세,상해없음,승용,여,28세,경상
2018070300100228,2018년 7월 3일 12시,화요일,경상남도 밀양시 내이동,경상사고,0,0,1,0,차대차 - 측면충돌,교차로운행방법위반,젖음/습기,비,교차로 - 교차로안,승용,남,76세,상해없음,화물,여,57세,경상
2018070300100229,2018년 7월 3일 12시,화요일,경상남도 양산시 물금읍,경상사고,0,0,1,0,차대차 - 추돌,안전운전불이행,젖음/습기,비,단일로 - 기타,승용,남,58세,상해없음,승용,남,30세,경상
2018070300100259,2018년 7월 3일 13시,화요일,경상남도 진주시 상대동,중상사고,0,1,0,0,차대사람 - 횡단중,안전운전불이행,젖음/습기,비,교차로 - 교차로부근,승용,남,56세,상해없음,보행자,여,47세,중상
2018070300100260,2018년 7월 3일 13시,화요일,경상남도 밀양시 무안면,사망사고,1,0,0,0,차대차 - 측면충돌,안전운전불이행,젖음/습기,비,교차로 - 교차로부근,화물,남,43세,상해없음,원동기,남,90세 이상,사망
2018070300100288,2018년 7월 3일 14시,화요일,경상남도 밀양시 가곡동,중상사고,0,1,1,0,차대차 - 측면충돌,안전운전불이행,젖음/습기,비,교차로 - 교차로안,승용,남,65세,경상,승용,남,62세,중상
2018070300100289,2018년 7월 3일 14시,화요일,경상남도 양산시 삼호동,경상사고,0,0,1,0,차대차 - 측면충돌,신호위반,젖음/습기,비,교차로 - 교차로안,승용,여,57세,상해없음,승용,남,63세,경상
2018070300100290,2018년 7월 3일 14시,화요일,경상남도 김해시 진영읍,중상사고,0,1,0,0,차대차 - 추돌,안전운전불이행,건조,맑음,단일로 - 기타,화물,남,48세,상해없음,승용,남,37세,중상
2018070300100325,2018년 7월 3일 15시,화요일,경상남도 거창군 가조면,경상사고,0,0,1,0,차량단독 - 공작물충돌,안전운전불이행,젖음/습기,비,단일로 - 기타,승용,남,55세,경상,,,,
2018070300100400,2018년 7월 3일 17시,화요일,경상남도 김해시 삼계동,경상사고,0,0,1,0,차대사람 - 길가장자리구역통행중,안전운전불이행,젖음/습기,비,단일로 - 기타,승용,여,37세,기타불명,보행자,남,50세,경상
2018070300100401,2018년 7월 3일 17시,화요일,경상남도 창원시 마산회원구 봉암동,중상사고,0,1,0,0,차대차 - 추돌,안전운전불이행,젖음/습기,비,교차로 - 교차로부근,승용,남,54세,상해없음,화물,남,47세,중상
2018070300100436,2018년 7월 3일 18시,화요일,경상남도 창원시 진해구 자은동,경상사고,0,0,1,0,차대차 - 기타,안전운전불이행,젖음/습기,비,교차로 - 교차로부근,승용,여,64세,기타불명,화물,남,67세,경상
2018070300100468,2018년 7월 3일 19시,화요일,경상남도 창원시 성산구 중앙동,경상사고,0,0,1,0,차대차 - 기타,안전운전불이행,젖음/습기,비,교차로 - 교차로부근,승용,남,63세,상해없음,승용,남,34세,경상
2018070300100469,2018년 7월 3일 19시,화요일,경상남도 창원시 마산회원구 내서읍,경상사고,0,0,1,0,차대차 - 측면충돌,신호위반,젖음/습기,흐림,교차로 - 교차로안,승용,남,34세,상해없음,이륜,남,29세,경상
2018070300100497,2018년 7월 3일 20시,화요일,경상남도 창원시 성산구 불모산동,경상사고,0,0,1,0,차량단독 - 공작물충돌,안전운전불이행,젖음/습기,비,단일로 - 기타,승용,남,59세,상해없음,,,,
2018070300100582,2018년 7월 3일 23시,화요일,경상남도 거제시 수월동,중상사고,0,1,0,0,차대차 - 측면충돌,교차로운행방법위반,젖음/습기,비,교차로 - 교차로안,승용,남,24세,상해없음,이륜,남,23세,중상
2018070400100027,2018년 7월 4일 04시,수요일,경상남도 합천군 덕곡면,부상신고사고,0,0,0,1,차량단독 - 공작물충돌,안전운전불이행,건조,맑음,단일로 - 기타,승용,남,61세,부상신고,,,,
2018070400100040,2018년 7월 4일 06시,수요일,경상남도 창원시 마산합포구 진전면,경상사고,0,0,1,0,차대차 - 측면충돌,직진우회전진행방해,건조,맑음,교차로 - 교차로안,화물,남,61세,상해없음,화물,여,60세,경상
2018070400100041,2018년 7월 4일 06시,수요일,경상남도 김해시 외동,경상사고,0,0,1,0,차대차 - 측면충돌,불법유턴,건조,맑음,교차로 - 교차로횡단보도내,자전거,남,34세,경상,승용,남,57세,상해없음
2018070400100106,2018년 7월 4일 08시,수요일,경상남도 진주시 내동면,중상사고,0,1,0,0,차대차 - 측면충돌,직진우회전진행방해,건조,맑음,교차로 - 교차로안,승합,남,45세,상해없음,원동기,여,26세,중상
2018070400100107,2018년 7월 4일 08시,수요일,경상남도 통영시 광도면,경상사고,0,0,2,0,차대차 - 측면충돌,안전운전불이행,건조,맑음,교차로 - 교차로안,승용,남,37세,상해없음,승용,남,42세,경상
2018070400100108,2018년 7월 4일 08시,수요일,경상남도 김해시 내동,중상사고,0,1,0,0,차대사람 - 차도통행중,안전운전불이행,건조,맑음,단일로 - 기타,승용,여,42세,상해없음,보행자,남,18세,중상
2018070400100149,2018년 7월 4일 09시,수요일,경상남도 고성군 하이면,경상사고,0,0,1,0,차대차 - 측면충돌,신호위반,건조,맑음,교차로 - 교차로안,승용,남,70세,상해없음,화물,남,46세,경상
2018070400100150,2018년 7월 4일 09시,수요일,경상남도 창원시 성산구 상남동,경상사고,0,0,2,0,차대차 - 측면충돌,안전운전불이행,건조,흐림,단일로 - 기타,승용,남,64세,상해없음,승용,남,59세,경상
2018070400100212,2018년 7월 4일 11시,수요일,경상남도 밀양시 상남면,경상사고,0,0,4,0,차대차 - 추돌,안전운전불이행,건조,맑음,단일로 - 기타,화물,남,44세,상해없음,화물,남,34세,경상
2018070400100237,2018년 7월 4일 12시,수요일,경상남도 창녕군 대지면,중상사고,0,1,0,0,차대차 - 기타,직진우회전진행방해,건조,맑음,교차로 - 교차로안,승용,여,52세,상해없음,농기계,남,86세,중상
2018070400100238,2018년 7월 4일 12시,수요일,경상남도 양산시 덕계동,중상사고,0,1,0,0,차대사람 - 횡단중,보행자보호의무위반,건조,맑음,교차로 - 교차로횡단보도내,화물,남,60세,상해없음,보행자,남,85세,중상
2018070400100239,2018년 7월 4일 12시,수요일,경상남도 거제시 수월동,경상사고,0,0,1,0,차대차 - 측면충돌,기타,건조,맑음,단일로 - 기타,승용,남,65세,상해없음,승용,여,47세,경상
2018070400100259,2018년 7월 4일 13시,수요일,경상남도 사천시 축동면,경상사고,0,0,2,0,차대차 - 측면충돌,안전운전불이행,건조,맑음,단일로 - 기타,건설기계,남,61세,상해없음,승용,여,24세,경상
2018070400100289,2018년 7월 4일 14시,수요일,경상남도 통영시 정량동,중상사고,0,1,0,0,차대차 - 측면충돌,교차로운행방법위반,건조,맑음,교차로 - 교차로안,원동기,남,51세,중상,승용,남,48세,상해없음
2018070400100290,2018년 7월 4일 14시,수요일,경상남도 창원시 마산합포구 산호동,경상사고,0,0,1,0,차대사람 - 보도통행중,보행자보호의무위반,건조,맑음,단일로 - 기타,승용,남,34세,상해없음,보행자,여,34세,경상
2018070400100324,2018년 7월 4일 15시,수요일,경상남도 창원시 성산구 대방동,부상신고사고,0,0,0,1,차대사람 - 기타,안전운전불이행,건조,맑음,단일로 - 기타,승용,여,61세,상해없음,보행자,남,26세,부상신고
2018070400100325,2018년 7월 4일 15시,수요일,경상남도 창원시 마산회원구 내서읍,경상사고,0,0,1,0,차대사람 - 기타,안전운전불이행,건조,맑음,단일로 - 기타,승용,여,46세,상해없음,보행자,여,42세,경상
2018070400100365,2018년 7월 4일 16시,수요일,경상남도 진주시 상대동,경상사고,0,0,1,0,차대차 - 측면충돌,신호위반,건조,맑음,단일로 - 기타,이륜,남,50세,경상,승용,여,44세,상해없음
2018070400100413,2018년 7월 4일 17시,수요일,경상남도 통영시 정량동,경상사고,0,0,2,0,차대차 - 측면충돌,교차로운행방법위반,건조,맑음,교차로 - 교차로안,승용,남,70세,상해없음,승용,남,26세,상해없음
2018070400100414,2018년 7월 4일 17시,수요일,경상남도 하동군 진교면,중상사고,0,1,1,0,차대차 - 측면충돌,교차로운행방법위반,건조,맑음,교차로 - 교차로안,이륜,남,19세,경상,화물,남,71세,상해없음
2018070400100415,2018년 7월 4일 17시,수요일,경상남도 거제시 수월동,중상사고,0,1,0,0,차대사람 - 횡단중,보행자보호의무위반,건조,맑음,교차로 - 교차로횡단보도내,승용,남,42세,상해없음,보행자,여,26세,중상
2018070400100416,2018년 7월 4일 17시,수요일,경상남도 남해군 서면,경상사고,0,0,1,0,차량단독 - 공작물충돌,안전운전불이행,건조,맑음,단일로 - 기타,승용,남,42세,경상,,,,
2018070400100417,2018년 7월 4일 17시,수요일,경상남도 함안군 칠원읍,경상사고,0,0,1,0,차대사람 - 기타,안전운전불이행,건조,맑음,단일로 - 기타,화물,남,47세,상해없음,보행자,남,38세,경상
2018070400100418,2018년 7월 4일 17시,수요일,경상남도 창원시 의창구 동정동,경상사고,0,0,1,0,차대차 - 추돌,안전운전불이행,건조,맑음,교차로 - 교차로부근,화물,남,46세,상해없음,원동기,남,81세,경상
2018070400100466,2018년 7월 4일 18시,수요일,경상남도 사천시 사천읍,경상사고,0,0,1,1,차대차 - 측면충돌,직진우회전진행방해,건조,맑음,교차로 - 교차로안,승용,남,62세,상해없음,이륜,남,28세,경상
2018070400100467,2018년 7월 4일 18시,수요일,경상남도 창원시 의창구 도계동,경상사고,0,0,3,0,차대차 - 측면충돌,안전운전불이행,건조,맑음,교차로 - 교차로안,승용,여,46세,상해없음,승합,남,73세,경상
2018070400100468,2018년 7월 4일 18시,수요일,경상남도 김해시 율하동,중상사고,0,1,0,0,차대차 - 측면충돌,안전운전불이행,건조,맑음,교차로 - 교차로안,승용,여,40세,상해없음,승용,여,52세,중상
2018070400100557,2018년 7월 4일 21시,수요일,경상남도 양산시 삼호동,중상사고,0,1,0,0,차대사람 - 기타,안전운전불이행,건조,맑음,단일로 - 기타,승용,남,61세,상해없음,보행자,남,62세,중상
2018070400100591,2018년 7월 4일 22시,수요일,경상남도 창원시 마산합포구 남성동,중상사고,0,1,0,0,차대차 - 측면충돌,교차로운행방법위반,건조,맑음,교차로 - 교차로안,승용,남,51세,상해없음,승용,여,41세,중상
2018070400100592,2018년 7월 4일 22시,수요일,경상남도 진주시 본성동,중상사고,0,1,0,0,차대차 - 정면충돌,신호위반,건조,맑음,교차로 - 교차로안,승용,남,34세,상해없음,승용,여,23세,중상
2018070400100593,2018년 7월 4일 22시,수요일,경상남도 통영시 항남동,경상사고,0,0,1,0,차대사람 - 기타,안전운전불이행,건조,맑음,단일로 - 기타,승용,남,68세,상해없음,보행자,남,39세,경상