사고번호,사고일시,요일,시군구,사고내용,사망자수,중상자수,경상자수,부상신고자수,사고유형,법규위반,노면상태,기상상태,도로형태,가해운전자 차종,가해운전자 성별,가해운전자 연령,가해운전자 상해정도,피해운전자 차종,피해운전자 성별,피해운전자 연령,피해운전자 상해정도
2018070900100047,2018년 7월 9일 06시,월요일,경상남도 창원시 의창구 용호동,경상사고,0,0,1,0,차대차 - 추돌,안전운전불이행,건조,맑음,교차로 - 교차로안,승용,여,53세,상해없음,자전거,남,33세,경상
2018070900100067,2018년 7월 9일 07시,월요일,경상남도 창원시 성산구 외동,중상사고,0,1,0,0,차대차 - 측면충돌,안전운전불이행,건조,맑음,단일로 - 기타,승용,남,26세,상해없음,이륜,남,31세,중상
2018070900100068,2018년 7월 9일 07시,월요일,경상남도 김해시 무계동,중상사고,0,1,0,0,차대사람 - 횡단중,보행자보호의무위반,건조,맑음,교차로 - 교차로횡단보도내,승용,남,32세,상해없음,보행자,남,58세,중상
2018070900100094,2018년 7월 9일 08시,월요일,경상남도 통영시 도천동,경상사고,0,0,1,0,차대차 - 측면충돌,안전운전불이행,젖음/습기,비,단일로 - 기타,승용,남,73세,상해없음,승용,여,52세,경상
2018070900100095,2018년 7월 9일 08시,월요일,경상남도 함안군 법수면,중상사고,0,1,1,0,차대차 - 측면충돌,교차로운행방법위반,젖음/습기,흐림,교차로 - 교차로안,화물,남,54세,상해없음,승용,남,67세,경상
2018070900100096,2018년 7월 9일 08시,월요일,경상남도 김해시 진영읍,경상사고,0,0,1,0,차대차 - 추돌,안전운전불이행,젖음/습기,비,단일로 - 기타,화물,남,31세,상해없음,승용,남,33세,경상
2018070900100110,2018년 7월 9일 09시,월요일,경상남도 김해시 주촌면,사망사고,1,1,0,0,차대차 - 기타,안전운전불이행,젖음/습기,비,단일로 - 기타,승용,남,38세,상해없음,화물,남,35세,상해없음
2018070900100125,2018년 7월 9일 09시,월요일,경상남도 창원시 마산회원구 내서읍,중상사고,0,1,0,0,차대사람 - 횡단중,안전운전불이행,젖음/습기,비,교차로 - 교차로부근,화물,남,54세,상해없음,보행자,남,85세,중상
2018070900100141,2018년 7월 9일 10시,월요일,경상남도 통영시 명정동,중상사고,0,1,1,0,차대차 - 추돌,안전거리미확보,젖음/습기,비,교차로 - 교차로부근,승용,남,54세,상해없음,승용,여,59세,상해없음
2018070900100142,2018년 7월 9일 10시,월요일,경상남도 의령군 궁류면,중상사고,0,2,0,0,차대차 - 측면충돌,안전운전불이행,건조,맑음,단일로 - 지하차도(도로)내,화물,남,71세,상해없음,승용,여,66세,중상
2018070900100170,2018년 7월 9일 11시,월요일,경상남도 김해시 삼방동,경상사고,0,0,1,0,차대사람 - 기타,안전운전불이행,젖음/습기,비,교차로 - 교차로안,승용,남,27세,상해없음,보행자,여,60세,경상
2018070900100171,2018년 7월 9일 11시,월요일,경상남도 남해군 상주면,중상사고,0,1,0,0,차대차 - 후진중충돌,중앙선침범,건조,맑음,단일로 - 기타,승용,남,62세,상해없음,이륜,남,68세,중상
2018070900100188,2018년 7월 9일 12시,월요일,경상남도 김해시 부곡동,중상사고,0,4,2,0,차대차 - 추돌,안전운전불이행,젖음/습기,비,단일로 - 기타,화물,남,55세,상해없음,승용,남,53세,중상
2018070900100222,2018년 7월 9일 13시,월요일,경상남도 창원시 마산합포구 가포동,경상사고,0,0,1,0,차대차 - 기타,안전운전불이행,젖음/습기,비,교차로 - 교차로안,건설기계,남,48세,상해없음,화물,남,28세,경상
2018070900100223,2018년 7월 9일 13시,월요일,경상남도 김해시 내동,중상사고,0,1,0,0,차대차 - 측면충돌,안전운전불이행,건조,흐림,교차로 - 교차로횡단보도내,승용,여,44세,상해없음,자전거,여,64세,중상
2018070900100278,2018년 7월 9일 15시,월요일,경상남도 밀양시 삼랑진읍,중상사고,0,1,0,0,차대차 - 측면충돌,교차로운행방법위반,건조,맑음,교차로 - 교차로안,승용,남,67세,상해없음,이륜,남,84세,중상
2018070900100311,2018년 7월 9일 16시,월요일,경상남도 창원시 마산합포구 부림동,부상신고사고,0,0,0,1,차대차 - 기타,안전운전불이행,건조,맑음,교차로 - 교차로안,이륜,남,56세,부상신고,승용,남,24세,상해없음
2018070900100312,2018년 7월 9일 16시,월요일,경상남도 김해시 외동,경상사고,0,0,1,0,차대차 - 측면충돌,신호위반,건조,맑음,교차로 - 교차로안,승용,남,31세,상해없음,승용,남,33세,경상
2018070900100348,2018년 7월 9일 17시,월요일,경상남도 창녕군 창녕읍,중상사고,0,2,1,0,차대차 - 측면충돌,직진우회전진행방해,젖음/습기,비,교차로 - 교차로안,승용,여,53세,상해없음,화물,남,54세,경상
2018070900100391,2018년 7월 9일 18시,월요일,경상남도 함양군 함양읍,경상사고,0,0,2,0,차대차 - 측면충돌,교차로운행방법위반,건조,맑음,교차로 - 교차로안,화물,남,56세,경상,승용,여,56세,경상
2018070900100392,2018년 7월 9일 18시,월요일,경상남도 양산시 상북면,경상사고,0,0,1,0,차대차 - 기타,안전운전불이행,건조,맑음,교차로 - 교차로부근,승용,여,49세,상해없음,승용,남,65세,경상
2018070900100455,2018년 7월 9일 20시,월요일,경상남도 진주시 상대동,경상사고,0,0,1,0,차대차 - 추돌,안전운전불이행,젖음/습기,흐림,단일로 - 기타,승용,여,51세,상해없음,승용,여,51세,경상
2018070900100519,2018년 7월 9일 22시,월요일,경상남도 김해시 상동면,중상사고,0,2,0,0,차대차 - 기타,안전운전불이행,건조,맑음,교차로 - 교차로안,승용,여,49세,상해없음,승용,남,58세,중상
2018070900100538,2018년 7월 9일 23시,월요일,경상남도 김해시 풍유동,경상사고,0,0,4,0,차대차 - 측면충돌,안전거리미확보,건조,맑음,단일로 - 기타,승용,남,42세,경상,승용,남,48세,경상
2018071000100030,2018년 7월 10일 01시,화요일,경상남도 창원시 성산구 중앙동,부상신고사고,0,0,0,1,차대사람 - 기타,안전운전불이행,건조,맑음,단일로 - 기타,승용,남,27세,상해없음,보행자,남,17세,부상신고
2018071000100047,2018년 7월 10일 03시,화요일,경상남도 김해시 내동,중상사고,0,1,4,0,차량단독 - 공작물충돌,안전운전불이행,건조,흐림,교차로 - 교차로안,승용,남,25세,중상,,,,
2018071000100095,2018년 7월 10일 07시,화요일,경상남도 창원시 마산합포구 진동면,경상사고,0,0,1,0,차대차 - 추돌,안전운전불이행,건조,맑음,교차로 - 교차로안,화물,남,57세,상해없음,이륜,남,75세,경상
2018071000100097,2018년 7월 10일 07시,화요일,경상남도 창원시 성산구 남산동,경상사고,0,0,1,0,차대차 - 측면충돌,교차로운행방법위반,건조,맑음,교차로 - 교차로안,화물,남,44세,상해없음,승용,남,37세,경상
2018071000100129,2018년 7월 10일 08시,화요일,경상남도 산청군 단성면,경상사고,0,0,1,0,차대차 - 측면충돌,중앙선침범,건조,맑음,단일로 - 기타,화물,남,74세,상해없음,승용,여,58세,경상
2018071000100130,2018년 7월 10일 08시,화요일,경상남도 창원시 의창구 서상동,경상사고,0,0,1,0,차대사람 - 횡단중,안전운전불이행,건조,흐림,단일로 - 기타,승용,여,53세,상해없음,보행자,여,67세,경상
2018071000100174,2018년 7월 10일 10시,화요일,경상남도 김해시 전하동,경상사고,0,0,1,0,차대차 - 측면충돌,신호위반,건조,맑음,교차로 - 교차로안,화물,남,59세,상해없음,승용,남,46세,경상
2018071000100175,2018년 7월 10일 10시,화요일,경상남도 김해시 한림면,사망사고,2,0,1,0,차대차 - 추돌,안전운전불이행,건조,맑음,교차로 - 교차로부근,이륜,남,23세,사망,화물,남,25세,경상
2018071000100195,2018년 7월 10일 11시,화요일,경상남도 김해시 대동면,경상사고,0,0,1,0,차대차 - 추돌,안전운전불이행,건조,맑음,단일로 - 기타,승용,남,61세,상해없음,승용,남,68세,경상
2018071000100210,2018년 7월 10일 11시,화요일,경상남도 김해시 부곡동,경상사고,0,0,2,0,차대차 - 후진중충돌,안전운전불이행,건조,맑음,단일로 - 기타,화물,남,57세,상해없음,승용,여,43세,경상
2018071000100226,2018년 7월 10일 12시,화요일,경상남도 고성군 고성읍,중상사고,0,1,0,0,차대차 - 측면충돌,신호위반,건조,맑음,교차로 - 교차로부근,승용,남,44세,상해없음,화물,남,35세,중상
2018071000100227,2018년 7월 10일 12시,화요일,경상남도 산청군 단성면,중상사고,0,1,0,0,차대사람 - 횡단중,안전운전불이행,건조,맑음,단일로 - 기타,승용,남,80세,상해없음,보행자,남,60세,중상
2018071000100256,2018년 7월 10일 13시,화요일,경상남도 창원시 마산합포구 현동,경상사고,0,0,2,0,차대차 - 기타,안전운전불이행,건조,맑음,단일로 - 기타,화물,남,62세,상해없음,승용,여,56세,경상
2018071000100257,2018년 7월 10일 13시,화요일,경상남도 김해시 삼계동,경상사고,0,0,1,0,차대차 - 기타,안전거리미확보,건조,맑음,단일로 - 기타,이륜,남,46세,경상,승용,남,28세,상해없음
2018071000100294,2018년 7월 10일 14시,화요일,경상남도 밀양시 삼랑진읍,사망사고,1,0,0,0,차대차 - 측면충돌,안전운전불이행,건조,맑음,교차로 - 교차로안,화물,남,38세,상해없음,이륜,남,72세,사망
2018071000100295,2018년 7월 10일 14시,화요일,경상남도 창원시 의창구 북면,경상사고,0,0,1,0,차대차 - 추돌,안전운전불이행,건조,맑음,교차로 - 교차로안,승용,남,68세,상해없음,승용,여,58세,경상
2018071000100296,2018년 7월 10일 14시,화요일,경상남도 김해시 흥동,중상사고,0,1,0,0,차대차 - 기타,안전거리미확보,건조,맑음,교차로 - 교차로부근,승용,여,39세,상해없음,이륜,남,60세,중상
2018071000100332,2018년 7월 10일 15시,화요일,경상남도 통영시 태평동,경상사고,0,0,1,0,차대사람 - 기타,안전운전불이행,건조,맑음,단일로 - 기타,승용,남,25세,상해없음,보행자,여,26세,경상
2018071000100364,2018년 7월 10일 16시,화요일,경상남도 김해시 생림면,경상사고,0,0,1,0,차대차 - 기타,안전운전불이행,건조,맑음,교차로 - 교차로안,승용,여,28세,경상,건설기계,남,44세,상해없음
2018071000100365,2018년 7월 10일 16시,화요일,경상남도 함안군 군북면,경상사고,0,0,1,0,차대차 - 추돌,안전운전불이행,건조,맑음,단일로 - 기타,이륜,남,78세,경상,화물,남,48세,상해없음
2018071000100366,2018년 7월 10일 16시,화요일,경상남도 의령군 의령읍,경상사고,0,0,1,0,차대차 - 추돌,안전운전불이행,건조,맑음,교차로 - 교차로횡단보도내,승용,남,71세,상해없음,승용,남,41세,경상
2018071000100481,2018년 7월 10일 19시,화요일,경상남도 김해시 외동,경상사고,0,0,4,0,차대차 - 추돌,안전운전불이행,건조,맑음,단일로 - 기타,승용,여,41세,경상,승용,남,49세,경상
2018071000100482,2018년 7월 10일 19시,화요일,경상남도 창원시 의창구 대산면,경상사고,0,0,2,1,차대차 - 정면충돌,중앙선침범,건조,맑음,단일로 - 기타,승용,남,83세,상해없음,승용,여,58세,경상
2018071000100502,2018년 7월 10일 20시,화요일,경상남도 사천시 대방동,중상사고,0,2,0,0,차대차 - 정면충돌,중앙선침범,건조,맑음,단일로 - 기타,승용,남,29세,중상,승용,남,24세,중상
2018071000100531,2018년 7월 10일 21시,화요일,경상남도 김해시 삼정동,경상사고,0,0,1,0,차대차 - 추돌,안전운전불이행,건조,맑음,교차로 - 교차로안,승용,남,37세,상해없음,승용,남,27세,경상
2018071000100532,2018년 7월 10일 21시,화요일,경상남도 창원시 성산구 대방동,경상사고,0,0,4,0,차대차 - 추돌,안전운전불이행,건조,맑음,단일로 - 기타,승용,남,53세,상해없음,승용,남,64세,경상
2018071000100533,2018년 7월 10일 21시,화요일,경상남도 창원시 마산회원구 내서읍,경상사고,0,0,1,0,차대사람 - 차도통행중,안전운전불이행,건조,맑음,단일로 - 기타,승용,여,22세,상해없음,보행자,여,63세,경상
2018071000100572,2018년 7월 10일 22시,화요일,경상남도 통영시 무전동,중상사고,0,1,1,0,차대차 - 추돌,안전운전불이행,건조,맑음,단일로 - 기타,화물,남,57세,상해없음,승용,여,56세,경상
2018071000100573,2018년 7월 10일 22시,화요일,경상남도 김해시 서상동,경상사고,0,0,1,0,차량단독 - 기타,안전운전불이행,건조,맑음,단일로 - 기타,승합,남,44세,상해없음,,,,
2018071000100574,2018년 7월 10일 22시,화요일,경상남도 양산시 물금읍,중상사고,0,1,0,0,차대차 - 기타,안전운전불이행,건조,맑음,단일로 - 기타,기타불명,기타불명,미분류,기타불명,승용,여,50세,중상
2018071000100575,2018년 7월 10일 22시,화요일,경상남도 양산시 물금읍,중상사고,0,1,0,0,차대사람 - 횡단중,신호위반,건조,맑음,교차로 - 교차로횡단보도내,승용,남,39세,상해없음,보행자,여,30세,중상
2018071000100594,2018년 7월 10일 23시,화요일,경상남도 양산시 상북면,경상사고,0,0,1,0,차대차 - 추돌,안전운전불이행,건조,맑음,단일로 - 기타,승용,남,19세,상해없음,승용,남,26세,경상
2018071100100052,2018년 7월 11일 05시,수요일,경상남도 창원시 진해구 용원동,중상사고,0,1,1,0,차대차 - 기타,안전운전불이행,건조,맑음,단일로 - 기타,원동기,남,18세,중상,승용,남,31세,기타불명
2018071100100066,2018년 7월 11일 06시,수요일,경상남도 하동군 진교면,중상사고,0,1,0,1,차대차 - 측면충돌,신호위반,건조,맑음,교차로 - 교차로안,승용,남,34세,부상신고,화물,남,45세,중상
2018071100100121,2018년 7월 11일 08시,수요일,경상남도 김해시 구산동,경상사고,0,0,2,0,차대차 - 기타,안전거리미확보,건조,맑음,단일로 - 기타,화물,남,62세,상해없음,승용,여,54세,경상
2018071100100152,2018년 7월 11일 09시,수요일,경상남도 양산시 다방동,경상사고,0,0,1,0,차대차 - 측면충돌,안전운전불이행,건조,맑음,단일로 - 기타,화물,남,53세,상해없음,승용,여,35세,경상
2018071100100171,2018년 7월 11일 09시,수요일,경상남도 진주시 중안동,중상사고,0,1,0,0,차대사람 - 횡단중,안전운전불이행,건조,맑음,교차로 - 교차로부근,승용,여,47세,상해없음,보행자,여,86세,중상
2018071100100227,2018년 7월 11일 11시,수요일,경상남도 하동군 하동읍,경상사고,0,0,1,0,차대사람 - 횡단중,안전운전불이행,건조,맑음,교차로 - 교차로횡단보도내,승용,남,42세,상해없음,보행자,남,64세,경상
2018071100100228,2018년 7월 11일 11시,수요일,경상남도 거제시 문동동,중상사고,0,1,0,0,차대차 - 측면충돌,신호위반,건조,맑음,교차로 - 교차로안,승용,여,56세,상해없음,승용,여,42세,중상
2018071100100252,2018년 7월 11일 12시,수요일,경상남도 김해시 생림면,경상사고,0,0,3,0,차대차 - 정면충돌,교차로운행방법위반,건조,맑음,교차로 - 교차로안,승용,남,18세,상해없음,승용,남,53세,상해없음
2018071100100323,2018년 7월 11일 14시,수요일,경상남도 창원시 진해구 석동,중상사고,0,1,0,0,차대차 - 추돌,안전운전불이행,건조,맑음,교차로 - 교차로부근,승용,여,34세,상해없음,승용,남,33세,중상
2018071100100324,2018년 7월 11일 14시,수요일,경상남도 통영시 도천동,중상사고,0,1,0,0,차대사람 - 기타,안전운전불이행,건조,맑음,단일로 - 터널,승용,남,65세,상해없음,보행자,남,56세,중상
2018071100100325,2018년 7월 11일 14시,수요일,경상남도 함양군 지곡면,중상사고,0,1,0,0,차대사람 - 기타,안전운전불이행,건조,맑음,단일로 - 기타,화물,남,79세,상해없음,보행자,남,53세,중상
2018071100100357,2018년 7월 11일 15시,수요일,경상남도 진주시 내동면,경상사고,0,0,2,0,차대차 - 기타,신호위반,건조,맑음,교차로 - 교차로안,승용,남,65세,상해없음,승용,여,67세,경상
2018071100100358,2018년 7월 11일 15시,수요일,경상남도 진주시 칠암동,경상사고,0,0,3,0,차대차 - 기타,안전운전불이행,건조,맑음,단일로 - 기타,승합,남,56세,상해없음,승용,남,30세,경상
2018071100100359,2018년 7월 11일 15시,수요일,경상남도 창녕군 창녕읍,경상사고,0,0,2,0,차대차 - 측면충돌,신호위반,건조,맑음,교차로 - 교차로안,승용,남,44세,상해없음,승합,남,58세,경상
2018071100100389,2018년 7월 11일 16시,수요일,경상남도 진주시 하대동,중상사고,0,1,0,0,차대차 - 기타,안전운전불이행,건조,맑음,교차로 - 교차로부근,자전거,남,84세,중상,승용,남,48세,상해없음
2018071100100390,2018년 7월 11일 16시,수요일,경상남도 통영시 무전동,경상사고,0,0,1,0,차대차 - 기타,안전운전불이행,건조,맑음,교차로 - 교차로안,승용,여,40세,상해없음,승용,남,65세,상해없음
2018071100100391,2018년 7월 11일 16시,수요일,경상남도 밀양시 삼문동,경상사고,0,0,1,0,차대차 - 측면충돌,교차로운행방법위반,건조,맑음,교차로 - 교차로안,원동기,남,75세,경상,승용,여,62세,상해없음
2018071100100426,2018년 7월 11일 17시,수요일,경상남도 창원시 진해구 경화동,중상사고,0,1,0,0,차대차 - 측면충돌,안전운전불이행,건조,맑음,교차로 - 교차로안,승용,남,36세,상해없음,자전거,남,50세,중상
2018071100100427,2018년 7월 11일 17시,수요일,경상남도 거제시 장승포동,경상사고,0,0,1,0,차대차 - 측면충돌,안전운전불이행,건조,맑음,단일로 - 기타,승용,여,64세,상해없음,승용,여,43세,경상
2018071100100469,2018년 7월 11일 18시,수요일,경상남도 남해군 창선면,사망사고,1,1,1,0,차량단독 - 도로외이탈 - 추락,안전운전불이행,건조,맑음,단일로 - 기타,화물,남,46세,사망,,,,
2018071100100470,2018년 7월 11일 18시,수요일,경상남도 창원시 마산회원구 석전동,경상사고,0,0,2,0,차대차 - 측면충돌,안전운전불이행,건조,맑음,단일로 - 기타,승합,남,45세,상해없음,승용,남,48세,경상
2018071100100471,2018년 7월 11일 18시,수요일,경상남도 창원시 의창구 대산면,경상사고,0,0,1,0,차대차 - 측면충돌,안전운전불이행,건조,맑음,교차로 - 교차로안,승용,여,52세,상해없음,원동기,남,53세,경상
2018071100100472,2018년 7월 11일 18시,수요일,경상남도 김해시 화목동,중상사고,0,1,0,0,차대차 - 측면충돌,안전운전불이행,건조,맑음,교차로 - 교차로안,이륜,남,47세,중상,화물,남,49세,상해없음
2018071100100630,2018년 7월 11일 23시,수요일,경상남도 진주시 강남동,경상사고,0,0,1,0,차대차 - 측면충돌,안전운전불이행,건조,맑음,교차로 - 교차로안,화물,남,59세,기타불명,승용,남,61세,경상
2018071100100631,2018년 7월 11일 23시,수요일,경상남도 창원시 진해구 태평동,중상사고,0,1,0,0,차대차 - 측면충돌,신호위반,건조,맑음,교차로 - 교차로안,승용,남,56세,상해없음,승용,여,39세,중상
2018071200100045,2018년 7월 12일 02시,목요일,경상남도 김해시 어방동,경상사고,0,0,1,0,차대사람 - 차도통행중,안전운전불이행,건조,맑음,단일로 - 기타,기타불명,기타불명,미분류,기타불명,보행자,남,50세,경상
2018071200100050,2018년 7월 12일 03시,목요일,경상남도 창원시 성산구 반지동,중상사고,0,1,0,0,차대차 - 정면충돌,신호위반,건조,맑음,교차로 - 교차로안,승용,남,63세,상해없음,승용,남,64세,중상
2018071200100056,2018년 7월 12일 04시,목요일,경상남도 창원시 의창구 도계동,경상사고,0,0,1,0,차대차 - 측면충돌,신호위반,건조,맑음,교차로 - 교차로안,원동기,여,16세,상해없음,화물,남,37세,상해없음
2018071200100057,2018년 7월 12일 04시,목요일,경상남도 김해시 진례면,중상사고,0,1,0,0,차량단독 - 전도전복 - 전도,안전운전불이행,건조,맑음,단일로 - 기타,승용,남,60세,중상,미분류,미분류,미분류,미분류
2018071200100127,2018년 7월 12일 08시,목요일,경상남도 사천시 사남면,경상사고,0,0,1,0,차대차 - 측면충돌,직진우회전진행방해,건조,맑음,교차로 - 교차로안,승용,남,45세,상해없음,승용,남,33세,경상
2018071200100128,2018년 7월 12일 08시,목요일,경상남도 양산시 호계동,중상사고,0,1,0,0,차대차 - 기타,안전운전불이행,건조,맑음,교차로 - 교차로안,승합,남,67세,상해없음,이륜,남,32세,중상
2018071200100162,2018년 7월 12일 09시,목요일,경상남도 통영시 무전동,중상사고,0,1,1,0,차대차 - 측면충돌,교차로운행방법위반,건조,맑음,교차로 - 교차로안,승용,남,71세,경상,승용,여,38세,중상
2018071200100163,2018년 7월 12일 09시,목요일,경상남도 함안군 대산면,중상사고,0,1,0,0,차대차 - 측면충돌,중앙선침범,건조,맑음,단일로 - 기타,화물,남,57세,상해없음,승용,남,63세,중상
2018071200100184,2018년 7월 12일 10시,목요일,경상남도 창원시 의창구 팔용동,경상사고,0,0,2,0,차대차 - 추돌,안전운전불이행,건조,맑음,단일로 - 기타,승용,남,56세,경상,승용,남,59세,경상
2018071200100221,2018년 7월 12일 11시,목요일,경상남도 고성군 고성읍,경상사고,0,0,1,0,차대차 - 기타,신호위반,건조,맑음,교차로 - 교차로안,화물,남,57세,상해없음,화물,여,61세,경상
2018071200100251,2018년 7월 12일 12시,목요일,경상남도 창원시 성산구 가음동,경상사고,0,0,1,0,차대차 - 측면충돌,안전운전불이행,건조,맑음,단일로 - 기타,승용,여,56세,상해없음,이륜,남,60세,경상
2018071200100252,2018년 7월 12일 12시,목요일,경상남도 창원시 성산구 반림동,중상사고,0,1,0,0,차대사람 - 기타,안전운전불이행,건조,맑음,단일로 - 기타,승용,남,74세,상해없음,보행자,여,76세,중상
2018071200100277,2018년 7월 12일 13시,목요일,경상남도 밀양시 가곡동,경상사고,0,0,1,0,차대차 - 측면충돌,중앙선침범,건조,맑음,단일로 - 기타,승용,여,38세,상해없음,승용,남,69세,경상
2018071200100313,2018년 7월 12일 14시,목요일,경상남도 진주시 상평동,경상사고,0,0,1,0,차대차 - 측면충돌,안전운전불이행,건조,맑음,단일로 - 기타,화물,남,50세,상해없음,승용,남,52세,경상
2018071200100314,2018년 7월 12일 14시,목요일,경상남도 창원시 진해구 자은동,경상사고,0,0,1,0,차대사람 - 횡단중,안전운전불이행,건조,맑음,단일로 - 기타,화물,남,44세,상해없음,보행자,남,77세,경상
2018071200100315,2018년 7월 12일 14시,목요일,경상남도 김해시 상동면,중상사고,0,2,0,0,차대차 - 정면충돌,중앙선침범,건조,맑음,단일로 - 기타,화물,남,33세,중상,화물,남,31세,중상
2018071200100317,2018년 7월 12일 14시,목요일,경상남도 산청군 신안면,중상사고,0,2,0,0,차대차 - 측면충돌,안전운전불이행,건조,맑음,단일로 - 기타,승용,남,65세,중상,승용,남,44세,중상
2018071200100353,2018년 7월 12일 15시,목요일,경상남도 창원시 마산합포구 신포동2가,중상사고,0,1,0,0,차대사람 - 기타,안전운전불이행,건조,맑음,단일로 - 기타,승용,남,63세,상해없음,보행자,여,70세,중상
2018071200100354,2018년 7월 12일 15시,목요일,경상남도 사천시 용현면,중상사고,0,1,1,1,차대차 - 기타,안전운전불이행,건조,맑음,단일로 - 기타,화물,남,70세,부상신고,승합,남,46세,경상
2018071200100423,2018년 7월 12일 17시,목요일,경상남도 진주시 문산읍,중상사고,0,1,0,0,차대사람 - 횡단중,안전운전불이행,건조,맑음,교차로 - 교차로안,승용,여,51세,상해없음,보행자,여,16세,중상
2018071200100424,2018년 7월 12일 17시,목요일,경상남도 창원시 의창구 소답동,중상사고,0,1,0,0,차대사람 - 길가장자리구역통행중,안전운전불이행,건조,맑음,교차로 - 교차로부근,승용,남,57세,상해없음,보행자,여,23세,중상
2018071200100470,2018년 7월 12일 18시,목요일,경상남도 창원시 마산합포구 월남동3가,중상사고,0,1,0,0,차대사람 - 길가장자리구역통행중,안전운전불이행,건조,맑음,단일로 - 기타,승합,남,38세,상해없음,보행자,남,54세,중상
2018071200100471,2018년 7월 12일 18시,목요일,경상남도 창원시 진해구 경화동,경상사고,0,0,1,0,차대차 - 기타,중앙선침범,건조,맑음,단일로 - 기타,승용,남,57세,상해없음,자전거,남,31세,경상
2018071200100472,2018년 7월 12일 18시,목요일,경상남도 창원시 마산회원구 양덕동,경상사고,0,0,1,0,차대차 - 추돌,안전운전불이행,건조,맑음,교차로 - 교차로부근,승용,남,63세,상해없음,승용,여,48세,경상
2018071200100504,2018년 7월 12일 19시,목요일,경상남도 양산시 물금읍,부상신고사고,0,0,0,1,차대차 - 측면충돌,안전운전불이행,건조,맑음,교차로 - 교차로부근,이륜,남,28세,부상신고,승용,남,44세,상해없음
2018071200100505,2018년 7월 12일 19시,목요일,경상남도 하동군 하동읍,경상사고,0,0,1,0,차대차 - 측면충돌,안전운전불이행,건조,맑음,단일로 - 기타,승용,여,57세,상해없음,화물,남,62세,경상
2018071200100532,2018년 7월 12일 20시,목요일,경상남도 함안군 칠원읍,중상사고,0,1,1,0,차대사람 - 차도통행중,안전운전불이행,건조,맑음,단일로 - 기타,화물,남,39세,상해없음,보행자,남,70세,중상
2018071200100533,2018년 7월 12일 20시,목요일,경상남도 창원시 의창구 봉곡동,경상사고,0,0,1,0,차대차 - 기타,안전운전불이행,건조,맑음,단일로 - 기타,승용,남,53세,상해없음,자전거,남,66세,경상
2018071200100534,2018년 7월 12일 20시,목요일,경상남도 창원시 의창구 북면,경상사고,0,0,1,0,차대차 - 측면충돌,안전운전불이행,건조,맑음,교차로 - 교차로안,승용,남,57세,상해없음,승용,여,37세,경상
2018071200100579,2018년 7월 12일 22시,목요일,경상남도 진주시 가좌동,경상사고,0,0,1,0,차대차 - 기타,안전운전불이행,건조,맑음,단일로 - 기타,승용,여,40세,상해없음,승용,남,38세,경상
2018071200100580,2018년 7월 12일 22시,목요일,경상남도 고성군 마암면,경상사고,0,0,6,0,차대차 - 기타,중앙선침범,건조,맑음,단일로 - 기타,승용,남,68세,상해없음,승용,남,33세,경상
2018071200100581,2018년 7월 12일 22시,목요일,경상남도 창원시 의창구 팔용동,경상사고,0,0,1,0,차대차 - 후진중충돌,안전운전불이행,건조,맑음,단일로 - 기타,승용,남,33세,상해없음,승용,여,35세,경상
2018071200100604,2018년 7월 12일 23시,목요일,경상남도 창원시 진해구 남문동,중상사고,0,2,0,0,차대차 - 추돌,안전거리미확보,건조,맑음,단일로 - 교량,특수,남,56세,중상,특수,남,55세,중상
2018071300100010,2018년 7월 13일 00시,금요일,경상남도 거제시 장평동,중상사고,0,1,0,0,차대사람 - 기타,안전운전불이행,건조,맑음,단일로 - 기타,자전거,남,30세,상해없음,보행자,남,57세,중상
2018071300100044,2018년 7월 13일 04시,금요일,경상남도 창원시 마산합포구 완월동,중상사고,0,1,0,0,차대사람 - 횡단중,안전운전불이행,건조,맑음,교차로 - 교차로안,화물,남,46세,상해없음,보행자,여,63세,중상
2018071300100051,2018년 7월 13일 05시,금요일,경상남도 창원시 성산구 반림동,경상사고,0,0,1,0,차대사람 - 횡단중,보행자보호의무위반,건조,맑음,단일로 - 기타,승합,남,47세,상해없음,보행자,여,60세,경상
2018071300100067,2018년 7월 13일 06시,금요일,경상남도 창원시 성산구 외동,중상사고,0,1,0,0,차대차 - 측면충돌,안전운전불이행,건조,맑음,단일로 - 기타,승용,남,66세,상해없음,승용,여,52세,중상
2018071300100087,2018년 7월 13일 07시,금요일,경상남도 양산시 물금읍,중상사고,0,1,0,0,차대사람 - 횡단중,안전운전불이행,건조,맑음,교차로 - 교차로부근,승용,남,28세,상해없음,보행자,남,51세,중상
2018071300100088,2018년 7월 13일 07시,금요일,경상남도 창원시 의창구 팔용동,경상사고,0,0,1,0,차대차 - 기타,안전운전불이행,건조,맑음,단일로 - 기타,건설기계,남,42세,상해없음,승용,여,21세,경상
2018071300100128,2018년 7월 13일 08시,금요일,경상남도 통영시 도남동,중상사고,0,1,0,0,차대사람 - 기타,안전운전불이행,건조,맑음,단일로 - 기타,승용,남,49세,상해없음,보행자,남,12세,중상
2018071300100129,2018년 7월 13일 08시,금요일,경상남도 창녕군 영산면,중상사고,0,1,0,0,차대차 - 측면충돌,차로위반,건조,맑음,단일로 - 기타,이륜,남,67세,중상,승용,남,35세,상해없음
2018071300100130,2018년 7월 13일 08시,금요일,경상남도 산청군 금서면,경상사고,0,0,2,0,차대차 - 측면충돌,안전운전불이행,건조,맑음,교차로 - 교차로부근,건설기계,남,53세,상해없음,승합,여,47세,경상