사고번호,사고일시,요일,시군구,사고내용,사망자수,중상자수,경상자수,부상신고자수,사고유형,법규위반,노면상태,기상상태,도로형태,가해운전자 차종,가해운전자 성별,가해운전자 연령,가해운전자 상해정도,피해운전자 차종,피해운전자 성별,피해운전자 연령,피해운전자 상해정도
2018071300100175,2018년 7월 13일 09시,금요일,경상남도 진주시 인사동,중상사고,0,1,0,0,차대차 - 추돌,안전운전불이행,건조,맑음,교차로 - 교차로부근,승용,여,28세,상해없음,이륜,남,78세,중상
2018071300100176,2018년 7월 13일 09시,금요일,경상남도 밀양시 가곡동,중상사고,0,1,0,0,차대사람 - 횡단중,안전운전불이행,건조,맑음,교차로 - 교차로안,승용,남,71세,상해없음,보행자,여,82세,중상
2018071300100177,2018년 7월 13일 09시,금요일,경상남도 김해시 삼정동,중상사고,0,2,1,0,차대차 - 기타,안전운전불이행,건조,맑음,단일로 - 기타,승용,남,57세,상해없음,승합,남,58세,중상
2018071300100178,2018년 7월 13일 09시,금요일,경상남도 김해시 부원동,경상사고,0,0,1,0,차대차 - 기타,안전거리미확보,건조,맑음,교차로 - 교차로부근,화물,남,50세,상해없음,승용,남,71세,경상
2018071300100207,2018년 7월 13일 10시,금요일,경상남도 창원시 진해구 이동,경상사고,0,0,2,0,차대차 - 추돌,안전거리미확보,건조,맑음,교차로 - 교차로부근,건설기계,남,51세,상해없음,승용,여,35세,경상
2018071300100208,2018년 7월 13일 10시,금요일,경상남도 통영시 무전동,중상사고,0,1,2,0,차대차 - 추돌,안전운전불이행,건조,맑음,교차로 - 교차로부근,승용,남,45세,상해없음,승용,남,62세,중상
2018071300100209,2018년 7월 13일 10시,금요일,경상남도 사천시 서동,경상사고,0,0,2,0,차대차 - 측면충돌,교차로운행방법위반,건조,맑음,교차로 - 교차로안,승용,남,64세,상해없음,승용,남,54세,경상
2018071300100210,2018년 7월 13일 10시,금요일,경상남도 의령군 대의면,경상사고,0,0,1,0,차대차 - 정면충돌,중앙선침범,건조,맑음,미분류 - 미분류,승용,여,32세,상해없음,승용,남,67세,경상
2018071300100233,2018년 7월 13일 11시,금요일,경상남도 거제시 고현동,경상사고,0,0,4,0,차대차 - 측면충돌,교차로운행방법위반,건조,맑음,교차로 - 교차로안,화물,남,50세,상해없음,승용,여,24세,경상
2018071300100259,2018년 7월 13일 12시,금요일,경상남도 밀양시 삼문동,경상사고,0,0,1,0,차대차 - 추돌,안전운전불이행,건조,맑음,교차로 - 교차로부근,승용,여,56세,상해없음,승용,남,58세,경상
2018071300100289,2018년 7월 13일 13시,금요일,경상남도 양산시 덕계동,경상사고,0,0,1,0,차대사람 - 기타,안전운전불이행,건조,맑음,주차장 - 주차장,화물,남,63세,상해없음,보행자,여,28세,경상
2018071300100290,2018년 7월 13일 13시,금요일,경상남도 의령군 봉수면,경상사고,0,0,1,0,차대차 - 추돌,안전거리미확보,건조,맑음,미분류 - 미분류,승용,남,77세,상해없음,이륜,남,74세,경상
2018071300100306,2018년 7월 13일 14시,금요일,경상남도 창원시 진해구 여좌동,중상사고,0,1,0,0,차대사람 - 차도통행중,신호위반,건조,맑음,기타 - 기타,원동기,남,72세,상해없음,보행자,여,62세,중상
2018071300100307,2018년 7월 13일 14시,금요일,경상남도 거창군 거창읍,중상사고,0,2,1,0,차대차 - 기타,중앙선침범,건조,맑음,단일로 - 기타,승용,여,62세,경상,승용,남,68세,중상
2018071300100375,2018년 7월 13일 16시,금요일,경상남도 합천군 초계면,부상신고사고,0,0,0,1,차대차 - 기타,중앙선침범,건조,맑음,단일로 - 기타,승용,남,47세,부상신고,농기계,남,48세,상해없음
2018071300100376,2018년 7월 13일 16시,금요일,경상남도 창원시 성산구 반림동,중상사고,0,1,0,0,차대사람 - 길가장자리구역통행중,안전운전불이행,건조,맑음,단일로 - 기타,승용,여,38세,상해없음,보행자,여,18세,중상
2018071300100419,2018년 7월 13일 17시,금요일,경상남도 창원시 마산합포구 해운동,중상사고,0,1,0,0,차대사람 - 기타,안전운전불이행,건조,맑음,기타 - 기타,승용,남,45세,상해없음,보행자,여,80세,중상
2018071300100420,2018년 7월 13일 17시,금요일,경상남도 밀양시 상남면,중상사고,0,1,0,0,차대차 - 측면충돌,안전운전불이행,건조,맑음,단일로 - 기타,승용,여,55세,상해없음,이륜,남,57세,중상
2018071300100421,2018년 7월 13일 17시,금요일,경상남도 거창군 거창읍,경상사고,0,0,1,0,차대차 - 기타,중앙선침범,건조,맑음,단일로 - 기타,자전거,남,11세,경상,승용,남,52세,상해없음
2018071300100422,2018년 7월 13일 17시,금요일,경상남도 김해시 진례면,부상신고사고,0,0,0,1,차대차 - 측면충돌,안전운전불이행,건조,맑음,교차로 - 교차로부근,이륜,남,75세,부상신고,화물,남,68세,상해없음
2018071300100491,2018년 7월 13일 18시,금요일,경상남도 통영시 북신동,경상사고,0,0,1,0,차대차 - 측면충돌,직진우회전진행방해,건조,맑음,교차로 - 교차로안,승용,여,29세,상해없음,이륜,남,17세,경상
2018071300100547,2018년 7월 13일 20시,금요일,경상남도 밀양시 상남면,중상사고,0,1,0,0,차대차 - 기타,안전운전불이행,건조,맑음,단일로 - 기타,화물,남,65세,상해없음,승용,남,44세,중상
2018071300100564,2018년 7월 13일 20시,금요일,경상남도 양산시 물금읍,부상신고사고,0,0,0,1,차대차 - 측면충돌,신호위반,건조,맑음,교차로 - 교차로안,승용,여,53세,상해없음,이륜,남,19세,부상신고
2018071300100565,2018년 7월 13일 20시,금요일,경상남도 창원시 마산회원구 합성동,중상사고,0,1,0,0,차대사람 - 길가장자리구역통행중,안전운전불이행,건조,맑음,교차로 - 교차로안,승용,남,56세,상해없음,보행자,여,17세,중상
2018071300100566,2018년 7월 13일 20시,금요일,경상남도 창원시 의창구 소계동,경상사고,0,0,2,0,차대차 - 측면충돌,안전운전불이행,건조,맑음,단일로 - 기타,화물,남,53세,상해없음,승용,남,42세,경상
2018071300100600,2018년 7월 13일 21시,금요일,경상남도 진주시 정촌면,사망사고,1,0,0,0,차대사람 - 횡단중,보행자보호의무위반,건조,맑음,단일로 - 기타,승용,남,50세,상해없음,보행자,여,59세,사망
2018071300100601,2018년 7월 13일 21시,금요일,경상남도 통영시 명정동,경상사고,0,0,1,0,차대차 - 추돌,안전운전불이행,건조,맑음,교차로 - 교차로부근,승용,남,57세,상해없음,승용,여,47세,경상
2018071300100602,2018년 7월 13일 21시,금요일,경상남도 밀양시 무안면,경상사고,0,0,1,0,차대차 - 측면충돌,안전운전불이행,건조,맑음,단일로 - 기타,화물,남,78세,상해없음,승용,여,44세,경상
2018071300100624,2018년 7월 13일 22시,금요일,경상남도 양산시 물금읍,경상사고,0,0,1,0,차대차 - 측면충돌,중앙선침범,건조,맑음,교차로 - 교차로안,승용,남,61세,상해없음,이륜,남,27세,경상
2018071300100654,2018년 7월 13일 23시,금요일,경상남도 진주시 하대동,경상사고,0,0,1,0,차대차 - 추돌,안전운전불이행,건조,맑음,단일로 - 기타,승용,남,57세,상해없음,승용,남,35세,경상
2018071300100655,2018년 7월 13일 23시,금요일,경상남도 김해시 삼문동,경상사고,0,0,2,0,차대차 - 추돌,안전운전불이행,건조,맑음,교차로 - 교차로부근,승용,남,25세,상해없음,승용,남,31세,경상
2018071400100098,2018년 7월 14일 07시,토요일,경상남도 김해시 주촌면,중상사고,0,1,0,0,차대차 - 측면충돌,안전운전불이행,건조,맑음,교차로 - 교차로안,화물,남,75세,상해없음,이륜,남,28세,중상
2018071400100124,2018년 7월 14일 08시,토요일,경상남도 김해시 관동동,중상사고,0,1,0,0,차대차 - 측면충돌,안전운전불이행,건조,맑음,단일로 - 기타,승용,남,42세,상해없음,자전거,남,19세,중상
2018071400100150,2018년 7월 14일 09시,토요일,경상남도 통영시 무전동,경상사고,0,0,5,0,차대차 - 측면충돌,안전거리미확보,건조,맑음,단일로 - 기타,승용,남,48세,상해없음,승용,남,62세,경상
2018071400100151,2018년 7월 14일 09시,토요일,경상남도 사천시 벌리동,경상사고,0,0,2,0,차대차 - 측면충돌,안전운전불이행,건조,맑음,교차로 - 교차로안,승합,남,50세,상해없음,승용,여,35세,상해없음
2018071400100183,2018년 7월 14일 10시,토요일,경상남도 진주시 강남동,중상사고,0,1,0,0,차대사람 - 횡단중,안전운전불이행,건조,맑음,단일로 - 기타,승용,여,58세,상해없음,보행자,남,78세,중상
2018071400100184,2018년 7월 14일 10시,토요일,경상남도 통영시 도천동,경상사고,0,0,1,0,차대사람 - 횡단중,안전운전불이행,건조,맑음,단일로 - 기타,승용,남,61세,상해없음,보행자,남,5세,경상
2018071400100185,2018년 7월 14일 10시,토요일,경상남도 밀양시 청도면,중상사고,0,1,0,0,차대차 - 측면충돌,기타,건조,맑음,교차로 - 교차로안,화물,남,60세,상해없음,사륜오토바이(ATV),남,77세,중상
2018071400100218,2018년 7월 14일 11시,토요일,경상남도 거제시 장목면,중상사고,0,1,0,0,차대사람 - 기타,안전운전불이행,건조,맑음,단일로 - 기타,승용,여,50세,상해없음,보행자,남,9세,중상
2018071400100257,2018년 7월 14일 12시,토요일,경상남도 창녕군 대합면,중상사고,0,1,0,0,차대차 - 기타,신호위반,건조,맑음,교차로 - 교차로안,화물,남,53세,상해없음,이륜,남,43세,중상
2018071400100292,2018년 7월 14일 13시,토요일,경상남도 사천시 곤명면,중상사고,0,1,1,0,차대차 - 측면충돌,신호위반,건조,맑음,교차로 - 교차로안,승용,여,50세,경상,화물,남,61세,중상
2018071400100293,2018년 7월 14일 13시,토요일,경상남도 산청군 단성면,경상사고,0,0,2,0,차대차 - 추돌,안전운전불이행,건조,맑음,단일로 - 기타,화물,남,26세,상해없음,승용,남,49세,경상
2018071400100323,2018년 7월 14일 14시,토요일,경상남도 창원시 진해구 자은동,경상사고,0,0,1,0,차대차 - 측면충돌,안전운전불이행,건조,맑음,단일로 - 기타,승용,여,48세,상해없음,원동기,남,25세,경상
2018071400100324,2018년 7월 14일 14시,토요일,경상남도 사천시 사남면,경상사고,0,0,1,0,차대차 - 측면충돌,중앙선침범,건조,맑음,교차로 - 교차로부근,원동기,남,55세,경상,승용,여,51세,상해없음
2018071400100325,2018년 7월 14일 14시,토요일,경상남도 양산시 평산동,중상사고,0,1,0,0,차대사람 - 기타,신호위반,건조,맑음,교차로 - 교차로안,승합,남,26세,상해없음,보행자,남,81세,중상
2018071400100326,2018년 7월 14일 14시,토요일,경상남도 창원시 성산구 중앙동,경상사고,0,0,2,0,차대차 - 측면충돌,안전운전불이행,건조,맑음,교차로 - 교차로안,승용,여,41세,상해없음,승용,남,25세,경상
2018071400100369,2018년 7월 14일 15시,토요일,경상남도 창원시 마산회원구 회원동,중상사고,0,1,0,0,차대사람 - 기타,안전운전불이행,건조,맑음,기타 - 기타,화물,여,66세,상해없음,보행자,여,82세,중상
2018071400100409,2018년 7월 14일 16시,토요일,경상남도 창원시 마산회원구 구암동,경상사고,0,0,1,0,차대차 - 기타,안전운전불이행,건조,맑음,단일로 - 기타,승용,여,30세,상해없음,자전거,남,78세,경상
2018071400100410,2018년 7월 14일 16시,토요일,경상남도 김해시 부곡동,중상사고,0,1,0,0,차대사람 - 횡단중,신호위반,건조,맑음,교차로 - 교차로횡단보도내,승용,여,57세,상해없음,보행자,남,9세,중상
2018071400100411,2018년 7월 14일 16시,토요일,경상남도 김해시 진영읍,중상사고,0,1,0,0,차대사람 - 횡단중,안전운전불이행,건조,맑음,단일로 - 기타,이륜,남,33세,상해없음,보행자,여,60세,중상
2018071400100466,2018년 7월 14일 17시,토요일,경상남도 거제시 동부면,경상사고,0,0,1,0,차대차 - 기타,안전운전불이행,건조,맑음,주차장 - 주차장,승용,남,44세,상해없음,승용,여,39세,경상
2018071400100467,2018년 7월 14일 17시,토요일,경상남도 거제시 일운면,중상사고,0,1,0,0,차대차 - 기타,교차로운행방법위반,건조,맑음,교차로 - 교차로안,승용,여,29세,기타불명,승용,남,28세,중상
2018071400100481,2018년 7월 14일 18시,토요일,경상남도 양산시 물금읍,경상사고,0,0,1,0,차대차 - 기타,안전운전불이행,건조,맑음,단일로 - 기타,승용,남,28세,상해없음,승용,남,70세,경상
2018071400100493,2018년 7월 14일 18시,토요일,경상남도 통영시 항남동,경상사고,0,0,1,0,차대사람 - 기타,안전운전불이행,건조,맑음,단일로 - 기타,승용,남,59세,상해없음,보행자,남,40세,경상
2018071400100494,2018년 7월 14일 18시,토요일,경상남도 산청군 신안면,경상사고,0,0,5,0,차대차 - 추돌,안전운전불이행,건조,맑음,단일로 - 기타,승용,남,45세,상해없음,승용,남,33세,경상
2018071400100526,2018년 7월 14일 19시,토요일,경상남도 양산시 주남동,중상사고,0,1,0,0,차량단독 - 기타,기타,건조,맑음,단일로 - 기타,원동기,남,28세,중상,,,,
2018071400100527,2018년 7월 14일 19시,토요일,경상남도 함안군 칠서면,중상사고,0,1,1,0,차대차 - 측면충돌,안전운전불이행,건조,맑음,단일로 - 기타,승용,여,56세,상해없음,승용,남,54세,경상
2018071400100528,2018년 7월 14일 19시,토요일,경상남도 창원시 의창구 북면,중상사고,0,1,0,0,차대차 - 측면충돌,신호위반,건조,맑음,교차로 - 교차로안,승용,남,46세,상해없음,이륜,남,53세,중상
2018071400100565,2018년 7월 14일 20시,토요일,경상남도 통영시 북신동,경상사고,0,0,1,0,차대차 - 기타,중앙선침범,건조,맑음,단일로 - 기타,이륜,남,58세,상해없음,승용,남,23세,경상
2018071400100566,2018년 7월 14일 20시,토요일,경상남도 함안군 함안면,중상사고,0,1,0,0,차대사람 - 기타,안전운전불이행,건조,맑음,교차로 - 교차로부근,승용,여,57세,상해없음,보행자,여,87세,중상
2018071400100567,2018년 7월 14일 20시,토요일,경상남도 김해시 신문동,중상사고,0,1,0,0,차량단독 - 공작물충돌,안전운전불이행,건조,맑음,단일로 - 기타,화물,남,72세,중상,,,,
2018071400100599,2018년 7월 14일 21시,토요일,경상남도 밀양시 하남읍,경상사고,0,0,1,0,차대사람 - 길가장자리구역통행중,안전운전불이행,건조,맑음,단일로 - 기타,화물,남,54세,상해없음,보행자,남,16세,경상
2018071400100627,2018년 7월 14일 22시,토요일,경상남도 창녕군 창녕읍,경상사고,0,0,1,0,차량단독 - 기타,안전운전불이행,건조,맑음,단일로 - 기타,이륜,남,43세,경상,,,,
2018071500100063,2018년 7월 15일 05시,일요일,경상남도 진주시 신안동,경상사고,0,0,1,0,차대차 - 추돌,안전운전불이행,건조,맑음,교차로 - 교차로부근,승용,남,22세,기타불명,승용,남,71세,경상
2018071500100080,2018년 7월 15일 07시,일요일,경상남도 사천시 선구동,경상사고,0,0,1,0,차대차 - 측면충돌,안전운전불이행,건조,맑음,교차로 - 교차로안,승용,남,66세,상해없음,이륜,남,55세,경상
2018071500100081,2018년 7월 15일 07시,일요일,경상남도 함양군 서상면,중상사고,0,1,0,0,차대사람 - 차도통행중,안전운전불이행,건조,맑음,단일로 - 기타,화물,남,62세,상해없음,보행자,여,76세,중상
2018071500100082,2018년 7월 15일 07시,일요일,경상남도 양산시 물금읍,중상사고,0,1,0,0,차대사람 - 기타,안전운전불이행,건조,맑음,교차로 - 교차로안,승용,남,63세,상해없음,보행자,남,21세,중상
2018071500100083,2018년 7월 15일 07시,일요일,경상남도 양산시 물금읍,경상사고,0,0,2,1,차대차 - 측면충돌,직진우회전진행방해,건조,맑음,교차로 - 교차로안,승용,남,44세,부상신고,승용,남,64세,경상
2018071500100097,2018년 7월 15일 08시,일요일,경상남도 거창군 마리면,중상사고,0,1,0,0,차대차 - 추돌,안전운전불이행,건조,맑음,교차로 - 교차로부근,승합,남,42세,상해없음,자전거,남,51세,중상
2018071500100111,2018년 7월 15일 09시,일요일,경상남도 진주시 강남동,중상사고,0,1,0,1,차대사람 - 횡단중,안전운전불이행,건조,맑음,단일로 - 기타,승용,여,35세,상해없음,보행자,남,58세,중상
2018071500100159,2018년 7월 15일 11시,일요일,경상남도 창원시 의창구 봉림동,경상사고,0,0,1,0,차대차 - 기타,중앙선침범,건조,맑음,단일로 - 기타,승용,여,53세,상해없음,승용,여,48세,경상
2018071500100181,2018년 7월 15일 12시,일요일,경상남도 김해시 외동,경상사고,0,0,1,0,차대사람 - 보도통행중,기타,건조,맑음,단일로 - 기타,승용,남,69세,상해없음,보행자,남,25세,경상
2018071500100182,2018년 7월 15일 12시,일요일,경상남도 양산시 물금읍,중상사고,0,1,0,0,차대차 - 측면충돌,신호위반,건조,맑음,교차로 - 교차로안,승용,여,37세,상해없음,이륜,남,43세,중상
2018071500100183,2018년 7월 15일 12시,일요일,경상남도 고성군 고성읍,경상사고,0,0,1,0,차대차 - 기타,직진우회전진행방해,건조,맑음,교차로 - 교차로안,이륜,여,59세,상해없음,이륜,남,35세,경상
2018071500100215,2018년 7월 15일 13시,일요일,경상남도 창원시 마산회원구 구암동,경상사고,0,0,5,0,차대차 - 추돌,안전운전불이행,건조,맑음,단일로 - 기타,승용,남,57세,상해없음,승용,여,43세,경상
2018071500100245,2018년 7월 15일 14시,일요일,경상남도 김해시 진영읍,경상사고,0,0,1,0,차대차 - 측면충돌,안전거리미확보,건조,맑음,단일로 - 기타,화물,남,68세,상해없음,승용,여,46세,경상
2018071500100273,2018년 7월 15일 15시,일요일,경상남도 창원시 마산합포구 진전면,경상사고,0,0,1,0,차대사람 - 횡단중,중앙선침범,건조,맑음,단일로 - 기타,승합,남,60세,상해없음,보행자,남,14세,경상
2018071500100274,2018년 7월 15일 15시,일요일,경상남도 합천군 초계면,경상사고,0,0,1,0,차대차 - 측면충돌,안전운전불이행,건조,맑음,교차로 - 교차로안,화물,남,61세,경상,승용,남,28세,상해없음
2018071500100275,2018년 7월 15일 15시,일요일,경상남도 창원시 의창구 용호동,경상사고,0,0,3,0,차대차 - 기타,신호위반,건조,맑음,교차로 - 교차로안,이륜,남,37세,상해없음,승용,남,65세,경상
2018071500100305,2018년 7월 15일 16시,일요일,경상남도 합천군 가야면,부상신고사고,0,0,0,1,차대사람 - 길가장자리구역통행중,안전운전불이행,건조,맑음,단일로 - 기타,기타불명,기타불명,미분류,기타불명,보행자,여,39세,부상신고
2018071500100335,2018년 7월 15일 17시,일요일,경상남도 창녕군 창녕읍,경상사고,0,0,1,0,차대차 - 기타,안전운전불이행,건조,맑음,교차로 - 교차로부근,원동기,남,81세,경상,승용,남,61세,상해없음
2018071500100382,2018년 7월 15일 19시,일요일,경상남도 진주시 상대동,중상사고,0,1,0,0,차대차 - 측면충돌,중앙선침범,건조,맑음,단일로 - 지하차도(도로)내,승용,남,26세,상해없음,이륜,남,48세,중상
2018071500100383,2018년 7월 15일 19시,일요일,경상남도 창원시 성산구 가음동,경상사고,0,0,1,0,차대차 - 측면충돌,신호위반,건조,맑음,교차로 - 교차로안,승용,남,25세,상해없음,승용,남,34세,경상
2018071500100436,2018년 7월 15일 21시,일요일,경상남도 창원시 마산회원구 석전동,경상사고,0,0,2,0,차대차 - 후진중충돌,안전운전불이행,건조,맑음,기타 - 기타,승용,남,63세,상해없음,승용,남,23세,경상
2018071600100012,2018년 7월 16일 00시,월요일,경상남도 창원시 마산합포구 서성동,중상사고,0,1,0,0,차대차 - 기타,신호위반,건조,맑음,교차로 - 교차로부근,승용,남,28세,상해없음,이륜,남,40세,중상
2018071600100019,2018년 7월 16일 01시,월요일,경상남도 창원시 마산합포구 해운동,경상사고,0,0,1,0,차대사람 - 기타,안전운전불이행,건조,맑음,기타 - 기타,승용,남,48세,상해없음,보행자,남,23세,경상
2018071600100020,2018년 7월 16일 01시,월요일,경상남도 창원시 성산구 반지동,경상사고,0,0,1,0,차대사람 - 횡단중,안전운전불이행,건조,맑음,단일로 - 기타,이륜,남,39세,상해없음,보행자,남,43세,경상
2018071600100021,2018년 7월 16일 01시,월요일,경상남도 창원시 마산회원구 내서읍,경상사고,0,0,2,0,차량단독 - 전도전복 - 전도,안전운전불이행,건조,맑음,단일로 - 기타,이륜,남,17세,상해없음,미분류,미분류,미분류,미분류
2018071600100081,2018년 7월 16일 07시,월요일,경상남도 진주시 명석면,경상사고,0,0,1,0,차량단독 - 기타,안전운전불이행,건조,맑음,단일로 - 기타,승용,남,62세,상해없음,,,,
2018071600100082,2018년 7월 16일 07시,월요일,경상남도 밀양시 산내면,경상사고,0,0,1,0,차대차 - 측면충돌,교차로운행방법위반,건조,맑음,교차로 - 교차로안,화물,남,65세,상해없음,승합,남,64세,상해없음
2018071600100083,2018년 7월 16일 07시,월요일,경상남도 거제시 장승포동,중상사고,0,1,0,0,차대차 - 기타,안전운전불이행,건조,맑음,단일로 - 기타,화물,남,51세,상해없음,승용,남,37세,중상
2018071600100084,2018년 7월 16일 07시,월요일,경상남도 산청군 산청읍,중상사고,0,1,0,1,차량단독 - 전도전복 - 전도,안전운전불이행,건조,맑음,단일로 - 기타,이륜,남,77세,부상신고,미분류,미분류,미분류,미분류
2018071600100126,2018년 7월 16일 08시,월요일,경상남도 산청군 신안면,중상사고,0,1,0,0,차대차 - 측면충돌,교차로운행방법위반,건조,맑음,교차로 - 교차로안,화물,남,51세,상해없음,화물,남,70세,상해없음
2018071600100164,2018년 7월 16일 09시,월요일,경상남도 사천시 서포면,중상사고,0,2,0,0,차대차 - 기타,중앙선침범,건조,맑음,단일로 - 기타,승용,여,55세,상해없음,화물,여,70세,중상
2018071600100165,2018년 7월 16일 09시,월요일,경상남도 거창군 거창읍,경상사고,0,0,1,0,차대차 - 기타,안전운전불이행,건조,맑음,교차로 - 교차로부근,승용,남,29세,상해없음,승용,남,59세,경상
2018071600100166,2018년 7월 16일 09시,월요일,경상남도 양산시 중부동,중상사고,0,2,0,0,차대사람 - 기타,안전운전불이행,건조,맑음,단일로 - 기타,화물,남,60세,중상,보행자,남,61세,중상
2018071600100167,2018년 7월 16일 09시,월요일,경상남도 하동군 하동읍,중상사고,0,1,0,0,차대차 - 측면충돌,안전운전불이행,건조,맑음,교차로 - 교차로안,승용,남,42세,상해없음,이륜,여,65세,중상
2018071600100185,2018년 7월 16일 10시,월요일,경상남도 양산시 상북면,중상사고,0,1,1,0,차대차 - 측면충돌,안전거리미확보,건조,맑음,단일로 - 기타,화물,남,28세,상해없음,승용,남,65세,경상
2018071600100197,2018년 7월 16일 10시,월요일,경상남도 사천시 사천읍,중상사고,0,1,0,1,차대차 - 측면충돌,신호위반,건조,맑음,교차로 - 교차로안,화물,남,66세,부상신고,승용,남,45세,중상
2018071600100198,2018년 7월 16일 10시,월요일,경상남도 하동군 금남면,중상사고,0,3,0,0,차대차 - 정면충돌,안전운전불이행,건조,맑음,단일로 - 기타,승용,남,48세,상해없음,승용,여,66세,중상
2018071600100232,2018년 7월 16일 11시,월요일,경상남도 진주시 칠암동,중상사고,0,1,0,0,차대사람 - 횡단중,보행자보호의무위반,건조,맑음,단일로 - 기타,승용,남,68세,상해없음,보행자,여,59세,중상
2018071600100233,2018년 7월 16일 11시,월요일,경상남도 통영시 무전동,경상사고,0,0,1,0,차대차 - 기타,안전거리미확보,건조,맑음,단일로 - 기타,승용,남,59세,상해없음,승용,여,48세,상해없음
2018071600100234,2018년 7월 16일 11시,월요일,경상남도 거창군 거창읍,경상사고,0,0,1,0,차대차 - 기타,안전운전불이행,건조,맑음,단일로 - 기타,이륜,남,28세,경상,화물,남,53세,상해없음
2018071600100235,2018년 7월 16일 11시,월요일,경상남도 창원시 성산구 신촌동,중상사고,0,1,0,0,차대사람 - 차도통행중,안전운전불이행,건조,맑음,단일로 - 기타,승용,여,36세,상해없음,보행자,여,44세,중상
2018071600100236,2018년 7월 16일 11시,월요일,경상남도 창원시 의창구 서상동,경상사고,0,0,1,0,차대차 - 기타,안전거리미확보,건조,맑음,단일로 - 기타,승용,남,67세,상해없음,승합,남,58세,상해없음
2018071600100327,2018년 7월 16일 14시,월요일,경상남도 창녕군 장마면,경상사고,0,0,1,1,차대차 - 추돌,안전운전불이행,건조,맑음,단일로 - 기타,승용,남,46세,부상신고,화물,남,68세,경상
2018071600100369,2018년 7월 16일 15시,월요일,경상남도 진주시 상평동,경상사고,0,0,2,0,차대차 - 추돌,안전운전불이행,건조,맑음,단일로 - 기타,승용,남,49세,상해없음,승용,여,30세,경상
2018071600100370,2018년 7월 16일 15시,월요일,경상남도 의령군 지정면,경상사고,0,0,3,0,차대차 - 정면충돌,직진우회전진행방해,건조,맑음,교차로 - 교차로안,화물,남,20세,경상,승용,남,68세,경상
2018071600100402,2018년 7월 16일 16시,월요일,경상남도 창원시 진해구 마천동,사망사고,1,0,0,0,차대사람 - 길가장자리구역통행중,안전운전불이행,건조,맑음,단일로 - 기타,승합,남,59세,상해없음,보행자,남,76세,사망
2018071600100403,2018년 7월 16일 16시,월요일,경상남도 하동군 진교면,경상사고,0,0,1,1,차대차 - 측면충돌,안전운전불이행,건조,맑음,단일로 - 기타,승용,여,47세,부상신고,승용,남,43세,경상
2018071600100450,2018년 7월 16일 17시,월요일,경상남도 함안군 함안면,경상사고,0,0,2,0,차대차 - 정면충돌,신호위반,건조,맑음,교차로 - 교차로안,승용,남,23세,상해없음,승용,여,35세,경상
2018071600100504,2018년 7월 16일 18시,월요일,경상남도 김해시 어방동,중상사고,0,1,0,0,차대차 - 기타,차로위반,건조,맑음,교차로 - 교차로부근,화물,남,60세,상해없음,이륜,남,49세,중상
2018071600100505,2018년 7월 16일 18시,월요일,경상남도 거창군 거창읍,중상사고,0,1,0,0,차대차 - 기타,안전운전불이행,건조,맑음,교차로 - 교차로안,화물,남,65세,상해없음,이륜,여,69세,중상
2018071600100573,2018년 7월 16일 20시,월요일,경상남도 김해시 지내동,경상사고,0,0,2,0,차대차 - 추돌,안전거리미확보,건조,맑음,단일로 - 기타,화물,남,60세,상해없음,이륜,남,18세,경상
2018071600100574,2018년 7월 16일 20시,월요일,경상남도 김해시 삼계동,중상사고,0,1,0,0,차대차 - 측면충돌,신호위반,건조,맑음,교차로 - 교차로횡단보도내,자전거,남,24세,상해없음,개인형이동수단(PM),남,14세,중상
2018071600100575,2018년 7월 16일 20시,월요일,경상남도 창원시 성산구 중앙동,경상사고,0,0,1,0,차대차 - 측면충돌,안전운전불이행,건조,맑음,단일로 - 기타,승용,여,40세,상해없음,승용,여,50세,경상
2018071600100576,2018년 7월 16일 20시,월요일,경상남도 김해시 대청동,중상사고,0,1,1,0,차대차 - 추돌,안전운전불이행,건조,맑음,단일로 - 기타,승용,남,24세,상해없음,승용,여,43세,중상
2018071600100597,2018년 7월 16일 21시,월요일,경상남도 창원시 마산합포구 해운동,경상사고,0,0,1,0,차대차 - 측면충돌,안전운전불이행,건조,맑음,교차로 - 교차로안,승용,여,29세,상해없음,승용,남,55세,경상
2018071600100598,2018년 7월 16일 21시,월요일,경상남도 진주시 집현면,사망사고,1,0,0,0,차대차 - 측면충돌,안전운전불이행,건조,맑음,단일로 - 기타,승용,여,50세,상해없음,자전거,남,71세,사망
2018071600100636,2018년 7월 16일 23시,월요일,경상남도 창원시 마산합포구 오동동,중상사고,0,1,0,0,차대사람 - 보도통행중,안전운전불이행,건조,맑음,교차로 - 교차로횡단보도내,승용,남,40세,상해없음,보행자,남,55세,중상
2018071600100637,2018년 7월 16일 23시,월요일,경상남도 거제시 상동동,중상사고,0,1,0,0,차대사람 - 기타,안전운전불이행,건조,맑음,교차로 - 교차로안,승용,여,31세,상해없음,보행자,남,39세,중상
2018071700100034,2018년 7월 17일 02시,화요일,경상남도 김해시 삼방동,경상사고,0,0,1,0,차대사람 - 차도통행중,안전운전불이행,건조,맑음,단일로 - 기타,승용,남,36세,상해없음,보행자,여,77세,경상