사고번호,사고일시,요일,시군구,사고내용,사망자수,중상자수,경상자수,부상신고자수,사고유형,법규위반,노면상태,기상상태,도로형태,가해운전자 차종,가해운전자 성별,가해운전자 연령,가해운전자 상해정도,피해운전자 차종,피해운전자 성별,피해운전자 연령,피해운전자 상해정도
2018072000100794,2018년 7월 20일 23시,금요일,경상남도 양산시 물금읍,중상사고,0,1,0,0,차대차 - 측면충돌,기타,건조,맑음,교차로 - 교차로안,이륜,남,18세,상해없음,자전거,남,40세,중상
2018072100100017,2018년 7월 21일 00시,토요일,경상남도 창원시 성산구 외동,중상사고,0,1,2,0,차대차 - 추돌,안전운전불이행,건조,맑음,교차로 - 교차로부근,승용,남,57세,상해없음,승용,남,53세,경상
2018072100100018,2018년 7월 21일 00시,토요일,경상남도 창원시 성산구 상남동,경상사고,0,0,1,0,차대사람 - 차도통행중,안전운전불이행,건조,맑음,교차로 - 교차로안,승합,남,46세,상해없음,보행자,남,19세,경상
2018072100100033,2018년 7월 21일 01시,토요일,경상남도 밀양시 상동면,경상사고,0,0,1,0,차대차 - 측면충돌,안전거리미확보,건조,맑음,단일로 - 기타,화물,남,50세,상해없음,승용,남,22세,경상
2018072100100037,2018년 7월 21일 01시,토요일,경상남도 김해시 어방동,중상사고,0,1,1,0,차대차 - 측면충돌,교차로운행방법위반,건조,맑음,교차로 - 교차로안,승용,여,27세,경상,승용,여,49세,중상
2018072100100044,2018년 7월 21일 02시,토요일,경상남도 김해시 상동면,경상사고,0,0,1,0,차대차 - 측면충돌,안전운전불이행,건조,맑음,단일로 - 기타,화물,남,56세,상해없음,승용,여,68세,경상
2018072100100048,2018년 7월 21일 02시,토요일,경상남도 김해시 안동,중상사고,0,1,0,0,차대차 - 추돌,안전운전불이행,건조,맑음,단일로 - 기타,승용,남,31세,상해없음,승용,남,62세,중상
2018072100100049,2018년 7월 21일 02시,토요일,경상남도 창원시 의창구 용호동,경상사고,0,0,1,0,차대차 - 측면충돌,안전운전불이행,건조,맑음,교차로 - 교차로안,승용,남,29세,상해없음,자전거,남,17세,경상
2018072100100060,2018년 7월 21일 03시,토요일,경상남도 함양군 안의면,중상사고,0,1,0,1,차량단독 - 전도전복 - 전복,안전운전불이행,건조,맑음,단일로 - 기타,승용,남,19세,부상신고,미분류,미분류,미분류,미분류
2018072100100061,2018년 7월 21일 03시,토요일,경상남도 창원시 마산회원구 석전동,중상사고,0,1,0,0,차대사람 - 횡단중,안전운전불이행,건조,맑음,교차로 - 교차로안,승용,남,62세,상해없음,보행자,남,43세,중상
2018072100100106,2018년 7월 21일 06시,토요일,경상남도 창원시 진해구 광화동,경상사고,0,0,1,0,차대차 - 측면충돌,기타,건조,맑음,교차로 - 교차로안,승용,여,59세,상해없음,원동기,남,60세,경상
2018072100100121,2018년 7월 21일 07시,토요일,경상남도 사천시 곤명면,경상사고,0,0,2,0,차대차 - 측면충돌,안전운전불이행,건조,맑음,단일로 - 기타,화물,남,49세,상해없음,화물,남,57세,경상
2018072100100122,2018년 7월 21일 07시,토요일,경상남도 김해시 진영읍,중상사고,0,1,1,0,차대차 - 추돌,안전운전불이행,건조,맑음,단일로 - 기타,화물,남,33세,상해없음,화물,남,60세,경상
2018072100100165,2018년 7월 21일 09시,토요일,경상남도 거제시 고현동,중상사고,0,1,0,0,차대사람 - 횡단중,보행자보호의무위반,건조,맑음,교차로 - 교차로부근,승용,남,60세,상해없음,보행자,여,78세,중상
2018072100100190,2018년 7월 21일 10시,토요일,경상남도 진주시 정촌면,중상사고,0,1,0,0,차대차 - 기타,안전운전불이행,건조,맑음,교차로 - 교차로부근,원동기,남,76세,중상,승용,남,41세,상해없음
2018072100100191,2018년 7월 21일 10시,토요일,경상남도 창원시 진해구 가주동,경상사고,0,0,2,0,차대차 - 추돌,안전운전불이행,건조,맑음,단일로 - 기타,건설기계,남,59세,경상,건설기계,남,30세,경상
2018072100100192,2018년 7월 21일 10시,토요일,경상남도 사천시 서포면,경상사고,0,0,1,0,차량단독 - 공작물충돌,안전운전불이행,건조,맑음,단일로 - 기타,승용,남,53세,경상,,,,
2018072100100193,2018년 7월 21일 10시,토요일,경상남도 양산시 하북면,경상사고,0,0,2,0,차대차 - 기타,교차로운행방법위반,건조,맑음,교차로 - 교차로안,승용,남,47세,경상,승용,여,60세,경상
2018072100100223,2018년 7월 21일 11시,토요일,경상남도 김해시 대청동,중상사고,0,1,2,0,차대차 - 추돌,안전운전불이행,건조,맑음,단일로 - 기타,화물,남,58세,상해없음,승용,남,27세,경상
2018072100100261,2018년 7월 21일 12시,토요일,경상남도 창원시 성산구 웅남동,중상사고,0,1,0,0,차대차 - 측면충돌,신호위반,건조,맑음,교차로 - 교차로안,승용,여,49세,상해없음,승용,남,25세,중상
2018072100100341,2018년 7월 21일 14시,토요일,경상남도 김해시 한림면,경상사고,0,0,1,0,차대차 - 기타,기타,건조,맑음,단일로 - 기타,화물,남,41세,상해없음,승용,남,58세,경상
2018072100100375,2018년 7월 21일 15시,토요일,경상남도 함안군 가야읍,경상사고,0,0,1,0,차대차 - 측면충돌,신호위반,건조,맑음,교차로 - 교차로안,승용,여,33세,상해없음,이륜,여,72세,경상
2018072100100376,2018년 7월 21일 15시,토요일,경상남도 함안군 산인면,경상사고,0,0,3,0,차대차 - 측면충돌,교차로운행방법위반,건조,맑음,교차로 - 교차로안,승용,남,78세,경상,승용,남,54세,경상
2018072100100403,2018년 7월 21일 16시,토요일,경상남도 통영시 광도면,경상사고,0,0,4,0,차대차 - 추돌,안전운전불이행,건조,맑음,교차로 - 교차로부근,승용,남,62세,상해없음,승용,여,62세,경상
2018072100100404,2018년 7월 21일 16시,토요일,경상남도 거창군 거창읍,중상사고,0,2,0,0,차대차 - 기타,안전운전불이행,건조,맑음,교차로 - 교차로안,화물,여,57세,상해없음,승용,여,45세,중상
2018072100100445,2018년 7월 21일 17시,토요일,경상남도 진주시 인사동,경상사고,0,0,1,0,차대차 - 기타,안전운전불이행,건조,맑음,교차로 - 교차로안,이륜,남,20세,경상,승용,남,56세,상해없음
2018072100100446,2018년 7월 21일 17시,토요일,경상남도 창원시 진해구 장천동,중상사고,0,1,0,0,차량단독 - 주/정차차량 충돌,안전운전불이행,건조,맑음,단일로 - 기타,승용,여,50세,중상,,,,
2018072100100447,2018년 7월 21일 17시,토요일,경상남도 사천시 동림동,중상사고,0,1,1,0,차대차 - 측면충돌,신호위반,건조,맑음,교차로 - 교차로안,승용,남,45세,상해없음,승용,남,42세,경상
2018072100100448,2018년 7월 21일 17시,토요일,경상남도 양산시 물금읍,경상사고,0,0,2,0,차대차 - 측면충돌,교차로운행방법위반,건조,맑음,교차로 - 교차로안,승용,여,49세,상해없음,승용,남,19세,경상
2018072100100480,2018년 7월 21일 18시,토요일,경상남도 진주시 신안동,경상사고,0,0,1,0,차대차 - 기타,안전운전불이행,건조,맑음,단일로 - 기타,화물,남,70세,상해없음,기타불명,남,60세,경상
2018072100100481,2018년 7월 21일 18시,토요일,경상남도 창원시 진해구 용원동,경상사고,0,0,1,0,차대차 - 측면충돌,신호위반,건조,맑음,교차로 - 교차로안,승용,남,50세,상해없음,승용,남,35세,경상
2018072100100482,2018년 7월 21일 18시,토요일,경상남도 양산시 물금읍,중상사고,0,1,0,0,차대차 - 기타,차로위반,건조,맑음,단일로 - 기타,승합,남,47세,상해없음,이륜,남,33세,중상
2018072100100483,2018년 7월 21일 18시,토요일,경상남도 양산시 교동,부상신고사고,0,0,0,2,차대차 - 측면충돌,차로위반,건조,맑음,단일로 - 기타,승용,여,62세,상해없음,승용,여,37세,부상신고
2018072100100484,2018년 7월 21일 18시,토요일,경상남도 양산시 어곡동,경상사고,0,0,1,0,차대차 - 측면충돌,신호위반,건조,맑음,교차로 - 교차로안,승용,남,58세,상해없음,승용,남,56세,경상
2018072100100513,2018년 7월 21일 19시,토요일,경상남도 창녕군 남지읍,경상사고,0,0,1,0,차대차 - 측면충돌,직진우회전진행방해,건조,맑음,교차로 - 교차로안,화물,남,64세,상해없음,승용,남,31세,경상
2018072100100514,2018년 7월 21일 19시,토요일,경상남도 양산시 원동면,경상사고,0,0,2,0,차대차 - 측면충돌,중앙선침범,건조,맑음,단일로 - 기타,승용,여,57세,상해없음,승용,남,33세,경상
2018072100100515,2018년 7월 21일 19시,토요일,경상남도 창원시 의창구 용호동,중상사고,0,1,0,0,차대사람 - 차도통행중,안전운전불이행,건조,맑음,단일로 - 기타,승용,여,51세,상해없음,보행자,여,62세,중상
2018072100100516,2018년 7월 21일 19시,토요일,경상남도 김해시 진영읍,경상사고,0,0,1,0,차대차 - 측면충돌,중앙선침범,건조,맑음,교차로 - 교차로안,승용,남,41세,상해없음,승용,남,42세,경상
2018072100100544,2018년 7월 21일 20시,토요일,경상남도 거창군 거창읍,중상사고,0,1,0,0,차대사람 - 기타,안전운전불이행,건조,맑음,단일로 - 기타,승용,남,33세,상해없음,보행자,남,74세,중상
2018072100100545,2018년 7월 21일 20시,토요일,경상남도 거제시 거제면,경상사고,0,0,1,0,차대차 - 측면충돌,안전운전불이행,건조,맑음,기타 - 기타,승용,여,43세,상해없음,자전거,여,33세,경상
2018072100100602,2018년 7월 21일 22시,토요일,경상남도 김해시 서상동,경상사고,0,0,1,0,차대차 - 측면충돌,불법유턴,건조,맑음,교차로 - 교차로횡단보도내,자전거,여,53세,경상,원동기,남,18세,상해없음
2018072100100603,2018년 7월 21일 22시,토요일,경상남도 거창군 고제면,중상사고,0,1,0,0,차대사람 - 기타,안전운전불이행,건조,맑음,단일로 - 기타,승용,남,57세,상해없음,보행자,남,51세,중상
2018072100100626,2018년 7월 21일 23시,토요일,경상남도 양산시 유산동,중상사고,0,2,0,0,차대차 - 추돌,안전운전불이행,건조,맑음,교차로 - 교차로안,승용,남,22세,상해없음,승용,남,29세,중상
2018072100100627,2018년 7월 21일 23시,토요일,경상남도 창원시 성산구 상남동,경상사고,0,0,1,0,차대사람 - 길가장자리구역통행중,안전운전불이행,건조,맑음,단일로 - 기타,승용,남,22세,상해없음,보행자,남,38세,경상
2018072200100016,2018년 7월 22일 00시,일요일,경상남도 창원시 성산구 상남동,경상사고,0,0,1,0,차대사람 - 차도통행중,안전운전불이행,건조,맑음,교차로 - 교차로부근,승용,남,26세,상해없음,보행자,남,35세,경상
2018072200100053,2018년 7월 22일 04시,일요일,경상남도 진주시 인사동,경상사고,0,0,1,0,차량단독 - 기타,안전운전불이행,건조,맑음,교차로 - 교차로부근,승용,남,52세,상해없음,,,,
2018072200100054,2018년 7월 22일 04시,일요일,경상남도 고성군 마암면,경상사고,0,0,1,0,차대차 - 기타,중앙선침범,건조,맑음,단일로 - 기타,승용,남,42세,상해없음,승용,남,48세,경상
2018072200100091,2018년 7월 22일 07시,일요일,경상남도 창원시 마산합포구 해운동,경상사고,0,0,1,0,차대차 - 추돌,안전운전불이행,건조,맑음,기타 - 기타,승용,남,36세,상해없음,승용,여,39세,경상
2018072200100099,2018년 7월 22일 08시,일요일,경상남도 김해시 풍유동,경상사고,0,0,1,0,차대차 - 측면충돌,안전거리미확보,건조,맑음,단일로 - 기타,화물,남,76세,상해없음,승용,남,54세,상해없음
2018072200100107,2018년 7월 22일 08시,일요일,경상남도 합천군 삼가면,경상사고,0,0,2,1,차대차 - 기타,교차로운행방법위반,건조,맑음,교차로 - 교차로안,승용,남,69세,경상,승용,남,46세,상해없음
2018072200100139,2018년 7월 22일 10시,일요일,경상남도 통영시 무전동,중상사고,0,1,0,0,차대차 - 측면충돌,안전운전불이행,건조,맑음,교차로 - 교차로안,승용,남,43세,상해없음,이륜,남,83세,중상
2018072200100191,2018년 7월 22일 12시,일요일,경상남도 하동군 적량면,중상사고,0,1,1,0,차대차 - 측면충돌,안전운전불이행,건조,맑음,단일로 - 기타,이륜,남,86세,경상,승용,여,46세,상해없음
2018072200100229,2018년 7월 22일 13시,일요일,경상남도 양산시 동면,중상사고,0,1,0,0,차대차 - 기타,안전운전불이행,젖음/습기,맑음,단일로 - 기타,승용,남,60세,중상,승용,남,36세,상해없음
2018072200100259,2018년 7월 22일 14시,일요일,경상남도 창원시 의창구 신월동,중상사고,0,1,0,0,차대차 - 측면충돌,신호위반,건조,맑음,단일로 - 기타,승용,남,56세,상해없음,자전거,남,30세,중상
2018072200100316,2018년 7월 22일 16시,일요일,경상남도 양산시 물금읍,경상사고,0,0,2,0,차대차 - 측면충돌,신호위반,건조,맑음,교차로 - 교차로안,승용,남,28세,상해없음,승용,남,55세,경상
2018072200100354,2018년 7월 22일 17시,일요일,경상남도 진주시 상대동,경상사고,0,0,4,0,차대차 - 정면충돌,중앙선침범,건조,맑음,교차로 - 교차로부근,승용,남,56세,상해없음,승용,남,29세,경상
2018072200100355,2018년 7월 22일 17시,일요일,경상남도 통영시 광도면,경상사고,0,0,2,0,차대차 - 측면충돌,안전운전불이행,건조,맑음,교차로 - 교차로부근,승용,남,45세,경상,특수,남,64세,경상
2018072200100356,2018년 7월 22일 17시,일요일,경상남도 통영시 광도면,경상사고,0,0,1,0,차량단독 - 공작물충돌,안전운전불이행,건조,맑음,단일로 - 기타,원동기,남,54세,경상,,,,
2018072200100357,2018년 7월 22일 17시,일요일,경상남도 산청군 단성면,경상사고,0,0,2,0,차대차 - 추돌,안전운전불이행,건조,맑음,단일로 - 기타,승용,남,69세,상해없음,승용,남,23세,경상
2018072200100379,2018년 7월 22일 18시,일요일,경상남도 진주시 가좌동,중상사고,0,1,0,0,차대차 - 측면충돌,안전거리미확보,건조,맑음,단일로 - 기타,승용,남,53세,상해없음,이륜,남,27세,중상
2018072200100380,2018년 7월 22일 18시,일요일,경상남도 창원시 의창구 용호동,경상사고,0,0,1,0,차대차 - 추돌,안전운전불이행,건조,맑음,단일로 - 기타,승용,남,57세,상해없음,승용,남,28세,경상
2018072200100415,2018년 7월 22일 19시,일요일,경상남도 창원시 의창구 도계동,경상사고,0,0,1,0,차대사람 - 기타,안전운전불이행,건조,맑음,단일로 - 기타,이륜,남,38세,상해없음,보행자,여,49세,경상
2018072200100443,2018년 7월 22일 20시,일요일,경상남도 창원시 마산합포구 해운동,경상사고,0,0,1,0,차대차 - 추돌,안전거리미확보,건조,맑음,교차로 - 교차로부근,승용,여,43세,상해없음,승용,남,58세,경상
2018072200100444,2018년 7월 22일 20시,일요일,경상남도 함안군 칠원읍,부상신고사고,0,0,0,1,차대차 - 측면충돌,안전운전불이행,건조,맑음,교차로 - 교차로안,승용,남,31세,상해없음,승용,여,31세,상해없음
2018072200100445,2018년 7월 22일 20시,일요일,경상남도 창원시 성산구 내동,경상사고,0,0,2,0,차대차 - 정면충돌,중앙선침범,건조,흐림,단일로 - 기타,이륜,남,73세,상해없음,승용,남,37세,경상
2018072200100446,2018년 7월 22일 20시,일요일,경상남도 창원시 마산합포구 산호동,경상사고,0,0,1,0,차대차 - 정면충돌,신호위반,건조,맑음,단일로 - 기타,이륜,남,21세,상해없음,이륜,남,52세,경상
2018072200100473,2018년 7월 22일 21시,일요일,경상남도 창원시 의창구 서상동,경상사고,0,0,1,0,차대사람 - 길가장자리구역통행중,안전운전불이행,건조,맑음,단일로 - 기타,승용,남,50세,상해없음,보행자,남,51세,경상
2018072300100008,2018년 7월 23일 00시,월요일,경상남도 창원시 성산구 사파동,중상사고,0,1,0,0,차대차 - 기타,중앙선침범,건조,맑음,단일로 - 기타,승용,남,57세,상해없음,이륜,남,46세,중상
2018072300100030,2018년 7월 23일 03시,월요일,경상남도 통영시 도천동,경상사고,0,0,2,0,차대차 - 측면충돌,직진우회전진행방해,건조,맑음,교차로 - 교차로안,승용,남,58세,상해없음,승합,남,59세,상해없음
2018072300100039,2018년 7월 23일 04시,월요일,경상남도 창원시 마산회원구 합성동,중상사고,0,1,0,0,차대사람 - 횡단중,안전운전불이행,건조,맑음,단일로 - 기타,화물,남,53세,상해없음,보행자,남,53세,중상
2018072300100048,2018년 7월 23일 05시,월요일,경상남도 창원시 의창구 팔용동,경상사고,0,0,1,0,차대차 - 측면충돌,신호위반,건조,맑음,교차로 - 교차로안,승용,남,25세,상해없음,화물,남,46세,경상
2018072300100059,2018년 7월 23일 06시,월요일,경상남도 통영시 서호동,중상사고,0,1,1,0,차대차 - 측면충돌,신호위반,건조,맑음,교차로 - 교차로횡단보도내,승용,남,25세,상해없음,자전거,남,58세,경상
2018072300100078,2018년 7월 23일 07시,월요일,경상남도 통영시 미수동,경상사고,0,0,2,0,차대차 - 측면충돌,안전운전불이행,건조,맑음,교차로 - 교차로안,승용,여,50세,상해없음,이륜,남,66세,경상
2018072300100079,2018년 7월 23일 07시,월요일,경상남도 창원시 성산구 가음정동,경상사고,0,0,1,0,차대차 - 측면충돌,신호위반,건조,맑음,교차로 - 교차로안,화물,남,52세,상해없음,승용,남,45세,경상
2018072300100120,2018년 7월 23일 08시,월요일,경상남도 창녕군 대합면,중상사고,0,2,0,0,차대차 - 기타,기타,건조,맑음,단일로 - 기타,승용,남,53세,상해없음,승용,남,55세,중상
2018072300100121,2018년 7월 23일 08시,월요일,경상남도 창녕군 창녕읍,경상사고,0,0,2,0,차대차 - 후진중충돌,안전운전불이행,건조,맑음,단일로 - 기타,승용,남,65세,상해없음,승용,남,35세,경상
2018072300100122,2018년 7월 23일 08시,월요일,경상남도 양산시 상북면,경상사고,0,0,1,0,차대차 - 측면충돌,차로위반,건조,맑음,단일로 - 기타,승용,여,58세,상해없음,승용,여,38세,경상
2018072300100123,2018년 7월 23일 08시,월요일,경상남도 창원시 마산회원구 내서읍,중상사고,0,1,0,0,차대사람 - 횡단중,안전운전불이행,건조,맑음,단일로 - 기타,화물,남,50세,상해없음,보행자,여,55세,중상
2018072300100187,2018년 7월 23일 10시,월요일,경상남도 하동군 하동읍,중상사고,0,1,0,0,차대사람 - 길가장자리구역통행중,안전운전불이행,건조,맑음,교차로 - 교차로부근,승용,남,73세,상해없음,보행자,여,83세,중상
2018072300100222,2018년 7월 23일 11시,월요일,경상남도 김해시 어방동,경상사고,0,0,1,0,차대차 - 후진중충돌,안전운전불이행,건조,맑음,단일로 - 기타,승용,여,65세,상해없음,승용,남,23세,경상
2018072300100223,2018년 7월 23일 11시,월요일,경상남도 고성군 고성읍,경상사고,0,0,1,0,차대차 - 측면충돌,신호위반,건조,맑음,교차로 - 교차로안,승용,남,70세,상해없음,승용,여,49세,상해없음
2018072300100224,2018년 7월 23일 11시,월요일,경상남도 김해시 부곡동,중상사고,0,1,0,0,차대차 - 측면충돌,신호위반,건조,맑음,교차로 - 교차로안,이륜,남,19세,상해없음,승용,여,41세,상해없음
2018072300100282,2018년 7월 23일 13시,월요일,경상남도 창원시 마산합포구 완월동,경상사고,0,0,1,0,차대차 - 기타,안전운전불이행,건조,맑음,교차로 - 교차로안,승용,남,59세,상해없음,이륜,남,54세,경상
2018072300100283,2018년 7월 23일 13시,월요일,경상남도 사천시 사남면,경상사고,0,0,1,0,차대차 - 측면충돌,안전운전불이행,건조,맑음,교차로 - 교차로안,자전거,남,14세,경상,승용,남,23세,상해없음
2018072300100284,2018년 7월 23일 13시,월요일,경상남도 밀양시 내이동,중상사고,0,3,1,0,차대차 - 측면충돌,신호위반,건조,맑음,교차로 - 교차로안,승용,여,54세,상해없음,승용,남,56세,경상
2018072300100285,2018년 7월 23일 13시,월요일,경상남도 창원시 마산회원구 내서읍,경상사고,0,0,3,0,차대차 - 측면충돌,신호위반,건조,맑음,교차로 - 교차로부근,승용,여,28세,상해없음,승용,여,39세,경상
2018072300100319,2018년 7월 23일 14시,월요일,경상남도 진주시 본성동,경상사고,0,0,1,0,차대사람 - 횡단중,신호위반,건조,맑음,교차로 - 교차로횡단보도내,승용,여,22세,상해없음,보행자,여,26세,경상
2018072300100320,2018년 7월 23일 14시,월요일,경상남도 사천시 벌리동,경상사고,0,0,1,2,차대차 - 정면충돌,안전운전불이행,건조,맑음,교차로 - 교차로부근,승용,남,58세,상해없음,승용,여,42세,경상
2018072300100321,2018년 7월 23일 14시,월요일,경상남도 김해시 어방동,경상사고,0,0,1,0,차대차 - 기타,안전운전불이행,건조,맑음,단일로 - 기타,자전거,남,69세,경상,화물,남,65세,상해없음
2018072300100322,2018년 7월 23일 14시,월요일,경상남도 김해시 진영읍,부상신고사고,0,0,0,1,차대사람 - 길가장자리구역통행중,안전운전불이행,건조,맑음,단일로 - 기타,기타불명,기타불명,미분류,기타불명,보행자,남,58세,부상신고
2018072300100355,2018년 7월 23일 15시,월요일,경상남도 창원시 진해구 남문동,경상사고,0,0,1,0,차대차 - 정면충돌,중앙선침범,건조,맑음,교차로 - 교차로안,승용,여,50세,상해없음,승용,여,35세,경상
2018072300100356,2018년 7월 23일 15시,월요일,경상남도 창원시 진해구 덕산동,경상사고,0,0,3,0,차대차 - 측면충돌,교차로운행방법위반,건조,맑음,교차로 - 교차로안,승용,남,32세,상해없음,승용,여,29세,경상
2018072300100357,2018년 7월 23일 15시,월요일,경상남도 김해시 진영읍,중상사고,0,1,0,0,차대차 - 측면충돌,안전운전불이행,건조,맑음,단일로 - 기타,화물,남,69세,상해없음,승용,여,60세,기타불명
2018072300100396,2018년 7월 23일 16시,월요일,경상남도 김해시 어방동,중상사고,0,1,0,0,차대차 - 기타,안전운전불이행,건조,맑음,교차로 - 교차로안,승용,여,50세,상해없음,원동기,남,55세,중상
2018072300100397,2018년 7월 23일 16시,월요일,경상남도 창녕군 창녕읍,경상사고,0,0,1,0,차대차 - 측면충돌,안전운전불이행,건조,맑음,교차로 - 교차로안,농기계,남,82세,경상,승용,여,44세,상해없음
2018072300100398,2018년 7월 23일 16시,월요일,경상남도 창원시 의창구 신월동,경상사고,0,0,1,0,차대사람 - 횡단중,신호위반,건조,맑음,교차로 - 교차로안,승용,여,64세,상해없음,보행자,여,19세,경상
2018072300100436,2018년 7월 23일 17시,월요일,경상남도 진주시 봉곡동,부상신고사고,0,0,0,1,차대사람 - 횡단중,안전운전불이행,건조,맑음,교차로 - 교차로부근,승용,남,59세,상해없음,보행자,남,12세,부상신고
2018072300100437,2018년 7월 23일 17시,월요일,경상남도 통영시 북신동,중상사고,0,1,1,0,차대차 - 측면충돌,직진우회전진행방해,건조,맑음,교차로 - 교차로안,이륜,남,42세,중상,승용,남,69세,경상
2018072300100438,2018년 7월 23일 17시,월요일,경상남도 통영시 서호동,부상신고사고,0,0,0,1,차대차 - 측면충돌,직진우회전진행방해,건조,맑음,교차로 - 교차로안,자전거,여,52세,부상신고,승용,남,49세,상해없음
2018072300100439,2018년 7월 23일 17시,월요일,경상남도 거제시 거제면,중상사고,0,2,0,0,차대차 - 측면충돌,신호위반,건조,맑음,교차로 - 교차로안,승용,여,64세,상해없음,승용,여,27세,중상
2018072300100440,2018년 7월 23일 17시,월요일,경상남도 의령군 칠곡면,중상사고,0,1,1,0,차대차 - 추돌,안전운전불이행,건조,맑음,교차로 - 교차로부근,화물,남,70세,상해없음,승용,남,49세,경상
2018072300100487,2018년 7월 23일 18시,월요일,경상남도 창원시 마산합포구 진동면,경상사고,0,0,2,0,차대차 - 측면충돌,교차로운행방법위반,건조,맑음,교차로 - 교차로안,승용,남,23세,상해없음,승용,남,37세,경상
2018072300100488,2018년 7월 23일 18시,월요일,경상남도 김해시 대동면,중상사고,0,1,0,0,차대차 - 기타,교차로운행방법위반,건조,맑음,교차로 - 교차로안,화물,남,38세,상해없음,승용,남,83세,중상
2018072300100489,2018년 7월 23일 18시,월요일,경상남도 양산시 북부동,경상사고,0,0,1,0,차대사람 - 횡단중,안전운전불이행,건조,맑음,교차로 - 교차로안,승용,여,66세,상해없음,보행자,남,46세,경상
2018072300100529,2018년 7월 23일 19시,월요일,경상남도 밀양시 내이동,경상사고,0,0,1,0,차대차 - 측면충돌,교차로운행방법위반,건조,맑음,교차로 - 교차로안,승용,남,23세,상해없음,승용,남,50세,경상
2018072300100545,2018년 7월 23일 20시,월요일,경상남도 김해시 대동면,중상사고,0,1,0,0,차대차 - 측면충돌,안전거리미확보,건조,맑음,단일로 - 기타,화물,남,59세,상해없음,승용,남,55세,중상
2018072300100589,2018년 7월 23일 21시,월요일,경상남도 양산시 동면,경상사고,0,0,1,0,차대차 - 측면충돌,직진우회전진행방해,건조,맑음,교차로 - 교차로안,승용,남,24세,상해없음,승용,남,41세,상해없음
2018072300100590,2018년 7월 23일 21시,월요일,경상남도 창원시 성산구 남산동,사망사고,1,1,2,0,차대차 - 추돌,안전운전불이행,건조,맑음,교차로 - 교차로부근,화물,남,69세,사망,승합,남,50세,경상
2018072300100612,2018년 7월 23일 22시,월요일,경상남도 창원시 진해구 용원동,경상사고,0,0,1,0,차대사람 - 횡단중,안전운전불이행,건조,맑음,교차로 - 교차로안,승용,남,43세,상해없음,보행자,남,31세,경상
2018072300100641,2018년 7월 23일 23시,월요일,경상남도 김해시 진영읍,중상사고,0,1,0,0,차대차 - 추돌,안전운전불이행,건조,맑음,단일로 - 기타,이륜,남,46세,중상,화물,남,59세,상해없음
2018072400100009,2018년 7월 24일 00시,화요일,경상남도 창원시 의창구 봉곡동,경상사고,0,0,1,0,차대사람 - 기타,안전운전불이행,건조,맑음,단일로 - 기타,기타불명,기타불명,미분류,기타불명,보행자,여,66세,경상
2018072400100048,2018년 7월 24일 05시,화요일,경상남도 창원시 진해구 용원동,중상사고,0,1,0,0,차대차 - 기타,안전운전불이행,건조,맑음,단일로 - 기타,승용,남,50세,중상,특수,남,53세,기타불명
2018072400100049,2018년 7월 24일 05시,화요일,경상남도 창원시 진해구 남문동,중상사고,0,1,0,0,차량단독 - 기타,안전운전불이행,건조,맑음,단일로 - 기타,원동기,남,65세,중상,,,,
2018072400100050,2018년 7월 24일 05시,화요일,경상남도 창원시 의창구 동읍,경상사고,0,0,1,0,차대차 - 측면충돌,안전운전불이행,건조,맑음,교차로 - 교차로안,승용,남,50세,상해없음,승용,남,37세,경상
2018072400100066,2018년 7월 24일 06시,화요일,경상남도 밀양시 내이동,중상사고,0,1,0,0,차대차 - 기타,교차로운행방법위반,건조,맑음,교차로 - 교차로안,승합,남,48세,상해없음,자전거,남,58세,중상
2018072400100087,2018년 7월 24일 07시,화요일,경상남도 밀양시 삼랑진읍,경상사고,0,0,1,0,차대차 - 측면충돌,안전운전불이행,건조,맑음,단일로 - 기타,승용,남,61세,상해없음,이륜,남,79세,경상
2018072400100126,2018년 7월 24일 08시,화요일,경상남도 김해시 부원동,중상사고,0,1,0,0,차대사람 - 기타,안전운전불이행,건조,맑음,교차로 - 교차로안,승합,여,52세,상해없음,보행자,남,41세,중상
2018072400100127,2018년 7월 24일 08시,화요일,경상남도 양산시 덕계동,경상사고,0,0,1,0,차대사람 - 횡단중,신호위반,건조,맑음,단일로 - 기타,승용,남,24세,상해없음,보행자,남,10세,경상
2018072400100128,2018년 7월 24일 08시,화요일,경상남도 창원시 의창구 동읍,중상사고,0,1,0,0,차대차 - 기타,안전운전불이행,건조,맑음,교차로 - 교차로안,화물,남,59세,상해없음,농기계,남,77세,중상
2018072400100129,2018년 7월 24일 08시,화요일,경상남도 김해시 관동동,경상사고,0,0,1,0,차대차 - 추돌,안전운전불이행,건조,맑음,단일로 - 기타,화물,남,52세,상해없음,승용,여,38세,경상
2018072400100178,2018년 7월 24일 09시,화요일,경상남도 거제시 연초면,경상사고,0,0,1,0,차대차 - 측면충돌,안전운전불이행,건조,맑음,교차로 - 교차로안,승용,남,74세,상해없음,이륜,여,27세,경상
2018072400100216,2018년 7월 24일 10시,화요일,경상남도 통영시 광도면,경상사고,0,0,2,0,차대차 - 측면충돌,신호위반,건조,맑음,교차로 - 교차로안,승용,여,46세,상해없음,승용,남,68세,경상