사고번호,사고일시,요일,시군구,사고내용,사망자수,중상자수,경상자수,부상신고자수,사고유형,법규위반,노면상태,기상상태,도로형태,가해운전자 차종,가해운전자 성별,가해운전자 연령,가해운전자 상해정도,피해운전자 차종,피해운전자 성별,피해운전자 연령,피해운전자 상해정도
2018072400100217,2018년 7월 24일 10시,화요일,경상남도 창녕군 영산면,중상사고,0,1,0,0,차대차 - 추돌,안전거리미확보,건조,맑음,교차로 - 교차로부근,승용,남,73세,상해없음,승용,여,36세,중상
2018072400100218,2018년 7월 24일 10시,화요일,경상남도 양산시 유산동,경상사고,0,0,1,0,차대차 - 정면충돌,안전운전불이행,건조,맑음,교차로 - 교차로횡단보도내,화물,남,38세,상해없음,승용,남,26세,경상
2018072400100219,2018년 7월 24일 10시,화요일,경상남도 양산시 덕계동,부상신고사고,0,0,0,1,차대차 - 측면충돌,교차로운행방법위반,건조,맑음,교차로 - 교차로안,승용,남,36세,상해없음,승용,여,28세,부상신고
2018072400100279,2018년 7월 24일 12시,화요일,경상남도 창원시 마산합포구 자산동,중상사고,0,1,0,0,차대사람 - 차도통행중,안전운전불이행,건조,맑음,단일로 - 기타,승용,남,76세,상해없음,보행자,여,33세,중상
2018072400100280,2018년 7월 24일 12시,화요일,경상남도 거창군 거창읍,경상사고,0,0,1,0,차대차 - 기타,안전운전불이행,건조,맑음,교차로 - 교차로안,승용,여,62세,경상,승용,남,32세,상해없음
2018072400100281,2018년 7월 24일 12시,화요일,경상남도 창원시 성산구 중앙동,중상사고,0,1,0,0,차대차 - 측면충돌,안전운전불이행,건조,맑음,단일로 - 기타,승용,남,48세,상해없음,자전거,여,64세,중상
2018072400100316,2018년 7월 24일 13시,화요일,경상남도 창원시 진해구 광화동,경상사고,0,0,2,0,차대차 - 측면충돌,교차로운행방법위반,건조,맑음,교차로 - 교차로안,화물,남,46세,상해없음,승용,남,47세,경상
2018072400100317,2018년 7월 24일 13시,화요일,경상남도 창원시 진해구 경화동,경상사고,0,0,2,0,차대차 - 측면충돌,안전운전불이행,건조,맑음,교차로 - 교차로안,승용,여,45세,경상,승용,남,75세,경상
2018072400100318,2018년 7월 24일 13시,화요일,경상남도 양산시 물금읍,중상사고,0,1,0,0,차대차 - 측면충돌,안전운전불이행,건조,맑음,단일로 - 기타,승용,남,66세,상해없음,이륜,남,24세,중상
2018072400100358,2018년 7월 24일 14시,화요일,경상남도 사천시 동금동,경상사고,0,0,2,0,차대차 - 추돌,안전거리미확보,건조,맑음,교차로 - 교차로안,승용,여,65세,경상,승용,남,46세,경상
2018072400100359,2018년 7월 24일 14시,화요일,경상남도 양산시 신기동,중상사고,0,1,0,0,차대사람 - 보도통행중,보행자보호의무위반,건조,맑음,단일로 - 기타,승용,남,39세,상해없음,보행자,남,7세,중상
2018072400100360,2018년 7월 24일 14시,화요일,경상남도 거제시 하청면,경상사고,0,0,4,0,차대차 - 기타,안전운전불이행,건조,맑음,단일로 - 기타,승용,남,51세,상해없음,승용,여,38세,경상
2018072400100361,2018년 7월 24일 14시,화요일,경상남도 남해군 남해읍,경상사고,0,0,1,0,차대차 - 측면충돌,안전운전불이행,건조,맑음,교차로 - 교차로안,승합,여,48세,상해없음,승용,여,62세,경상
2018072400100362,2018년 7월 24일 14시,화요일,경상남도 창원시 의창구 명서동,경상사고,0,0,1,0,차대차 - 측면충돌,안전운전불이행,건조,맑음,교차로 - 교차로횡단보도내,승용,여,55세,상해없음,자전거,남,13세,경상
2018072400100363,2018년 7월 24일 14시,화요일,경상남도 김해시 화목동,경상사고,0,0,1,0,차대차 - 측면충돌,교차로운행방법위반,건조,맑음,교차로 - 교차로안,승용,남,78세,경상,화물,여,61세,상해없음
2018072400100402,2018년 7월 24일 15시,화요일,경상남도 거제시 연초면,경상사고,0,0,1,0,차대차 - 정면충돌,직진우회전진행방해,건조,맑음,교차로 - 교차로안,승용,여,47세,상해없음,승용,여,37세,경상
2018072400100403,2018년 7월 24일 15시,화요일,경상남도 김해시 부곡동,중상사고,0,1,2,0,차대차 - 측면충돌,교차로운행방법위반,건조,맑음,교차로 - 교차로안,승용,남,58세,경상,승용,남,58세,중상
2018072400100435,2018년 7월 24일 16시,화요일,경상남도 사천시 정동면,중상사고,0,1,0,0,차량단독 - 공작물충돌,안전운전불이행,건조,맑음,교차로 - 교차로부근,화물,남,42세,중상,,,,
2018072400100436,2018년 7월 24일 16시,화요일,경상남도 산청군 금서면,중상사고,0,1,1,0,차대차 - 추돌,안전운전불이행,건조,맑음,단일로 - 기타,승용,여,65세,경상,승용,여,55세,중상
2018072400100479,2018년 7월 24일 17시,화요일,경상남도 창원시 마산합포구 진동면,경상사고,0,0,2,0,차대차 - 측면충돌,직진우회전진행방해,건조,맑음,교차로 - 교차로안,승용,남,55세,상해없음,승용,여,40세,경상
2018072400100480,2018년 7월 24일 17시,화요일,경상남도 양산시 상북면,중상사고,0,1,0,0,차량단독 - 공작물충돌,안전운전불이행,건조,맑음,단일로 - 기타,이륜,남,45세,중상,,,,
2018072400100527,2018년 7월 24일 18시,화요일,경상남도 사천시 사남면,경상사고,0,0,1,0,차대사람 - 횡단중,보행자보호의무위반,건조,맑음,교차로 - 교차로횡단보도내,승용,여,53세,상해없음,보행자,남,68세,경상
2018072400100528,2018년 7월 24일 18시,화요일,경상남도 창원시 의창구 신월동,경상사고,0,0,1,0,차대차 - 기타,안전운전불이행,건조,맑음,교차로 - 교차로부근,승합,남,67세,상해없음,이륜,남,42세,기타불명
2018072400100603,2018년 7월 24일 20시,화요일,경상남도 함안군 군북면,사망사고,2,0,0,0,차대차 - 추돌,안전운전불이행,건조,맑음,단일로 - 기타,승용,남,30세,상해없음,농기계,남,82세,사망
2018072400100625,2018년 7월 24일 21시,화요일,경상남도 거창군 웅양면,사망사고,1,0,0,0,차대사람 - 횡단중,안전운전불이행,건조,맑음,교차로 - 교차로안,승용,남,60세,상해없음,보행자,여,88세,사망
2018072400100651,2018년 7월 24일 22시,화요일,경상남도 함양군 함양읍,경상사고,0,0,1,0,차대사람 - 횡단중,안전운전불이행,건조,맑음,단일로 - 기타,승용,남,36세,상해없음,보행자,남,24세,경상
2018072400100652,2018년 7월 24일 22시,화요일,경상남도 창원시 의창구 팔용동,경상사고,0,0,1,0,차대사람 - 길가장자리구역통행중,안전운전불이행,건조,맑음,단일로 - 기타,기타불명,기타불명,미분류,기타불명,보행자,남,37세,경상
2018072400100676,2018년 7월 24일 23시,화요일,경상남도 진주시 금산면,중상사고,0,1,0,0,차대사람 - 횡단중,보행자보호의무위반,건조,맑음,단일로 - 기타,승용,여,44세,상해없음,보행자,남,6세,중상
2018072500100015,2018년 7월 25일 01시,수요일,경상남도 김해시 삼계동,중상사고,0,1,0,0,차대차 - 추돌,안전운전불이행,건조,맑음,단일로 - 기타,승용,남,39세,중상,화물,남,40세,기타불명
2018072500100030,2018년 7월 25일 02시,수요일,경상남도 거제시 고현동,중상사고,0,1,0,0,차대사람 - 기타,안전운전불이행,건조,맑음,교차로 - 교차로안,승용,남,30세,상해없음,보행자,남,60세,중상
2018072500100090,2018년 7월 25일 07시,수요일,경상남도 창원시 의창구 동정동,중상사고,0,1,0,0,차대차 - 기타,신호위반,건조,맑음,교차로 - 교차로안,승용,남,56세,상해없음,승용,남,61세,중상
2018072500100127,2018년 7월 25일 08시,수요일,경상남도 김해시 구산동,경상사고,0,0,2,0,차대차 - 측면충돌,교차로운행방법위반,건조,맑음,교차로 - 교차로안,승용,여,26세,상해없음,승용,남,41세,경상
2018072500100128,2018년 7월 25일 08시,수요일,경상남도 창녕군 남지읍,중상사고,0,1,0,0,차대차 - 측면충돌,차로위반,건조,맑음,단일로 - 기타,이륜,남,57세,중상,승용,여,41세,상해없음
2018072500100191,2018년 7월 25일 10시,수요일,경상남도 진주시 주약동,경상사고,0,0,1,0,차대차 - 추돌,안전거리미확보,건조,맑음,단일로 - 기타,화물,남,72세,상해없음,승용,남,28세,경상
2018072500100192,2018년 7월 25일 10시,수요일,경상남도 김해시 외동,경상사고,0,0,1,0,차대차 - 측면충돌,직진우회전진행방해,건조,맑음,교차로 - 교차로부근,이륜,남,35세,경상,화물,남,47세,상해없음
2018072500100193,2018년 7월 25일 10시,수요일,경상남도 함양군 함양읍,중상사고,0,2,0,1,차대차 - 측면충돌,신호위반,건조,맑음,교차로 - 교차로안,승용,여,58세,부상신고,화물,남,59세,중상
2018072500100194,2018년 7월 25일 10시,수요일,경상남도 창원시 의창구 도계동,경상사고,0,0,1,0,차대차 - 측면충돌,안전운전불이행,건조,맑음,교차로 - 교차로안,화물,남,63세,상해없음,자전거,남,77세,경상
2018072500100195,2018년 7월 25일 10시,수요일,경상남도 창원시 의창구 도계동,경상사고,0,0,1,0,차량단독 - 기타,안전운전불이행,건조,맑음,교차로 - 교차로부근,승용,남,58세,상해없음,,,,
2018072500100247,2018년 7월 25일 12시,수요일,경상남도 진주시 유곡동,중상사고,0,1,0,0,차대차 - 측면충돌,신호위반,건조,맑음,교차로 - 교차로안,화물,남,82세,상해없음,승용,여,61세,중상
2018072500100248,2018년 7월 25일 12시,수요일,경상남도 사천시 사천읍,경상사고,0,0,1,0,차대차 - 측면충돌,신호위반,건조,맑음,교차로 - 교차로안,이륜,남,52세,경상,승용,남,34세,상해없음
2018072500100249,2018년 7월 25일 12시,수요일,경상남도 사천시 사천읍,부상신고사고,0,0,0,1,차대사람 - 횡단중,안전운전불이행,건조,맑음,교차로 - 교차로부근,기타불명,기타불명,미분류,기타불명,보행자,남,64세,부상신고
2018072500100250,2018년 7월 25일 12시,수요일,경상남도 김해시 화목동,경상사고,0,0,1,0,차대사람 - 횡단중,안전운전불이행,건조,맑음,교차로 - 교차로부근,화물,남,58세,상해없음,보행자,남,59세,경상
2018072500100286,2018년 7월 25일 13시,수요일,경상남도 산청군 차황면,중상사고,0,2,0,0,차량단독 - 공작물충돌,안전운전불이행,건조,맑음,단일로 - 기타,화물,남,77세,중상,,,,
2018072500100324,2018년 7월 25일 14시,수요일,경상남도 사천시 노룡동,경상사고,0,0,3,0,차대차 - 추돌,안전운전불이행,건조,맑음,교차로 - 교차로부근,화물,남,74세,경상,승용,여,51세,경상
2018072500100359,2018년 7월 25일 15시,수요일,경상남도 창원시 마산합포구 자산동,중상사고,0,1,0,0,차대사람 - 횡단중,안전운전불이행,건조,맑음,교차로 - 교차로안,승용,남,27세,상해없음,보행자,여,58세,중상
2018072500100360,2018년 7월 25일 15시,수요일,경상남도 창원시 마산합포구 해운동,중상사고,0,1,0,1,차대차 - 기타,직진우회전진행방해,건조,맑음,교차로 - 교차로안,승용,남,35세,상해없음,승용,남,26세,중상
2018072500100361,2018년 7월 25일 15시,수요일,경상남도 김해시 동상동,중상사고,0,1,2,0,차대차 - 측면충돌,중앙선침범,건조,맑음,단일로 - 기타,화물,남,64세,상해없음,승용,남,55세,중상
2018072500100362,2018년 7월 25일 15시,수요일,경상남도 김해시 외동,경상사고,0,0,1,0,차대차 - 측면충돌,안전운전불이행,건조,맑음,교차로 - 교차로안,승용,남,59세,상해없음,승용,여,54세,경상
2018072500100363,2018년 7월 25일 15시,수요일,경상남도 거제시 고현동,중상사고,0,1,0,0,차대차 - 측면충돌,중앙선침범,건조,맑음,단일로 - 기타,승용,남,63세,상해없음,승용,남,29세,중상
2018072500100364,2018년 7월 25일 15시,수요일,경상남도 거제시 일운면,경상사고,0,0,1,0,차대차 - 측면충돌,중앙선침범,건조,맑음,교차로 - 교차로부근,화물,남,63세,상해없음,승용,남,34세,경상
2018072500100393,2018년 7월 25일 16시,수요일,경상남도 통영시 인평동,경상사고,0,0,2,0,차대차 - 측면충돌,안전운전불이행,건조,맑음,단일로 - 기타,화물,남,71세,상해없음,승용,여,28세,경상
2018072500100394,2018년 7월 25일 16시,수요일,경상남도 김해시 삼계동,중상사고,0,1,0,0,차대사람 - 횡단중,보행자보호의무위반,건조,맑음,교차로 - 교차로횡단보도내,승용,여,29세,상해없음,보행자,남,13세,중상
2018072500100395,2018년 7월 25일 16시,수요일,경상남도 양산시 물금읍,경상사고,0,0,1,0,차대차 - 기타,신호위반,건조,맑음,교차로 - 교차로횡단보도내,승용,여,32세,상해없음,자전거,남,50세,경상
2018072500100437,2018년 7월 25일 17시,수요일,경상남도 통영시 무전동,경상사고,0,0,1,0,차대차 - 측면충돌,직진우회전진행방해,건조,맑음,교차로 - 교차로안,승용,여,58세,상해없음,승용,여,42세,경상
2018072500100438,2018년 7월 25일 17시,수요일,경상남도 남해군 남해읍,중상사고,0,1,0,0,차대사람 - 기타,안전운전불이행,건조,맑음,단일로 - 기타,승용,여,53세,상해없음,보행자,여,66세,중상
2018072500100478,2018년 7월 25일 18시,수요일,경상남도 김해시 외동,경상사고,0,0,1,0,차대차 - 측면충돌,차로위반,건조,맑음,단일로 - 기타,승용,남,34세,상해없음,이륜,남,40세,경상
2018072500100479,2018년 7월 25일 18시,수요일,경상남도 창녕군 창녕읍,중상사고,0,1,0,0,차대차 - 측면충돌,직진우회전진행방해,건조,맑음,교차로 - 교차로안,화물,남,25세,상해없음,승용,남,36세,중상
2018072500100480,2018년 7월 25일 18시,수요일,경상남도 양산시 용당동,경상사고,0,0,1,0,차대차 - 추돌,안전운전불이행,건조,맑음,단일로 - 기타,화물,남,54세,상해없음,승용,남,65세,경상
2018072500100481,2018년 7월 25일 18시,수요일,경상남도 거제시 상동동,경상사고,0,0,1,0,차대차 - 추돌,안전거리미확보,건조,맑음,단일로 - 기타,승용,남,20세,상해없음,승용,남,47세,경상
2018072500100560,2018년 7월 25일 20시,수요일,경상남도 창원시 마산합포구 해운동,경상사고,0,0,1,0,차대차 - 추돌,안전운전불이행,건조,맑음,교차로 - 교차로부근,승용,남,41세,상해없음,승용,여,65세,경상
2018072500100561,2018년 7월 25일 20시,수요일,경상남도 창녕군 남지읍,경상사고,0,0,1,0,차대사람 - 기타,안전운전불이행,건조,맑음,단일로 - 기타,자전거,남,11세,상해없음,보행자,여,70세,경상
2018072500100614,2018년 7월 25일 22시,수요일,경상남도 창녕군 부곡면,경상사고,0,0,1,0,차대차 - 측면충돌,직진우회전진행방해,건조,맑음,교차로 - 교차로안,승용,여,36세,상해없음,승용,남,52세,경상
2018072600100025,2018년 7월 26일 01시,목요일,경상남도 거창군 거창읍,경상사고,0,0,1,0,차대차 - 측면충돌,기타,건조,맑음,교차로 - 교차로안,이륜,남,18세,경상,승용,여,29세,상해없음
2018072600100037,2018년 7월 26일 02시,목요일,경상남도 통영시 무전동,경상사고,0,0,1,0,차대사람 - 길가장자리구역통행중,안전운전불이행,건조,맑음,교차로 - 교차로부근,승용,여,55세,상해없음,보행자,남,37세,경상
2018072600100057,2018년 7월 26일 04시,목요일,경상남도 창녕군 도천면,중상사고,0,1,0,0,차대차 - 추돌,안전운전불이행,건조,맑음,단일로 - 기타,승용,남,66세,상해없음,이륜,남,46세,중상
2018072600100069,2018년 7월 26일 05시,목요일,경상남도 김해시 부원동,경상사고,0,0,1,0,차대차 - 측면충돌,직진우회전진행방해,건조,맑음,교차로 - 교차로안,원동기,남,69세,경상,자전거,남,74세,상해없음
2018072600100070,2018년 7월 26일 05시,목요일,경상남도 거제시 고현동,경상사고,0,0,1,0,차대차 - 측면충돌,신호위반,건조,맑음,교차로 - 교차로안,이륜,남,33세,경상,화물,남,79세,상해없음
2018072600100081,2018년 7월 26일 06시,목요일,경상남도 창원시 마산합포구 월영동,경상사고,0,0,1,0,차대차 - 기타,안전운전불이행,건조,맑음,교차로 - 교차로부근,승용,남,54세,상해없음,승용,남,37세,경상
2018072600100082,2018년 7월 26일 06시,목요일,경상남도 거제시 옥포동,경상사고,0,0,2,0,차대차 - 정면충돌,중앙선침범,건조,맑음,단일로 - 기타,승용,남,65세,상해없음,승용,여,61세,경상
2018072600100083,2018년 7월 26일 06시,목요일,경상남도 함안군 산인면,경상사고,0,0,1,0,차량단독 - 전도전복 - 전도,안전운전불이행,건조,맑음,단일로 - 기타,사륜오토바이(ATV),여,76세,경상,미분류,미분류,미분류,미분류
2018072600100106,2018년 7월 26일 07시,목요일,경상남도 창원시 의창구 대산면,경상사고,0,0,2,0,차대차 - 측면충돌,교차로운행방법위반,건조,맑음,교차로 - 교차로안,승용,여,60세,상해없음,승용,여,48세,경상
2018072600100107,2018년 7월 26일 07시,목요일,경상남도 김해시 진영읍,중상사고,0,1,1,0,차량단독 - 전도전복 - 전도,안전운전불이행,건조,맑음,단일로 - 기타,이륜,남,16세,경상,미분류,미분류,미분류,미분류
2018072600100137,2018년 7월 26일 08시,목요일,경상남도 진주시 상봉동,경상사고,0,0,1,0,차대차 - 측면충돌,신호위반,건조,맑음,교차로 - 교차로안,승용,남,32세,상해없음,승용,남,52세,경상
2018072600100138,2018년 7월 26일 08시,목요일,경상남도 김해시 내동,중상사고,0,1,0,0,차대차 - 측면충돌,신호위반,건조,맑음,교차로 - 교차로안,승용,남,65세,상해없음,이륜,남,34세,중상
2018072600100139,2018년 7월 26일 08시,목요일,경상남도 김해시 한림면,중상사고,0,1,0,0,차대차 - 측면충돌,교차로운행방법위반,건조,맑음,교차로 - 교차로안,승용,남,25세,상해없음,화물,남,67세,중상
2018072600100178,2018년 7월 26일 09시,목요일,경상남도 김해시 어방동,중상사고,0,1,9,0,차대차 - 측면충돌,안전운전불이행,건조,맑음,교차로 - 교차로안,승용,여,47세,경상,승합,여,52세,중상
2018072600100203,2018년 7월 26일 10시,목요일,경상남도 진주시 지수면,중상사고,0,1,0,0,차대차 - 측면충돌,중앙선침범,건조,맑음,단일로 - 기타,화물,남,53세,상해없음,화물,남,62세,중상
2018072600100204,2018년 7월 26일 10시,목요일,경상남도 진주시 옥봉동,경상사고,0,0,1,0,차대차 - 추돌,안전운전불이행,건조,맑음,단일로 - 기타,승용,여,40세,상해없음,승용,여,43세,경상
2018072600100205,2018년 7월 26일 10시,목요일,경상남도 창녕군 창녕읍,중상사고,0,1,2,0,차대차 - 기타,안전운전불이행,건조,맑음,교차로 - 교차로부근,건설기계,남,58세,상해없음,화물,남,73세,경상
2018072600100206,2018년 7월 26일 10시,목요일,경상남도 산청군 산청읍,경상사고,0,0,1,0,차대차 - 측면충돌,교차로운행방법위반,건조,맑음,교차로 - 교차로안,승용,남,58세,상해없음,승용,여,39세,경상
2018072600100207,2018년 7월 26일 10시,목요일,경상남도 김해시 부곡동,중상사고,0,1,0,0,차대차 - 측면충돌,안전운전불이행,건조,맑음,교차로 - 교차로횡단보도내,승용,여,64세,상해없음,자전거,남,82세,중상
2018072600100268,2018년 7월 26일 12시,목요일,경상남도 통영시 명정동,경상사고,0,0,2,0,차대차 - 측면충돌,교차로운행방법위반,건조,맑음,교차로 - 교차로부근,승용,남,73세,기타불명,승용,남,41세,경상
2018072600100269,2018년 7월 26일 12시,목요일,경상남도 사천시 용현면,중상사고,0,1,0,0,차대차 - 측면충돌,안전운전불이행,건조,맑음,교차로 - 교차로부근,화물,남,58세,중상,승용,남,38세,상해없음
2018072600100270,2018년 7월 26일 12시,목요일,경상남도 하동군 악양면,중상사고,0,1,0,0,차량단독 - 전도전복 - 전도,안전운전불이행,건조,맑음,단일로 - 기타,이륜,남,34세,중상,미분류,미분류,미분류,미분류
2018072600100271,2018년 7월 26일 12시,목요일,경상남도 거제시 고현동,경상사고,0,0,1,0,차대차 - 추돌,안전거리미확보,건조,맑음,단일로 - 기타,화물,남,69세,상해없음,승용,남,41세,경상
2018072600100290,2018년 7월 26일 13시,목요일,경상남도 거제시 연초면,경상사고,0,0,1,0,차대사람 - 기타,안전운전불이행,건조,맑음,주차장 - 주차장,화물,남,42세,상해없음,보행자,남,39세,경상
2018072600100291,2018년 7월 26일 13시,목요일,경상남도 창원시 의창구 서상동,부상신고사고,0,0,0,1,차대차 - 추돌,안전운전불이행,건조,맑음,단일로 - 기타,자전거,남,15세,부상신고,승합,남,57세,상해없음
2018072600100324,2018년 7월 26일 14시,목요일,경상남도 김해시 내동,경상사고,0,0,1,0,차대차 - 측면충돌,불법유턴,건조,맑음,교차로 - 교차로안,승용,남,61세,경상,건설기계,남,43세,상해없음
2018072600100325,2018년 7월 26일 14시,목요일,경상남도 김해시 불암동,경상사고,0,0,1,0,차대차 - 측면충돌,차로위반,건조,맑음,단일로 - 기타,승용,여,57세,상해없음,승용,남,57세,경상
2018072600100326,2018년 7월 26일 14시,목요일,경상남도 거제시 연초면,경상사고,0,0,1,0,차대차 - 추돌,안전거리미확보,건조,맑음,교차로 - 교차로부근,승합,남,49세,상해없음,화물,남,49세,경상
2018072600100360,2018년 7월 26일 15시,목요일,경상남도 진주시 동성동,중상사고,0,1,0,0,차대차 - 측면충돌,안전운전불이행,건조,맑음,단일로 - 기타,화물,남,51세,상해없음,자전거,남,57세,중상
2018072600100361,2018년 7월 26일 15시,목요일,경상남도 밀양시 내이동,경상사고,0,0,1,0,차대사람 - 길가장자리구역통행중,안전운전불이행,건조,맑음,단일로 - 기타,승용,여,43세,상해없음,보행자,여,53세,경상
2018072600100429,2018년 7월 26일 17시,목요일,경상남도 창녕군 영산면,경상사고,0,0,1,0,차대차 - 기타,안전운전불이행,건조,맑음,교차로 - 교차로부근,이륜,남,72세,경상,승용,남,37세,상해없음
2018072600100430,2018년 7월 26일 17시,목요일,경상남도 거제시 고현동,중상사고,0,1,0,0,차대사람 - 기타,보행자보호의무위반,건조,맑음,교차로 - 교차로안,승용,남,60세,상해없음,보행자,여,77세,중상
2018072600100474,2018년 7월 26일 18시,목요일,경상남도 함양군 안의면,부상신고사고,0,0,0,1,차량단독 - 전도전복 - 전도,안전운전불이행,건조,맑음,단일로 - 기타,이륜,남,18세,부상신고,미분류,미분류,미분류,미분류
2018072600100475,2018년 7월 26일 18시,목요일,경상남도 함안군 칠원읍,부상신고사고,0,0,0,1,차대차 - 기타,안전운전불이행,건조,맑음,단일로 - 기타,자전거,남,12세,부상신고,승용,남,41세,상해없음
2018072600100476,2018년 7월 26일 18시,목요일,경상남도 김해시 흥동,사망사고,1,1,1,0,차대차 - 추돌,안전운전불이행,건조,맑음,단일로 - 터널,화물,남,70세,사망,승용,남,46세,중상
2018072600100507,2018년 7월 26일 19시,목요일,경상남도 김해시 어방동,경상사고,0,0,1,0,차대차 - 측면충돌,신호위반,건조,맑음,교차로 - 교차로안,이륜,남,21세,상해없음,승용,남,59세,경상
2018072600100508,2018년 7월 26일 19시,목요일,경상남도 창원시 마산합포구 산호동,경상사고,0,0,1,0,차대사람 - 횡단중,보행자보호의무위반,건조,맑음,교차로 - 교차로부근,승합,남,40세,상해없음,보행자,여,12세,경상
2018072600100539,2018년 7월 26일 20시,목요일,경상남도 창녕군 남지읍,중상사고,0,2,0,0,차대차 - 기타,안전운전불이행,건조,맑음,단일로 - 기타,화물,남,77세,상해없음,농기계,남,61세,중상
2018072600100557,2018년 7월 26일 21시,목요일,경상남도 거제시 장평동,중상사고,0,1,0,0,차대차 - 기타,교차로운행방법위반,건조,맑음,교차로 - 교차로안,승용,여,40세,상해없음,승용,남,34세,중상
2018072600100586,2018년 7월 26일 22시,목요일,경상남도 김해시 구산동,중상사고,0,1,0,0,차대차 - 측면충돌,중앙선침범,건조,맑음,교차로 - 교차로부근,이륜,남,21세,상해없음,이륜,남,18세,중상
2018072600100587,2018년 7월 26일 22시,목요일,경상남도 거제시 옥포동,중상사고,0,1,0,0,차대사람 - 기타,안전운전불이행,건조,맑음,단일로 - 기타,승용,남,59세,상해없음,보행자,여,18세,중상
2018072600100588,2018년 7월 26일 22시,목요일,경상남도 함안군 칠서면,사망사고,1,0,0,0,차대차 - 추돌,안전운전불이행,건조,맑음,단일로 - 기타,승용,남,37세,상해없음,자전거,남,57세,사망
2018072600100589,2018년 7월 26일 22시,목요일,경상남도 창원시 성산구 반림동,경상사고,0,0,1,0,차대차 - 측면충돌,중앙선침범,건조,맑음,단일로 - 기타,승용,남,38세,상해없음,승용,여,51세,경상
2018072600100609,2018년 7월 26일 23시,목요일,경상남도 김해시 외동,중상사고,0,1,0,0,차대차 - 측면충돌,불법유턴,건조,맑음,교차로 - 교차로부근,이륜,남,39세,중상,승용,남,27세,상해없음
2018072700100043,2018년 7월 27일 03시,금요일,경상남도 사천시 벌리동,경상사고,0,0,1,0,차대사람 - 차도통행중,안전운전불이행,건조,맑음,단일로 - 기타,승용,남,21세,상해없음,보행자,여,73세,경상
2018072700100077,2018년 7월 27일 06시,금요일,경상남도 김해시 부곡동,중상사고,0,1,0,0,차대사람 - 횡단중,안전운전불이행,건조,맑음,단일로 - 기타,승용,남,61세,상해없음,보행자,여,72세,중상
2018072700100128,2018년 7월 27일 08시,금요일,경상남도 통영시 용남면,경상사고,0,0,1,0,차대차 - 추돌,안전운전불이행,건조,맑음,교차로 - 교차로부근,화물,여,57세,상해없음,승용,여,42세,경상
2018072700100129,2018년 7월 27일 08시,금요일,경상남도 김해시 구산동,경상사고,0,0,1,0,차대차 - 측면충돌,신호위반,건조,맑음,교차로 - 교차로안,이륜,남,73세,경상,승합,남,75세,상해없음
2018072700100130,2018년 7월 27일 08시,금요일,경상남도 김해시 부원동,경상사고,0,0,1,0,차대차 - 측면충돌,안전운전불이행,건조,맑음,교차로 - 교차로부근,승용,여,41세,상해없음,자전거,남,75세,경상
2018072700100131,2018년 7월 27일 08시,금요일,경상남도 산청군 산청읍,중상사고,0,1,0,0,차대차 - 측면충돌,안전운전불이행,건조,맑음,단일로 - 기타,승용,여,26세,상해없음,승용,여,52세,중상
2018072700100242,2018년 7월 27일 11시,금요일,경상남도 양산시 남부동,경상사고,0,0,2,0,차대차 - 측면충돌,교차로운행방법위반,건조,맑음,교차로 - 교차로부근,승용,여,53세,경상,승용,여,65세,경상
2018072700100243,2018년 7월 27일 11시,금요일,경상남도 창원시 마산회원구 석전동,경상사고,0,0,2,0,차대차 - 측면충돌,안전운전불이행,건조,맑음,교차로 - 교차로부근,승용,남,69세,상해없음,승합,남,44세,경상
2018072700100273,2018년 7월 27일 12시,금요일,경상남도 함안군 가야읍,경상사고,0,0,1,0,차량단독 - 기타,안전운전불이행,건조,맑음,단일로 - 기타,이륜,남,20세,경상,,,,
2018072700100274,2018년 7월 27일 12시,금요일,경상남도 김해시 진영읍,중상사고,0,1,0,0,차대차 - 측면충돌,신호위반,건조,맑음,교차로 - 교차로안,이륜,남,89세,중상,화물,남,45세,상해없음
2018072700100351,2018년 7월 27일 14시,금요일,경상남도 거제시 고현동,중상사고,0,1,0,0,차대차 - 추돌,안전운전불이행,건조,맑음,교차로 - 교차로부근,승용,남,39세,상해없음,화물,남,48세,중상
2018072700100388,2018년 7월 27일 15시,금요일,경상남도 거제시 양정동,중상사고,0,1,0,0,차대차 - 측면충돌,교차로운행방법위반,건조,맑음,교차로 - 교차로안,승용,여,40세,상해없음,자전거,남,7세,중상
2018072700100389,2018년 7월 27일 15시,금요일,경상남도 김해시 부곡동,중상사고,0,2,1,0,차대차 - 측면충돌,교차로운행방법위반,건조,맑음,교차로 - 교차로안,승용,여,46세,경상,승용,남,29세,중상
2018072700100390,2018년 7월 27일 15시,금요일,경상남도 김해시 진영읍,중상사고,0,1,1,0,차대차 - 추돌,안전운전불이행,건조,맑음,교차로 - 교차로부근,화물,남,27세,상해없음,승용,여,36세,중상
2018072700100437,2018년 7월 27일 16시,금요일,경상남도 진주시 평거동,경상사고,0,0,1,0,차대차 - 측면충돌,직진우회전진행방해,건조,맑음,교차로 - 교차로안,화물,남,78세,상해없음,자전거,남,84세,경상
2018072700100438,2018년 7월 27일 16시,금요일,경상남도 함양군 함양읍,중상사고,0,1,1,0,차대차 - 측면충돌,신호위반,젖음/습기,비,교차로 - 교차로안,승용,여,52세,상해없음,승용,여,54세,중상