사고번호,사고일시,요일,시군구,사고내용,사망자수,중상자수,경상자수,부상신고자수,사고유형,법규위반,노면상태,기상상태,도로형태,가해운전자 차종,가해운전자 성별,가해운전자 연령,가해운전자 상해정도,피해운전자 차종,피해운전자 성별,피해운전자 연령,피해운전자 상해정도
2018073100100369,2018년 7월 31일 15시,화요일,경상남도 양산시 북부동,경상사고,0,0,1,0,차대차 - 기타,안전운전불이행,건조,맑음,단일로 - 기타,승용,여,62세,상해없음,이륜,남,29세,경상
2018073100100394,2018년 7월 31일 16시,화요일,경상남도 양산시 주남동,중상사고,0,1,1,0,차대차 - 측면충돌,교차로운행방법위반,건조,맑음,교차로 - 교차로안,승용,남,55세,중상,승용,남,40세,경상
2018073100100395,2018년 7월 31일 16시,화요일,경상남도 창원시 성산구 상남동,중상사고,0,1,0,0,차대사람 - 횡단중,안전운전불이행,건조,맑음,교차로 - 교차로부근,승용,여,48세,상해없음,보행자,여,3세,중상
2018073100100428,2018년 7월 31일 17시,화요일,경상남도 진주시 인사동,경상사고,0,0,1,0,차대차 - 추돌,안전운전불이행,건조,맑음,단일로 - 기타,화물,남,53세,상해없음,승용,여,36세,경상
2018073100100429,2018년 7월 31일 17시,화요일,경상남도 진주시 상대동,중상사고,0,1,0,0,차대차 - 기타,안전운전불이행,건조,맑음,단일로 - 기타,승용,남,59세,상해없음,원동기,남,54세,중상
2018073100100430,2018년 7월 31일 17시,화요일,경상남도 김해시 삼정동,중상사고,0,1,0,0,차대차 - 기타,직진우회전진행방해,건조,맑음,교차로 - 교차로안,승용,남,65세,상해없음,자전거,남,24세,중상
2018073100100431,2018년 7월 31일 17시,화요일,경상남도 남해군 남해읍,중상사고,0,1,0,0,차대차 - 측면충돌,안전운전불이행,건조,맑음,교차로 - 교차로안,승용,남,26세,상해없음,원동기,남,54세,중상
2018073100100432,2018년 7월 31일 17시,화요일,경상남도 의령군 부림면,사망사고,1,0,0,0,차량단독 - 공작물충돌,안전운전불이행,건조,맑음,교차로 - 교차로부근,화물,남,63세,사망,,,,
2018073100100473,2018년 7월 31일 18시,화요일,경상남도 양산시 중부동,경상사고,0,0,1,0,차대사람 - 기타,안전운전불이행,건조,맑음,교차로 - 교차로안,승용,남,22세,상해없음,보행자,여,21세,경상
2018073100100474,2018년 7월 31일 18시,화요일,경상남도 창원시 성산구 불모산동,경상사고,0,0,3,0,차대차 - 추돌,안전운전불이행,건조,맑음,단일로 - 터널,승용,남,29세,상해없음,승용,여,29세,경상
2018073100100475,2018년 7월 31일 18시,화요일,경상남도 김해시 관동동,경상사고,0,0,2,0,차대차 - 후진중충돌,불법유턴,건조,맑음,교차로 - 교차로안,승용,남,30세,상해없음,승용,남,70세,경상
2018073100100556,2018년 7월 31일 20시,화요일,경상남도 김해시 봉황동,경상사고,0,0,3,0,차대차 - 추돌,안전운전불이행,건조,맑음,단일로 - 기타,승용,남,47세,기타불명,승용,남,50세,경상
2018073100100557,2018년 7월 31일 20시,화요일,경상남도 양산시 평산동,중상사고,0,1,0,0,차대사람 - 기타,안전운전불이행,건조,맑음,단일로 - 기타,이륜,남,19세,상해없음,보행자,남,7세,중상
2018080100100012,2018년 8월 1일 00시,수요일,경상남도 사천시 정동면,경상사고,0,0,1,0,차대차 - 측면충돌,안전운전불이행,건조,맑음,단일로 - 기타,승용,남,33세,상해없음,승용,남,27세,경상
2018080100100013,2018년 8월 1일 00시,수요일,경상남도 창원시 마산회원구 내서읍,경상사고,0,0,2,0,차대차 - 추돌,안전운전불이행,건조,맑음,단일로 - 기타,승용,남,47세,상해없음,승용,남,68세,경상
2018080100100073,2018년 8월 1일 05시,수요일,경상남도 사천시 동금동,중상사고,0,1,0,0,차대차 - 정면충돌,중앙선침범,건조,맑음,교차로 - 교차로부근,자전거,남,79세,중상,승용,여,74세,상해없음
2018080100100140,2018년 8월 1일 08시,수요일,경상남도 거제시 능포동,경상사고,0,0,2,0,차대차 - 측면충돌,안전거리미확보,건조,맑음,단일로 - 기타,승합,남,67세,상해없음,화물,남,64세,경상
2018080100100141,2018년 8월 1일 08시,수요일,경상남도 함안군 법수면,중상사고,0,1,0,0,차대차 - 측면충돌,안전운전불이행,건조,맑음,단일로 - 기타,승용,여,60세,상해없음,자전거,남,66세,중상
2018080100100174,2018년 8월 1일 09시,수요일,경상남도 사천시 벌리동,중상사고,0,2,0,0,차대차 - 측면충돌,안전운전불이행,건조,맑음,교차로 - 교차로안,이륜,여,66세,중상,이륜,여,50세,중상
2018080100100175,2018년 8월 1일 09시,수요일,경상남도 김해시 어방동,경상사고,0,0,1,0,차대차 - 기타,신호위반,건조,맑음,교차로 - 교차로안,승용,여,50세,상해없음,승용,남,48세,경상
2018080100100176,2018년 8월 1일 09시,수요일,경상남도 양산시 물금읍,중상사고,0,1,0,0,차량단독 - 전도전복 - 전도,안전운전불이행,건조,맑음,단일로 - 지하차도(도로)내,개인형이동수단(PM),남,80세,상해없음,미분류,미분류,미분류,미분류
2018080100100177,2018년 8월 1일 09시,수요일,경상남도 고성군 마암면,경상사고,0,0,2,0,차대차 - 측면충돌,신호위반,건조,맑음,교차로 - 교차로안,승용,남,75세,상해없음,승용,남,25세,경상
2018080100100178,2018년 8월 1일 09시,수요일,경상남도 창원시 의창구 동읍,경상사고,0,0,1,0,차대차 - 추돌,안전운전불이행,건조,맑음,단일로 - 기타,승용,남,27세,상해없음,승용,남,30세,경상
2018080100100208,2018년 8월 1일 10시,수요일,경상남도 김해시 어방동,중상사고,0,1,0,0,차대사람 - 횡단중,안전운전불이행,건조,맑음,단일로 - 기타,승용,남,43세,상해없음,보행자,남,18세,중상
2018080100100209,2018년 8월 1일 10시,수요일,경상남도 김해시 내동,경상사고,0,0,1,0,차대차 - 추돌,안전거리미확보,건조,맑음,교차로 - 교차로부근,승용,남,59세,상해없음,승용,남,47세,경상
2018080100100210,2018년 8월 1일 10시,수요일,경상남도 합천군 삼가면,경상사고,0,0,1,0,차대차 - 측면충돌,교차로운행방법위반,건조,맑음,교차로 - 교차로안,승용,남,46세,상해없음,승용,남,52세,상해없음
2018080100100211,2018년 8월 1일 10시,수요일,경상남도 양산시 평산동,경상사고,0,0,3,0,차대차 - 측면충돌,신호위반,건조,맑음,교차로 - 교차로안,이륜,남,52세,경상,승용,남,44세,경상
2018080100100242,2018년 8월 1일 11시,수요일,경상남도 진주시 사봉면,중상사고,0,2,0,0,차대차 - 정면충돌,중앙선침범,건조,맑음,단일로 - 기타,화물,남,56세,중상,승용,남,31세,중상
2018080100100243,2018년 8월 1일 11시,수요일,경상남도 밀양시 부북면,경상사고,0,0,1,0,차대차 - 측면충돌,교차로운행방법위반,건조,맑음,교차로 - 교차로안,승용,남,41세,상해없음,승용,남,56세,경상
2018080100100244,2018년 8월 1일 11시,수요일,경상남도 창원시 마산회원구 구암동,중상사고,0,1,0,0,차대사람 - 횡단중,보행자보호의무위반,건조,맑음,교차로 - 교차로횡단보도내,건설기계,남,53세,상해없음,보행자,남,62세,중상
2018080100100245,2018년 8월 1일 11시,수요일,경상남도 김해시 진례면,경상사고,0,0,1,0,차대차 - 측면충돌,신호위반,건조,맑음,교차로 - 교차로안,농기계,남,86세,경상,승용,여,27세,상해없음
2018080100100274,2018년 8월 1일 12시,수요일,경상남도 창원시 마산합포구 중앙동3가,중상사고,0,1,0,1,차대차 - 측면충돌,직진우회전진행방해,건조,맑음,교차로 - 교차로안,승용,여,50세,부상신고,승용,남,44세,중상
2018080100100313,2018년 8월 1일 13시,수요일,경상남도 통영시 광도면,경상사고,0,0,2,0,차대차 - 측면충돌,교차로운행방법위반,건조,맑음,교차로 - 교차로안,승용,여,57세,상해없음,승용,여,47세,경상
2018080100100314,2018년 8월 1일 13시,수요일,경상남도 통영시 항남동,경상사고,0,0,1,0,차대차 - 측면충돌,교차로운행방법위반,건조,맑음,교차로 - 교차로안,이륜,남,37세,상해없음,승용,남,28세,경상
2018080100100315,2018년 8월 1일 13시,수요일,경상남도 함양군 서상면,중상사고,0,1,0,0,차량단독 - 도로외이탈 - 기타,안전운전불이행,건조,맑음,단일로 - 기타,이륜,남,55세,중상,,,,
2018080100100316,2018년 8월 1일 13시,수요일,경상남도 창원시 마산합포구 산호동,중상사고,0,1,0,0,차대차 - 측면충돌,안전운전불이행,건조,맑음,단일로 - 기타,화물,남,58세,상해없음,승용,남,52세,중상
2018080100100341,2018년 8월 1일 14시,수요일,경상남도 창원시 진해구 경화동,중상사고,0,1,0,0,차대차 - 측면충돌,안전운전불이행,건조,맑음,주차장 - 주차장,승용,남,29세,상해없음,원동기,남,57세,중상
2018080100100342,2018년 8월 1일 14시,수요일,경상남도 사천시 용강동,경상사고,0,0,2,0,차대차 - 측면충돌,직진우회전진행방해,건조,맑음,교차로 - 교차로안,이륜,남,58세,경상,승용,남,58세,상해없음
2018080100100343,2018년 8월 1일 14시,수요일,경상남도 합천군 청덕면,사망사고,1,0,0,0,차대차 - 기타,안전운전불이행,건조,맑음,단일로 - 기타,기타불명,기타불명,미분류,기타불명,이륜,여,66세,사망
2018080100100344,2018년 8월 1일 14시,수요일,경상남도 김해시 한림면,부상신고사고,0,0,0,1,차대차 - 기타,안전운전불이행,건조,맑음,단일로 - 기타,자전거,남,69세,부상신고,기타불명,기타불명,미분류,기타불명
2018080100100375,2018년 8월 1일 15시,수요일,경상남도 김해시 율하동,중상사고,0,2,0,0,차대차 - 측면충돌,안전운전불이행,건조,맑음,단일로 - 기타,승용,남,41세,상해없음,자전거,남,13세,중상
2018080100100466,2018년 8월 1일 17시,수요일,경상남도 진주시 가좌동,경상사고,0,0,1,0,차대사람 - 기타,안전운전불이행,건조,맑음,단일로 - 지하차도(도로)내,승용,여,30세,상해없음,보행자,여,81세,경상
2018080100100467,2018년 8월 1일 17시,수요일,경상남도 김해시 외동,경상사고,0,0,1,0,차대차 - 기타,안전운전불이행,건조,맑음,교차로 - 교차로부근,승용,여,29세,상해없음,이륜,남,25세,경상
2018080100100468,2018년 8월 1일 17시,수요일,경상남도 양산시 북정동,중상사고,0,1,0,0,차대차 - 측면충돌,안전운전불이행,건조,맑음,교차로 - 교차로안,승용,여,52세,상해없음,이륜,남,29세,중상
2018080100100522,2018년 8월 1일 18시,수요일,경상남도 진주시 상평동,중상사고,0,1,0,0,차대차 - 측면충돌,중앙선침범,건조,맑음,단일로 - 기타,승용,남,37세,상해없음,이륜,남,56세,중상
2018080100100523,2018년 8월 1일 18시,수요일,경상남도 거창군 위천면,경상사고,0,0,1,0,차대차 - 기타,안전운전불이행,건조,맑음,단일로 - 기타,승용,남,26세,상해없음,자전거,남,8세,경상
2018080100100548,2018년 8월 1일 19시,수요일,경상남도 거창군 거창읍,경상사고,0,0,1,0,차대차 - 기타,중앙선침범,건조,맑음,단일로 - 기타,이륜,남,70세,경상,승용,남,60세,상해없음
2018080100100575,2018년 8월 1일 20시,수요일,경상남도 통영시 광도면,사망사고,1,0,0,0,차대사람 - 횡단중,안전운전불이행,건조,맑음,단일로 - 기타,승용,남,48세,상해없음,보행자,남,79세,사망
2018080100100576,2018년 8월 1일 20시,수요일,경상남도 통영시 용남면,경상사고,0,0,1,0,차대차 - 측면충돌,안전운전불이행,건조,맑음,교차로 - 교차로안,승용,남,43세,상해없음,승용,남,44세,경상
2018080100100577,2018년 8월 1일 20시,수요일,경상남도 창원시 성산구 상남동,경상사고,0,0,4,0,차대차 - 추돌,안전운전불이행,건조,맑음,교차로 - 교차로부근,화물,남,57세,상해없음,승용,여,30세,경상
2018080100100578,2018년 8월 1일 20시,수요일,경상남도 창원시 마산합포구 산호동,경상사고,0,0,1,0,차대차 - 추돌,안전운전불이행,건조,맑음,교차로 - 교차로안,승용,남,57세,상해없음,승용,남,57세,경상
2018080100100672,2018년 8월 1일 23시,수요일,경상남도 김해시 안동,중상사고,0,2,0,0,차대차 - 기타,안전운전불이행,건조,맑음,기타 - 기타,승용,남,59세,상해없음,승용,남,27세,중상
2018080100100673,2018년 8월 1일 23시,수요일,경상남도 통영시 광도면,사망사고,1,0,0,0,차대사람 - 기타,안전운전불이행,건조,맑음,단일로 - 기타,승용,남,60세,상해없음,보행자,남,25세,사망
2018080200100052,2018년 8월 2일 04시,목요일,경상남도 창원시 진해구 장천동,중상사고,0,1,0,0,차량단독 - 전도전복 - 전도,안전운전불이행,건조,맑음,단일로 - 기타,이륜,남,31세,중상,미분류,미분류,미분류,미분류
2018080200100079,2018년 8월 2일 06시,목요일,경상남도 김해시 진영읍,부상신고사고,0,0,0,2,차량단독 - 공작물충돌,안전운전불이행,건조,맑음,단일로 - 기타,이륜,남,17세,부상신고,,,,
2018080200100101,2018년 8월 2일 07시,목요일,경상남도 김해시 삼계동,중상사고,0,1,0,0,차대사람 - 기타,안전운전불이행,건조,맑음,단일로 - 기타,승용,남,37세,상해없음,보행자,남,76세,중상
2018080200100102,2018년 8월 2일 07시,목요일,경상남도 김해시 한림면,부상신고사고,0,0,0,1,차대차 - 측면충돌,안전운전불이행,건조,맑음,교차로 - 교차로부근,자전거,남,78세,부상신고,화물,남,67세,상해없음
2018080200100146,2018년 8월 2일 08시,목요일,경상남도 사천시 대방동,중상사고,0,2,0,0,차대차 - 기타,안전운전불이행,건조,맑음,단일로 - 교량,화물,남,62세,상해없음,승용,여,32세,중상
2018080200100185,2018년 8월 2일 09시,목요일,경상남도 양산시 원동면,경상사고,0,0,1,0,차대차 - 추돌,안전운전불이행,건조,맑음,단일로 - 기타,건설기계,남,50세,상해없음,건설기계,남,60세,경상
2018080200100186,2018년 8월 2일 09시,목요일,경상남도 창원시 성산구 상남동,중상사고,0,1,2,0,차대차 - 추돌,안전운전불이행,건조,맑음,교차로 - 교차로안,승용,남,30세,중상,승용,남,31세,상해없음
2018080200100221,2018년 8월 2일 10시,목요일,경상남도 거제시 일운면,경상사고,0,0,4,0,차대차 - 추돌,안전거리미확보,건조,맑음,교차로 - 교차로안,화물,남,34세,상해없음,승용,남,66세,경상
2018080200100238,2018년 8월 2일 11시,목요일,경상남도 진주시 지수면,중상사고,0,1,0,0,차대차 - 측면충돌,안전운전불이행,건조,맑음,교차로 - 교차로안,승용,여,61세,상해없음,이륜,남,77세,중상
2018080200100239,2018년 8월 2일 11시,목요일,경상남도 산청군 시천면,경상사고,0,0,2,0,차대차 - 추돌,안전운전불이행,건조,맑음,단일로 - 기타,승용,남,61세,상해없음,승용,남,23세,경상
2018080200100281,2018년 8월 2일 12시,목요일,경상남도 밀양시 삼문동,중상사고,0,1,0,0,차대차 - 측면충돌,교차로운행방법위반,건조,맑음,교차로 - 교차로안,승용,여,52세,상해없음,자전거,남,11세,중상
2018080200100313,2018년 8월 2일 13시,목요일,경상남도 사천시 실안동,경상사고,0,0,1,0,차량단독 - 공작물충돌,안전운전불이행,건조,맑음,단일로 - 기타,승용,남,65세,경상,,,,
2018080200100314,2018년 8월 2일 13시,목요일,경상남도 김해시 삼방동,중상사고,0,1,0,0,차대차 - 기타,안전운전불이행,건조,맑음,교차로 - 교차로안,화물,남,63세,상해없음,승용,남,21세,중상
2018080200100345,2018년 8월 2일 14시,목요일,경상남도 창녕군 남지읍,경상사고,0,0,1,0,차대차 - 측면충돌,직진우회전진행방해,건조,맑음,교차로 - 교차로안,화물,남,67세,상해없음,화물,남,53세,경상
2018080200100346,2018년 8월 2일 14시,목요일,경상남도 남해군 미조면,중상사고,0,2,0,0,차대차 - 추돌,안전운전불이행,건조,맑음,단일로 - 기타,화물,남,41세,상해없음,승용,여,63세,중상
2018080200100372,2018년 8월 2일 15시,목요일,경상남도 거제시 고현동,경상사고,0,0,2,0,차대차 - 추돌,안전거리미확보,건조,맑음,교차로 - 교차로안,승용,남,50세,상해없음,승용,남,30세,경상
2018080200100373,2018년 8월 2일 15시,목요일,경상남도 창원시 성산구 중앙동,중상사고,0,1,0,0,차대사람 - 횡단중,신호위반,건조,맑음,단일로 - 기타,승용,여,54세,상해없음,보행자,여,45세,중상
2018080200100374,2018년 8월 2일 15시,목요일,경상남도 창원시 의창구 명서동,경상사고,0,0,1,0,차대차 - 측면충돌,교차로운행방법위반,건조,맑음,교차로 - 교차로안,승용,남,63세,상해없음,화물,남,31세,상해없음
2018080200100406,2018년 8월 2일 16시,목요일,경상남도 김해시 삼계동,중상사고,0,1,0,0,차대사람 - 기타,안전운전불이행,건조,맑음,단일로 - 기타,승용,남,54세,상해없음,보행자,여,35세,중상
2018080200100407,2018년 8월 2일 16시,목요일,경상남도 김해시 생림면,부상신고사고,0,0,0,4,차대차 - 기타,안전운전불이행,건조,맑음,단일로 - 기타,화물,남,56세,부상신고,화물,남,46세,부상신고
2018080200100408,2018년 8월 2일 16시,목요일,경상남도 거제시 수월동,경상사고,0,0,1,0,차대차 - 기타,안전운전불이행,건조,맑음,교차로 - 교차로부근,승용,여,24세,상해없음,이륜,남,43세,경상
2018080200100447,2018년 8월 2일 17시,목요일,경상남도 함양군 함양읍,중상사고,0,1,0,0,차대차 - 측면충돌,교차로운행방법위반,건조,맑음,교차로 - 교차로안,승용,여,47세,상해없음,자전거,남,78세,중상
2018080200100448,2018년 8월 2일 17시,목요일,경상남도 양산시 상북면,중상사고,0,1,0,0,차대차 - 기타,신호위반,건조,맑음,교차로 - 교차로안,승용,남,36세,상해없음,승합,남,56세,상해없음
2018080200100488,2018년 8월 2일 18시,목요일,경상남도 사천시 서포면,경상사고,0,0,2,0,차대차 - 측면충돌,직진우회전진행방해,건조,맑음,교차로 - 교차로안,승용,여,36세,경상,승용,여,25세,경상
2018080200100520,2018년 8월 2일 19시,목요일,경상남도 통영시 정량동,경상사고,0,0,3,0,차대차 - 측면충돌,안전운전불이행,건조,맑음,교차로 - 교차로부근,승용,여,29세,상해없음,승용,남,23세,경상
2018080200100521,2018년 8월 2일 19시,목요일,경상남도 거제시 일운면,경상사고,0,0,1,0,차대차 - 기타,안전거리미확보,건조,맑음,교차로 - 교차로부근,승용,남,29세,상해없음,승용,남,34세,상해없음
2018080200100557,2018년 8월 2일 20시,목요일,경상남도 양산시 남부동,경상사고,0,0,1,0,차대차 - 기타,안전운전불이행,건조,맑음,교차로 - 교차로부근,승용,여,27세,상해없음,이륜,여,50세,경상
2018080300100011,2018년 8월 3일 00시,금요일,경상남도 사천시 사천읍,경상사고,0,0,2,0,차대차 - 측면충돌,안전운전불이행,건조,맑음,교차로 - 교차로부근,승용,남,31세,상해없음,승용,여,44세,경상
2018080300100060,2018년 8월 3일 05시,금요일,경상남도 양산시 동면,경상사고,0,0,1,0,차대차 - 기타,신호위반,건조,맑음,교차로 - 교차로안,승용,남,62세,상해없음,특수,남,47세,경상
2018080300100075,2018년 8월 3일 06시,금요일,경상남도 진주시 대안동,중상사고,0,1,0,0,차대사람 - 횡단중,안전운전불이행,건조,맑음,단일로 - 기타,승용,여,56세,상해없음,보행자,여,58세,중상
2018080300100076,2018년 8월 3일 06시,금요일,경상남도 김해시 진례면,중상사고,0,1,0,0,차대차 - 추돌,안전운전불이행,건조,맑음,단일로 - 기타,화물,남,58세,상해없음,자전거,남,37세,중상
2018080300100090,2018년 8월 3일 07시,금요일,경상남도 산청군 단성면,경상사고,0,0,2,0,차대차 - 추돌,안전운전불이행,건조,맑음,단일로 - 기타,승합,남,62세,상해없음,승용,남,34세,경상
2018080300100113,2018년 8월 3일 08시,금요일,경상남도 통영시 용남면,경상사고,0,0,1,0,차대차 - 측면충돌,안전운전불이행,건조,맑음,단일로 - 기타,승용,여,37세,상해없음,이륜,남,66세,경상
2018080300100114,2018년 8월 3일 08시,금요일,경상남도 창원시 성산구 신촌동,부상신고사고,0,0,0,1,차대차 - 기타,안전운전불이행,건조,맑음,단일로 - 기타,기타불명,기타불명,미분류,기타불명,승용,여,37세,상해없음
2018080300100143,2018년 8월 3일 09시,금요일,경상남도 통영시 항남동,경상사고,0,0,1,0,차대사람 - 차도통행중,안전운전불이행,건조,맑음,단일로 - 기타,승용,남,44세,상해없음,보행자,남,52세,경상
2018080300100144,2018년 8월 3일 09시,금요일,경상남도 통영시 중앙동,중상사고,0,1,0,0,차대사람 - 횡단중,안전운전불이행,건조,맑음,단일로 - 기타,화물,남,51세,상해없음,보행자,여,79세,중상
2018080300100145,2018년 8월 3일 09시,금요일,경상남도 창원시 마산회원구 회원동,중상사고,0,2,2,0,차대차 - 기타,안전운전불이행,건조,맑음,단일로 - 기타,승용,남,54세,상해없음,승합,남,43세,중상
2018080300100146,2018년 8월 3일 09시,금요일,경상남도 창원시 의창구 팔용동,중상사고,0,1,0,0,차대사람 - 기타,안전운전불이행,건조,맑음,기타 - 기타,특수,여,22세,상해없음,보행자,여,77세,중상
2018080300100181,2018년 8월 3일 10시,금요일,경상남도 진주시 명석면,사망사고,1,0,0,0,차대차 - 정면충돌,중앙선침범,건조,맑음,단일로 - 기타,화물,남,61세,사망,화물,남,59세,상해없음
2018080300100182,2018년 8월 3일 10시,금요일,경상남도 통영시 문화동,경상사고,0,0,2,0,차대차 - 후진중충돌,안전운전불이행,건조,맑음,교차로 - 교차로안,화물,남,47세,상해없음,승용,여,36세,경상
2018080300100183,2018년 8월 3일 10시,금요일,경상남도 거창군 북상면,중상사고,0,1,0,0,차대차 - 측면충돌,안전운전불이행,건조,맑음,단일로 - 기타,승용,남,62세,상해없음,이륜,남,57세,중상
2018080300100184,2018년 8월 3일 10시,금요일,경상남도 양산시 산막동,경상사고,0,0,1,0,차대차 - 측면충돌,안전운전불이행,건조,맑음,교차로 - 교차로부근,화물,남,48세,상해없음,승용,여,27세,경상
2018080300100185,2018년 8월 3일 10시,금요일,경상남도 남해군 남해읍,경상사고,0,0,1,0,차량단독 - 전도전복 - 전도,안전운전불이행,건조,맑음,단일로 - 기타,이륜,여,70세,경상,미분류,미분류,미분류,미분류
2018080300100217,2018년 8월 3일 11시,금요일,경상남도 고성군 개천면,중상사고,0,1,0,0,차대차 - 측면충돌,기타,건조,맑음,교차로 - 교차로안,이륜,남,74세,상해없음,이륜,남,68세,중상
2018080300100218,2018년 8월 3일 11시,금요일,경상남도 의령군 지정면,경상사고,0,0,1,0,차대차 - 측면충돌,안전운전불이행,건조,맑음,미분류 - 미분류,화물,남,69세,상해없음,이륜,여,61세,경상
2018080300100237,2018년 8월 3일 12시,금요일,경상남도 하동군 북천면,경상사고,0,0,3,0,차대차 - 정면충돌,중앙선침범,건조,맑음,단일로 - 기타,승용,남,21세,상해없음,승용,여,58세,경상
2018080300100238,2018년 8월 3일 12시,금요일,경상남도 산청군 금서면,중상사고,0,2,0,0,차량단독 - 공작물충돌,안전운전불이행,건조,맑음,단일로 - 기타,승용,남,75세,중상,,,,
2018080300100278,2018년 8월 3일 13시,금요일,경상남도 통영시 동호동,중상사고,0,1,0,0,차대차 - 측면충돌,안전운전불이행,건조,맑음,단일로 - 기타,승용,남,58세,상해없음,화물,남,59세,중상
2018080300100279,2018년 8월 3일 13시,금요일,경상남도 거제시 동부면,중상사고,0,1,0,0,차대차 - 기타,중앙선침범,건조,맑음,단일로 - 기타,승용,남,30세,상해없음,이륜,남,40세,중상
2018080300100296,2018년 8월 3일 14시,금요일,경상남도 김해시 상동면,경상사고,0,0,2,0,차대차 - 측면충돌,안전거리미확보,건조,맑음,단일로 - 기타,승용,남,41세,상해없음,승용,남,26세,상해없음
2018080300100315,2018년 8월 3일 14시,금요일,경상남도 창원시 마산합포구 오동동,경상사고,0,0,1,0,차대사람 - 횡단중,안전운전불이행,건조,맑음,단일로 - 터널,화물,남,65세,상해없음,보행자,여,39세,경상
2018080300100316,2018년 8월 3일 14시,금요일,경상남도 남해군 창선면,중상사고,0,1,0,0,차대차 - 추돌,안전운전불이행,건조,맑음,단일로 - 기타,승용,여,59세,중상,화물,남,62세,상해없음
2018080300100317,2018년 8월 3일 14시,금요일,경상남도 창원시 마산합포구 산호동,중상사고,0,2,1,0,차대차 - 추돌,안전운전불이행,건조,맑음,단일로 - 기타,화물,남,41세,상해없음,승용,남,61세,중상
2018080300100347,2018년 8월 3일 15시,금요일,경상남도 통영시 당동,경상사고,0,0,2,0,차대차 - 추돌,안전운전불이행,건조,맑음,단일로 - 교량,화물,남,43세,상해없음,승용,남,39세,경상
2018080300100383,2018년 8월 3일 16시,금요일,경상남도 밀양시 삼문동,중상사고,0,1,0,0,차대차 - 추돌,안전운전불이행,건조,맑음,단일로 - 기타,이륜,남,15세,기타불명,승용,남,60세,상해없음
2018080300100384,2018년 8월 3일 16시,금요일,경상남도 거창군 가조면,경상사고,0,0,4,0,차대차 - 측면충돌,기타,건조,맑음,교차로 - 교차로안,화물,남,54세,상해없음,승용,남,35세,경상
2018080300100385,2018년 8월 3일 16시,금요일,경상남도 거제시 고현동,경상사고,0,0,2,0,차대차 - 추돌,안전거리미확보,건조,맑음,단일로 - 터널,승용,남,61세,상해없음,승용,여,40세,경상
2018080300100386,2018년 8월 3일 16시,금요일,경상남도 창원시 의창구 북면,중상사고,0,1,0,0,차대차 - 기타,안전운전불이행,건조,맑음,교차로 - 교차로안,승용,남,28세,상해없음,이륜,남,75세,중상
2018080300100425,2018년 8월 3일 17시,금요일,경상남도 김해시 삼정동,중상사고,0,1,0,0,차대차 - 정면충돌,안전운전불이행,건조,맑음,단일로 - 기타,승용,남,34세,상해없음,이륜,남,16세,중상
2018080300100426,2018년 8월 3일 17시,금요일,경상남도 함양군 서하면,경상사고,0,0,2,0,차대차 - 측면충돌,기타,건조,맑음,교차로 - 교차로안,화물,남,53세,상해없음,승용,남,39세,경상
2018080300100427,2018년 8월 3일 17시,금요일,경상남도 양산시 하북면,중상사고,0,2,0,0,차대차 - 추돌,안전운전불이행,건조,맑음,교차로 - 교차로부근,승용,여,34세,상해없음,화물,남,54세,중상
2018080300100428,2018년 8월 3일 17시,금요일,경상남도 거제시 양정동,중상사고,0,1,0,0,차대차 - 측면충돌,교차로운행방법위반,건조,맑음,교차로 - 교차로안,승합,남,62세,상해없음,자전거,남,33세,중상
2018080300100467,2018년 8월 3일 18시,금요일,경상남도 창원시 마산합포구 신포동2가,경상사고,0,0,1,0,차대차 - 기타,안전운전불이행,건조,맑음,교차로 - 교차로부근,승용,남,64세,상해없음,이륜,여,60세,경상
2018080300100468,2018년 8월 3일 18시,금요일,경상남도 거창군 거창읍,경상사고,0,0,1,0,차대사람 - 차도통행중,안전운전불이행,건조,맑음,교차로 - 교차로안,화물,남,47세,상해없음,보행자,여,68세,경상
2018080300100469,2018년 8월 3일 18시,금요일,경상남도 창원시 의창구 대산면,경상사고,0,0,1,0,차대차 - 기타,안전운전불이행,건조,맑음,기타 - 기타,화물,남,25세,상해없음,이륜,기타불명,미분류,기타불명
2018080300100470,2018년 8월 3일 18시,금요일,경상남도 김해시 대청동,중상사고,0,1,0,0,차대차 - 측면충돌,안전운전불이행,건조,맑음,단일로 - 기타,자전거,남,42세,중상,승용,남,47세,상해없음
2018080300100471,2018년 8월 3일 18시,금요일,경상남도 김해시 진영읍,중상사고,0,1,0,0,차대차 - 측면충돌,신호위반,건조,맑음,교차로 - 교차로안,승용,남,73세,상해없음,승용,여,24세,중상
2018080300100506,2018년 8월 3일 19시,금요일,경상남도 김해시 대청동,중상사고,0,1,4,0,차대차 - 추돌,안전운전불이행,건조,맑음,단일로 - 기타,화물,남,69세,상해없음,화물,남,64세,경상
2018080300100539,2018년 8월 3일 20시,금요일,경상남도 사천시 사남면,중상사고,0,1,0,0,차대차 - 측면충돌,교차로운행방법위반,건조,맑음,교차로 - 교차로안,농기계,남,64세,중상,승용,남,41세,상해없음
2018080300100540,2018년 8월 3일 20시,금요일,경상남도 거창군 위천면,중상사고,0,3,1,0,차대차 - 추돌,안전운전불이행,건조,맑음,단일로 - 기타,승용,남,54세,경상,승용,남,54세,중상