사고번호,사고일시,요일,시군구,사고내용,사망자수,중상자수,경상자수,부상신고자수,사고유형,법규위반,노면상태,기상상태,도로형태,가해운전자 차종,가해운전자 성별,가해운전자 연령,가해운전자 상해정도,피해운전자 차종,피해운전자 성별,피해운전자 연령,피해운전자 상해정도
2018080300100541,2018년 8월 3일 20시,금요일,경상남도 양산시 동면,경상사고,0,0,1,0,차량단독 - 전도전복 - 전도,기타,건조,맑음,단일로 - 기타,이륜,남,35세,경상,미분류,미분류,미분류,미분류
2018080300100570,2018년 8월 3일 21시,금요일,경상남도 양산시 북정동,중상사고,0,1,0,0,차대사람 - 기타,안전운전불이행,건조,맑음,단일로 - 기타,승용,남,49세,상해없음,보행자,남,40세,중상
2018080300100605,2018년 8월 3일 22시,금요일,경상남도 함안군 칠원읍,경상사고,0,0,2,0,차대사람 - 횡단중,보행자보호의무위반,건조,맑음,교차로 - 교차로부근,승용,여,60세,상해없음,보행자,남,47세,경상
2018080300100606,2018년 8월 3일 22시,금요일,경상남도 의령군 부림면,경상사고,0,0,2,0,차대차 - 정면충돌,중앙선침범,건조,맑음,미분류 - 미분류,승용,남,60세,경상,승용,남,29세,경상
2018080400100019,2018년 8월 4일 00시,토요일,경상남도 김해시 대성동,경상사고,0,0,1,0,차대차 - 기타,신호위반,건조,맑음,교차로 - 교차로안,승용,남,40세,상해없음,이륜,남,36세,경상
2018080400100051,2018년 8월 4일 02시,토요일,경상남도 창원시 의창구 신월동,중상사고,0,1,0,0,차대차 - 측면충돌,안전운전불이행,건조,맑음,교차로 - 교차로안,승용,여,30세,상해없음,승용,남,33세,중상
2018080400100058,2018년 8월 4일 03시,토요일,경상남도 창원시 마산회원구 회원동,경상사고,0,0,1,0,차대차 - 기타,안전운전불이행,건조,맑음,교차로 - 교차로안,승용,남,49세,상해없음,이륜,남,52세,경상
2018080400100078,2018년 8월 4일 04시,토요일,경상남도 사천시 동금동,경상사고,0,0,1,1,차대차 - 측면충돌,신호위반,건조,맑음,교차로 - 교차로안,화물,남,74세,부상신고,승용,남,25세,상해없음
2018080400100101,2018년 8월 4일 06시,토요일,경상남도 양산시 상북면,중상사고,0,1,0,0,차대차 - 기타,안전운전불이행,건조,맑음,기타 - 기타,자전거,남,58세,중상,승용,남,60세,상해없음
2018080400100102,2018년 8월 4일 06시,토요일,경상남도 거제시 고현동,중상사고,0,1,1,0,차량단독 - 공작물충돌,안전운전불이행,건조,맑음,단일로 - 기타,승용,남,63세,경상,,,,
2018080400100114,2018년 8월 4일 07시,토요일,경상남도 통영시 북신동,경상사고,0,0,1,0,차대차 - 기타,차로위반,건조,맑음,교차로 - 교차로부근,승용,남,67세,상해없음,승용,남,26세,경상
2018080400100115,2018년 8월 4일 07시,토요일,경상남도 창원시 의창구 동읍,부상신고사고,0,0,0,1,차대차 - 기타,안전운전불이행,건조,맑음,단일로 - 기타,자전거,남,58세,부상신고,화물,여,63세,상해없음
2018080400100158,2018년 8월 4일 09시,토요일,경상남도 밀양시 용평동,중상사고,0,1,0,0,차대차 - 측면충돌,교차로운행방법위반,건조,맑음,교차로 - 교차로안,화물,남,48세,상해없음,이륜,남,78세,중상
2018080400100159,2018년 8월 4일 09시,토요일,경상남도 밀양시 무안면,경상사고,0,0,1,0,차대차 - 측면충돌,안전운전불이행,건조,맑음,단일로 - 기타,승용,남,44세,상해없음,이륜,남,75세,경상
2018080400100171,2018년 8월 4일 10시,토요일,경상남도 양산시 하북면,경상사고,0,0,6,2,차대차 - 추돌,안전운전불이행,건조,맑음,단일로 - 기타,승용,남,72세,상해없음,승용,남,49세,경상
2018080400100185,2018년 8월 4일 10시,토요일,경상남도 의령군 정곡면,중상사고,0,2,0,0,차량단독 - 도로외이탈 - 기타,안전운전불이행,건조,맑음,미분류 - 미분류,승용,남,64세,중상,,,,
2018080400100216,2018년 8월 4일 11시,토요일,경상남도 밀양시 하남읍,경상사고,0,0,1,0,차대차 - 측면충돌,안전운전불이행,건조,맑음,교차로 - 교차로부근,승용,남,64세,상해없음,사륜오토바이(ATV),여,59세,경상
2018080400100241,2018년 8월 4일 12시,토요일,경상남도 거창군 거창읍,중상사고,0,1,0,0,차대차 - 측면충돌,안전운전불이행,건조,맑음,단일로 - 기타,승용,남,32세,상해없음,이륜,여,58세,중상
2018080400100242,2018년 8월 4일 12시,토요일,경상남도 김해시 신문동,경상사고,0,0,1,0,차대차 - 측면충돌,안전운전불이행,건조,맑음,교차로 - 교차로부근,승용,남,36세,상해없음,특수,남,32세,경상
2018080400100270,2018년 8월 4일 13시,토요일,경상남도 통영시 항남동,경상사고,0,0,1,0,차대차 - 측면충돌,안전운전불이행,건조,맑음,교차로 - 교차로부근,이륜,남,32세,경상,승용,남,26세,상해없음
2018080400100271,2018년 8월 4일 13시,토요일,경상남도 통영시 당동,경상사고,0,0,1,2,차대차 - 추돌,안전운전불이행,건조,맑음,교차로 - 교차로부근,승용,남,35세,상해없음,승용,남,52세,부상신고
2018080400100272,2018년 8월 4일 13시,토요일,경상남도 통영시 정량동,경상사고,0,0,4,0,차대차 - 측면충돌,안전운전불이행,건조,맑음,교차로 - 교차로안,승용,남,39세,기타불명,승용,여,26세,경상
2018080400100273,2018년 8월 4일 13시,토요일,경상남도 양산시 삼호동,경상사고,0,0,1,0,차대차 - 측면충돌,직진우회전진행방해,건조,맑음,교차로 - 교차로안,승용,여,63세,상해없음,승용,여,56세,경상
2018080400100302,2018년 8월 4일 14시,토요일,경상남도 사천시 동금동,경상사고,0,0,1,0,차대차 - 측면충돌,교차로운행방법위반,건조,맑음,교차로 - 교차로안,승용,여,51세,상해없음,승용,여,37세,경상
2018080400100303,2018년 8월 4일 14시,토요일,경상남도 김해시 불암동,경상사고,0,0,3,0,차대차 - 추돌,안전운전불이행,건조,맑음,교차로 - 교차로부근,승용,남,48세,경상,화물,남,56세,상해없음
2018080400100328,2018년 8월 4일 15시,토요일,경상남도 창원시 마산합포구 창동,중상사고,0,1,0,0,차대사람 - 횡단중,신호위반,건조,맑음,교차로 - 교차로안,승합,남,52세,상해없음,보행자,여,57세,중상
2018080400100329,2018년 8월 4일 15시,토요일,경상남도 밀양시 삼랑진읍,중상사고,0,1,0,0,차대차 - 정면충돌,중앙선침범,건조,맑음,단일로 - 기타,자전거,남,53세,중상,승용,남,43세,상해없음
2018080400100359,2018년 8월 4일 16시,토요일,경상남도 창녕군 계성면,사망사고,1,0,3,0,차량단독 - 공작물충돌,안전운전불이행,건조,맑음,단일로 - 기타,승용,남,47세,사망,,,,
2018080400100389,2018년 8월 4일 17시,토요일,경상남도 창원시 의창구 소답동,중상사고,0,1,0,0,차대차 - 측면충돌,안전운전불이행,건조,맑음,교차로 - 교차로안,승용,남,49세,상해없음,이륜,남,29세,중상
2018080400100422,2018년 8월 4일 18시,토요일,경상남도 김해시 내동,중상사고,0,2,0,0,차대차 - 측면충돌,안전운전불이행,건조,맑음,단일로 - 기타,승용,남,47세,상해없음,이륜,남,23세,중상
2018080400100423,2018년 8월 4일 18시,토요일,경상남도 양산시 북부동,경상사고,0,0,1,0,차대차 - 기타,안전운전불이행,건조,맑음,주차장 - 주차장,승용,남,48세,상해없음,승용,남,38세,경상
2018080400100450,2018년 8월 4일 19시,토요일,경상남도 함안군 산인면,경상사고,0,0,1,0,차대차 - 추돌,안전운전불이행,건조,맑음,단일로 - 기타,승용,여,56세,상해없음,승용,여,65세,경상
2018080400100507,2018년 8월 4일 21시,토요일,경상남도 창원시 진해구 석동,경상사고,0,0,2,0,차대차 - 추돌,안전운전불이행,건조,맑음,단일로 - 기타,승용,여,23세,상해없음,승용,여,28세,경상
2018080400100508,2018년 8월 4일 21시,토요일,경상남도 양산시 원동면,중상사고,0,1,0,0,차량단독 - 공작물충돌,안전운전불이행,건조,맑음,단일로 - 기타,승용,남,37세,상해없음,,,,
2018080400100534,2018년 8월 4일 22시,토요일,경상남도 진주시 정촌면,중상사고,0,2,1,0,차대차 - 정면충돌,신호위반,건조,맑음,교차로 - 교차로안,승용,남,55세,상해없음,승용,여,53세,중상
2018080400100535,2018년 8월 4일 22시,토요일,경상남도 창원시 진해구 석동,경상사고,0,0,1,0,차대차 - 기타,안전운전불이행,건조,맑음,교차로 - 교차로안,승용,남,21세,상해없음,원동기,남,37세,경상
2018080400100536,2018년 8월 4일 22시,토요일,경상남도 김해시 삼정동,경상사고,0,0,2,0,차대차 - 측면충돌,안전운전불이행,건조,맑음,교차로 - 교차로안,승용,남,42세,경상,승용,남,52세,경상
2018080500100013,2018년 8월 5일 00시,일요일,경상남도 사천시 곤양면,경상사고,0,0,1,0,차대사람 - 길가장자리구역통행중,안전운전불이행,건조,맑음,교차로 - 교차로부근,승용,여,46세,상해없음,보행자,여,32세,경상
2018080500100092,2018년 8월 5일 07시,일요일,경상남도 합천군 가야면,중상사고,0,1,0,0,차대차 - 후진중충돌,안전운전불이행,건조,맑음,단일로 - 기타,화물,남,58세,상해없음,화물,남,58세,상해없음
2018080500100093,2018년 8월 5일 07시,일요일,경상남도 창원시 마산회원구 합성동,경상사고,0,0,1,0,차대차 - 측면충돌,안전운전불이행,건조,맑음,교차로 - 교차로부근,승용,여,57세,상해없음,승용,여,50세,경상
2018080500100103,2018년 8월 5일 08시,일요일,경상남도 양산시 동면,경상사고,0,0,2,0,차대차 - 기타,안전운전불이행,건조,맑음,단일로 - 기타,승용,남,28세,상해없음,승용,여,59세,경상
2018080500100124,2018년 8월 5일 09시,일요일,경상남도 김해시 구산동,경상사고,0,0,1,0,차대차 - 추돌,안전운전불이행,건조,맑음,교차로 - 교차로부근,승용,여,45세,경상,승합,남,53세,상해없음
2018080500100125,2018년 8월 5일 09시,일요일,경상남도 거제시 옥포동,경상사고,0,0,1,0,차대사람 - 길가장자리구역통행중,안전운전불이행,건조,맑음,단일로 - 기타,승용,남,63세,상해없음,보행자,남,69세,경상
2018080500100190,2018년 8월 5일 12시,일요일,경상남도 산청군 단성면,중상사고,0,1,0,2,차대차 - 추돌,안전운전불이행,건조,맑음,교차로 - 교차로안,승용,남,32세,부상신고,승합,남,53세,중상
2018080500100216,2018년 8월 5일 13시,일요일,경상남도 함양군 안의면,중상사고,0,1,0,0,차대차 - 측면충돌,신호위반,건조,맑음,교차로 - 교차로안,화물,여,60세,상해없음,승용,남,55세,중상
2018080500100217,2018년 8월 5일 13시,일요일,경상남도 양산시 물금읍,중상사고,0,1,0,0,차대차 - 기타,중앙선침범,건조,맑음,단일로 - 기타,승용,남,59세,상해없음,이륜,남,34세,중상
2018080500100251,2018년 8월 5일 14시,일요일,경상남도 함양군 마천면,경상사고,0,0,1,0,차대사람 - 길가장자리구역통행중,안전운전불이행,건조,맑음,단일로 - 기타,승용,남,36세,상해없음,보행자,남,47세,경상
2018080500100252,2018년 8월 5일 14시,일요일,경상남도 창원시 의창구 동읍,경상사고,0,0,1,0,차대차 - 추돌,안전운전불이행,건조,맑음,단일로 - 터널,승용,여,20세,상해없음,승용,남,46세,상해없음
2018080500100282,2018년 8월 5일 15시,일요일,경상남도 진주시 인사동,중상사고,0,1,0,0,차대사람 - 횡단중,안전운전불이행,건조,맑음,교차로 - 교차로안,승용,여,48세,상해없음,보행자,남,81세,중상
2018080500100311,2018년 8월 5일 16시,일요일,경상남도 창원시 진해구 자은동,중상사고,0,1,0,0,차대차 - 측면충돌,직진우회전진행방해,건조,맑음,교차로 - 교차로안,승용,여,73세,상해없음,승용,남,35세,중상
2018080500100312,2018년 8월 5일 16시,일요일,경상남도 사천시 벌리동,경상사고,0,0,1,3,차대차 - 측면충돌,안전운전불이행,건조,맑음,교차로 - 교차로안,승용,여,45세,상해없음,승용,여,38세,경상
2018080500100313,2018년 8월 5일 16시,일요일,경상남도 양산시 상북면,사망사고,1,0,0,0,차대사람 - 횡단중,안전운전불이행,건조,맑음,교차로 - 교차로부근,승용,남,45세,상해없음,보행자,여,76세,사망
2018080500100343,2018년 8월 5일 17시,일요일,경상남도 창원시 의창구 신월동,경상사고,0,0,1,0,차대차 - 측면충돌,안전운전불이행,건조,맑음,교차로 - 교차로안,이륜,남,45세,상해없음,승용,여,64세,경상
2018080500100344,2018년 8월 5일 17시,일요일,경상남도 창원시 마산회원구 내서읍,경상사고,0,0,2,0,차대차 - 추돌,안전운전불이행,건조,맑음,교차로 - 교차로부근,승용,남,63세,상해없음,승용,남,60세,상해없음
2018080500100396,2018년 8월 5일 19시,일요일,경상남도 사천시 벌리동,경상사고,0,0,1,0,차대사람 - 기타,안전운전불이행,건조,맑음,단일로 - 기타,승용,남,61세,상해없음,보행자,남,43세,경상
2018080500100449,2018년 8월 5일 21시,일요일,경상남도 창원시 성산구 반림동,사망사고,1,0,0,0,차대사람 - 차도통행중,안전운전불이행,건조,맑음,단일로 - 기타,승용,남,59세,상해없음,보행자,여,81세,사망
2018080500100450,2018년 8월 5일 21시,일요일,경상남도 김해시 율하동,중상사고,0,2,2,0,차대차 - 측면충돌,안전운전불이행,건조,맑음,단일로 - 기타,승용,남,61세,상해없음,승용,남,49세,중상
2018080500100477,2018년 8월 5일 22시,일요일,경상남도 창원시 성산구 신촌동,경상사고,0,0,1,0,차대차 - 추돌,안전운전불이행,건조,맑음,단일로 - 기타,원동기,남,39세,상해없음,승용,남,50세,경상
2018080600100005,2018년 8월 6일 00시,월요일,경상남도 창원시 성산구 상남동,경상사고,0,0,1,0,차대사람 - 기타,안전운전불이행,건조,맑음,단일로 - 기타,승용,남,45세,상해없음,보행자,남,48세,경상
2018080600100024,2018년 8월 6일 03시,월요일,경상남도 창원시 마산회원구 회성동,중상사고,0,1,0,0,차대차 - 측면충돌,신호위반,건조,맑음,교차로 - 교차로안,승용,여,61세,상해없음,승용,남,62세,중상
2018080600100033,2018년 8월 6일 04시,월요일,경상남도 창원시 진해구 여좌동,사망사고,1,0,0,0,차대사람 - 차도통행중,안전운전불이행,건조,맑음,단일로 - 기타,승용,남,68세,상해없음,보행자,남,55세,사망
2018080600100061,2018년 8월 6일 07시,월요일,경상남도 진주시 평거동,중상사고,0,1,0,0,차대차 - 측면충돌,안전운전불이행,건조,맑음,교차로 - 교차로안,승용,남,21세,상해없음,승용,여,62세,중상
2018080600100062,2018년 8월 6일 07시,월요일,경상남도 김해시 외동,중상사고,0,1,0,0,차대차 - 추돌,안전거리미확보,건조,맑음,교차로 - 교차로안,화물,남,44세,상해없음,승용,여,52세,중상
2018080600100063,2018년 8월 6일 07시,월요일,경상남도 양산시 상북면,경상사고,0,0,1,0,차대사람 - 기타,안전운전불이행,건조,맑음,단일로 - 기타,화물,여,55세,상해없음,보행자,남,81세,경상
2018080600100064,2018년 8월 6일 07시,월요일,경상남도 거제시 일운면,사망사고,1,0,0,0,차대사람 - 기타,안전운전불이행,건조,맑음,교차로 - 교차로안,화물,남,62세,상해없음,보행자,여,87세,사망
2018080600100086,2018년 8월 6일 08시,월요일,경상남도 창원시 의창구 팔용동,경상사고,0,0,2,0,차대차 - 추돌,안전거리미확보,건조,맑음,교차로 - 교차로부근,승용,남,45세,경상,승용,남,25세,경상
2018080600100125,2018년 8월 6일 09시,월요일,경상남도 진주시 상대동,중상사고,0,1,0,0,차대차 - 기타,안전거리미확보,건조,맑음,단일로 - 기타,화물,여,58세,상해없음,승용,남,58세,상해없음
2018080600100126,2018년 8월 6일 09시,월요일,경상남도 통영시 광도면,경상사고,0,0,2,0,차대차 - 측면충돌,직진우회전진행방해,건조,맑음,교차로 - 교차로안,승용,남,39세,상해없음,승용,남,23세,경상
2018080600100127,2018년 8월 6일 09시,월요일,경상남도 함양군 함양읍,중상사고,0,1,0,0,차대차 - 측면충돌,기타,건조,맑음,단일로 - 기타,승용,여,60세,상해없음,원동기,여,61세,중상
2018080600100128,2018년 8월 6일 09시,월요일,경상남도 김해시 진영읍,경상사고,0,0,1,0,차대차 - 후진중충돌,안전운전불이행,건조,맑음,교차로 - 교차로부근,특수,남,56세,상해없음,이륜,남,62세,경상
2018080600100153,2018년 8월 6일 10시,월요일,경상남도 진주시 칠암동,중상사고,0,1,0,0,차대사람 - 차도통행중,안전운전불이행,건조,맑음,단일로 - 기타,승용,여,58세,상해없음,보행자,여,71세,중상
2018080600100154,2018년 8월 6일 10시,월요일,경상남도 양산시 동면,경상사고,0,0,1,0,차대차 - 측면충돌,안전운전불이행,건조,맑음,교차로 - 교차로안,승용,남,52세,상해없음,승용,여,52세,경상
2018080600100192,2018년 8월 6일 11시,월요일,경상남도 김해시 내동,부상신고사고,0,0,0,1,차대차 - 기타,안전운전불이행,건조,맑음,교차로 - 교차로횡단보도내,승용,여,30세,상해없음,자전거,남,67세,부상신고
2018080600100193,2018년 8월 6일 11시,월요일,경상남도 거제시 사등면,경상사고,0,0,1,0,차대차 - 측면충돌,안전거리미확보,건조,맑음,단일로 - 기타,승용,여,55세,상해없음,승용,여,52세,경상
2018080600100194,2018년 8월 6일 11시,월요일,경상남도 거제시 상동동,경상사고,0,0,2,0,차대차 - 추돌,안전운전불이행,건조,맑음,교차로 - 교차로부근,승용,남,57세,상해없음,승용,여,26세,경상
2018080600100234,2018년 8월 6일 12시,월요일,경상남도 밀양시 하남읍,중상사고,0,1,1,0,차대차 - 측면충돌,안전운전불이행,건조,맑음,교차로 - 교차로안,화물,남,56세,상해없음,승용,남,64세,경상
2018080600100235,2018년 8월 6일 12시,월요일,경상남도 고성군 회화면,중상사고,0,1,0,0,차대사람 - 기타,안전운전불이행,건조,맑음,교차로 - 교차로안,승용,여,30세,상해없음,보행자,여,78세,중상
2018080600100284,2018년 8월 6일 14시,월요일,경상남도 양산시 북부동,중상사고,0,1,0,0,차대차 - 측면충돌,안전운전불이행,건조,맑음,교차로 - 교차로횡단보도내,승용,여,44세,상해없음,자전거,남,61세,중상
2018080600100319,2018년 8월 6일 15시,월요일,경상남도 사천시 용현면,중상사고,0,1,0,0,차대차 - 추돌,안전운전불이행,건조,맑음,교차로 - 교차로부근,승용,남,50세,상해없음,승용,여,44세,중상
2018080600100371,2018년 8월 6일 16시,월요일,경상남도 창원시 마산합포구 동성동,중상사고,0,1,0,0,차대사람 - 기타,안전운전불이행,건조,맑음,교차로 - 교차로부근,승합,남,67세,상해없음,보행자,여,48세,중상
2018080600100372,2018년 8월 6일 16시,월요일,경상남도 창원시 마산합포구 월남동3가,중상사고,0,1,0,0,차대사람 - 기타,안전운전불이행,건조,맑음,교차로 - 교차로횡단보도내,승용,여,47세,상해없음,보행자,여,60세,중상
2018080600100408,2018년 8월 6일 17시,월요일,경상남도 양산시 북부동,경상사고,0,0,1,0,차대사람 - 횡단중,안전운전불이행,젖음/습기,비,교차로 - 교차로안,승용,여,38세,상해없음,보행자,남,62세,경상
2018080600100409,2018년 8월 6일 17시,월요일,경상남도 남해군 창선면,중상사고,0,1,0,0,차량단독 - 전도전복 - 전복,안전운전불이행,건조,맑음,단일로 - 기타,농기계,남,75세,중상,미분류,미분류,미분류,미분류
2018080600100425,2018년 8월 6일 18시,월요일,경상남도 양산시 하북면,경상사고,0,0,5,0,차대차 - 추돌,안전운전불이행,건조,맑음,단일로 - 기타,화물,남,53세,상해없음,승용,남,41세,경상
2018080600100454,2018년 8월 6일 18시,월요일,경상남도 진주시 상대동,경상사고,0,0,1,0,차대차 - 측면충돌,직진우회전진행방해,건조,맑음,교차로 - 교차로안,승용,남,37세,상해없음,이륜,남,22세,경상
2018080600100455,2018년 8월 6일 18시,월요일,경상남도 진주시 본성동,경상사고,0,0,1,0,차대차 - 측면충돌,직진우회전진행방해,건조,맑음,교차로 - 교차로안,승용,여,45세,상해없음,자전거,남,77세,경상
2018080600100456,2018년 8월 6일 18시,월요일,경상남도 합천군 가야면,중상사고,0,1,0,0,차대차 - 추돌,안전운전불이행,건조,맑음,단일로 - 기타,승용,여,65세,상해없음,이륜,남,58세,중상
2018080600100479,2018년 8월 6일 19시,월요일,경상남도 사천시 용현면,사망사고,1,0,0,0,차대사람 - 기타,안전운전불이행,건조,맑음,기타 - 기타,화물,남,64세,상해없음,보행자,여,87세,사망
2018080600100480,2018년 8월 6일 19시,월요일,경상남도 거제시 사등면,중상사고,0,2,1,0,차대차 - 측면충돌,안전운전불이행,건조,맑음,교차로 - 교차로부근,승합,남,49세,상해없음,승용,여,37세,중상
2018080600100509,2018년 8월 6일 20시,월요일,경상남도 의령군 부림면,경상사고,0,0,2,0,차대차 - 측면충돌,교차로운행방법위반,건조,맑음,교차로 - 교차로안,화물,남,41세,상해없음,화물,남,75세,상해없음
2018080600100533,2018년 8월 6일 21시,월요일,경상남도 사천시 선구동,중상사고,0,1,0,0,차대차 - 측면충돌,교차로운행방법위반,건조,맑음,교차로 - 교차로안,승용,남,49세,상해없음,자전거,남,71세,중상
2018080600100534,2018년 8월 6일 21시,월요일,경상남도 함양군 함양읍,사망사고,1,0,0,0,차대차 - 추돌,안전운전불이행,젖음/습기,비,단일로 - 기타,화물,남,58세,상해없음,농기계,남,70세,사망
2018080600100554,2018년 8월 6일 22시,월요일,경상남도 양산시 남부동,경상사고,0,0,1,0,차대차 - 측면충돌,안전거리미확보,건조,맑음,단일로 - 기타,화물,남,39세,상해없음,승용,남,55세,경상
2018080600100555,2018년 8월 6일 22시,월요일,경상남도 고성군 고성읍,중상사고,0,3,0,0,차대차 - 측면충돌,차로위반,건조,맑음,단일로 - 기타,승용,여,62세,상해없음,승용,남,27세,중상
2018080600100556,2018년 8월 6일 22시,월요일,경상남도 창원시 의창구 도계동,경상사고,0,0,1,0,차대차 - 측면충돌,신호위반,건조,맑음,교차로 - 교차로안,승용,남,27세,상해없음,승용,여,51세,경상
2018080600100577,2018년 8월 6일 23시,월요일,경상남도 사천시 사천읍,경상사고,0,0,3,0,차대차 - 측면충돌,교차로운행방법위반,건조,맑음,교차로 - 교차로안,승용,남,59세,상해없음,승용,남,29세,경상
2018080700100047,2018년 8월 7일 04시,화요일,경상남도 양산시 물금읍,경상사고,0,0,1,1,차대차 - 추돌,안전운전불이행,건조,맑음,교차로 - 교차로안,승용,여,56세,상해없음,승용,남,41세,경상
2018080700100075,2018년 8월 7일 07시,화요일,경상남도 함안군 대산면,경상사고,0,0,3,0,차대차 - 측면충돌,안전운전불이행,건조,맑음,교차로 - 교차로안,승용,남,55세,경상,승용,여,57세,경상
2018080700100106,2018년 8월 7일 08시,화요일,경상남도 거제시 거제면,중상사고,0,1,0,0,차대차 - 기타,교차로운행방법위반,건조,맑음,교차로 - 교차로부근,화물,남,49세,상해없음,자전거,남,56세,중상
2018080700100167,2018년 8월 7일 10시,화요일,경상남도 양산시 물금읍,경상사고,0,0,1,0,차대차 - 측면충돌,신호위반,건조,맑음,교차로 - 교차로안,승용,여,58세,상해없음,승용,여,43세,경상
2018080700100202,2018년 8월 7일 11시,화요일,경상남도 김해시 삼방동,경상사고,0,0,2,0,차대차 - 추돌,안전거리미확보,건조,맑음,단일로 - 기타,승용,여,50세,상해없음,승용,여,47세,경상
2018080700100238,2018년 8월 7일 12시,화요일,경상남도 진주시 가좌동,경상사고,0,0,1,0,차대차 - 측면충돌,안전거리미확보,건조,맑음,단일로 - 기타,이륜,여,51세,경상,화물,남,51세,상해없음
2018080700100239,2018년 8월 7일 12시,화요일,경상남도 거제시 덕포동,중상사고,0,1,0,0,차대사람 - 기타,안전운전불이행,건조,맑음,교차로 - 교차로부근,승용,남,48세,상해없음,보행자,여,4세,중상
2018080700100303,2018년 8월 7일 14시,화요일,경상남도 진주시 신안동,경상사고,0,0,2,0,차대차 - 측면충돌,안전운전불이행,건조,맑음,교차로 - 교차로안,승용,여,43세,상해없음,승용,여,34세,경상
2018080700100304,2018년 8월 7일 14시,화요일,경상남도 통영시 태평동,경상사고,0,0,1,0,차대차 - 측면충돌,교차로운행방법위반,건조,맑음,교차로 - 교차로안,화물,남,60세,상해없음,승용,남,76세,경상
2018080700100337,2018년 8월 7일 15시,화요일,경상남도 김해시 대동면,경상사고,0,0,1,0,차대차 - 측면충돌,안전운전불이행,건조,맑음,단일로 - 기타,특수,남,55세,상해없음,화물,남,57세,경상
2018080700100338,2018년 8월 7일 15시,화요일,경상남도 남해군 서면,중상사고,0,1,1,0,차량단독 - 공작물충돌,안전운전불이행,건조,맑음,단일로 - 기타,승용,남,83세,경상,,,,
2018080700100339,2018년 8월 7일 15시,화요일,경상남도 산청군 금서면,경상사고,0,0,1,0,차대차 - 후진중충돌,안전운전불이행,건조,맑음,기타 - 기타,승용,남,79세,상해없음,승용,남,43세,경상
2018080700100371,2018년 8월 7일 16시,화요일,경상남도 창원시 진해구 풍호동,경상사고,0,0,1,0,차대사람 - 길가장자리구역통행중,안전운전불이행,건조,맑음,단일로 - 기타,승용,여,59세,기타불명,보행자,여,10세,경상
2018080700100372,2018년 8월 7일 16시,화요일,경상남도 밀양시 초동면,사망사고,1,0,0,0,차량단독 - 공작물충돌,안전운전불이행,건조,맑음,단일로 - 기타,승용,남,70세,사망,,,,
2018080700100373,2018년 8월 7일 16시,화요일,경상남도 김해시 불암동,중상사고,0,2,0,0,차대차 - 추돌,안전운전불이행,건조,맑음,단일로 - 기타,화물,남,61세,중상,특수,남,49세,중상
2018080700100374,2018년 8월 7일 16시,화요일,경상남도 김해시 흥동,경상사고,0,0,1,0,차대차 - 측면충돌,신호위반,건조,맑음,교차로 - 교차로안,승용,남,73세,상해없음,승용,남,58세,경상
2018080700100411,2018년 8월 7일 17시,화요일,경상남도 창원시 진해구 석동,경상사고,0,0,2,0,차대차 - 추돌,교차로운행방법위반,건조,맑음,교차로 - 교차로안,승용,남,39세,경상,승용,남,39세,경상
2018080700100412,2018년 8월 7일 17시,화요일,경상남도 밀양시 내이동,중상사고,0,1,0,0,차대사람 - 기타,안전운전불이행,건조,맑음,주차장 - 주차장,승용,남,27세,상해없음,보행자,여,57세,중상
2018080700100413,2018년 8월 7일 17시,화요일,경상남도 김해시 외동,경상사고,0,0,1,0,차대차 - 기타,안전운전불이행,건조,맑음,교차로 - 교차로부근,화물,남,55세,상해없음,승용,남,47세,경상
2018080700100462,2018년 8월 7일 18시,화요일,경상남도 창원시 성산구 불모산동,경상사고,0,0,2,0,차대차 - 측면충돌,안전운전불이행,건조,맑음,단일로 - 기타,승용,남,52세,경상,화물,남,46세,경상
2018080700100493,2018년 8월 7일 19시,화요일,경상남도 진주시 상대동,경상사고,0,0,1,0,차대차 - 추돌,안전운전불이행,건조,맑음,교차로 - 교차로부근,승용,남,35세,상해없음,승용,여,34세,경상
2018080700100494,2018년 8월 7일 19시,화요일,경상남도 사천시 용강동,사망사고,1,0,0,0,차대사람 - 횡단중,과속,건조,맑음,교차로 - 교차로횡단보도내,승용,남,24세,상해없음,보행자,여,68세,사망
2018080700100495,2018년 8월 7일 19시,화요일,경상남도 함양군 안의면,경상사고,0,0,1,0,차대차 - 추돌,안전운전불이행,건조,맑음,단일로 - 기타,승용,남,46세,상해없음,승용,남,47세,경상
2018080700100496,2018년 8월 7일 19시,화요일,경상남도 양산시 물금읍,중상사고,0,1,0,0,차대사람 - 횡단중,보행자보호의무위반,건조,맑음,단일로 - 기타,원동기,남,73세,상해없음,보행자,여,82세,중상
2018080700100521,2018년 8월 7일 20시,화요일,경상남도 김해시 관동동,경상사고,0,0,1,0,차대차 - 추돌,안전거리미확보,건조,맑음,교차로 - 교차로안,승합,남,52세,상해없음,승용,여,41세,경상
2018080700100545,2018년 8월 7일 21시,화요일,경상남도 창원시 마산합포구 중앙동2가,경상사고,0,0,1,0,차대사람 - 기타,안전운전불이행,건조,맑음,교차로 - 교차로부근,승합,남,51세,상해없음,보행자,여,56세,경상
2018080700100546,2018년 8월 7일 21시,화요일,경상남도 진주시 장재동,중상사고,0,2,0,0,차대차 - 추돌,안전운전불이행,건조,맑음,교차로 - 교차로부근,화물,남,58세,상해없음,승용,여,36세,중상
2018080700100547,2018년 8월 7일 21시,화요일,경상남도 창원시 마산회원구 합성동,경상사고,0,0,1,0,차대차 - 측면충돌,안전운전불이행,건조,맑음,단일로 - 기타,승용,남,27세,상해없음,승용,남,55세,경상