사고번호,사고일시,요일,시군구,사고내용,사망자수,중상자수,경상자수,부상신고자수,사고유형,법규위반,노면상태,기상상태,도로형태,가해운전자 차종,가해운전자 성별,가해운전자 연령,가해운전자 상해정도,피해운전자 차종,피해운전자 성별,피해운전자 연령,피해운전자 상해정도
2018080700100572,2018년 8월 7일 22시,화요일,경상남도 진주시 상대동,경상사고,0,0,1,0,차대차 - 기타,안전운전불이행,건조,맑음,교차로 - 교차로안,승용,남,36세,상해없음,이륜,남,18세,경상
2018080800100025,2018년 8월 8일 02시,수요일,경상남도 밀양시 부북면,중상사고,0,2,1,0,차량단독 - 공작물충돌,안전운전불이행,건조,맑음,단일로 - 기타,승용,남,23세,경상,,,,
2018080800100032,2018년 8월 8일 03시,수요일,경상남도 창원시 마산합포구 남성동,경상사고,0,0,2,0,차량단독 - 기타,안전운전불이행,건조,맑음,교차로 - 교차로부근,승용,남,53세,상해없음,,,,
2018080800100060,2018년 8월 8일 06시,수요일,경상남도 김해시 어방동,경상사고,0,0,1,0,차대차 - 기타,교차로운행방법위반,건조,맑음,교차로 - 교차로안,승합,남,61세,상해없음,승합,남,48세,상해없음
2018080800100111,2018년 8월 8일 08시,수요일,경상남도 사천시 봉남동,중상사고,0,1,0,0,차대차 - 기타,안전운전불이행,건조,맑음,교차로 - 교차로안,자전거,남,56세,중상,화물,남,46세,상해없음
2018080800100112,2018년 8월 8일 08시,수요일,경상남도 김해시 외동,경상사고,0,0,1,0,차대차 - 측면충돌,신호위반,건조,맑음,교차로 - 교차로안,자전거,남,60세,경상,승용,남,60세,상해없음
2018080800100113,2018년 8월 8일 08시,수요일,경상남도 양산시 주남동,중상사고,0,1,3,0,차대차 - 정면충돌,신호위반,건조,맑음,교차로 - 교차로횡단보도내,승용,남,35세,경상,승용,남,45세,중상
2018080800100114,2018년 8월 8일 08시,수요일,경상남도 창원시 성산구 상남동,중상사고,0,1,0,0,차대차 - 측면충돌,안전운전불이행,건조,맑음,교차로 - 교차로부근,승용,남,53세,상해없음,자전거,남,18세,중상
2018080800100115,2018년 8월 8일 08시,수요일,경상남도 창원시 의창구 소답동,중상사고,0,2,0,0,차대차 - 측면충돌,안전운전불이행,건조,맑음,단일로 - 기타,승용,남,38세,상해없음,이륜,남,68세,중상
2018080800100116,2018년 8월 8일 08시,수요일,경상남도 창원시 의창구 소답동,중상사고,0,1,5,0,차대차 - 추돌,안전거리미확보,건조,맑음,단일로 - 기타,승용,여,23세,경상,승용,남,46세,경상
2018080800100150,2018년 8월 8일 09시,수요일,경상남도 통영시 서호동,중상사고,0,1,0,0,차대사람 - 횡단중,안전운전불이행,건조,맑음,단일로 - 기타,건설기계,남,66세,상해없음,보행자,여,64세,중상
2018080800100179,2018년 8월 8일 10시,수요일,경상남도 창원시 의창구 대원동,경상사고,0,0,2,0,차대차 - 측면충돌,신호위반,건조,맑음,교차로 - 교차로안,승용,여,49세,상해없음,승용,여,51세,경상
2018080800100208,2018년 8월 8일 11시,수요일,경상남도 창원시 의창구 팔용동,중상사고,0,1,0,0,차대차 - 후진중충돌,안전운전불이행,건조,맑음,단일로 - 기타,승용,남,56세,상해없음,승용,여,47세,중상
2018080800100234,2018년 8월 8일 12시,수요일,경상남도 창원시 마산합포구 진동면,중상사고,0,1,0,0,차대사람 - 차도통행중,안전운전불이행,건조,맑음,교차로 - 교차로부근,화물,남,32세,상해없음,보행자,여,66세,중상
2018080800100262,2018년 8월 8일 13시,수요일,경상남도 거제시 고현동,경상사고,0,0,1,0,차대사람 - 횡단중,신호위반,건조,맑음,교차로 - 교차로부근,승용,남,55세,상해없음,보행자,여,13세,경상
2018080800100295,2018년 8월 8일 14시,수요일,경상남도 사천시 늑도동,경상사고,0,0,1,0,차대차 - 측면충돌,중앙선침범,건조,맑음,단일로 - 교량,승용,남,46세,상해없음,화물,남,57세,상해없음
2018080800100296,2018년 8월 8일 14시,수요일,경상남도 창원시 의창구 용호동,경상사고,0,0,1,0,차대차 - 측면충돌,신호위반,건조,맑음,교차로 - 교차로안,승용,여,62세,상해없음,이륜,남,24세,경상
2018080800100362,2018년 8월 8일 16시,수요일,경상남도 밀양시 가곡동,경상사고,0,0,1,0,차대사람 - 기타,안전운전불이행,건조,맑음,주차장 - 주차장,승용,남,50세,상해없음,보행자,여,83세,경상
2018080800100395,2018년 8월 8일 17시,수요일,경상남도 사천시 사천읍,경상사고,0,0,3,0,차대차 - 추돌,안전운전불이행,젖음/습기,비,교차로 - 교차로부근,승용,남,31세,상해없음,승용,남,54세,경상
2018080800100396,2018년 8월 8일 17시,수요일,경상남도 밀양시 삼문동,경상사고,0,0,1,0,차량단독 - 전도전복 - 전도,안전운전불이행,젖음/습기,흐림,단일로 - 기타,이륜,여,62세,경상,미분류,미분류,미분류,미분류
2018080800100397,2018년 8월 8일 17시,수요일,경상남도 김해시 외동,중상사고,0,1,0,0,차량단독 - 기타,안전운전불이행,건조,맑음,교차로 - 교차로안,승합,남,50세,상해없음,,,,
2018080800100398,2018년 8월 8일 17시,수요일,경상남도 창녕군 창녕읍,중상사고,0,1,0,0,차대차 - 측면충돌,안전운전불이행,건조,맑음,교차로 - 교차로안,승용,남,68세,상해없음,자전거,남,77세,중상
2018080800100441,2018년 8월 8일 18시,수요일,경상남도 산청군 산청읍,중상사고,0,1,1,0,차량단독 - 공작물충돌,안전운전불이행,침수,비,단일로 - 기타,승용,남,37세,경상,,,,
2018080800100477,2018년 8월 8일 19시,수요일,경상남도 창원시 마산합포구 해운동,중상사고,0,1,0,0,차대차 - 측면충돌,안전운전불이행,건조,맑음,교차로 - 교차로안,자전거,남,49세,중상,승용,남,59세,상해없음
2018080800100478,2018년 8월 8일 19시,수요일,경상남도 밀양시 삼문동,중상사고,0,1,0,0,차대사람 - 보도통행중,안전운전불이행,건조,맑음,단일로 - 기타,승용,여,32세,상해없음,보행자,남,25세,중상
2018080800100502,2018년 8월 8일 20시,수요일,경상남도 김해시 외동,부상신고사고,0,0,0,1,차대사람 - 길가장자리구역통행중,보행자보호의무위반,건조,맑음,교차로 - 교차로안,화물,남,56세,기타불명,보행자,남,13세,부상신고
2018080800100503,2018년 8월 8일 20시,수요일,경상남도 함안군 칠서면,중상사고,0,1,1,0,차대차 - 측면충돌,신호위반,건조,맑음,교차로 - 교차로안,승합,남,59세,상해없음,이륜,남,30세,중상
2018080800100504,2018년 8월 8일 20시,수요일,경상남도 창원시 성산구 성주동,경상사고,0,0,1,0,차대차 - 정면충돌,안전운전불이행,건조,맑음,교차로 - 교차로안,승용,남,47세,상해없음,승용,남,31세,경상
2018080800100531,2018년 8월 8일 21시,수요일,경상남도 함안군 가야읍,중상사고,0,1,0,0,차대차 - 기타,기타,건조,맑음,단일로 - 기타,승용,남,40세,상해없음,이륜,남,64세,중상
2018080800100532,2018년 8월 8일 21시,수요일,경상남도 창원시 의창구 용호동,중상사고,0,1,0,0,차대차 - 측면충돌,안전운전불이행,건조,맑음,교차로 - 교차로부근,자전거,남,46세,상해없음,이륜,남,28세,중상
2018080800100574,2018년 8월 8일 23시,수요일,경상남도 양산시 어곡동,경상사고,0,0,1,0,차대사람 - 기타,안전운전불이행,건조,맑음,단일로 - 기타,승용,여,32세,상해없음,보행자,남,32세,경상
2018080800100575,2018년 8월 8일 23시,수요일,경상남도 김해시 대청동,경상사고,0,0,3,0,차대차 - 측면충돌,안전운전불이행,건조,맑음,교차로 - 교차로부근,승용,남,61세,상해없음,승용,남,52세,경상
2018080900100038,2018년 8월 9일 02시,목요일,경상남도 통영시 광도면,경상사고,0,0,1,1,차대차 - 기타,안전운전불이행,기타,기타,단일로 - 기타,승용,여,48세,상해없음,승용,여,55세,부상신고
2018080900100042,2018년 8월 9일 03시,목요일,경상남도 김해시 외동,사망사고,1,0,0,0,차대사람 - 횡단중,안전운전불이행,건조,맑음,단일로 - 기타,승용,여,39세,상해없음,보행자,남,19세,사망
2018080900100051,2018년 8월 9일 04시,목요일,경상남도 김해시 대성동,경상사고,0,0,1,0,차대차 - 추돌,안전운전불이행,건조,맑음,교차로 - 교차로부근,이륜,남,31세,경상,승용,남,51세,상해없음
2018080900100097,2018년 8월 9일 07시,목요일,경상남도 창원시 마산합포구 우산동,경상사고,0,0,1,0,차량단독 - 전도전복 - 전도,안전운전불이행,건조,흐림,기타 - 기타,승용,여,64세,경상,미분류,미분류,미분류,미분류
2018080900100098,2018년 8월 9일 07시,목요일,경상남도 김해시 주촌면,중상사고,0,1,1,0,차대차 - 측면충돌,안전운전불이행,건조,맑음,교차로 - 교차로안,승용,여,28세,경상,승용,남,32세,중상
2018080900100128,2018년 8월 9일 08시,목요일,경상남도 창원시 진해구 용원동,경상사고,0,0,2,0,차대차 - 측면충돌,직진우회전진행방해,건조,맑음,교차로 - 교차로안,승용,남,41세,상해없음,승용,남,33세,경상
2018080900100189,2018년 8월 9일 10시,목요일,경상남도 진주시 수곡면,중상사고,0,2,0,0,차대차 - 추돌,안전운전불이행,건조,맑음,단일로 - 기타,건설기계,남,64세,상해없음,화물,남,63세,중상
2018080900100190,2018년 8월 9일 10시,목요일,경상남도 통영시 무전동,경상사고,0,0,1,0,차대사람 - 횡단중,안전운전불이행,건조,맑음,교차로 - 교차로횡단보도내,화물,남,60세,상해없음,보행자,여,64세,경상
2018080900100191,2018년 8월 9일 10시,목요일,경상남도 산청군 차황면,경상사고,0,0,1,0,차대차 - 측면충돌,교차로운행방법위반,건조,맑음,교차로 - 교차로안,승용,여,66세,상해없음,이륜,여,76세,경상
2018080900100223,2018년 8월 9일 11시,목요일,경상남도 사천시 벌리동,경상사고,0,0,2,0,차대차 - 추돌,안전운전불이행,건조,맑음,교차로 - 교차로안,승용,여,53세,경상,승용,남,66세,경상
2018080900100224,2018년 8월 9일 11시,목요일,경상남도 하동군 북천면,경상사고,0,0,1,0,차대차 - 정면충돌,중앙선침범,건조,맑음,단일로 - 기타,승용,여,54세,상해없음,승용,남,25세,경상
2018080900100225,2018년 8월 9일 11시,목요일,경상남도 창원시 의창구 북면,경상사고,0,0,1,0,차대차 - 기타,안전운전불이행,건조,맑음,교차로 - 교차로안,승용,남,66세,상해없음,이륜,남,42세,경상
2018080900100287,2018년 8월 9일 13시,목요일,경상남도 사천시 좌룡동,경상사고,0,0,2,0,차대차 - 측면충돌,직진우회전진행방해,건조,맑음,교차로 - 교차로안,승용,남,70세,상해없음,화물,남,58세,경상
2018080900100320,2018년 8월 9일 14시,목요일,경상남도 진주시 상봉동,중상사고,0,1,0,0,차대차 - 측면충돌,안전운전불이행,건조,맑음,단일로 - 기타,이륜,남,45세,상해없음,이륜,남,60세,중상
2018080900100321,2018년 8월 9일 14시,목요일,경상남도 밀양시 내이동,중상사고,0,1,0,0,차대사람 - 횡단중,안전운전불이행,건조,맑음,단일로 - 기타,승용,여,59세,상해없음,보행자,여,65세,중상
2018080900100361,2018년 8월 9일 15시,목요일,경상남도 김해시 삼계동,중상사고,0,1,0,0,차대차 - 측면충돌,교차로운행방법위반,건조,맑음,교차로 - 교차로안,승용,여,63세,상해없음,승용,남,54세,상해없음
2018080900100401,2018년 8월 9일 16시,목요일,경상남도 창녕군 창녕읍,중상사고,0,1,0,0,차대차 - 기타,교차로운행방법위반,건조,맑음,교차로 - 교차로안,승용,여,34세,상해없음,이륜,남,16세,중상
2018080900100440,2018년 8월 9일 17시,목요일,경상남도 진주시 내동면,경상사고,0,0,1,0,차대차 - 측면충돌,교차로운행방법위반,건조,맑음,교차로 - 교차로안,승용,남,31세,상해없음,승용,남,36세,경상
2018080900100441,2018년 8월 9일 17시,목요일,경상남도 창원시 의창구 신월동,경상사고,0,0,2,0,차대차 - 측면충돌,안전운전불이행,건조,맑음,단일로 - 기타,승용,남,68세,상해없음,승용,여,55세,경상
2018080900100478,2018년 8월 9일 18시,목요일,경상남도 진주시 인사동,중상사고,0,1,0,0,차대사람 - 길가장자리구역통행중,안전운전불이행,건조,맑음,단일로 - 기타,승용,여,50세,상해없음,보행자,여,53세,중상
2018080900100479,2018년 8월 9일 18시,목요일,경상남도 양산시 평산동,중상사고,0,1,0,0,차량단독 - 기타,안전운전불이행,건조,맑음,단일로 - 기타,자전거,남,65세,중상,,,,
2018080900100548,2018년 8월 9일 20시,목요일,경상남도 함양군 함양읍,중상사고,0,1,0,0,차대차 - 측면충돌,교차로운행방법위반,건조,맑음,교차로 - 교차로안,승용,여,49세,상해없음,원동기,남,42세,중상
2018080900100549,2018년 8월 9일 20시,목요일,경상남도 김해시 흥동,경상사고,0,0,1,0,차대차 - 추돌,안전운전불이행,건조,맑음,단일로 - 기타,승용,남,30세,상해없음,승용,여,40세,경상
2018080900100575,2018년 8월 9일 21시,목요일,경상남도 양산시 덕계동,중상사고,0,1,0,0,차량단독 - 기타,안전운전불이행,건조,맑음,단일로 - 기타,이륜,남,32세,중상,,,,
2018080900100576,2018년 8월 9일 21시,목요일,경상남도 김해시 관동동,경상사고,0,0,1,0,차량단독 - 공작물충돌,안전운전불이행,젖음/습기,비,단일로 - 기타,승용,남,28세,경상,,,,
2018080900100626,2018년 8월 9일 23시,목요일,경상남도 진주시 하대동,중상사고,0,1,0,0,차대차 - 측면충돌,안전운전불이행,건조,맑음,단일로 - 기타,승용,남,30세,상해없음,자전거,여,65세,중상
2018081000100009,2018년 8월 10일 00시,금요일,경상남도 창원시 진해구 용원동,중상사고,0,1,0,0,차대사람 - 차도통행중,안전운전불이행,건조,맑음,단일로 - 지하차도(도로)내,승용,여,55세,상해없음,보행자,남,61세,중상
2018081000100010,2018년 8월 10일 00시,금요일,경상남도 창원시 성산구 웅남동,경상사고,0,0,2,0,차대차 - 기타,안전운전불이행,건조,맑음,단일로 - 기타,승용,남,54세,상해없음,승용,남,27세,경상
2018081000100022,2018년 8월 10일 01시,금요일,경상남도 거제시 고현동,경상사고,0,0,1,0,차대차 - 측면충돌,직진우회전진행방해,건조,맑음,교차로 - 교차로안,승용,남,32세,상해없음,승용,남,46세,상해없음
2018081000100038,2018년 8월 10일 03시,금요일,경상남도 김해시 삼정동,중상사고,0,1,0,0,차량단독 - 공작물충돌,안전운전불이행,건조,맑음,교차로 - 교차로부근,승용,남,24세,중상,,,,
2018081000100058,2018년 8월 10일 05시,금요일,경상남도 통영시 무전동,경상사고,0,0,1,0,차대차 - 정면충돌,안전운전불이행,건조,맑음,단일로 - 기타,승용,남,20세,상해없음,승용,남,30세,경상
2018081000100083,2018년 8월 10일 06시,금요일,경상남도 김해시 삼계동,경상사고,0,0,1,0,차대차 - 기타,안전운전불이행,건조,맑음,단일로 - 기타,화물,남,62세,경상,승용,남,54세,상해없음
2018081000100098,2018년 8월 10일 07시,금요일,경상남도 창원시 진해구 청안동,경상사고,0,0,1,0,차대차 - 측면충돌,안전운전불이행,건조,맑음,교차로 - 교차로안,승용,남,45세,상해없음,승용,여,39세,경상
2018081000100099,2018년 8월 10일 07시,금요일,경상남도 창녕군 장마면,부상신고사고,0,0,0,1,차량단독 - 기타,안전운전불이행,건조,맑음,단일로 - 기타,농기계,남,77세,부상신고,,,,
2018081000100131,2018년 8월 10일 08시,금요일,경상남도 합천군 대병면,경상사고,0,0,1,0,차량단독 - 전도전복 - 전도,안전운전불이행,건조,맑음,단일로 - 기타,화물,남,58세,경상,미분류,미분류,미분류,미분류
2018081000100213,2018년 8월 10일 11시,금요일,경상남도 김해시 동상동,경상사고,0,0,1,0,차대차 - 기타,기타,건조,맑음,교차로 - 교차로안,화물,남,46세,상해없음,이륜,여,51세,경상
2018081000100245,2018년 8월 10일 12시,금요일,경상남도 창원시 진해구 풍호동,경상사고,0,0,3,0,차대차 - 측면충돌,교차로운행방법위반,젖음/습기,비,교차로 - 교차로안,승합,남,68세,경상,승용,남,37세,경상
2018081000100246,2018년 8월 10일 12시,금요일,경상남도 창원시 진해구 용원동,경상사고,0,0,4,0,차대차 - 측면충돌,기타,젖음/습기,비,교차로 - 교차로안,승용,남,67세,경상,화물,남,27세,경상
2018081000100247,2018년 8월 10일 12시,금요일,경상남도 양산시 소주동,경상사고,0,0,1,0,차대사람 - 기타,안전운전불이행,젖음/습기,비,교차로 - 교차로안,승용,남,33세,상해없음,보행자,여,64세,경상
2018081000100286,2018년 8월 10일 13시,금요일,경상남도 김해시 삼문동,경상사고,0,0,1,0,차대차 - 기타,중앙선침범,젖음/습기,흐림,단일로 - 기타,승용,여,41세,상해없음,이륜,남,49세,경상
2018081000100287,2018년 8월 10일 13시,금요일,경상남도 김해시 부곡동,중상사고,0,1,1,0,차대차 - 측면충돌,안전운전불이행,건조,흐림,교차로 - 교차로안,승용,남,31세,경상,승용,여,48세,중상
2018081000100323,2018년 8월 10일 14시,금요일,경상남도 거창군 거창읍,중상사고,0,1,0,0,차대차 - 측면충돌,안전운전불이행,건조,맑음,교차로 - 교차로안,승용,여,37세,상해없음,이륜,남,61세,중상
2018081000100324,2018년 8월 10일 14시,금요일,경상남도 양산시 중부동,경상사고,0,0,1,0,차대차 - 추돌,안전운전불이행,건조,맑음,교차로 - 교차로안,승용,남,35세,상해없음,승용,여,50세,경상
2018081000100325,2018년 8월 10일 14시,금요일,경상남도 거제시 장목면,경상사고,0,0,1,0,차대차 - 측면충돌,안전거리미확보,건조,맑음,단일로 - 기타,화물,남,24세,상해없음,승용,남,38세,경상
2018081000100326,2018년 8월 10일 14시,금요일,경상남도 산청군 단성면,경상사고,0,0,1,0,차대사람 - 기타,안전운전불이행,건조,맑음,단일로 - 기타,승합,남,21세,상해없음,보행자,남,52세,경상
2018081000100365,2018년 8월 10일 15시,금요일,경상남도 창원시 의창구 반송동,경상사고,0,0,2,0,차대차 - 추돌,안전운전불이행,건조,맑음,단일로 - 기타,승용,남,55세,상해없음,승용,남,38세,경상
2018081000100402,2018년 8월 10일 16시,금요일,경상남도 밀양시 부북면,경상사고,0,0,1,0,차대차 - 측면충돌,안전운전불이행,건조,맑음,교차로 - 교차로안,승용,남,57세,상해없음,승용,여,53세,경상
2018081000100403,2018년 8월 10일 16시,금요일,경상남도 거제시 거제면,경상사고,0,0,2,0,차대차 - 추돌,안전운전불이행,건조,맑음,교차로 - 교차로부근,승합,남,29세,상해없음,승용,남,55세,경상
2018081000100447,2018년 8월 10일 17시,금요일,경상남도 통영시 용남면,경상사고,0,0,2,0,차대차 - 측면충돌,직진우회전진행방해,건조,맑음,교차로 - 교차로안,승용,남,63세,상해없음,승용,남,24세,경상
2018081000100448,2018년 8월 10일 17시,금요일,경상남도 하동군 진교면,중상사고,0,1,0,0,차량단독 - 전도전복 - 전복,안전운전불이행,건조,맑음,단일로 - 기타,승용,여,46세,중상,미분류,미분류,미분류,미분류
2018081000100449,2018년 8월 10일 17시,금요일,경상남도 산청군 단성면,경상사고,0,0,1,0,차대차 - 측면충돌,교차로운행방법위반,건조,맑음,교차로 - 교차로안,농기계,여,60세,경상,승용,남,60세,상해없음
2018081000100496,2018년 8월 10일 18시,금요일,경상남도 창원시 마산합포구 창동,중상사고,0,1,1,0,차대차 - 추돌,안전운전불이행,건조,맑음,교차로 - 교차로부근,승용,남,54세,상해없음,승용,여,55세,중상
2018081000100497,2018년 8월 10일 18시,금요일,경상남도 양산시 물금읍,중상사고,0,1,2,0,차대차 - 기타,안전운전불이행,건조,맑음,단일로 - 기타,승용,여,33세,상해없음,승용,남,59세,중상
2018081000100580,2018년 8월 10일 20시,금요일,경상남도 김해시 대청동,경상사고,0,0,1,0,차대차 - 측면충돌,안전운전불이행,건조,맑음,교차로 - 교차로안,화물,남,58세,상해없음,이륜,남,28세,경상
2018081000100600,2018년 8월 10일 21시,금요일,경상남도 밀양시 상동면,중상사고,0,5,0,1,차대차 - 추돌,안전운전불이행,젖음/습기,비,단일로 - 교량,승용,여,41세,상해없음,승용,남,27세,중상
2018081000100611,2018년 8월 10일 21시,금요일,경상남도 창원시 진해구 경화동,중상사고,0,1,0,0,차대차 - 추돌,안전운전불이행,건조,맑음,단일로 - 기타,승용,남,44세,상해없음,승용,남,46세,중상
2018081000100612,2018년 8월 10일 21시,금요일,경상남도 김해시 상동면,중상사고,0,3,1,0,차대차 - 측면충돌,안전운전불이행,건조,맑음,교차로 - 교차로안,승용,남,47세,경상,화물,남,53세,상해없음
2018081000100633,2018년 8월 10일 22시,금요일,경상남도 통영시 무전동,경상사고,0,0,4,0,차대차 - 측면충돌,안전거리미확보,건조,맑음,단일로 - 기타,승용,여,55세,상해없음,승용,남,45세,경상
2018081000100662,2018년 8월 10일 23시,금요일,경상남도 창녕군 남지읍,경상사고,0,0,1,0,차대차 - 추돌,안전운전불이행,건조,맑음,단일로 - 기타,승용,기타불명,미분류,기타불명,승용,여,47세,경상
2018081100100020,2018년 8월 11일 00시,토요일,경상남도 진주시 상대동,중상사고,0,1,0,0,차대사람 - 기타,신호위반,건조,맑음,단일로 - 기타,화물,남,45세,상해없음,보행자,여,26세,중상
2018081100100021,2018년 8월 11일 00시,토요일,경상남도 양산시 중부동,중상사고,0,2,0,0,차대사람 - 횡단중,보행자보호의무위반,건조,맑음,교차로 - 교차로횡단보도내,승용,남,23세,상해없음,보행자,여,34세,중상
2018081100100036,2018년 8월 11일 01시,토요일,경상남도 산청군 생초면,중상사고,0,2,0,0,차대차 - 기타,안전운전불이행,건조,맑음,단일로 - 기타,승용,여,54세,상해없음,승용,남,47세,중상
2018081100100074,2018년 8월 11일 05시,토요일,경상남도 김해시 진영읍,중상사고,0,2,0,0,차대차 - 측면충돌,신호위반,건조,흐림,교차로 - 교차로안,승용,여,53세,중상,화물,남,63세,중상
2018081100100106,2018년 8월 11일 07시,토요일,경상남도 창원시 성산구 성산동,중상사고,0,1,0,0,차대사람 - 차도통행중,안전운전불이행,건조,맑음,단일로 - 기타,승용,남,59세,상해없음,보행자,남,71세,중상
2018081100100129,2018년 8월 11일 08시,토요일,경상남도 사천시 벌리동,경상사고,0,0,1,0,차대사람 - 차도통행중,안전운전불이행,건조,맑음,교차로 - 교차로부근,승용,여,21세,상해없음,보행자,여,18세,경상
2018081100100154,2018년 8월 11일 09시,토요일,경상남도 창원시 의창구 대산면,중상사고,0,2,0,0,차대차 - 추돌,안전운전불이행,건조,맑음,교차로 - 교차로부근,승용,남,73세,상해없음,승용,남,29세,중상
2018081100100185,2018년 8월 11일 10시,토요일,경상남도 김해시 진영읍,경상사고,0,0,4,0,차대차 - 정면충돌,안전운전불이행,건조,맑음,단일로 - 기타,승용,남,47세,경상,승용,남,61세,경상
2018081100100212,2018년 8월 11일 11시,토요일,경상남도 남해군 남해읍,중상사고,0,1,1,0,차대차 - 측면충돌,안전운전불이행,건조,맑음,단일로 - 기타,승용,여,60세,경상,승용,남,66세,중상
2018081100100213,2018년 8월 11일 11시,토요일,경상남도 남해군 남면,경상사고,0,0,2,0,차대차 - 측면충돌,안전운전불이행,건조,맑음,단일로 - 기타,승용,남,51세,상해없음,승용,남,58세,상해없음
2018081100100243,2018년 8월 11일 12시,토요일,경상남도 창원시 마산합포구 진동면,중상사고,0,1,0,1,차대사람 - 기타,안전운전불이행,건조,맑음,단일로 - 기타,승용,남,39세,상해없음,보행자,남,5세,부상신고
2018081100100244,2018년 8월 11일 12시,토요일,경상남도 양산시 삼호동,중상사고,0,1,0,0,차대차 - 측면충돌,안전운전불이행,건조,맑음,단일로 - 기타,승용,남,58세,상해없음,이륜,남,21세,중상
2018081100100261,2018년 8월 11일 13시,토요일,경상남도 창원시 진해구 용원동,경상사고,0,0,3,0,차대차 - 기타,안전거리미확보,건조,맑음,단일로 - 터널,승용,남,30세,상해없음,승용,남,23세,경상
2018081100100281,2018년 8월 11일 13시,토요일,경상남도 사천시 정동면,경상사고,0,0,2,0,차대차 - 측면충돌,신호위반,건조,맑음,교차로 - 교차로안,화물,남,57세,상해없음,승용,여,47세,경상
2018081100100319,2018년 8월 11일 14시,토요일,경상남도 창원시 성산구 상남동,경상사고,0,0,1,0,차대사람 - 횡단중,안전운전불이행,건조,맑음,단일로 - 기타,승용,여,61세,상해없음,보행자,남,60세,경상
2018081100100338,2018년 8월 11일 15시,토요일,경상남도 밀양시 산외면,경상사고,0,0,3,0,차대차 - 추돌,안전운전불이행,건조,맑음,단일로 - 기타,승용,남,31세,상해없음,승용,남,40세,상해없음
2018081100100355,2018년 8월 11일 15시,토요일,경상남도 김해시 삼계동,부상신고사고,0,0,0,1,차대차 - 기타,안전운전불이행,건조,맑음,교차로 - 교차로부근,화물,남,59세,상해없음,화물,남,42세,부상신고
2018081100100356,2018년 8월 11일 15시,토요일,경상남도 창원시 마산회원구 내서읍,중상사고,0,2,0,0,차대차 - 정면충돌,중앙선침범,건조,맑음,단일로 - 기타,승용,남,32세,상해없음,승용,남,44세,중상
2018081100100389,2018년 8월 11일 16시,토요일,경상남도 양산시 원동면,중상사고,0,4,2,0,차대차 - 추돌,안전운전불이행,건조,맑음,단일로 - 기타,승용,남,72세,중상,승용,남,27세,경상
2018081100100423,2018년 8월 11일 17시,토요일,경상남도 사천시 선구동,중상사고,0,1,0,0,차대사람 - 차도통행중,안전운전불이행,건조,맑음,단일로 - 기타,승용,남,71세,상해없음,보행자,여,64세,중상
2018081100100424,2018년 8월 11일 17시,토요일,경상남도 남해군 남해읍,중상사고,0,1,0,0,차대차 - 측면충돌,안전운전불이행,건조,맑음,교차로 - 교차로부근,승용,남,44세,상해없음,자전거,남,56세,중상
2018081100100425,2018년 8월 11일 17시,토요일,경상남도 남해군 남해읍,중상사고,0,1,1,0,차대차 - 측면충돌,안전운전불이행,건조,맑음,단일로 - 기타,승용,남,37세,상해없음,원동기,남,65세,경상
2018081100100426,2018년 8월 11일 17시,토요일,경상남도 창원시 의창구 북면,중상사고,0,1,0,0,차량단독 - 공작물충돌,안전운전불이행,건조,맑음,기타 - 기타,이륜,남,40세,중상,,,,
2018081100100427,2018년 8월 11일 17시,토요일,경상남도 창원시 의창구 북면,사망사고,1,0,0,0,차량단독 - 공작물충돌,안전운전불이행,건조,맑음,단일로 - 기타,이륜,남,40세,사망,,,,
2018081100100491,2018년 8월 11일 19시,토요일,경상남도 김해시 어방동,부상신고사고,0,0,0,1,차대차 - 기타,안전운전불이행,건조,맑음,교차로 - 교차로안,원동기,남,24세,상해없음,승용,남,70세,부상신고
2018081100100561,2018년 8월 11일 22시,토요일,경상남도 고성군 고성읍,경상사고,0,0,1,0,차대차 - 측면충돌,신호위반,건조,맑음,교차로 - 교차로안,승용,남,52세,상해없음,이륜,남,23세,경상
2018081200100010,2018년 8월 12일 00시,일요일,경상남도 김해시 내동,경상사고,0,0,1,0,차대차 - 기타,신호위반,건조,맑음,교차로 - 교차로부근,이륜,남,47세,경상,승용,남,46세,상해없음
2018081200100025,2018년 8월 12일 01시,일요일,경상남도 사천시 사천읍,경상사고,0,0,1,0,차대차 - 측면충돌,안전운전불이행,건조,맑음,단일로 - 기타,화물,남,55세,경상,화물,남,42세,상해없음
2018081200100049,2018년 8월 12일 03시,일요일,경상남도 진주시 상대동,중상사고,0,1,0,0,차대차 - 측면충돌,직진우회전진행방해,건조,맑음,교차로 - 교차로안,이륜,남,48세,중상,승용,남,47세,상해없음
2018081200100081,2018년 8월 12일 06시,일요일,경상남도 창원시 마산회원구 구암동,경상사고,0,0,1,0,차대차 - 기타,중앙선침범,건조,맑음,단일로 - 기타,승용,여,44세,상해없음,승용,남,31세,경상
2018081200100087,2018년 8월 12일 07시,일요일,경상남도 사천시 사천읍,경상사고,0,0,2,0,차대차 - 측면충돌,안전거리미확보,건조,맑음,교차로 - 교차로안,승용,남,43세,상해없음,화물,남,46세,경상
2018081200100088,2018년 8월 12일 07시,일요일,경상남도 양산시 신기동,경상사고,0,0,2,0,차대차 - 측면충돌,신호위반,젖음/습기,비,교차로 - 교차로안,승용,남,58세,상해없음,화물,남,54세,경상