사고번호,사고일시,요일,시군구,사고내용,사망자수,중상자수,경상자수,부상신고자수,사고유형,법규위반,노면상태,기상상태,도로형태,가해운전자 차종,가해운전자 성별,가해운전자 연령,가해운전자 상해정도,피해운전자 차종,피해운전자 성별,피해운전자 연령,피해운전자 상해정도
2018081600100053,2018년 8월 16일 05시,목요일,경상남도 사천시 벌리동,경상사고,0,0,1,0,차대차 - 측면충돌,신호위반,건조,맑음,교차로 - 교차로안,승용,여,56세,상해없음,승용,남,56세,경상
2018081600100064,2018년 8월 16일 06시,목요일,경상남도 창원시 의창구 동정동,중상사고,0,1,0,0,차대차 - 추돌,안전운전불이행,건조,맑음,단일로 - 기타,승용,남,48세,상해없음,승용,여,31세,중상
2018081600100083,2018년 8월 16일 07시,목요일,경상남도 김해시 상동면,경상사고,0,0,2,0,차대차 - 정면충돌,중앙선침범,건조,흐림,단일로 - 기타,승용,여,60세,경상,화물,남,56세,경상
2018081600100084,2018년 8월 16일 07시,목요일,경상남도 양산시 다방동,부상신고사고,0,0,0,1,차대사람 - 기타,안전운전불이행,건조,맑음,교차로 - 교차로부근,승용,남,68세,상해없음,보행자,남,47세,부상신고
2018081600100111,2018년 8월 16일 08시,목요일,경상남도 통영시 북신동,중상사고,0,1,2,0,차대차 - 측면충돌,안전운전불이행,건조,맑음,교차로 - 교차로안,승용,여,48세,상해없음,화물,남,48세,경상
2018081600100161,2018년 8월 16일 09시,목요일,경상남도 창원시 마산합포구 서성동,중상사고,0,2,1,0,차대차 - 측면충돌,신호위반,건조,맑음,교차로 - 교차로안,승용,여,71세,경상,승용,남,67세,중상
2018081600100162,2018년 8월 16일 09시,목요일,경상남도 진주시 장대동,중상사고,0,1,0,0,차대사람 - 횡단중,안전운전불이행,건조,흐림,교차로 - 교차로안,승용,남,66세,상해없음,보행자,여,68세,중상
2018081600100163,2018년 8월 16일 09시,목요일,경상남도 창원시 성산구 대방동,중상사고,0,1,0,0,차대사람 - 횡단중,신호위반,건조,맑음,교차로 - 교차로부근,승용,여,47세,상해없음,보행자,여,43세,중상
2018081600100197,2018년 8월 16일 10시,목요일,경상남도 창원시 마산합포구 해운동,경상사고,0,0,2,0,차대차 - 측면충돌,안전운전불이행,건조,맑음,교차로 - 교차로안,승용,남,66세,상해없음,승용,여,71세,경상
2018081600100198,2018년 8월 16일 10시,목요일,경상남도 통영시 광도면,중상사고,0,1,1,0,차대차 - 측면충돌,직진우회전진행방해,건조,맑음,교차로 - 교차로안,승용,여,56세,중상,승용,여,45세,경상
2018081600100275,2018년 8월 16일 12시,목요일,경상남도 김해시 구산동,경상사고,0,0,3,0,차대차 - 기타,안전운전불이행,젖음/습기,비,단일로 - 기타,승용,남,50세,상해없음,승용,여,28세,경상
2018081600100306,2018년 8월 16일 13시,목요일,경상남도 산청군 시천면,경상사고,0,0,1,0,차대사람 - 보도통행중,보행자보호의무위반,젖음/습기,비,교차로 - 교차로부근,화물,남,49세,상해없음,보행자,남,48세,경상
2018081600100353,2018년 8월 16일 14시,목요일,경상남도 창원시 마산합포구 자산동,경상사고,0,0,3,0,차대차 - 측면충돌,안전운전불이행,건조,맑음,교차로 - 교차로안,화물,남,57세,상해없음,화물,남,58세,경상
2018081600100354,2018년 8월 16일 14시,목요일,경상남도 김해시 외동,중상사고,0,1,0,0,차대차 - 추돌,안전운전불이행,건조,맑음,단일로 - 기타,승용,여,56세,상해없음,승용,여,65세,중상
2018081600100355,2018년 8월 16일 14시,목요일,경상남도 김해시 삼계동,중상사고,0,1,0,0,차대차 - 기타,차로위반,건조,맑음,단일로 - 기타,승용,여,59세,상해없음,승용,남,41세,중상
2018081600100385,2018년 8월 16일 15시,목요일,경상남도 밀양시 내이동,경상사고,0,0,1,0,차대차 - 측면충돌,안전운전불이행,건조,맑음,단일로 - 기타,승용,남,56세,상해없음,승용,남,75세,경상
2018081600100421,2018년 8월 16일 16시,목요일,경상남도 통영시 미수동,경상사고,0,0,1,0,차대차 - 정면충돌,중앙선침범,건조,맑음,교차로 - 교차로부근,승용,여,59세,상해없음,승합,남,25세,경상
2018081600100512,2018년 8월 16일 18시,목요일,경상남도 김해시 대청동,경상사고,0,0,1,0,차대사람 - 횡단중,안전운전불이행,건조,맑음,교차로 - 교차로부근,승용,남,24세,상해없음,보행자,남,63세,경상
2018081600100544,2018년 8월 16일 19시,목요일,경상남도 김해시 외동,경상사고,0,0,1,0,차대차 - 기타,교차로운행방법위반,건조,맑음,교차로 - 교차로안,화물,남,48세,상해없음,자전거,남,19세,경상
2018081600100579,2018년 8월 16일 20시,목요일,경상남도 김해시 어방동,경상사고,0,0,2,0,차대차 - 기타,교차로운행방법위반,건조,맑음,교차로 - 교차로안,승용,남,56세,상해없음,이륜,남,17세,경상
2018081600100580,2018년 8월 16일 20시,목요일,경상남도 함안군 여항면,중상사고,0,1,0,0,차대차 - 측면충돌,안전운전불이행,건조,맑음,단일로 - 기타,화물,남,22세,상해없음,자전거,남,50세,중상
2018081600100610,2018년 8월 16일 21시,목요일,경상남도 창원시 성산구 중앙동,경상사고,0,0,1,0,차대사람 - 횡단중,안전운전불이행,건조,맑음,교차로 - 교차로안,이륜,남,26세,상해없음,보행자,여,47세,경상
2018081600100632,2018년 8월 16일 22시,목요일,경상남도 진주시 평거동,경상사고,0,0,1,0,차대사람 - 횡단중,신호위반,건조,맑음,교차로 - 교차로횡단보도내,이륜,남,27세,상해없음,보행자,여,18세,경상
2018081600100633,2018년 8월 16일 22시,목요일,경상남도 진주시 하대동,중상사고,0,1,0,0,차대차 - 측면충돌,직진우회전진행방해,건조,맑음,교차로 - 교차로안,승용,남,34세,상해없음,이륜,남,18세,중상
2018081600100634,2018년 8월 16일 22시,목요일,경상남도 김해시 어방동,경상사고,0,0,1,0,차대차 - 추돌,안전운전불이행,건조,맑음,교차로 - 교차로부근,승용,남,51세,상해없음,승용,남,46세,경상
2018081600100635,2018년 8월 16일 22시,목요일,경상남도 거제시 연초면,경상사고,0,0,1,0,차량단독 - 기타,안전운전불이행,건조,맑음,단일로 - 기타,이륜,남,48세,경상,,,,
2018081700100027,2018년 8월 17일 02시,금요일,경상남도 거제시 고현동,경상사고,0,0,1,0,차량단독 - 기타,안전운전불이행,건조,맑음,단일로 - 기타,승용,남,54세,상해없음,,,,
2018081700100037,2018년 8월 17일 03시,금요일,경상남도 창원시 마산회원구 합성동,사망사고,1,1,0,0,차대사람 - 횡단중,안전운전불이행,건조,맑음,교차로 - 교차로안,승용,남,24세,상해없음,보행자,남,75세,사망
2018081700100055,2018년 8월 17일 05시,금요일,경상남도 김해시 진영읍,사망사고,1,0,0,0,차량단독 - 전도전복 - 전복,안전운전불이행,건조,맑음,단일로 - 기타,특수,남,57세,사망,미분류,미분류,미분류,미분류
2018081700100074,2018년 8월 17일 06시,금요일,경상남도 양산시 명곡동,경상사고,0,0,1,0,차대차 - 추돌,안전운전불이행,건조,맑음,단일로 - 기타,승용,남,36세,상해없음,승용,남,26세,경상
2018081700100089,2018년 8월 17일 07시,금요일,경상남도 김해시 대동면,경상사고,0,0,1,0,차대차 - 측면충돌,안전운전불이행,기타,맑음,단일로 - 기타,화물,남,63세,상해없음,승용,남,31세,경상
2018081700100104,2018년 8월 17일 07시,금요일,경상남도 통영시 사량면,중상사고,0,2,0,0,차대차 - 측면충돌,중앙선침범,건조,맑음,단일로 - 기타,화물,남,68세,상해없음,이륜,남,61세,중상
2018081700100105,2018년 8월 17일 07시,금요일,경상남도 창원시 의창구 신월동,경상사고,0,0,1,0,차대차 - 측면충돌,안전운전불이행,건조,맑음,교차로 - 교차로안,승용,여,33세,상해없음,승용,남,77세,경상
2018081700100143,2018년 8월 17일 08시,금요일,경상남도 창원시 성산구 남산동,경상사고,0,0,1,0,차대차 - 기타,안전운전불이행,건조,맑음,단일로 - 기타,승용,여,54세,상해없음,승용,남,44세,경상
2018081700100219,2018년 8월 17일 10시,금요일,경상남도 창원시 마산합포구 중성동,중상사고,0,1,1,0,차대차 - 측면충돌,안전운전불이행,건조,맑음,단일로 - 기타,승용,남,45세,상해없음,이륜,남,57세,경상
2018081700100280,2018년 8월 17일 12시,금요일,경상남도 양산시 하북면,중상사고,0,1,0,0,차대사람 - 횡단중,안전운전불이행,건조,맑음,교차로 - 교차로안,승합,남,57세,상해없음,보행자,여,63세,중상
2018081700100281,2018년 8월 17일 12시,금요일,경상남도 산청군 시천면,경상사고,0,0,1,0,차대차 - 측면충돌,중앙선침범,건조,맑음,단일로 - 기타,승용,남,79세,상해없음,승용,여,62세,경상
2018081700100282,2018년 8월 17일 12시,금요일,경상남도 창원시 의창구 용호동,경상사고,0,0,1,0,차대차 - 측면충돌,안전운전불이행,건조,맑음,교차로 - 교차로횡단보도내,승용,여,34세,상해없음,자전거,여,37세,경상
2018081700100310,2018년 8월 17일 13시,금요일,경상남도 밀양시 내일동,중상사고,0,1,0,0,차대사람 - 기타,안전운전불이행,건조,맑음,단일로 - 기타,승용,여,55세,상해없음,보행자,여,79세,중상
2018081700100311,2018년 8월 17일 13시,금요일,경상남도 밀양시 산외면,경상사고,0,0,4,0,차대차 - 측면충돌,교차로운행방법위반,건조,맑음,교차로 - 교차로안,승용,남,36세,상해없음,승용,남,56세,경상
2018081700100312,2018년 8월 17일 13시,금요일,경상남도 김해시 삼계동,중상사고,0,1,2,0,차대차 - 기타,안전운전불이행,건조,맑음,단일로 - 기타,화물,남,38세,상해없음,승용,남,49세,경상
2018081700100313,2018년 8월 17일 13시,금요일,경상남도 창원시 의창구 북면,경상사고,0,0,1,0,차대차 - 추돌,안전운전불이행,건조,흐림,단일로 - 기타,화물,남,78세,상해없음,화물,남,81세,경상
2018081700100387,2018년 8월 17일 15시,금요일,경상남도 김해시 관동동,경상사고,0,0,2,0,차대차 - 측면충돌,안전운전불이행,건조,맑음,단일로 - 기타,승용,여,31세,상해없음,승합,여,45세,경상
2018081700100444,2018년 8월 17일 16시,금요일,경상남도 통영시 산양읍,중상사고,0,2,0,0,차대차 - 측면충돌,안전운전불이행,건조,맑음,단일로 - 기타,화물,남,69세,상해없음,이륜,남,75세,중상
2018081700100445,2018년 8월 17일 16시,금요일,경상남도 거창군 가조면,중상사고,0,1,6,0,차대차 - 기타,안전운전불이행,건조,맑음,단일로 - 기타,화물,남,47세,경상,승용,남,52세,경상
2018081700100446,2018년 8월 17일 16시,금요일,경상남도 거제시 양정동,경상사고,0,0,1,0,차대차 - 기타,교차로운행방법위반,건조,맑음,교차로 - 교차로안,화물,남,31세,기타불명,승용,남,27세,경상
2018081700100447,2018년 8월 17일 16시,금요일,경상남도 거제시 옥포동,중상사고,0,1,0,0,차대사람 - 차도통행중,안전운전불이행,건조,맑음,단일로 - 기타,승용,남,34세,상해없음,보행자,남,11세,중상
2018081700100586,2018년 8월 17일 19시,금요일,경상남도 사천시 정동면,경상사고,0,0,2,0,차대차 - 측면충돌,기타,건조,맑음,교차로 - 교차로안,이륜,남,20세,경상,승용,남,48세,경상
2018081700100587,2018년 8월 17일 19시,금요일,경상남도 김해시 진영읍,경상사고,0,0,1,0,차대차 - 측면충돌,안전운전불이행,건조,맑음,교차로 - 교차로안,이륜,남,47세,경상,화물,남,51세,상해없음
2018081700100624,2018년 8월 17일 20시,금요일,경상남도 사천시 송포동,경상사고,0,0,2,0,차대차 - 추돌,안전운전불이행,건조,맑음,단일로 - 기타,승용,남,55세,경상,농기계,남,70세,경상
2018081700100683,2018년 8월 17일 22시,금요일,경상남도 밀양시 상남면,경상사고,0,0,1,0,차대차 - 추돌,안전운전불이행,건조,맑음,단일로 - 기타,승용,남,43세,상해없음,화물,남,41세,경상
2018081700100698,2018년 8월 17일 23시,금요일,경상남도 김해시 삼방동,경상사고,0,0,1,0,차대차 - 기타,신호위반,건조,맑음,교차로 - 교차로안,승용,남,29세,상해없음,승용,남,33세,경상
2018081800100031,2018년 8월 18일 01시,토요일,경상남도 양산시 삼호동,부상신고사고,0,0,0,1,차대차 - 기타,교차로운행방법위반,건조,맑음,교차로 - 교차로안,이륜,남,29세,부상신고,승용,남,51세,상해없음
2018081800100077,2018년 8월 18일 05시,토요일,경상남도 양산시 교동,중상사고,0,1,0,0,차대차 - 측면충돌,신호위반,건조,맑음,교차로 - 교차로안,화물,남,30세,상해없음,승용,남,44세,중상
2018081800100095,2018년 8월 18일 06시,토요일,경상남도 의령군 유곡면,경상사고,0,0,1,0,차대차 - 정면충돌,중앙선침범,건조,맑음,단일로 - 지하차도(도로)내,화물,남,57세,상해없음,승용,남,48세,경상
2018081800100096,2018년 8월 18일 06시,토요일,경상남도 창원시 성산구 중앙동,중상사고,0,1,0,0,차대차 - 측면충돌,신호위반,건조,맑음,교차로 - 교차로안,승용,남,60세,상해없음,승용,여,29세,중상
2018081800100111,2018년 8월 18일 07시,토요일,경상남도 김해시 진영읍,중상사고,0,1,0,0,차대차 - 측면충돌,안전운전불이행,건조,맑음,단일로 - 기타,승용,여,56세,중상,승합,남,40세,기타불명
2018081800100135,2018년 8월 18일 08시,토요일,경상남도 창원시 의창구 동읍,경상사고,0,0,1,0,차대차 - 측면충돌,교차로운행방법위반,건조,맑음,교차로 - 교차로안,승용,남,48세,상해없음,승용,여,35세,경상
2018081800100209,2018년 8월 18일 10시,토요일,경상남도 창원시 마산합포구 남성동,부상신고사고,0,0,0,1,차대차 - 측면충돌,안전운전불이행,건조,맑음,교차로 - 교차로횡단보도내,이륜,여,57세,부상신고,승용,남,30세,상해없음
2018081800100210,2018년 8월 18일 10시,토요일,경상남도 진주시 상평동,경상사고,0,0,2,0,차대차 - 측면충돌,안전거리미확보,건조,맑음,단일로 - 교량,승용,남,22세,상해없음,승용,남,25세,경상
2018081800100241,2018년 8월 18일 11시,토요일,경상남도 진주시 신안동,중상사고,0,1,0,0,차대사람 - 횡단중,보행자보호의무위반,건조,맑음,교차로 - 교차로횡단보도내,승용,남,30세,상해없음,보행자,남,78세,중상
2018081800100242,2018년 8월 18일 11시,토요일,경상남도 밀양시 삼문동,경상사고,0,0,3,0,차대차 - 측면충돌,교차로운행방법위반,건조,맑음,교차로 - 교차로안,화물,남,59세,상해없음,승용,여,67세,경상
2018081800100243,2018년 8월 18일 11시,토요일,경상남도 창녕군 남지읍,중상사고,0,1,0,0,차대사람 - 기타,안전운전불이행,건조,맑음,단일로 - 기타,화물,남,74세,상해없음,보행자,남,51세,중상
2018081800100272,2018년 8월 18일 12시,토요일,경상남도 창녕군 대합면,경상사고,0,0,2,0,차대차 - 추돌,안전거리미확보,건조,맑음,교차로 - 교차로부근,승용,남,60세,상해없음,화물,남,67세,경상
2018081800100273,2018년 8월 18일 12시,토요일,경상남도 양산시 상북면,경상사고,0,0,1,0,차대차 - 측면충돌,안전운전불이행,건조,맑음,교차로 - 교차로부근,화물,남,51세,상해없음,승용,여,57세,경상
2018081800100309,2018년 8월 18일 13시,토요일,경상남도 양산시 물금읍,중상사고,0,1,1,0,차대차 - 측면충돌,안전운전불이행,건조,맑음,교차로 - 교차로부근,건설기계,남,63세,상해없음,승용,여,34세,경상
2018081800100349,2018년 8월 18일 14시,토요일,경상남도 진주시 옥봉동,경상사고,0,0,1,0,차대사람 - 차도통행중,안전운전불이행,건조,맑음,교차로 - 교차로부근,승용,여,57세,상해없음,보행자,여,59세,경상
2018081800100350,2018년 8월 18일 14시,토요일,경상남도 창원시 의창구 대산면,경상사고,0,0,1,0,차대차 - 추돌,안전운전불이행,건조,맑음,단일로 - 기타,승용,남,60세,상해없음,승용,남,39세,경상
2018081800100390,2018년 8월 18일 15시,토요일,경상남도 진주시 상대동,중상사고,0,1,0,0,차대차 - 측면충돌,직진우회전진행방해,건조,맑음,교차로 - 교차로안,승용,남,57세,상해없음,승용,남,59세,중상
2018081800100391,2018년 8월 18일 15시,토요일,경상남도 김해시 외동,경상사고,0,0,1,0,차대차 - 측면충돌,안전운전불이행,건조,맑음,교차로 - 교차로안,자전거,남,15세,경상,승용,남,54세,상해없음
2018081800100392,2018년 8월 18일 15시,토요일,경상남도 양산시 상북면,중상사고,0,3,0,0,차대차 - 측면충돌,신호위반,건조,맑음,교차로 - 교차로안,승용,여,51세,중상,승용,남,55세,중상
2018081800100425,2018년 8월 18일 16시,토요일,경상남도 김해시 내동,중상사고,0,1,0,0,차량단독 - 전도전복 - 전도,안전운전불이행,건조,맑음,단일로 - 기타,이륜,남,18세,중상,미분류,미분류,미분류,미분류
2018081800100426,2018년 8월 18일 16시,토요일,경상남도 창원시 마산회원구 구암동,경상사고,0,0,2,0,차대차 - 추돌,안전운전불이행,건조,맑음,교차로 - 교차로부근,승용,남,39세,상해없음,승용,남,29세,경상
2018081800100495,2018년 8월 18일 18시,토요일,경상남도 양산시 어곡동,중상사고,0,1,0,0,차대차 - 측면충돌,신호위반,건조,맑음,교차로 - 교차로안,화물,남,74세,상해없음,이륜,남,30세,중상
2018081800100496,2018년 8월 18일 18시,토요일,경상남도 양산시 북정동,경상사고,0,0,1,0,차대차 - 측면충돌,교차로운행방법위반,건조,맑음,교차로 - 교차로안,승용,남,25세,상해없음,이륜,남,31세,경상
2018081800100528,2018년 8월 18일 19시,토요일,경상남도 창원시 진해구 경화동,경상사고,0,0,1,0,차대차 - 측면충돌,안전거리미확보,건조,맑음,단일로 - 기타,이륜,남,24세,경상,승용,여,49세,상해없음
2018081800100559,2018년 8월 18일 20시,토요일,경상남도 창원시 마산합포구 신포동2가,경상사고,0,0,1,0,차대사람 - 기타,안전운전불이행,건조,맑음,교차로 - 교차로안,승용,남,78세,상해없음,보행자,남,51세,경상
2018081800100560,2018년 8월 18일 20시,토요일,경상남도 양산시 물금읍,중상사고,0,1,0,0,차대차 - 추돌,안전운전불이행,건조,맑음,단일로 - 기타,승용,여,39세,상해없음,승용,남,44세,중상
2018081800100561,2018년 8월 18일 20시,토요일,경상남도 거제시 고현동,중상사고,0,2,0,0,차대차 - 추돌,안전운전불이행,건조,맑음,단일로 - 기타,승용,남,52세,상해없음,승용,남,53세,중상
2018081800100592,2018년 8월 18일 21시,토요일,경상남도 양산시 삼호동,중상사고,0,1,0,0,차대사람 - 횡단중,안전운전불이행,건조,맑음,교차로 - 교차로안,승용,남,39세,상해없음,보행자,남,54세,중상
2018081900100034,2018년 8월 19일 01시,일요일,경상남도 김해시 대동면,중상사고,0,1,0,0,차량단독 - 공작물충돌,안전운전불이행,건조,맑음,단일로 - 교량,승용,남,25세,중상,,,,
2018081900100060,2018년 8월 19일 03시,일요일,경상남도 진주시 상봉동,중상사고,0,1,0,0,차대사람 - 기타,안전운전불이행,건조,맑음,단일로 - 기타,승용,남,36세,상해없음,보행자,남,52세,중상
2018081900100061,2018년 8월 19일 03시,일요일,경상남도 김해시 어방동,중상사고,0,1,2,0,차대차 - 추돌,안전운전불이행,건조,맑음,단일로 - 기타,승용,남,38세,상해없음,승용,남,58세,중상
2018081900100085,2018년 8월 19일 05시,일요일,경상남도 진주시 상대동,중상사고,0,1,0,0,차대차 - 기타,안전운전불이행,건조,맑음,교차로 - 교차로안,화물,남,46세,상해없음,자전거,남,75세,중상
2018081900100154,2018년 8월 19일 10시,일요일,경상남도 창원시 마산합포구 월영동,경상사고,0,0,1,0,차대차 - 기타,교차로운행방법위반,건조,맑음,교차로 - 교차로안,승용,남,48세,상해없음,승용,남,39세,경상
2018081900100155,2018년 8월 19일 10시,일요일,경상남도 김해시 내덕동,중상사고,0,1,0,0,차대차 - 측면충돌,교차로운행방법위반,건조,맑음,교차로 - 교차로안,승용,남,35세,상해없음,이륜,남,71세,중상
2018081900100183,2018년 8월 19일 11시,일요일,경상남도 합천군 용주면,중상사고,0,1,0,0,차대차 - 측면충돌,안전운전불이행,건조,맑음,단일로 - 기타,승용,남,41세,상해없음,승용,여,51세,중상
2018081900100185,2018년 8월 19일 11시,일요일,경상남도 거제시 장평동,경상사고,0,0,1,0,차대차 - 측면충돌,안전운전불이행,건조,맑음,교차로 - 교차로안,승용,여,41세,상해없음,자전거,남,16세,경상
2018081900100204,2018년 8월 19일 12시,일요일,경상남도 사천시 용강동,경상사고,0,0,1,3,차대차 - 측면충돌,직진우회전진행방해,건조,맑음,교차로 - 교차로안,승용,남,56세,상해없음,승용,여,31세,경상
2018081900100205,2018년 8월 19일 12시,일요일,경상남도 김해시 어방동,중상사고,0,1,0,0,차대차 - 측면충돌,교차로운행방법위반,건조,맑음,교차로 - 교차로안,승용,남,64세,상해없음,승용,남,58세,중상
2018081900100272,2018년 8월 19일 14시,일요일,경상남도 밀양시 하남읍,중상사고,0,1,1,0,차대차 - 측면충돌,안전운전불이행,건조,맑음,단일로 - 기타,이륜,남,81세,경상,자전거,여,44세,중상
2018081900100332,2018년 8월 19일 16시,일요일,경상남도 남해군 남면,부상신고사고,0,0,0,1,차대차 - 측면충돌,안전운전불이행,건조,맑음,교차로 - 교차로안,승용,여,28세,상해없음,승용,남,24세,상해없음
2018081900100365,2018년 8월 19일 17시,일요일,경상남도 산청군 산청읍,중상사고,0,4,1,0,차대차 - 정면충돌,중앙선침범,건조,맑음,단일로 - 기타,화물,남,54세,중상,승용,남,50세,중상
2018081900100366,2018년 8월 19일 17시,일요일,경상남도 의령군 지정면,중상사고,0,1,0,0,차대차 - 정면충돌,직진우회전진행방해,건조,맑음,교차로 - 교차로안,승용,남,43세,상해없음,이륜,남,78세,중상
2018081900100387,2018년 8월 19일 18시,일요일,경상남도 창원시 진해구 자은동,중상사고,0,1,0,0,차대사람 - 횡단중,안전운전불이행,건조,맑음,교차로 - 교차로횡단보도내,승용,남,29세,상해없음,보행자,여,35세,중상
2018081900100388,2018년 8월 19일 18시,일요일,경상남도 김해시 서상동,경상사고,0,0,1,0,차대차 - 측면충돌,안전운전불이행,건조,맑음,교차로 - 교차로안,이륜,남,64세,경상,승용,남,49세,상해없음
2018081900100389,2018년 8월 19일 18시,일요일,경상남도 거제시 일운면,경상사고,0,0,2,0,차대차 - 측면충돌,안전운전불이행,건조,맑음,단일로 - 기타,승용,남,40세,상해없음,승용,남,49세,경상
2018081900100423,2018년 8월 19일 19시,일요일,경상남도 거제시 거제면,중상사고,0,1,0,0,차대차 - 기타,안전운전불이행,건조,맑음,교차로 - 교차로안,화물,남,62세,상해없음,이륜,남,37세,중상
2018081900100454,2018년 8월 19일 20시,일요일,경상남도 양산시 삼호동,중상사고,0,1,0,0,차대차 - 측면충돌,신호위반,건조,맑음,교차로 - 교차로안,이륜,남,60세,중상,승용,남,33세,상해없음
2018081900100480,2018년 8월 19일 21시,일요일,경상남도 거제시 덕포동,중상사고,0,1,0,0,차대사람 - 기타,안전운전불이행,건조,맑음,교차로 - 교차로부근,승용,남,61세,상해없음,보행자,남,29세,중상
2018081900100481,2018년 8월 19일 21시,일요일,경상남도 창원시 의창구 팔용동,경상사고,0,0,4,0,차대차 - 기타,안전운전불이행,건조,맑음,기타 - 기타,승용,남,43세,상해없음,승용,여,30세,경상
2018082000100006,2018년 8월 20일 00시,월요일,경상남도 고성군 하이면,경상사고,0,0,1,0,차대차 - 측면충돌,기타,건조,맑음,교차로 - 교차로안,승용,남,64세,상해없음,승용,여,63세,경상
2018082000100012,2018년 8월 20일 01시,월요일,경상남도 창원시 마산합포구 상남동,중상사고,0,1,0,0,차대차 - 측면충돌,신호위반,건조,맑음,교차로 - 교차로안,이륜,남,25세,중상,승용,남,47세,상해없음
2018082000100033,2018년 8월 20일 05시,월요일,경상남도 양산시 물금읍,중상사고,0,2,1,0,차대차 - 기타,과속,건조,맑음,교차로 - 교차로안,승용,남,25세,경상,승용,남,22세,상해없음
2018082000100049,2018년 8월 20일 06시,월요일,경상남도 통영시 도산면,중상사고,0,1,0,0,차대차 - 정면충돌,중앙선침범,건조,맑음,단일로 - 기타,승용,남,81세,상해없음,화물,남,61세,중상
2018082000100050,2018년 8월 20일 06시,월요일,경상남도 창원시 의창구 팔용동,중상사고,0,1,2,0,차대차 - 기타,안전거리미확보,건조,맑음,기타 - 기타,승합,남,59세,경상,승합,남,54세,경상
2018082000100068,2018년 8월 20일 07시,월요일,경상남도 사천시 사천읍,경상사고,0,0,2,0,차대차 - 추돌,안전거리미확보,건조,맑음,교차로 - 교차로부근,승용,여,41세,상해없음,승용,남,28세,상해없음
2018082000100082,2018년 8월 20일 08시,월요일,경상남도 밀양시 산외면,부상신고사고,0,0,0,1,차대차 - 기타,안전거리미확보,건조,맑음,단일로 - 기타,승용,여,27세,부상신고,승합,여,66세,상해없음
2018082000100101,2018년 8월 20일 08시,월요일,경상남도 김해시 어방동,중상사고,0,1,0,0,차대차 - 기타,안전운전불이행,건조,맑음,교차로 - 교차로안,승용,여,39세,상해없음,승용,남,35세,중상
2018082000100102,2018년 8월 20일 08시,월요일,경상남도 김해시 동상동,중상사고,0,1,0,0,차대사람 - 차도통행중,안전운전불이행,건조,맑음,단일로 - 기타,승용,여,40세,상해없음,보행자,여,58세,중상
2018082000100103,2018년 8월 20일 08시,월요일,경상남도 양산시 명동,경상사고,0,0,2,1,차대차 - 측면충돌,직진우회전진행방해,건조,맑음,교차로 - 교차로안,화물,남,66세,상해없음,승용,남,57세,부상신고
2018082000100142,2018년 8월 20일 09시,월요일,경상남도 진주시 가좌동,중상사고,0,1,0,0,차대차 - 기타,안전운전불이행,건조,맑음,단일로 - 기타,화물,남,48세,상해없음,승용,남,56세,중상
2018082000100143,2018년 8월 20일 09시,월요일,경상남도 창원시 진해구 용원동,중상사고,0,1,0,0,차대사람 - 횡단중,과속,건조,맑음,교차로 - 교차로안,승용,남,26세,상해없음,보행자,남,11세,중상
2018082000100144,2018년 8월 20일 09시,월요일,경상남도 거제시 옥포동,경상사고,0,0,1,0,차대차 - 기타,중앙선침범,건조,맑음,단일로 - 기타,승용,여,50세,상해없음,승합,남,60세,상해없음
2018082000100185,2018년 8월 20일 10시,월요일,경상남도 진주시 미천면,중상사고,0,1,1,0,차량단독 - 도로외이탈 - 기타,안전운전불이행,건조,맑음,단일로 - 기타,승용,여,57세,경상,,,,
2018082000100216,2018년 8월 20일 11시,월요일,경상남도 진주시 명석면,중상사고,0,1,2,0,차대차 - 추돌,안전운전불이행,건조,맑음,단일로 - 기타,승용,남,26세,경상,화물,남,36세,경상
2018082000100217,2018년 8월 20일 11시,월요일,경상남도 진주시 하대동,중상사고,0,1,0,0,차대사람 - 차도통행중,안전운전불이행,건조,맑음,단일로 - 기타,기타불명,기타불명,미분류,기타불명,보행자,여,61세,중상
2018082000100218,2018년 8월 20일 11시,월요일,경상남도 사천시 동금동,경상사고,0,0,1,0,차대차 - 기타,직진우회전진행방해,건조,맑음,교차로 - 교차로안,승용,여,19세,상해없음,승용,남,64세,상해없음
2018082000100219,2018년 8월 20일 11시,월요일,경상남도 김해시 삼계동,부상신고사고,0,0,0,1,차대차 - 측면충돌,직진우회전진행방해,건조,맑음,교차로 - 교차로안,이륜,남,64세,부상신고,승용,남,52세,상해없음
2018082000100220,2018년 8월 20일 11시,월요일,경상남도 거창군 거창읍,중상사고,0,1,0,0,차대사람 - 횡단중,안전운전불이행,건조,맑음,단일로 - 기타,승용,여,51세,상해없음,보행자,여,74세,중상
2018082000100221,2018년 8월 20일 11시,월요일,경상남도 함양군 함양읍,중상사고,0,1,0,0,차대사람 - 기타,안전운전불이행,건조,맑음,교차로 - 교차로안,승용,여,27세,상해없음,보행자,남,32세,중상
2018082000100266,2018년 8월 20일 12시,월요일,경상남도 창원시 마산합포구 현동,경상사고,0,0,2,0,차대차 - 측면충돌,안전거리미확보,건조,맑음,단일로 - 기타,화물,남,64세,상해없음,승용,남,49세,경상
2018082000100267,2018년 8월 20일 12시,월요일,경상남도 창녕군 창녕읍,중상사고,0,1,0,0,차대차 - 추돌,안전운전불이행,건조,맑음,단일로 - 기타,승용,남,30세,상해없음,승용,남,61세,중상