사고번호,사고일시,요일,시군구,사고내용,사망자수,중상자수,경상자수,부상신고자수,사고유형,법규위반,노면상태,기상상태,도로형태,가해운전자 차종,가해운전자 성별,가해운전자 연령,가해운전자 상해정도,피해운전자 차종,피해운전자 성별,피해운전자 연령,피해운전자 상해정도
2018082000100302,2018년 8월 20일 13시,월요일,경상남도 창원시 마산합포구 두월동2가,경상사고,0,0,1,0,차대차 - 측면충돌,안전운전불이행,건조,맑음,교차로 - 교차로안,이륜,남,59세,경상,화물,남,60세,상해없음
2018082000100354,2018년 8월 20일 15시,월요일,경상남도 창원시 진해구 두동,중상사고,0,1,0,0,차대차 - 추돌,안전거리미확보,건조,맑음,교차로 - 교차로부근,승용,여,63세,상해없음,특수,남,35세,중상
2018082000100355,2018년 8월 20일 15시,월요일,경상남도 함양군 수동면,경상사고,0,0,1,0,차대차 - 정면충돌,안전운전불이행,건조,맑음,단일로 - 기타,농기계,남,61세,상해없음,승용,여,48세,경상
2018082000100356,2018년 8월 20일 15시,월요일,경상남도 양산시 상북면,중상사고,0,1,1,0,차대차 - 측면충돌,안전운전불이행,건조,맑음,단일로 - 기타,화물,남,22세,상해없음,승용,여,48세,중상
2018082000100392,2018년 8월 20일 16시,월요일,경상남도 진주시 평거동,경상사고,0,0,1,0,차대사람 - 횡단중,안전운전불이행,건조,맑음,교차로 - 교차로부근,승용,여,37세,상해없음,보행자,남,5세,경상
2018082000100393,2018년 8월 20일 16시,월요일,경상남도 통영시 도산면,경상사고,0,0,1,0,차대차 - 기타,안전거리미확보,건조,맑음,단일로 - 기타,승용,남,40세,상해없음,승용,남,52세,경상
2018082000100394,2018년 8월 20일 16시,월요일,경상남도 함양군 휴천면,중상사고,0,1,0,0,차대차 - 측면충돌,중앙선침범,건조,맑음,단일로 - 기타,이륜,남,70세,중상,승용,여,50세,상해없음
2018082000100435,2018년 8월 20일 17시,월요일,경상남도 김해시 동상동,경상사고,0,0,1,0,차대차 - 측면충돌,직진우회전진행방해,건조,맑음,교차로 - 교차로안,승용,남,34세,상해없음,승용,여,56세,경상
2018082000100469,2018년 8월 20일 18시,월요일,경상남도 양산시 북정동,중상사고,0,1,0,0,차대차 - 측면충돌,교차로운행방법위반,건조,맑음,교차로 - 교차로안,승용,남,46세,상해없음,이륜,남,38세,중상
2018082000100470,2018년 8월 20일 18시,월요일,경상남도 거제시 능포동,경상사고,0,0,2,0,차대차 - 후진중충돌,안전운전불이행,건조,맑음,단일로 - 기타,특수,남,23세,상해없음,승용,남,30세,경상
2018082000100535,2018년 8월 20일 20시,월요일,경상남도 통영시 용남면,경상사고,0,0,1,0,차대차 - 측면충돌,안전거리미확보,건조,맑음,단일로 - 기타,화물,남,30세,상해없음,화물,남,73세,상해없음
2018082000100536,2018년 8월 20일 20시,월요일,경상남도 사천시 동금동,중상사고,0,1,0,0,차대사람 - 횡단중,안전운전불이행,건조,맑음,교차로 - 교차로부근,승용,남,64세,상해없음,보행자,남,78세,중상
2018082000100537,2018년 8월 20일 20시,월요일,경상남도 양산시 북부동,중상사고,0,1,0,0,차대사람 - 기타,안전운전불이행,건조,맑음,단일로 - 기타,승용,남,61세,상해없음,보행자,남,58세,상해없음
2018082000100538,2018년 8월 20일 20시,월요일,경상남도 창원시 의창구 북면,중상사고,0,1,0,0,차대차 - 기타,안전운전불이행,건조,맑음,교차로 - 교차로부근,승용,남,37세,상해없음,이륜,남,18세,중상
2018082000100567,2018년 8월 20일 21시,월요일,경상남도 사천시 사남면,중상사고,0,1,0,0,차대차 - 측면충돌,안전운전불이행,건조,맑음,교차로 - 교차로안,이륜,남,35세,중상,승용,남,23세,상해없음
2018082000100610,2018년 8월 20일 23시,월요일,경상남도 진주시 상봉동,경상사고,0,0,1,0,차대차 - 기타,안전운전불이행,건조,맑음,교차로 - 교차로안,승용,남,65세,상해없음,승용,남,51세,경상
2018082000100611,2018년 8월 20일 23시,월요일,경상남도 김해시 어방동,경상사고,0,0,1,0,차대차 - 측면충돌,안전운전불이행,건조,맑음,교차로 - 교차로부근,승용,남,33세,상해없음,이륜,남,45세,경상
2018082100100014,2018년 8월 21일 00시,화요일,경상남도 양산시 상북면,경상사고,0,0,1,0,차대차 - 추돌,안전운전불이행,건조,맑음,단일로 - 기타,승용,남,57세,상해없음,화물,남,64세,경상
2018082100100024,2018년 8월 21일 01시,화요일,경상남도 창원시 마산회원구 합성동,중상사고,0,1,0,0,차대사람 - 기타,안전운전불이행,건조,맑음,단일로 - 기타,승용,남,36세,상해없음,보행자,남,45세,중상
2018082100100095,2018년 8월 21일 07시,화요일,경상남도 거제시 고현동,중상사고,0,1,0,0,차대차 - 측면충돌,신호위반,건조,맑음,교차로 - 교차로횡단보도내,이륜,남,49세,상해없음,자전거,남,33세,중상
2018082100100138,2018년 8월 21일 08시,화요일,경상남도 김해시 상동면,중상사고,0,1,1,0,차대차 - 기타,교차로운행방법위반,건조,맑음,교차로 - 교차로안,승용,남,56세,경상,승용,남,33세,중상
2018082100100139,2018년 8월 21일 08시,화요일,경상남도 양산시 물금읍,중상사고,0,1,1,0,차대사람 - 횡단중,안전운전불이행,건조,맑음,단일로 - 기타,승합,여,48세,상해없음,보행자,여,37세,중상
2018082100100140,2018년 8월 21일 08시,화요일,경상남도 양산시 북부동,경상사고,0,0,1,0,차대사람 - 기타,안전운전불이행,건조,맑음,단일로 - 기타,승용,여,60세,상해없음,보행자,여,48세,경상
2018082100100141,2018년 8월 21일 08시,화요일,경상남도 양산시 신기동,부상신고사고,0,0,0,1,차대차 - 측면충돌,교차로운행방법위반,건조,맑음,교차로 - 교차로안,승용,남,59세,상해없음,승용,여,49세,상해없음
2018082100100142,2018년 8월 21일 08시,화요일,경상남도 양산시 덕계동,경상사고,0,0,1,0,차대차 - 측면충돌,안전거리미확보,건조,맑음,단일로 - 기타,승용,여,46세,상해없음,승용,남,43세,경상
2018082100100143,2018년 8월 21일 08시,화요일,경상남도 하동군 진교면,사망사고,1,0,0,0,차대차 - 측면충돌,안전운전불이행,건조,맑음,단일로 - 기타,농기계,남,78세,사망,승용,남,62세,상해없음
2018082100100144,2018년 8월 21일 08시,화요일,경상남도 창원시 성산구 대방동,경상사고,0,0,1,0,차대차 - 측면충돌,안전운전불이행,건조,맑음,교차로 - 교차로안,승용,여,55세,상해없음,승용,여,34세,경상
2018082100100172,2018년 8월 21일 09시,화요일,경상남도 진주시 수곡면,경상사고,0,0,1,0,차대차 - 측면충돌,교차로운행방법위반,건조,맑음,교차로 - 교차로안,원동기,남,46세,경상,승용,남,57세,상해없음
2018082100100173,2018년 8월 21일 09시,화요일,경상남도 창원시 성산구 가음동,경상사고,0,0,3,0,차대차 - 측면충돌,안전운전불이행,건조,맑음,교차로 - 교차로안,승용,여,32세,상해없음,승용,여,32세,경상
2018082100100200,2018년 8월 21일 10시,화요일,경상남도 양산시 삼호동,부상신고사고,0,0,0,1,차대차 - 측면충돌,교차로운행방법위반,건조,맑음,교차로 - 교차로안,화물,남,48세,기타불명,승용,남,58세,부상신고
2018082100100266,2018년 8월 21일 12시,화요일,경상남도 창원시 진해구 명동,부상신고사고,0,0,0,1,차량단독 - 전도전복 - 전도,안전거리미확보,건조,맑음,단일로 - 기타,원동기,남,58세,부상신고,미분류,미분류,미분류,미분류
2018082100100267,2018년 8월 21일 12시,화요일,경상남도 거제시 고현동,중상사고,0,2,0,0,차대차 - 기타,신호위반,건조,맑음,교차로 - 교차로안,승용,남,50세,기타불명,화물,남,56세,중상
2018082100100268,2018년 8월 21일 12시,화요일,경상남도 함안군 군북면,중상사고,0,1,0,2,차대차 - 측면충돌,교차로운행방법위반,건조,맑음,교차로 - 교차로안,승용,남,33세,상해없음,승용,남,63세,중상
2018082100100297,2018년 8월 21일 13시,화요일,경상남도 김해시 삼계동,중상사고,0,1,0,0,차대차 - 기타,기타,건조,맑음,단일로 - 기타,승용,남,21세,상해없음,이륜,남,48세,중상
2018082100100298,2018년 8월 21일 13시,화요일,경상남도 창원시 성산구 반지동,경상사고,0,0,1,0,차대차 - 측면충돌,안전운전불이행,건조,맑음,교차로 - 교차로안,승용,여,45세,상해없음,승용,여,36세,경상
2018082100100330,2018년 8월 21일 14시,화요일,경상남도 양산시 물금읍,경상사고,0,0,1,3,차대차 - 측면충돌,기타,건조,맑음,교차로 - 교차로안,승용,남,50세,부상신고,승용,남,50세,경상
2018082100100331,2018년 8월 21일 14시,화요일,경상남도 양산시 물금읍,경상사고,0,0,1,0,차대차 - 측면충돌,신호위반,건조,맑음,단일로 - 기타,승합,여,48세,상해없음,자전거,여,28세,경상
2018082100100372,2018년 8월 21일 15시,화요일,경상남도 진주시 봉곡동,중상사고,0,1,0,0,차대사람 - 횡단중,안전운전불이행,건조,맑음,교차로 - 교차로부근,화물,남,43세,상해없음,보행자,여,63세,중상
2018082100100373,2018년 8월 21일 15시,화요일,경상남도 진주시 주약동,중상사고,0,1,0,0,차대차 - 기타,안전거리미확보,건조,맑음,교차로 - 교차로부근,승용,여,29세,상해없음,승합,남,48세,상해없음
2018082100100374,2018년 8월 21일 15시,화요일,경상남도 창원시 의창구 명서동,중상사고,0,1,1,0,차대차 - 추돌,안전운전불이행,건조,맑음,교차로 - 교차로부근,승용,남,58세,상해없음,승용,남,57세,경상
2018082100100420,2018년 8월 21일 16시,화요일,경상남도 사천시 동금동,경상사고,0,0,1,0,차대사람 - 횡단중,안전운전불이행,건조,맑음,교차로 - 교차로부근,승용,남,73세,상해없음,보행자,여,90세 이상,경상
2018082100100467,2018년 8월 21일 17시,화요일,경상남도 통영시 북신동,중상사고,0,1,0,0,차대사람 - 횡단중,보행자보호의무위반,건조,맑음,교차로 - 교차로횡단보도내,화물,남,39세,상해없음,보행자,여,38세,중상
2018082100100468,2018년 8월 21일 17시,화요일,경상남도 창녕군 영산면,경상사고,0,0,1,0,차대차 - 기타,안전운전불이행,건조,맑음,단일로 - 기타,이륜,남,68세,상해없음,승용,여,40세,경상
2018082100100469,2018년 8월 21일 17시,화요일,경상남도 창원시 의창구 봉곡동,경상사고,0,0,1,0,차대차 - 측면충돌,안전운전불이행,건조,맑음,교차로 - 교차로안,승용,여,57세,상해없음,이륜,남,24세,경상
2018082100100470,2018년 8월 21일 17시,화요일,경상남도 김해시 대청동,중상사고,0,1,0,0,차대차 - 측면충돌,안전운전불이행,건조,맑음,단일로 - 기타,승용,남,53세,상해없음,이륜,남,24세,중상
2018082100100517,2018년 8월 21일 18시,화요일,경상남도 거제시 고현동,중상사고,0,2,0,0,차대차 - 기타,교차로운행방법위반,건조,맑음,교차로 - 교차로안,승용,여,46세,상해없음,승용,여,46세,중상
2018082100100518,2018년 8월 21일 18시,화요일,경상남도 창원시 의창구 팔용동,경상사고,0,0,1,0,차대차 - 기타,안전운전불이행,건조,맑음,교차로 - 교차로안,승합,남,64세,상해없음,승용,여,67세,경상
2018082100100554,2018년 8월 21일 19시,화요일,경상남도 진주시 명석면,중상사고,0,2,1,0,차대차 - 측면충돌,안전거리미확보,건조,맑음,단일로 - 기타,승용,남,53세,상해없음,승용,여,49세,경상
2018082100100555,2018년 8월 21일 19시,화요일,경상남도 양산시 삼호동,중상사고,0,1,0,0,차대사람 - 기타,신호위반,건조,맑음,교차로 - 교차로부근,승용,남,38세,상해없음,보행자,남,12세,중상
2018082100100590,2018년 8월 21일 20시,화요일,경상남도 창원시 진해구 석동,중상사고,0,1,1,0,차대차 - 측면충돌,신호위반,건조,맑음,교차로 - 교차로안,자전거,남,30세,경상,이륜,남,54세,중상
2018082100100591,2018년 8월 21일 20시,화요일,경상남도 창녕군 창녕읍,중상사고,0,1,1,0,차대사람 - 길가장자리구역통행중,안전운전불이행,건조,맑음,단일로 - 기타,이륜,남,62세,경상,보행자,남,60세,중상
2018082100100592,2018년 8월 21일 20시,화요일,경상남도 양산시 소주동,부상신고사고,0,0,0,1,차대사람 - 기타,안전운전불이행,건조,맑음,기타 - 기타,승용,여,57세,상해없음,보행자,남,50세,부상신고
2018082100100593,2018년 8월 21일 20시,화요일,경상남도 하동군 진교면,중상사고,0,1,1,0,차대차 - 측면충돌,신호위반,건조,맑음,교차로 - 교차로안,화물,남,75세,중상,승용,남,49세,경상
2018082100100594,2018년 8월 21일 20시,화요일,경상남도 창원시 의창구 명서동,경상사고,0,0,1,0,차대차 - 기타,안전운전불이행,건조,맑음,교차로 - 교차로안,승용,남,52세,상해없음,자전거,여,68세,경상
2018082100100628,2018년 8월 21일 21시,화요일,경상남도 창원시 성산구 상남동,경상사고,0,0,2,0,차대차 - 추돌,안전운전불이행,건조,맑음,교차로 - 교차로안,승용,남,55세,상해없음,승용,여,23세,경상
2018082100100657,2018년 8월 21일 22시,화요일,경상남도 김해시 풍유동,경상사고,0,0,1,0,차대차 - 추돌,안전운전불이행,건조,맑음,단일로 - 기타,승용,남,64세,상해없음,승용,남,48세,경상
2018082200100025,2018년 8월 22일 02시,수요일,경상남도 통영시 무전동,부상신고사고,0,0,0,1,차량단독 - 전도전복 - 전도,안전운전불이행,건조,맑음,단일로 - 기타,원동기,남,43세,부상신고,미분류,미분류,미분류,미분류
2018082200100031,2018년 8월 22일 03시,수요일,경상남도 김해시 삼방동,중상사고,0,1,0,0,차량단독 - 공작물충돌,안전운전불이행,건조,맑음,단일로 - 기타,화물,남,46세,중상,,,,
2018082200100042,2018년 8월 22일 04시,수요일,경상남도 통영시 도산면,부상신고사고,0,0,0,1,차량단독 - 전도전복 - 전도,안전운전불이행,건조,맑음,단일로 - 기타,승용,여,56세,부상신고,미분류,미분류,미분류,미분류
2018082200100043,2018년 8월 22일 04시,수요일,경상남도 거제시 상동동,중상사고,0,1,2,0,차대차 - 측면충돌,신호위반,건조,맑음,교차로 - 교차로안,승용,여,64세,경상,승용,남,67세,경상
2018082200100071,2018년 8월 22일 06시,수요일,경상남도 밀양시 내이동,중상사고,0,2,0,0,차대차 - 측면충돌,신호위반,건조,맑음,교차로 - 교차로안,화물,남,50세,중상,특수,남,48세,중상
2018082200100095,2018년 8월 22일 07시,수요일,경상남도 산청군 신안면,경상사고,0,0,2,0,차대차 - 추돌,안전운전불이행,건조,맑음,단일로 - 기타,승용,여,26세,상해없음,승용,남,49세,경상
2018082200100096,2018년 8월 22일 07시,수요일,경상남도 김해시 대청동,중상사고,0,1,1,0,차대차 - 추돌,안전거리미확보,건조,맑음,단일로 - 지하차도(도로)내,승용,남,28세,상해없음,승용,남,51세,중상
2018082200100202,2018년 8월 22일 10시,수요일,경상남도 창녕군 고암면,중상사고,0,1,0,0,차대차 - 측면충돌,신호위반,건조,맑음,교차로 - 교차로안,승합,남,65세,상해없음,화물,남,62세,중상
2018082200100203,2018년 8월 22일 10시,수요일,경상남도 함양군 서하면,중상사고,0,1,0,0,차대차 - 추돌,안전운전불이행,건조,맑음,단일로 - 기타,건설기계,남,62세,상해없음,승용,남,69세,중상
2018082200100204,2018년 8월 22일 10시,수요일,경상남도 양산시 물금읍,경상사고,0,0,1,0,차대차 - 측면충돌,안전운전불이행,건조,맑음,단일로 - 기타,원동기,여,39세,상해없음,자전거,여,44세,경상
2018082200100229,2018년 8월 22일 11시,수요일,경상남도 거제시 덕포동,경상사고,0,0,1,0,차대차 - 추돌,안전거리미확보,건조,맑음,단일로 - 기타,화물,남,52세,상해없음,승용,여,55세,경상
2018082200100268,2018년 8월 22일 12시,수요일,경상남도 진주시 신안동,경상사고,0,0,1,0,차대차 - 측면충돌,신호위반,건조,맑음,교차로 - 교차로안,승용,남,77세,상해없음,승용,여,64세,경상
2018082200100269,2018년 8월 22일 12시,수요일,경상남도 통영시 미수동,경상사고,0,0,1,0,차대차 - 측면충돌,안전운전불이행,건조,맑음,교차로 - 교차로안,승용,남,40세,상해없음,승용,남,44세,경상
2018082200100357,2018년 8월 22일 15시,수요일,경상남도 양산시 동면,중상사고,0,1,0,1,차대차 - 기타,안전운전불이행,건조,맑음,단일로 - 터널,기타불명,기타불명,미분류,기타불명,승용,남,57세,부상신고
2018082200100381,2018년 8월 22일 15시,수요일,경상남도 창원시 진해구 경화동,경상사고,0,0,1,0,차대차 - 측면충돌,교차로운행방법위반,건조,맑음,교차로 - 교차로부근,이륜,남,70세,경상,승용,여,49세,상해없음
2018082200100382,2018년 8월 22일 15시,수요일,경상남도 합천군 대양면,경상사고,0,0,2,0,차대차 - 측면충돌,안전운전불이행,건조,맑음,단일로 - 기타,승용,남,26세,상해없음,승용,여,39세,경상
2018082200100383,2018년 8월 22일 15시,수요일,경상남도 창원시 마산회원구 합성동,중상사고,0,1,0,0,차대사람 - 길가장자리구역통행중,안전운전불이행,건조,맑음,단일로 - 기타,원동기,남,18세,상해없음,보행자,남,25세,중상
2018082200100458,2018년 8월 22일 17시,수요일,경상남도 창원시 진해구 여좌동,중상사고,0,1,0,0,차대사람 - 차도통행중,안전운전불이행,건조,맑음,교차로 - 교차로부근,승용,남,49세,상해없음,보행자,남,11세,중상
2018082200100459,2018년 8월 22일 17시,수요일,경상남도 고성군 고성읍,중상사고,0,1,0,0,차대사람 - 횡단중,보행자보호의무위반,건조,맑음,교차로 - 교차로횡단보도내,승용,남,55세,상해없음,보행자,여,44세,중상
2018082200100460,2018년 8월 22일 17시,수요일,경상남도 거제시 장평동,경상사고,0,0,1,0,차대차 - 기타,교차로운행방법위반,건조,맑음,교차로 - 교차로안,이륜,남,47세,경상,이륜,남,39세,상해없음
2018082200100461,2018년 8월 22일 17시,수요일,경상남도 창원시 성산구 남산동,중상사고,0,1,0,0,차대차 - 측면충돌,안전운전불이행,건조,맑음,교차로 - 교차로안,승용,남,27세,상해없음,승용,여,42세,중상
2018082200100504,2018년 8월 22일 18시,수요일,경상남도 양산시 삼호동,경상사고,0,0,1,0,차대차 - 기타,중앙선침범,건조,맑음,단일로 - 기타,승용,여,26세,상해없음,승용,남,35세,경상
2018082200100505,2018년 8월 22일 18시,수요일,경상남도 양산시 중부동,경상사고,0,0,1,0,차대차 - 측면충돌,교차로운행방법위반,건조,맑음,교차로 - 교차로안,화물,남,64세,상해없음,자전거,여,44세,경상
2018082200100550,2018년 8월 22일 19시,수요일,경상남도 사천시 정동면,경상사고,0,0,1,0,차대차 - 추돌,안전운전불이행,건조,맑음,교차로 - 교차로부근,승용,남,47세,상해없음,승용,남,31세,경상
2018082200100551,2018년 8월 22일 19시,수요일,경상남도 김해시 무계동,경상사고,0,0,1,0,차대사람 - 보도통행중,보행자보호의무위반,건조,맑음,교차로 - 교차로부근,승용,여,45세,상해없음,보행자,남,73세,경상
2018082200100586,2018년 8월 22일 20시,수요일,경상남도 밀양시 삼문동,중상사고,0,1,0,0,차대사람 - 횡단중,안전운전불이행,건조,흐림,단일로 - 기타,승용,여,42세,상해없음,보행자,남,10세,중상
2018082200100607,2018년 8월 22일 21시,수요일,경상남도 창원시 성산구 상남동,부상신고사고,0,0,0,1,차대사람 - 횡단중,보행자보호의무위반,건조,맑음,교차로 - 교차로횡단보도내,승용,남,27세,상해없음,보행자,남,48세,부상신고
2018082200100608,2018년 8월 22일 21시,수요일,경상남도 창원시 마산회원구 석전동,중상사고,0,1,0,0,차대차 - 측면충돌,신호위반,건조,맑음,교차로 - 교차로안,화물,남,63세,상해없음,승용,남,23세,중상
2018082200100642,2018년 8월 22일 22시,수요일,경상남도 거제시 상동동,경상사고,0,0,1,0,차대차 - 측면충돌,안전운전불이행,건조,맑음,단일로 - 기타,이륜,남,58세,상해없음,승용,남,48세,상해없음
2018082200100668,2018년 8월 22일 23시,수요일,경상남도 사천시 곤명면,중상사고,0,1,0,0,차대차 - 정면충돌,중앙선침범,건조,맑음,단일로 - 기타,승용,남,58세,상해없음,승용,남,39세,중상
2018082200100669,2018년 8월 22일 23시,수요일,경상남도 창원시 의창구 팔용동,중상사고,0,2,1,0,차대차 - 추돌,안전운전불이행,건조,맑음,단일로 - 기타,특수,남,53세,상해없음,승용,남,38세,중상
2018082300100018,2018년 8월 23일 00시,목요일,경상남도 창원시 진해구 석동,경상사고,0,0,1,0,차대사람 - 차도통행중,안전운전불이행,건조,맑음,단일로 - 기타,승용,남,24세,상해없음,보행자,남,25세,경상
2018082300100019,2018년 8월 23일 00시,목요일,경상남도 김해시 진영읍,중상사고,0,1,0,0,차대차 - 측면충돌,신호위반,건조,맑음,교차로 - 교차로안,승용,남,23세,상해없음,승용,남,65세,중상
2018082300100060,2018년 8월 23일 06시,목요일,경상남도 사천시 동금동,경상사고,0,0,1,0,차대차 - 측면충돌,교차로운행방법위반,건조,맑음,교차로 - 교차로안,승용,여,57세,경상,화물,여,50세,상해없음
2018082300100075,2018년 8월 23일 07시,목요일,경상남도 통영시 정량동,중상사고,0,1,0,0,차대차 - 정면충돌,중앙선침범,건조,맑음,단일로 - 기타,이륜,남,40세,중상,화물,남,28세,상해없음
2018082300100076,2018년 8월 23일 07시,목요일,경상남도 김해시 어방동,경상사고,0,0,1,0,차대차 - 기타,안전운전불이행,건조,맑음,교차로 - 교차로안,자전거,여,45세,경상,승용,남,56세,상해없음
2018082300100103,2018년 8월 23일 08시,목요일,경상남도 김해시 삼계동,경상사고,0,0,2,0,차대차 - 기타,신호위반,건조,맑음,교차로 - 교차로안,승용,남,38세,상해없음,승용,남,60세,경상
2018082300100104,2018년 8월 23일 08시,목요일,경상남도 김해시 부원동,중상사고,0,1,1,0,차대차 - 기타,안전운전불이행,건조,맑음,교차로 - 교차로안,승용,남,47세,중상,승용,여,34세,경상
2018082300100105,2018년 8월 23일 08시,목요일,경상남도 창원시 성산구 성주동,경상사고,0,0,1,0,차대차 - 기타,중앙선침범,젖음/습기,비,단일로 - 기타,건설기계,남,54세,상해없음,승용,여,29세,경상
2018082300100131,2018년 8월 23일 09시,목요일,경상남도 김해시 외동,경상사고,0,0,1,0,차대차 - 추돌,안전거리미확보,건조,맑음,단일로 - 기타,승용,남,58세,경상,승용,남,58세,상해없음
2018082300100152,2018년 8월 23일 10시,목요일,경상남도 함양군 서상면,경상사고,0,0,1,0,차대차 - 추돌,안전운전불이행,젖음/습기,비,단일로 - 기타,승용,남,42세,상해없음,승용,남,47세,경상
2018082300100156,2018년 8월 23일 10시,목요일,경상남도 거제시 옥포동,경상사고,0,0,1,0,차대사람 - 횡단중,보행자보호의무위반,건조,흐림,교차로 - 교차로횡단보도내,화물,남,49세,상해없음,보행자,여,71세,경상
2018082300100157,2018년 8월 23일 10시,목요일,경상남도 통영시 광도면,사망사고,1,1,0,0,차량단독 - 공작물충돌,안전운전불이행,젖음/습기,흐림,단일로 - 기타,화물,남,57세,사망,,,,
2018082300100196,2018년 8월 23일 12시,목요일,경상남도 김해시 대청동,중상사고,0,1,0,0,차대차 - 측면충돌,차로위반,건조,맑음,단일로 - 기타,화물,남,59세,상해없음,승용,여,51세,중상
2018082300100211,2018년 8월 23일 13시,목요일,경상남도 창원시 진해구 자은동,경상사고,0,0,3,0,차대차 - 추돌,안전거리미확보,젖음/습기,흐림,단일로 - 기타,승용,남,42세,상해없음,화물,남,38세,경상
2018082300100212,2018년 8월 23일 13시,목요일,경상남도 창녕군 남지읍,중상사고,0,1,2,0,차대차 - 기타,안전운전불이행,젖음/습기,맑음,교차로 - 교차로안,승용,여,52세,경상,화물,남,69세,중상
2018082300100269,2018년 8월 23일 16시,목요일,경상남도 김해시 대동면,경상사고,0,0,2,0,차대차 - 측면충돌,안전거리미확보,젖음/습기,비,단일로 - 기타,승용,여,59세,상해없음,승용,남,38세,경상
2018082300100281,2018년 8월 23일 16시,목요일,경상남도 사천시 용현면,부상신고사고,0,0,0,1,차량단독 - 공작물충돌,안전운전불이행,젖음/습기,비,단일로 - 기타,화물,남,54세,부상신고,,,,
2018082300100282,2018년 8월 23일 16시,목요일,경상남도 거제시 고현동,중상사고,0,1,0,0,차대차 - 추돌,안전거리미확보,건조,맑음,교차로 - 교차로안,승용,남,52세,상해없음,승합,여,53세,중상
2018082300100283,2018년 8월 23일 16시,목요일,경상남도 창원시 의창구 신월동,중상사고,0,1,0,0,차대차 - 정면충돌,안전운전불이행,젖음/습기,흐림,교차로 - 교차로안,승용,남,31세,상해없음,이륜,남,40세,중상
2018082300100310,2018년 8월 23일 17시,목요일,경상남도 거창군 가조면,사망사고,1,0,0,0,차대사람 - 횡단중,안전운전불이행,건조,흐림,교차로 - 교차로안,승용,남,61세,상해없음,보행자,여,74세,사망
2018082300100311,2018년 8월 23일 17시,목요일,경상남도 김해시 진영읍,경상사고,0,0,4,0,차대차 - 추돌,안전운전불이행,건조,맑음,단일로 - 기타,승용,여,49세,상해없음,승용,여,61세,경상
2018082300100348,2018년 8월 23일 18시,목요일,경상남도 창원시 마산합포구 창포동3가,경상사고,0,0,1,0,차대사람 - 횡단중,안전운전불이행,젖음/습기,흐림,교차로 - 교차로부근,승용,남,49세,상해없음,보행자,여,46세,경상
2018082300100349,2018년 8월 23일 18시,목요일,경상남도 사천시 동림동,중상사고,0,1,3,0,차대차 - 측면충돌,직진우회전진행방해,젖음/습기,맑음,교차로 - 교차로안,승용,남,45세,경상,승용,여,63세,중상
2018082300100350,2018년 8월 23일 18시,목요일,경상남도 김해시 삼계동,경상사고,0,0,1,0,차대차 - 측면충돌,안전운전불이행,젖음/습기,비,단일로 - 기타,승용,남,70세,상해없음,이륜,남,25세,경상
2018082300100351,2018년 8월 23일 18시,목요일,경상남도 거제시 옥포동,경상사고,0,0,1,0,차대차 - 기타,신호위반,젖음/습기,비,교차로 - 교차로안,승합,여,56세,상해없음,이륜,남,35세,경상
2018082300100400,2018년 8월 23일 19시,목요일,경상남도 양산시 중부동,경상사고,0,0,1,0,차대사람 - 기타,안전운전불이행,젖음/습기,비,교차로 - 교차로부근,승용,남,54세,상해없음,보행자,여,59세,경상
2018082300100431,2018년 8월 23일 20시,목요일,경상남도 창원시 진해구 자은동,부상신고사고,0,0,0,1,차대차 - 기타,안전거리미확보,젖음/습기,흐림,교차로 - 교차로부근,자전거,남,40세,부상신고,승용,남,37세,상해없음
2018082300100432,2018년 8월 23일 20시,목요일,경상남도 양산시 삼호동,중상사고,0,1,0,0,차대사람 - 차도통행중,안전운전불이행,젖음/습기,비,단일로 - 기타,원동기,남,27세,상해없음,보행자,남,67세,중상
2018082300100433,2018년 8월 23일 20시,목요일,경상남도 양산시 물금읍,경상사고,0,0,1,0,차대차 - 기타,과속,젖음/습기,비,교차로 - 교차로안,승용,남,37세,경상,원동기,남,19세,상해없음
2018082300100464,2018년 8월 23일 21시,목요일,경상남도 양산시 중부동,경상사고,0,0,1,0,차대차 - 후진중충돌,안전운전불이행,젖음/습기,흐림,단일로 - 기타,승용,남,24세,상해없음,원동기,남,17세,경상
2018082300100465,2018년 8월 23일 21시,목요일,경상남도 양산시 삼호동,경상사고,0,0,1,0,차대사람 - 횡단중,보행자보호의무위반,젖음/습기,비,교차로 - 교차로횡단보도내,승용,남,50세,상해없음,보행자,남,42세,경상
2018082300100466,2018년 8월 23일 21시,목요일,경상남도 양산시 물금읍,경상사고,0,0,1,0,차대차 - 측면충돌,신호위반,건조,맑음,교차로 - 교차로안,승용,남,61세,상해없음,승용,남,37세,경상
2018082300100467,2018년 8월 23일 21시,목요일,경상남도 양산시 삼호동,경상사고,0,0,1,0,차대차 - 측면충돌,신호위반,젖음/습기,비,교차로 - 교차로안,승용,여,57세,상해없음,승용,남,37세,경상
2018082300100502,2018년 8월 23일 22시,목요일,경상남도 김해시 한림면,경상사고,0,0,1,0,차대차 - 측면충돌,안전운전불이행,젖음/습기,비,단일로 - 기타,기타불명,기타불명,미분류,기타불명,승용,남,60세,경상