사고번호,사고일시,요일,시군구,사고내용,사망자수,중상자수,경상자수,부상신고자수,사고유형,법규위반,노면상태,기상상태,도로형태,가해운전자 차종,가해운전자 성별,가해운전자 연령,가해운전자 상해정도,피해운전자 차종,피해운전자 성별,피해운전자 연령,피해운전자 상해정도
2018082400100013,2018년 8월 24일 00시,금요일,경상남도 합천군 합천읍,경상사고,0,0,1,0,차대차 - 측면충돌,안전운전불이행,젖음/습기,비,교차로 - 교차로안,승용,남,40세,상해없음,승용,남,45세,경상
2018082400100104,2018년 8월 24일 08시,금요일,경상남도 통영시 도천동,중상사고,0,1,0,0,차량단독 - 기타,안전운전불이행,건조,맑음,단일로 - 기타,이륜,남,40세,중상,,,,
2018082400100105,2018년 8월 24일 08시,금요일,경상남도 창원시 의창구 사림동,부상신고사고,0,0,0,1,차대차 - 측면충돌,안전운전불이행,건조,맑음,교차로 - 교차로부근,자전거,남,55세,부상신고,승용,남,58세,상해없음
2018082400100130,2018년 8월 24일 09시,금요일,경상남도 김해시 삼정동,경상사고,0,0,1,0,차대차 - 측면충돌,직진우회전진행방해,젖음/습기,비,교차로 - 교차로안,승용,남,32세,상해없음,승용,여,60세,경상
2018082400100131,2018년 8월 24일 09시,금요일,경상남도 거제시 고현동,경상사고,0,0,1,0,차대차 - 측면충돌,안전운전불이행,건조,맑음,교차로 - 교차로안,승용,남,37세,상해없음,승용,여,61세,경상
2018082400100132,2018년 8월 24일 09시,금요일,경상남도 김해시 부곡동,중상사고,0,2,0,0,차대사람 - 보도통행중,신호위반,젖음/습기,흐림,교차로 - 교차로안,승용,여,48세,상해없음,보행자,여,76세,중상
2018082400100163,2018년 8월 24일 10시,금요일,경상남도 창원시 진해구 경화동,경상사고,0,0,2,1,차대차 - 측면충돌,안전거리미확보,건조,맑음,단일로 - 기타,화물,남,73세,부상신고,승용,남,44세,경상
2018082400100164,2018년 8월 24일 10시,금요일,경상남도 김해시 어방동,경상사고,0,0,3,0,차대차 - 측면충돌,직진우회전진행방해,건조,맑음,교차로 - 교차로안,승용,남,59세,경상,승용,남,70세,경상
2018082400100165,2018년 8월 24일 10시,금요일,경상남도 창원시 마산회원구 내서읍,경상사고,0,0,1,0,차대사람 - 횡단중,신호위반,건조,맑음,단일로 - 기타,화물,남,62세,상해없음,보행자,여,11세,경상
2018082400100166,2018년 8월 24일 10시,금요일,경상남도 창원시 의창구 북면,경상사고,0,0,1,0,차대차 - 측면충돌,교차로운행방법위반,건조,맑음,교차로 - 교차로안,승용,남,60세,상해없음,승용,여,39세,경상
2018082400100193,2018년 8월 24일 11시,금요일,경상남도 거제시 거제면,중상사고,0,1,0,0,차대차 - 기타,중앙선침범,건조,맑음,단일로 - 기타,승용,남,58세,상해없음,화물,남,48세,중상
2018082400100226,2018년 8월 24일 12시,금요일,경상남도 남해군 삼동면,중상사고,0,2,3,0,차대차 - 측면충돌,안전운전불이행,건조,맑음,단일로 - 기타,승용,여,57세,상해없음,화물,남,44세,중상
2018082400100292,2018년 8월 24일 14시,금요일,경상남도 창녕군 영산면,경상사고,0,0,2,0,차대차 - 추돌,안전운전불이행,건조,맑음,단일로 - 기타,승용,남,47세,경상,화물,남,74세,경상
2018082400100293,2018년 8월 24일 14시,금요일,경상남도 창원시 성산구 사파동,중상사고,0,1,0,0,차대사람 - 횡단중,안전운전불이행,건조,맑음,교차로 - 교차로안,승용,남,50세,상해없음,보행자,여,48세,중상
2018082400100323,2018년 8월 24일 15시,금요일,경상남도 창원시 의창구 서상동,경상사고,0,0,1,0,차대차 - 측면충돌,안전거리미확보,건조,맑음,단일로 - 기타,화물,남,57세,상해없음,승용,여,58세,경상
2018082400100350,2018년 8월 24일 16시,금요일,경상남도 합천군 합천읍,경상사고,0,0,1,0,차대차 - 측면충돌,안전운전불이행,건조,맑음,교차로 - 교차로안,화물,남,62세,상해없음,승용,남,54세,경상
2018082400100381,2018년 8월 24일 17시,금요일,경상남도 통영시 용남면,경상사고,0,0,1,0,차대사람 - 기타,보행자보호의무위반,건조,맑음,교차로 - 교차로횡단보도내,승합,남,49세,상해없음,보행자,여,16세,경상
2018082400100382,2018년 8월 24일 17시,금요일,경상남도 통영시 북신동,경상사고,0,0,1,0,차대차 - 기타,직진우회전진행방해,건조,맑음,교차로 - 교차로안,이륜,남,71세,경상,승용,남,59세,상해없음
2018082400100383,2018년 8월 24일 17시,금요일,경상남도 사천시 벌리동,중상사고,0,1,0,0,차대차 - 측면충돌,신호위반,건조,맑음,교차로 - 교차로안,승용,남,29세,상해없음,승용,여,32세,중상
2018082400100384,2018년 8월 24일 17시,금요일,경상남도 김해시 불암동,중상사고,0,1,2,0,차대차 - 측면충돌,안전운전불이행,건조,맑음,단일로 - 기타,특수,남,50세,상해없음,승용,남,68세,경상
2018082400100385,2018년 8월 24일 17시,금요일,경상남도 창녕군 남지읍,중상사고,0,1,0,0,차대사람 - 횡단중,불법유턴,건조,흐림,교차로 - 교차로부근,승용,여,67세,상해없음,보행자,여,77세,중상
2018082400100432,2018년 8월 24일 18시,금요일,경상남도 창원시 마산합포구 오동동,중상사고,0,1,0,0,차대사람 - 보도통행중,기타,건조,맑음,기타 - 기타,자전거,남,8세,상해없음,보행자,여,31세,중상
2018082400100433,2018년 8월 24일 18시,금요일,경상남도 사천시 용현면,경상사고,0,0,2,0,차대차 - 측면충돌,안전운전불이행,건조,맑음,교차로 - 교차로안,승용,남,21세,경상,승용,여,30세,경상
2018082400100434,2018년 8월 24일 18시,금요일,경상남도 거제시 양정동,경상사고,0,0,1,0,차대차 - 추돌,안전운전불이행,건조,맑음,단일로 - 기타,승합,남,32세,상해없음,승용,남,45세,경상
2018082400100435,2018년 8월 24일 18시,금요일,경상남도 창원시 마산회원구 석전동,경상사고,0,0,1,0,차대사람 - 차도통행중,안전운전불이행,건조,맑음,단일로 - 기타,승용,남,67세,상해없음,보행자,남,18세,경상
2018082400100436,2018년 8월 24일 18시,금요일,경상남도 김해시 삼문동,경상사고,0,0,1,0,차대차 - 기타,안전운전불이행,건조,맑음,교차로 - 교차로안,자전거,남,13세,경상,승용,남,35세,기타불명
2018082400100471,2018년 8월 24일 19시,금요일,경상남도 통영시 동호동,경상사고,0,0,2,0,차대차 - 기타,안전운전불이행,건조,맑음,교차로 - 교차로안,승용,남,58세,상해없음,승용,남,34세,경상
2018082400100472,2018년 8월 24일 19시,금요일,경상남도 통영시 중앙동,중상사고,0,1,0,0,차대사람 - 횡단중,안전운전불이행,건조,맑음,단일로 - 기타,승용,여,46세,상해없음,보행자,여,87세,중상
2018082400100473,2018년 8월 24일 19시,금요일,경상남도 김해시 내동,경상사고,0,0,2,0,차대차 - 측면충돌,교차로운행방법위반,건조,맑음,교차로 - 교차로안,승용,여,34세,경상,승용,남,51세,경상
2018082400100474,2018년 8월 24일 19시,금요일,경상남도 고성군 고성읍,경상사고,0,0,1,0,차대차 - 측면충돌,직진우회전진행방해,건조,맑음,교차로 - 교차로안,승용,여,56세,상해없음,이륜,여,71세,경상
2018082400100529,2018년 8월 24일 21시,금요일,경상남도 통영시 산양읍,경상사고,0,0,1,0,차대차 - 측면충돌,중앙선침범,건조,맑음,단일로 - 기타,승용,남,47세,상해없음,승용,남,60세,경상
2018082400100530,2018년 8월 24일 21시,금요일,경상남도 창원시 성산구 반지동,중상사고,0,1,0,0,차대차 - 측면충돌,안전운전불이행,건조,맑음,단일로 - 기타,승용,남,47세,상해없음,화물,남,75세,중상
2018082400100531,2018년 8월 24일 21시,금요일,경상남도 창원시 마산합포구 산호동,중상사고,0,1,0,0,차대사람 - 차도통행중,안전운전불이행,건조,맑음,단일로 - 기타,승용,여,45세,상해없음,보행자,남,43세,중상
2018082400100571,2018년 8월 24일 22시,금요일,경상남도 창원시 성산구 대방동,중상사고,0,1,0,0,차대사람 - 횡단중,안전운전불이행,건조,맑음,교차로 - 교차로안,승용,남,33세,상해없음,보행자,남,60세,중상
2018082400100599,2018년 8월 24일 23시,금요일,경상남도 창원시 마산합포구 오동동,경상사고,0,0,1,1,차대차 - 추돌,안전거리미확보,건조,흐림,단일로 - 기타,승용,여,49세,부상신고,승용,남,65세,경상
2018082500100024,2018년 8월 25일 00시,토요일,경상남도 창원시 마산회원구 합성동,중상사고,0,1,0,0,차대사람 - 횡단중,안전운전불이행,건조,맑음,단일로 - 기타,승용,여,61세,상해없음,보행자,남,44세,중상
2018082500100051,2018년 8월 25일 01시,토요일,경상남도 양산시 북부동,중상사고,0,1,0,0,차대사람 - 차도통행중,안전운전불이행,건조,맑음,단일로 - 기타,승용,남,32세,상해없음,보행자,남,44세,중상
2018082500100076,2018년 8월 25일 03시,토요일,경상남도 밀양시 상남면,사망사고,1,0,0,0,차대차 - 추돌,안전운전불이행,건조,맑음,단일로 - 기타,화물,남,42세,사망,특수,남,52세,상해없음
2018082500100090,2018년 8월 25일 04시,토요일,경상남도 창원시 마산합포구 신포동2가,경상사고,0,0,1,0,차대차 - 기타,신호위반,건조,맑음,교차로 - 교차로안,화물,남,47세,상해없음,승합,남,26세,경상
2018082500100096,2018년 8월 25일 05시,토요일,경상남도 창원시 의창구 신월동,중상사고,0,2,0,0,차대차 - 측면충돌,신호위반,건조,맑음,교차로 - 교차로안,승용,남,30세,기타불명,승용,남,66세,중상
2018082500100143,2018년 8월 25일 08시,토요일,경상남도 창원시 진해구 소사동,경상사고,0,0,3,0,차대차 - 추돌,안전거리미확보,건조,맑음,단일로 - 기타,화물,남,36세,경상,승용,남,59세,경상
2018082500100144,2018년 8월 25일 08시,토요일,경상남도 통영시 서호동,중상사고,0,1,0,0,차대사람 - 횡단중,안전운전불이행,건조,맑음,교차로 - 교차로안,화물,남,66세,상해없음,보행자,여,84세,중상
2018082500100162,2018년 8월 25일 09시,토요일,경상남도 함안군 대산면,중상사고,0,1,1,0,차대차 - 기타,안전운전불이행,건조,맑음,단일로 - 기타,승용,남,81세,상해없음,이륜,남,77세,중상
2018082500100193,2018년 8월 25일 10시,토요일,경상남도 창원시 마산회원구 구암동,중상사고,0,1,0,0,차대사람 - 횡단중,보행자보호의무위반,건조,맑음,교차로 - 교차로부근,화물,남,58세,상해없음,보행자,남,74세,중상
2018082500100218,2018년 8월 25일 11시,토요일,경상남도 밀양시 산외면,경상사고,0,0,3,0,차대차 - 추돌,안전거리미확보,건조,맑음,단일로 - 터널,승용,여,56세,상해없음,승합,남,38세,경상
2018082500100232,2018년 8월 25일 11시,토요일,경상남도 함안군 칠원읍,경상사고,0,0,2,0,차대차 - 추돌,안전운전불이행,건조,흐림,단일로 - 터널,승용,남,56세,상해없음,화물,남,66세,상해없음
2018082500100307,2018년 8월 25일 13시,토요일,경상남도 김해시 내동,경상사고,0,0,1,0,차대차 - 측면충돌,직진우회전진행방해,젖음/습기,비,교차로 - 교차로안,이륜,남,38세,경상,승용,남,43세,상해없음
2018082500100308,2018년 8월 25일 13시,토요일,경상남도 고성군 고성읍,경상사고,0,0,1,0,차대차 - 추돌,안전거리미확보,젖음/습기,비,단일로 - 기타,화물,남,43세,상해없음,화물,남,79세,경상
2018082500100309,2018년 8월 25일 13시,토요일,경상남도 함안군 칠원읍,중상사고,0,2,0,0,차대차 - 기타,중앙선침범,젖음/습기,비,단일로 - 기타,이륜,남,55세,중상,승용,남,40세,중상
2018082500100337,2018년 8월 25일 14시,토요일,경상남도 남해군 남면,부상신고사고,0,0,0,3,차대차 - 측면충돌,중앙선침범,건조,맑음,단일로 - 기타,승용,여,26세,상해없음,승용,남,44세,부상신고
2018082500100381,2018년 8월 25일 15시,토요일,경상남도 통영시 정량동,중상사고,0,1,0,0,차대차 - 측면충돌,중앙선침범,젖음/습기,비,교차로 - 교차로안,승용,남,33세,상해없음,이륜,남,32세,중상
2018082500100382,2018년 8월 25일 15시,토요일,경상남도 함양군 유림면,부상신고사고,0,0,0,1,차량단독 - 전도전복 - 전도,안전운전불이행,젖음/습기,비,단일로 - 기타,이륜,남,72세,부상신고,미분류,미분류,미분류,미분류
2018082500100435,2018년 8월 25일 17시,토요일,경상남도 김해시 삼계동,경상사고,0,0,2,0,차대사람 - 횡단중,안전운전불이행,젖음/습기,흐림,단일로 - 기타,이륜,남,25세,경상,보행자,여,11세,경상
2018082500100436,2018년 8월 25일 17시,토요일,경상남도 양산시 남부동,중상사고,0,2,0,0,차대차 - 측면충돌,신호위반,건조,맑음,교차로 - 교차로안,승용,남,29세,상해없음,승용,여,41세,상해없음
2018082500100437,2018년 8월 25일 17시,토요일,경상남도 거제시 연초면,중상사고,0,2,0,0,차대차 - 측면충돌,중앙선침범,젖음/습기,맑음,단일로 - 기타,승용,남,52세,상해없음,승용,남,43세,중상
2018082500100466,2018년 8월 25일 18시,토요일,경상남도 사천시 사천읍,중상사고,0,1,0,0,차대차 - 측면충돌,직진우회전진행방해,건조,맑음,교차로 - 교차로안,승용,남,30세,상해없음,승용,남,48세,중상
2018082500100520,2018년 8월 25일 20시,토요일,경상남도 통영시 북신동,중상사고,0,1,0,0,차대차 - 측면충돌,교차로운행방법위반,젖음/습기,비,교차로 - 교차로안,승용,여,45세,상해없음,이륜,남,19세,중상
2018082500100521,2018년 8월 25일 20시,토요일,경상남도 사천시 선구동,부상신고사고,0,0,0,1,차대차 - 측면충돌,직진우회전진행방해,건조,맑음,교차로 - 교차로안,이륜,남,38세,부상신고,승용,남,73세,상해없음
2018082500100522,2018년 8월 25일 20시,토요일,경상남도 의령군 궁류면,중상사고,0,1,0,0,차량단독 - 공작물충돌,안전운전불이행,젖음/습기,흐림,미분류 - 미분류,승용,남,46세,중상,,,,
2018082500100551,2018년 8월 25일 21시,토요일,경상남도 거제시 장평동,중상사고,0,1,0,0,차대차 - 기타,안전운전불이행,젖음/습기,흐림,교차로 - 교차로부근,승용,남,49세,상해없음,이륜,남,34세,중상
2018082500100552,2018년 8월 25일 21시,토요일,경상남도 창원시 의창구 팔용동,경상사고,0,0,1,0,차대사람 - 횡단중,보행자보호의무위반,젖음/습기,흐림,단일로 - 기타,승용,남,64세,상해없음,보행자,남,48세,경상
2018082500100591,2018년 8월 25일 23시,토요일,경상남도 사천시 용현면,중상사고,0,2,1,0,차대차 - 측면충돌,직진우회전진행방해,건조,맑음,교차로 - 교차로안,승용,남,44세,경상,승용,남,48세,중상
2018082500100592,2018년 8월 25일 23시,토요일,경상남도 김해시 어방동,경상사고,0,0,1,0,차대차 - 측면충돌,신호위반,건조,맑음,교차로 - 교차로안,승용,남,50세,상해없음,이륜,남,33세,경상
2018082500100593,2018년 8월 25일 23시,토요일,경상남도 김해시 불암동,부상신고사고,0,0,0,1,차대차 - 추돌,안전운전불이행,젖음/습기,흐림,교차로 - 교차로부근,이륜,남,57세,부상신고,승용,여,50세,상해없음
2018082600100018,2018년 8월 26일 00시,일요일,경상남도 창원시 마산회원구 양덕동,경상사고,0,0,2,0,차대차 - 추돌,안전운전불이행,젖음/습기,비,단일로 - 기타,화물,남,50세,상해없음,승용,여,42세,경상
2018082600100038,2018년 8월 26일 01시,일요일,경상남도 진주시 가좌동,중상사고,0,1,1,0,차대차 - 추돌,안전운전불이행,젖음/습기,비,교차로 - 교차로부근,승용,남,33세,상해없음,승용,남,60세,경상
2018082600100039,2018년 8월 26일 01시,일요일,경상남도 거창군 거창읍,경상사고,0,0,1,0,차대차 - 측면충돌,안전운전불이행,젖음/습기,비,단일로 - 기타,승용,여,55세,상해없음,이륜,남,25세,경상
2018082600100040,2018년 8월 26일 01시,일요일,경상남도 거제시 장승포동,경상사고,0,0,2,0,차대차 - 측면충돌,교차로운행방법위반,젖음/습기,비,교차로 - 교차로안,승용,남,26세,상해없음,승용,남,27세,경상
2018082600100041,2018년 8월 26일 01시,일요일,경상남도 창원시 마산회원구 합성동,경상사고,0,0,2,0,차대차 - 추돌,안전운전불이행,젖음/습기,비,교차로 - 교차로부근,승용,남,33세,상해없음,승용,남,62세,경상
2018082600100138,2018년 8월 26일 08시,일요일,경상남도 남해군 창선면,경상사고,0,0,1,0,차대차 - 추돌,안전운전불이행,건조,맑음,단일로 - 기타,화물,남,18세,경상,건설기계,남,47세,상해없음
2018082600100165,2018년 8월 26일 10시,일요일,경상남도 창원시 성산구 외동,중상사고,0,1,0,0,차대차 - 측면충돌,안전운전불이행,건조,맑음,교차로 - 교차로안,승용,남,68세,상해없음,승용,여,38세,중상
2018082600100203,2018년 8월 26일 12시,일요일,경상남도 창원시 마산합포구 진전면,중상사고,0,2,0,0,차량단독 - 기타,안전운전불이행,젖음/습기,비,단일로 - 기타,승용,남,49세,상해없음,,,,
2018082600100217,2018년 8월 26일 13시,일요일,경상남도 양산시 하북면,경상사고,0,0,1,0,차대차 - 기타,안전운전불이행,젖음/습기,비,단일로 - 기타,승용,기타불명,미분류,기타불명,승용,여,31세,경상
2018082600100239,2018년 8월 26일 13시,일요일,경상남도 김해시 불암동,중상사고,0,1,5,0,차대차 - 기타,신호위반,건조,맑음,교차로 - 교차로안,승용,여,52세,경상,승용,남,68세,중상
2018082600100240,2018년 8월 26일 13시,일요일,경상남도 양산시 원동면,경상사고,0,0,4,0,차대차 - 기타,중앙선침범,젖음/습기,비,단일로 - 기타,화물,남,25세,상해없음,승용,남,38세,경상
2018082600100290,2018년 8월 26일 15시,일요일,경상남도 김해시 삼계동,중상사고,0,1,1,0,차량단독 - 전도전복 - 전복,안전운전불이행,건조,맑음,단일로 - 기타,승용,남,66세,경상,미분류,미분류,미분류,미분류
2018082600100291,2018년 8월 26일 15시,일요일,경상남도 거제시 사등면,경상사고,0,0,1,0,차대차 - 후진중충돌,안전운전불이행,건조,맑음,기타 - 기타,화물,남,43세,상해없음,승용,여,57세,경상
2018082600100321,2018년 8월 26일 16시,일요일,경상남도 김해시 안동,경상사고,0,0,1,0,차대차 - 기타,안전운전불이행,건조,맑음,교차로 - 교차로부근,승용,남,31세,상해없음,화물,남,36세,경상
2018082600100348,2018년 8월 26일 17시,일요일,경상남도 창녕군 창녕읍,경상사고,0,0,1,0,차대차 - 추돌,안전운전불이행,젖음/습기,비,교차로 - 교차로부근,승용,남,43세,상해없음,화물,남,57세,경상
2018082600100379,2018년 8월 26일 18시,일요일,경상남도 창원시 마산합포구 서성동,경상사고,0,0,1,0,차대차 - 추돌,안전운전불이행,건조,맑음,교차로 - 교차로부근,승용,남,44세,상해없음,승용,남,26세,경상
2018082600100380,2018년 8월 26일 18시,일요일,경상남도 창원시 진해구 석동,경상사고,0,0,2,0,차대차 - 측면충돌,안전운전불이행,건조,맑음,단일로 - 기타,승용,남,79세,상해없음,자전거,남,13세,경상
2018082600100381,2018년 8월 26일 18시,일요일,경상남도 김해시 내동,중상사고,0,1,0,0,차대차 - 기타,안전운전불이행,젖음/습기,비,단일로 - 기타,승용,여,59세,상해없음,이륜,남,55세,중상
2018082600100408,2018년 8월 26일 19시,일요일,경상남도 양산시 물금읍,경상사고,0,0,2,0,차대차 - 기타,안전운전불이행,건조,맑음,단일로 - 기타,승용,남,46세,기타불명,승용,남,25세,경상
2018082600100506,2018년 8월 26일 23시,일요일,경상남도 진주시 신안동,중상사고,0,1,1,0,차대사람 - 횡단중,안전운전불이행,젖음/습기,비,단일로 - 기타,승용,남,29세,경상,보행자,여,61세,중상
2018082700100065,2018년 8월 27일 05시,월요일,경상남도 진주시 지수면,사망사고,1,0,0,0,차량단독 - 공작물충돌,안전운전불이행,젖음/습기,비,단일로 - 기타,승용,남,32세,사망,,,,
2018082700100101,2018년 8월 27일 07시,월요일,경상남도 양산시 유산동,경상사고,0,0,1,0,차대차 - 기타,안전운전불이행,젖음/습기,비,교차로 - 교차로안,화물,남,59세,상해없음,승용,여,36세,경상
2018082700100152,2018년 8월 27일 08시,월요일,경상남도 창녕군 남지읍,경상사고,0,0,2,0,차대차 - 기타,신호위반,젖음/습기,비,교차로 - 교차로안,승용,남,28세,경상,승용,여,49세,경상
2018082700100233,2018년 8월 27일 10시,월요일,경상남도 통영시 도남동,경상사고,0,0,1,0,차대사람 - 횡단중,보행자보호의무위반,젖음/습기,맑음,단일로 - 기타,승용,여,41세,상해없음,보행자,남,10세,경상
2018082700100234,2018년 8월 27일 10시,월요일,경상남도 사천시 용강동,경상사고,0,0,1,0,차대차 - 측면충돌,안전운전불이행,건조,맑음,교차로 - 교차로안,승용,남,27세,상해없음,승용,남,42세,경상
2018082700100235,2018년 8월 27일 10시,월요일,경상남도 창원시 마산회원구 양덕동,중상사고,0,1,1,0,차대차 - 기타,안전운전불이행,젖음/습기,흐림,단일로 - 기타,화물,남,50세,상해없음,승용,여,44세,중상
2018082700100236,2018년 8월 27일 10시,월요일,경상남도 창원시 의창구 명서동,중상사고,0,1,2,0,차대차 - 추돌,신호위반,젖음/습기,비,교차로 - 교차로안,승용,여,54세,기타불명,승용,남,59세,중상
2018082700100237,2018년 8월 27일 10시,월요일,경상남도 김해시 전하동,경상사고,0,0,1,0,차대차 - 측면충돌,안전운전불이행,건조,맑음,단일로 - 기타,승용,여,66세,상해없음,승용,남,31세,경상
2018082700100268,2018년 8월 27일 11시,월요일,경상남도 진주시 장대동,경상사고,0,0,1,0,차대차 - 측면충돌,안전운전불이행,젖음/습기,비,교차로 - 교차로횡단보도내,승용,남,64세,상해없음,자전거,여,50세,경상
2018082700100299,2018년 8월 27일 12시,월요일,경상남도 창원시 의창구 도계동,경상사고,0,0,1,0,차대차 - 추돌,안전운전불이행,젖음/습기,비,기타 - 기타,화물,남,65세,상해없음,승용,여,46세,경상
2018082700100327,2018년 8월 27일 13시,월요일,경상남도 창원시 의창구 동읍,경상사고,0,0,1,0,차대차 - 기타,안전운전불이행,젖음/습기,비,단일로 - 기타,승용,남,35세,상해없음,승용,남,36세,경상
2018082700100354,2018년 8월 27일 14시,월요일,경상남도 통영시 북신동,경상사고,0,0,1,0,차대차 - 추돌,안전거리미확보,건조,맑음,단일로 - 기타,승용,남,63세,상해없음,승용,여,55세,경상
2018082700100355,2018년 8월 27일 14시,월요일,경상남도 김해시 삼방동,경상사고,0,0,2,0,차대차 - 기타,중앙선침범,건조,맑음,단일로 - 기타,승용,여,53세,상해없음,승용,여,43세,경상
2018082700100421,2018년 8월 27일 16시,월요일,경상남도 진주시 금산면,중상사고,0,1,0,0,차대사람 - 횡단중,보행자보호의무위반,젖음/습기,비,교차로 - 교차로부근,승용,여,61세,상해없음,보행자,여,72세,중상
2018082700100422,2018년 8월 27일 16시,월요일,경상남도 통영시 도산면,중상사고,0,1,0,0,차대사람 - 횡단중,안전운전불이행,건조,맑음,단일로 - 기타,화물,남,76세,상해없음,보행자,여,11세,중상
2018082700100456,2018년 8월 27일 17시,월요일,경상남도 창원시 진해구 용원동,경상사고,0,0,1,0,차대차 - 측면충돌,교차로운행방법위반,젖음/습기,비,교차로 - 교차로안,자전거,남,54세,경상,승용,남,46세,상해없음
2018082700100474,2018년 8월 27일 18시,월요일,경상남도 양산시 산막동,사망사고,1,3,3,0,차대차 - 측면충돌,안전운전불이행,젖음/습기,비,단일로 - 기타,승합,여,45세,사망,화물,남,62세,경상
2018082700100498,2018년 8월 27일 18시,월요일,경상남도 진주시 평거동,경상사고,0,0,1,0,차대차 - 측면충돌,안전운전불이행,젖음/습기,비,교차로 - 교차로안,승용,여,44세,상해없음,이륜,남,43세,경상
2018082700100499,2018년 8월 27일 18시,월요일,경상남도 창원시 진해구 용원동,경상사고,0,0,1,0,차대차 - 측면충돌,안전운전불이행,젖음/습기,비,교차로 - 교차로안,기타불명,기타불명,미분류,기타불명,이륜,남,16세,경상
2018082700100500,2018년 8월 27일 18시,월요일,경상남도 거제시 고현동,경상사고,0,0,2,0,차대차 - 측면충돌,안전운전불이행,건조,맑음,단일로 - 기타,승용,남,72세,상해없음,승용,남,26세,경상
2018082700100501,2018년 8월 27일 18시,월요일,경상남도 거제시 옥포동,경상사고,0,0,1,0,차대차 - 측면충돌,교차로운행방법위반,건조,맑음,교차로 - 교차로안,승용,남,56세,상해없음,승용,여,35세,경상
2018082700100596,2018년 8월 27일 21시,월요일,경상남도 양산시 동면,중상사고,0,1,1,0,차대차 - 측면충돌,신호위반,건조,맑음,교차로 - 교차로안,승용,남,58세,상해없음,승용,남,38세,중상
2018082700100615,2018년 8월 27일 22시,월요일,경상남도 창원시 마산합포구 상남동,경상사고,0,0,1,0,차대차 - 추돌,안전거리미확보,젖음/습기,비,교차로 - 교차로부근,승용,남,54세,상해없음,승용,남,43세,경상
2018082700100616,2018년 8월 27일 22시,월요일,경상남도 양산시 물금읍,경상사고,0,0,1,0,차대차 - 기타,안전운전불이행,건조,맑음,단일로 - 기타,승용,남,68세,상해없음,승합,남,37세,경상
2018082700100635,2018년 8월 27일 23시,월요일,경상남도 진주시 평거동,중상사고,0,2,0,0,차대차 - 측면충돌,신호위반,젖음/습기,흐림,교차로 - 교차로안,승용,남,31세,상해없음,승용,남,49세,상해없음
2018082700100636,2018년 8월 27일 23시,월요일,경상남도 김해시 외동,경상사고,0,0,1,0,차대차 - 기타,안전운전불이행,젖음/습기,흐림,교차로 - 교차로횡단보도내,승용,여,48세,상해없음,이륜,남,26세,경상
2018082700100637,2018년 8월 27일 23시,월요일,경상남도 김해시 어방동,경상사고,0,0,1,0,차대차 - 기타,안전운전불이행,건조,맑음,단일로 - 기타,승용,남,50세,상해없음,승합,여,36세,경상
2018082800100033,2018년 8월 28일 02시,화요일,경상남도 진주시 강남동,중상사고,0,1,0,0,차대차 - 추돌,교차로운행방법위반,건조,맑음,교차로 - 교차로안,승용,남,26세,상해없음,자전거,남,69세,중상
2018082800100068,2018년 8월 28일 06시,화요일,경상남도 양산시 물금읍,사망사고,1,0,0,0,차대사람 - 차도통행중,안전운전불이행,건조,맑음,단일로 - 기타,승용,남,70세,상해없음,보행자,여,72세,사망
2018082800100069,2018년 8월 28일 06시,화요일,경상남도 양산시 북부동,중상사고,0,1,0,0,차대차 - 측면충돌,안전운전불이행,건조,맑음,교차로 - 교차로횡단보도내,승합,남,47세,상해없음,자전거,남,60세,중상
2018082800100110,2018년 8월 28일 08시,화요일,경상남도 창원시 마산합포구 우산동,경상사고,0,0,1,0,차대차 - 측면충돌,안전거리미확보,젖음/습기,흐림,단일로 - 기타,건설기계,남,54세,상해없음,승용,남,37세,경상
2018082800100111,2018년 8월 28일 08시,화요일,경상남도 창원시 의창구 서상동,중상사고,0,1,0,0,차대차 - 기타,신호위반,건조,맑음,교차로 - 교차로안,승용,여,39세,상해없음,자전거,여,59세,중상
2018082800100147,2018년 8월 28일 09시,화요일,경상남도 창원시 마산합포구 서성동,중상사고,0,1,0,0,차량단독 - 기타,안전운전불이행,건조,맑음,단일로 - 기타,승합,남,36세,상해없음,,,,
2018082800100174,2018년 8월 28일 10시,화요일,경상남도 김해시 내동,경상사고,0,0,1,0,차대차 - 측면충돌,안전운전불이행,건조,맑음,교차로 - 교차로안,승용,여,38세,상해없음,자전거,남,34세,경상
2018082800100175,2018년 8월 28일 10시,화요일,경상남도 창원시 의창구 소답동,경상사고,0,0,1,0,차대차 - 측면충돌,안전운전불이행,건조,맑음,교차로 - 교차로안,승용,여,56세,상해없음,승용,남,59세,경상
2018082800100199,2018년 8월 28일 11시,화요일,경상남도 김해시 서상동,중상사고,0,1,0,0,차대사람 - 기타,안전운전불이행,건조,맑음,주차장 - 주차장,승용,여,43세,상해없음,보행자,여,49세,중상
2018082800100260,2018년 8월 28일 13시,화요일,경상남도 김해시 외동,경상사고,0,0,1,0,차대차 - 측면충돌,신호위반,건조,맑음,교차로 - 교차로안,승용,여,30세,상해없음,이륜,남,27세,경상
2018082800100261,2018년 8월 28일 13시,화요일,경상남도 양산시 물금읍,중상사고,0,2,1,0,차대차 - 측면충돌,안전운전불이행,건조,맑음,단일로 - 기타,승용,남,35세,기타불명,승용,여,57세,상해없음