사고번호,사고일시,요일,시군구,사고내용,사망자수,중상자수,경상자수,부상신고자수,사고유형,법규위반,노면상태,기상상태,도로형태,가해운전자 차종,가해운전자 성별,가해운전자 연령,가해운전자 상해정도,피해운전자 차종,피해운전자 성별,피해운전자 연령,피해운전자 상해정도
2018082800100262,2018년 8월 28일 13시,화요일,경상남도 창원시 마산회원구 봉암동,경상사고,0,0,2,0,차대차 - 측면충돌,안전운전불이행,건조,맑음,교차로 - 교차로안,승용,남,69세,상해없음,승용,남,53세,경상
2018082800100289,2018년 8월 28일 14시,화요일,경상남도 창원시 마산합포구 신포동1가,부상신고사고,0,0,0,1,차대차 - 측면충돌,안전운전불이행,건조,맑음,단일로 - 기타,원동기,남,77세,부상신고,화물,남,48세,상해없음
2018082800100290,2018년 8월 28일 14시,화요일,경상남도 창원시 마산합포구 진북면,중상사고,0,1,0,0,차량단독 - 기타,기타,건조,맑음,기타 - 기타,승용,남,45세,중상,,,,
2018082800100291,2018년 8월 28일 14시,화요일,경상남도 진주시 하대동,중상사고,0,1,0,0,차대차 - 측면충돌,안전운전불이행,건조,맑음,교차로 - 교차로안,승용,남,31세,상해없음,자전거,남,68세,중상
2018082800100322,2018년 8월 28일 15시,화요일,경상남도 김해시 부원동,부상신고사고,0,0,0,2,차대차 - 기타,안전운전불이행,건조,맑음,교차로 - 교차로안,승용,남,50세,상해없음,승합,남,59세,상해없음
2018082800100365,2018년 8월 28일 16시,화요일,경상남도 창원시 마산합포구 중앙동3가,중상사고,0,1,0,0,차대사람 - 기타,안전운전불이행,건조,맑음,단일로 - 기타,승용,여,65세,상해없음,보행자,여,13세,중상
2018082800100366,2018년 8월 28일 16시,화요일,경상남도 진주시 장재동,경상사고,0,0,1,0,차대사람 - 길가장자리구역통행중,안전운전불이행,건조,맑음,단일로 - 기타,승용,여,38세,상해없음,보행자,남,16세,경상
2018082800100412,2018년 8월 28일 17시,화요일,경상남도 밀양시 내이동,중상사고,0,1,0,0,차대차 - 측면충돌,신호위반,건조,흐림,교차로 - 교차로안,승용,남,63세,상해없음,승용,남,61세,중상
2018082800100455,2018년 8월 28일 18시,화요일,경상남도 함안군 칠서면,경상사고,0,0,3,0,차대차 - 측면충돌,신호위반,건조,맑음,교차로 - 교차로안,승용,남,57세,상해없음,승용,여,46세,경상
2018082800100456,2018년 8월 28일 18시,화요일,경상남도 창원시 의창구 팔용동,경상사고,0,0,1,0,차대차 - 기타,차로위반,건조,맑음,단일로 - 기타,이륜,남,53세,기타불명,승합,남,39세,경상
2018082800100494,2018년 8월 28일 19시,화요일,경상남도 산청군 산청읍,중상사고,0,2,0,0,차대차 - 추돌,안전운전불이행,건조,맑음,단일로 - 기타,특수,남,46세,기타불명,농기계,남,79세,중상
2018082800100495,2018년 8월 28일 19시,화요일,경상남도 창원시 마산회원구 양덕동,중상사고,0,1,0,0,차대차 - 측면충돌,안전운전불이행,건조,맑음,단일로 - 기타,승용,남,51세,상해없음,이륜,남,48세,중상
2018082800100532,2018년 8월 28일 20시,화요일,경상남도 양산시 상북면,중상사고,0,1,0,0,차대사람 - 기타,안전운전불이행,건조,맑음,단일로 - 기타,승용,남,26세,상해없음,보행자,여,82세,중상
2018082800100533,2018년 8월 28일 20시,화요일,경상남도 남해군 남면,경상사고,0,0,1,0,차량단독 - 공작물충돌,안전운전불이행,건조,맑음,단일로 - 기타,승용,여,23세,경상,,,,
2018082800100607,2018년 8월 28일 22시,화요일,경상남도 김해시 삼계동,경상사고,0,0,1,0,차대차 - 기타,안전운전불이행,건조,맑음,교차로 - 교차로부근,승용,남,39세,기타불명,승용,남,25세,경상
2018082800100608,2018년 8월 28일 22시,화요일,경상남도 김해시 어방동,경상사고,0,0,2,0,차대차 - 추돌,안전운전불이행,건조,맑음,단일로 - 기타,승용,남,47세,기타불명,승용,남,61세,경상
2018082800100609,2018년 8월 28일 22시,화요일,경상남도 창원시 의창구 대원동,경상사고,0,0,1,0,차대차 - 정면충돌,신호위반,건조,맑음,교차로 - 교차로안,승용,남,64세,상해없음,승용,남,65세,경상
2018082800100636,2018년 8월 28일 23시,화요일,경상남도 창원시 진해구 석동,경상사고,0,0,1,0,차대차 - 측면충돌,교차로운행방법위반,건조,맑음,교차로 - 교차로안,승용,여,19세,상해없음,승용,남,23세,경상
2018082900100067,2018년 8월 29일 06시,수요일,경상남도 양산시 남부동,경상사고,0,0,1,0,차대차 - 측면충돌,신호위반,건조,맑음,교차로 - 교차로안,승합,남,47세,상해없음,자전거,남,54세,경상
2018082900100068,2018년 8월 29일 06시,수요일,경상남도 거제시 거제면,중상사고,0,1,0,0,차대사람 - 기타,안전운전불이행,건조,맑음,단일로 - 기타,승용,남,49세,상해없음,보행자,여,87세,중상
2018082900100086,2018년 8월 29일 07시,수요일,경상남도 거제시 장목면,경상사고,0,0,1,0,차대차 - 기타,차로위반,건조,맑음,기타 - 기타,화물,남,50세,상해없음,승용,여,32세,경상
2018082900100123,2018년 8월 29일 08시,수요일,경상남도 남해군 설천면,중상사고,0,2,1,0,차대차 - 측면충돌,교차로운행방법위반,건조,맑음,교차로 - 교차로안,승용,여,28세,경상,승용,여,27세,중상
2018082900100124,2018년 8월 29일 08시,수요일,경상남도 창원시 마산회원구 봉암동,중상사고,0,1,0,0,차대사람 - 횡단중,안전운전불이행,건조,맑음,교차로 - 교차로안,승용,남,32세,상해없음,보행자,여,53세,중상
2018082900100180,2018년 8월 29일 10시,수요일,경상남도 사천시 선구동,부상신고사고,0,0,0,1,차대차 - 측면충돌,직진우회전진행방해,건조,맑음,교차로 - 교차로안,이륜,남,65세,부상신고,승용,여,31세,상해없음
2018082900100181,2018년 8월 29일 10시,수요일,경상남도 거창군 남상면,중상사고,0,1,3,0,차대차 - 측면충돌,안전운전불이행,건조,맑음,교차로 - 교차로안,승용,여,48세,상해없음,승용,여,58세,중상
2018082900100236,2018년 8월 29일 12시,수요일,경상남도 창원시 의창구 대원동,경상사고,0,0,2,0,차대차 - 추돌,안전운전불이행,건조,맑음,단일로 - 교량,승용,여,35세,경상,승용,여,35세,경상
2018082900100301,2018년 8월 29일 14시,수요일,경상남도 사천시 용현면,경상사고,0,0,5,0,차대차 - 추돌,안전운전불이행,건조,맑음,단일로 - 기타,승용,남,59세,상해없음,화물,남,60세,경상
2018082900100302,2018년 8월 29일 14시,수요일,경상남도 김해시 대동면,중상사고,0,1,0,0,차량단독 - 공작물충돌,안전운전불이행,건조,맑음,단일로 - 기타,화물,남,69세,중상,,,,
2018082900100303,2018년 8월 29일 14시,수요일,경상남도 거제시 옥포동,중상사고,0,1,0,0,차대차 - 기타,직진우회전진행방해,건조,맑음,교차로 - 교차로안,승용,여,46세,상해없음,승용,여,53세,중상
2018082900100304,2018년 8월 29일 14시,수요일,경상남도 창원시 의창구 사림동,중상사고,0,1,0,0,차대차 - 측면충돌,안전운전불이행,건조,맑음,교차로 - 교차로안,승용,여,23세,상해없음,원동기,남,44세,중상
2018082900100356,2018년 8월 29일 16시,수요일,경상남도 밀양시 삼랑진읍,경상사고,0,0,2,0,차대차 - 측면충돌,신호위반,건조,맑음,교차로 - 교차로안,승용,남,56세,상해없음,화물,남,58세,경상
2018082900100400,2018년 8월 29일 17시,수요일,경상남도 창원시 마산합포구 월영동,중상사고,0,1,0,0,차대차 - 추돌,안전운전불이행,건조,맑음,교차로 - 교차로안,승합,남,59세,상해없음,승용,여,52세,상해없음
2018082900100401,2018년 8월 29일 17시,수요일,경상남도 김해시 안동,경상사고,0,0,1,0,차대차 - 추돌,안전운전불이행,건조,맑음,단일로 - 기타,승용,여,22세,상해없음,승용,남,58세,경상
2018082900100434,2018년 8월 29일 18시,수요일,경상남도 진주시 봉곡동,중상사고,0,1,0,0,차대차 - 측면충돌,직진우회전진행방해,건조,맑음,교차로 - 교차로안,화물,남,63세,상해없음,이륜,남,60세,중상
2018082900100435,2018년 8월 29일 18시,수요일,경상남도 양산시 삼호동,경상사고,0,0,1,0,차대차 - 추돌,안전운전불이행,건조,맑음,단일로 - 기타,화물,남,60세,상해없음,승용,여,36세,경상
2018082900100481,2018년 8월 29일 19시,수요일,경상남도 창원시 진해구 용원동,경상사고,0,0,1,0,차대차 - 후진중충돌,안전운전불이행,건조,맑음,단일로 - 기타,승합,남,72세,상해없음,이륜,여,32세,상해없음
2018082900100482,2018년 8월 29일 19시,수요일,경상남도 사천시 사남면,경상사고,0,0,1,0,차대사람 - 차도통행중,안전운전불이행,건조,맑음,단일로 - 기타,승용,남,37세,상해없음,보행자,남,66세,경상
2018082900100483,2018년 8월 29일 19시,수요일,경상남도 사천시 사남면,중상사고,0,1,0,0,차대차 - 측면충돌,직진우회전진행방해,건조,맑음,교차로 - 교차로안,승용,남,40세,상해없음,이륜,남,22세,중상
2018082900100484,2018년 8월 29일 19시,수요일,경상남도 김해시 어방동,경상사고,0,0,1,0,차대차 - 측면충돌,안전운전불이행,건조,흐림,교차로 - 교차로안,원동기,남,18세,경상,화물,남,39세,상해없음
2018082900100485,2018년 8월 29일 19시,수요일,경상남도 김해시 삼방동,경상사고,0,0,2,0,차대차 - 측면충돌,중앙선침범,젖음/습기,비,교차로 - 교차로부근,원동기,남,76세,경상,원동기,남,22세,경상
2018082900100561,2018년 8월 29일 21시,수요일,경상남도 양산시 동면,중상사고,0,1,0,0,차대차 - 추돌,안전운전불이행,건조,맑음,단일로 - 기타,승용,남,63세,상해없음,승용,남,35세,중상
2018082900100562,2018년 8월 29일 21시,수요일,경상남도 창원시 성산구 웅남동,중상사고,0,3,1,0,차대차 - 측면충돌,신호위반,건조,흐림,교차로 - 교차로안,승용,남,62세,상해없음,승용,남,35세,경상
2018083000100030,2018년 8월 30일 01시,목요일,경상남도 김해시 서상동,경상사고,0,0,1,0,차대사람 - 기타,안전운전불이행,젖음/습기,비,단일로 - 기타,승용,남,28세,상해없음,보행자,남,36세,경상
2018083000100031,2018년 8월 30일 01시,목요일,경상남도 창원시 의창구 팔용동,중상사고,0,2,0,0,차대차 - 측면충돌,신호위반,젖음/습기,비,교차로 - 교차로안,승용,여,41세,상해없음,승용,남,62세,중상
2018083000100180,2018년 8월 30일 10시,목요일,경상남도 창녕군 남지읍,중상사고,0,2,0,0,차대차 - 측면충돌,직진우회전진행방해,건조,맑음,교차로 - 교차로안,승용,여,32세,상해없음,화물,남,61세,중상
2018083000100207,2018년 8월 30일 11시,목요일,경상남도 거창군 위천면,사망사고,1,0,0,0,차대차 - 추돌,기타,건조,맑음,교차로 - 교차로안,화물,남,45세,상해없음,이륜,남,53세,사망
2018083000100230,2018년 8월 30일 12시,목요일,경상남도 창원시 진해구 이동,경상사고,0,0,1,0,차대차 - 측면충돌,안전운전불이행,건조,맑음,단일로 - 기타,승용,여,55세,상해없음,이륜,남,39세,경상
2018083000100231,2018년 8월 30일 12시,목요일,경상남도 통영시 도산면,경상사고,0,0,2,0,차대차 - 측면충돌,신호위반,건조,맑음,교차로 - 교차로안,승용,여,56세,상해없음,승용,남,40세,경상
2018083000100293,2018년 8월 30일 14시,목요일,경상남도 창원시 의창구 대원동,경상사고,0,0,1,0,차대차 - 측면충돌,신호위반,건조,맑음,교차로 - 교차로안,승용,여,56세,상해없음,화물,남,55세,경상
2018083000100325,2018년 8월 30일 15시,목요일,경상남도 사천시 용현면,중상사고,0,3,1,0,차대차 - 측면충돌,신호위반,건조,맑음,교차로 - 교차로안,승용,여,63세,경상,화물,남,57세,중상
2018083000100326,2018년 8월 30일 15시,목요일,경상남도 양산시 물금읍,경상사고,0,0,2,0,차대차 - 측면충돌,신호위반,건조,맑음,교차로 - 교차로안,승용,남,22세,상해없음,이륜,남,18세,경상
2018083000100327,2018년 8월 30일 15시,목요일,경상남도 의령군 궁류면,중상사고,0,1,0,0,차대차 - 정면충돌,중앙선침범,젖음/습기,흐림,미분류 - 미분류,화물,남,56세,상해없음,이륜,남,72세,중상
2018083000100328,2018년 8월 30일 15시,목요일,경상남도 창원시 마산회원구 합성동,중상사고,0,1,0,0,차대사람 - 횡단중,보행자보호의무위반,건조,맑음,교차로 - 교차로부근,승용,남,50세,상해없음,보행자,여,72세,중상
2018083000100357,2018년 8월 30일 16시,목요일,경상남도 김해시 주촌면,중상사고,0,1,1,0,차대차 - 측면충돌,중앙선침범,건조,맑음,단일로 - 기타,화물,남,64세,상해없음,승용,여,34세,상해없음
2018083000100398,2018년 8월 30일 17시,목요일,경상남도 통영시 명정동,경상사고,0,0,4,0,차대차 - 측면충돌,안전운전불이행,건조,맑음,단일로 - 기타,승용,여,65세,상해없음,승용,여,54세,경상
2018083000100399,2018년 8월 30일 17시,목요일,경상남도 창원시 마산회원구 내서읍,중상사고,0,1,0,0,차대차 - 측면충돌,안전운전불이행,젖음/습기,비,교차로 - 교차로부근,승용,남,42세,상해없음,원동기,남,44세,중상
2018083000100439,2018년 8월 30일 18시,목요일,경상남도 창원시 마산합포구 중앙동2가,경상사고,0,0,1,0,차대차 - 추돌,안전거리미확보,젖음/습기,비,단일로 - 기타,승용,여,48세,상해없음,승용,남,36세,경상
2018083000100440,2018년 8월 30일 18시,목요일,경상남도 고성군 고성읍,중상사고,0,1,0,0,차대사람 - 횡단중,보행자보호의무위반,건조,맑음,단일로 - 기타,승용,남,54세,상해없음,보행자,여,52세,중상
2018083000100441,2018년 8월 30일 18시,목요일,경상남도 남해군 창선면,경상사고,0,0,1,0,차대차 - 추돌,안전운전불이행,건조,맑음,단일로 - 기타,승용,남,70세,상해없음,승용,여,52세,경상
2018083000100476,2018년 8월 30일 19시,목요일,경상남도 진주시 옥봉동,중상사고,0,1,2,0,차대차 - 추돌,안전운전불이행,젖음/습기,비,단일로 - 기타,원동기,남,40세,중상,승용,남,33세,경상
2018083000100477,2018년 8월 30일 19시,목요일,경상남도 창원시 의창구 서상동,사망사고,1,0,0,0,차대사람 - 횡단중,안전운전불이행,젖음/습기,비,교차로 - 교차로안,승용,남,37세,상해없음,보행자,남,60세,사망
2018083000100516,2018년 8월 30일 20시,목요일,경상남도 진주시 강남동,경상사고,0,0,1,0,차대사람 - 횡단중,중앙선침범,젖음/습기,비,단일로 - 기타,승용,남,34세,상해없음,보행자,남,54세,경상
2018083000100517,2018년 8월 30일 20시,목요일,경상남도 창원시 진해구 부흥동,경상사고,0,0,1,0,차대차 - 측면충돌,안전운전불이행,건조,맑음,교차로 - 교차로안,승용,여,49세,상해없음,자전거,남,24세,경상
2018083000100518,2018년 8월 30일 20시,목요일,경상남도 양산시 삼호동,경상사고,0,0,4,1,차대차 - 기타,안전운전불이행,건조,맑음,교차로 - 교차로부근,승용,여,64세,경상,승용,남,27세,부상신고
2018083000100519,2018년 8월 30일 20시,목요일,경상남도 창원시 성산구 남양동,중상사고,0,1,0,0,차대사람 - 차도통행중,안전운전불이행,젖음/습기,비,단일로 - 기타,승용,남,50세,상해없음,보행자,여,62세,중상
2018083000100520,2018년 8월 30일 20시,목요일,경상남도 창원시 성산구 사파동,경상사고,0,0,1,0,차대차 - 측면충돌,신호위반,젖음/습기,비,교차로 - 교차로부근,승용,여,50세,상해없음,승용,남,35세,경상
2018083000100521,2018년 8월 30일 20시,목요일,경상남도 함안군 가야읍,중상사고,0,2,1,0,차대차 - 기타,안전운전불이행,젖음/습기,비,단일로 - 기타,화물,남,61세,경상,승용,남,49세,중상
2018083000100550,2018년 8월 30일 21시,목요일,경상남도 거제시 아주동,경상사고,0,0,1,0,차대사람 - 횡단중,교차로운행방법위반,건조,맑음,교차로 - 교차로안,승용,남,64세,상해없음,보행자,남,56세,경상
2018083000100574,2018년 8월 30일 22시,목요일,경상남도 김해시 구산동,중상사고,0,3,0,0,차대차 - 측면충돌,신호위반,젖음/습기,흐림,교차로 - 교차로안,승용,남,60세,상해없음,승용,남,70세,중상
2018083000100575,2018년 8월 30일 22시,목요일,경상남도 양산시 북부동,중상사고,0,1,0,0,차대차 - 측면충돌,신호위반,건조,맑음,교차로 - 교차로안,승용,남,57세,상해없음,승용,여,41세,중상
2018083100100017,2018년 8월 31일 00시,금요일,경상남도 통영시 용남면,경상사고,0,0,3,0,차대차 - 추돌,안전운전불이행,건조,맑음,교차로 - 교차로부근,화물,남,32세,상해없음,승용,남,49세,경상
2018083100100030,2018년 8월 31일 01시,금요일,경상남도 창원시 진해구 용원동,사망사고,1,0,0,0,차대사람 - 차도통행중,안전운전불이행,건조,맑음,단일로 - 기타,승용,남,39세,상해없음,보행자,남,30세,사망
2018083100100041,2018년 8월 31일 02시,금요일,경상남도 창원시 마산합포구 중앙동3가,중상사고,0,1,1,0,차대차 - 추돌,안전운전불이행,건조,맑음,교차로 - 교차로부근,승용,여,54세,상해없음,승용,남,57세,경상
2018083100100042,2018년 8월 31일 02시,금요일,경상남도 김해시 삼정동,경상사고,0,0,2,0,차대차 - 측면충돌,안전운전불이행,건조,맑음,단일로 - 기타,화물,남,58세,상해없음,승용,남,51세,경상
2018083100100043,2018년 8월 31일 02시,금요일,경상남도 산청군 시천면,중상사고,0,1,0,0,차대사람 - 차도통행중,안전운전불이행,젖음/습기,비,단일로 - 기타,승용,남,45세,상해없음,보행자,남,52세,중상
2018083100100044,2018년 8월 31일 02시,금요일,경상남도 창원시 마산회원구 석전동,중상사고,0,3,2,0,차량단독 - 공작물충돌,안전운전불이행,건조,맑음,단일로 - 기타,승합,남,53세,상해없음,,,,
2018083100100053,2018년 8월 31일 03시,금요일,경상남도 김해시 어방동,중상사고,0,1,0,0,차대사람 - 횡단중,안전운전불이행,건조,맑음,교차로 - 교차로부근,승용,여,58세,상해없음,보행자,남,57세,중상
2018083100100074,2018년 8월 31일 05시,금요일,경상남도 김해시 부원동,중상사고,0,1,0,0,차대차 - 측면충돌,신호위반,건조,맑음,교차로 - 교차로안,화물,남,53세,상해없음,승용,남,70세,중상
2018083100100103,2018년 8월 31일 07시,금요일,경상남도 김해시 진영읍,경상사고,0,0,1,0,차대차 - 측면충돌,안전거리미확보,건조,맑음,단일로 - 기타,승용,남,37세,상해없음,승용,여,39세,경상
2018083100100166,2018년 8월 31일 09시,금요일,경상남도 진주시 상대동,중상사고,0,1,1,0,차대차 - 추돌,안전운전불이행,젖음/습기,비,교차로 - 교차로부근,승합,남,56세,상해없음,승용,여,64세,경상
2018083100100167,2018년 8월 31일 09시,금요일,경상남도 창원시 진해구 용원동,사망사고,1,0,0,0,차대사람 - 기타,안전운전불이행,건조,맑음,교차로 - 교차로안,특수,남,56세,상해없음,보행자,남,62세,사망
2018083100100169,2018년 8월 31일 09시,금요일,경상남도 창원시 의창구 팔용동,경상사고,0,0,3,0,차대차 - 측면충돌,안전운전불이행,건조,맑음,단일로 - 기타,승용,여,44세,경상,화물,남,62세,경상
2018083100100170,2018년 8월 31일 09시,금요일,경상남도 창원시 의창구 소답동,중상사고,0,1,0,0,차대사람 - 기타,안전운전불이행,건조,맑음,단일로 - 기타,승용,여,37세,상해없음,보행자,여,70세,중상
2018083100100194,2018년 8월 31일 10시,금요일,경상남도 양산시 주진동,중상사고,0,1,0,0,차대차 - 측면충돌,중앙선침범,건조,맑음,단일로 - 기타,화물,남,59세,상해없음,원동기,남,60세,중상
2018083100100195,2018년 8월 31일 10시,금요일,경상남도 양산시 덕계동,경상사고,0,0,2,0,차대차 - 측면충돌,안전거리미확보,건조,맑음,단일로 - 기타,화물,남,39세,경상,화물,남,63세,경상
2018083100100196,2018년 8월 31일 10시,금요일,경상남도 창원시 마산회원구 석전동,중상사고,0,1,0,0,차대사람 - 횡단중,보행자보호의무위반,젖음/습기,비,교차로 - 교차로횡단보도내,화물,남,60세,상해없음,보행자,여,66세,중상
2018083100100197,2018년 8월 31일 10시,금요일,경상남도 창원시 의창구 팔용동,중상사고,0,1,0,0,차대사람 - 기타,신호위반,젖음/습기,흐림,교차로 - 교차로안,승용,남,86세,상해없음,보행자,남,40세,중상
2018083100100198,2018년 8월 31일 10시,금요일,경상남도 김해시 한림면,중상사고,0,1,0,0,차량단독 - 공작물충돌,기타,젖음/습기,비,단일로 - 기타,화물,남,59세,중상,,,,
2018083100100221,2018년 8월 31일 11시,금요일,경상남도 함안군 가야읍,중상사고,0,1,0,0,차대사람 - 횡단중,안전운전불이행,젖음/습기,비,교차로 - 교차로부근,승용,남,68세,상해없음,보행자,여,87세,중상
2018083100100222,2018년 8월 31일 11시,금요일,경상남도 창원시 성산구 상남동,중상사고,0,1,0,0,차대사람 - 횡단중,보행자보호의무위반,젖음/습기,비,교차로 - 교차로횡단보도내,승용,남,46세,상해없음,보행자,여,83세,중상
2018083100100223,2018년 8월 31일 11시,금요일,경상남도 김해시 대청동,경상사고,0,0,1,0,차대사람 - 기타,안전운전불이행,젖음/습기,비,교차로 - 교차로부근,승용,여,51세,상해없음,보행자,남,46세,경상
2018083100100246,2018년 8월 31일 12시,금요일,경상남도 양산시 물금읍,중상사고,0,2,0,0,차대차 - 기타,안전거리미확보,젖음/습기,비,교차로 - 교차로부근,승용,여,49세,상해없음,이륜,남,48세,중상
2018083100100247,2018년 8월 31일 12시,금요일,경상남도 창원시 성산구 반지동,중상사고,0,1,0,0,차대차 - 정면충돌,안전운전불이행,건조,흐림,교차로 - 교차로부근,승합,남,50세,상해없음,이륜,남,41세,중상
2018083100100248,2018년 8월 31일 12시,금요일,경상남도 김해시 풍유동,경상사고,0,0,1,0,차대차 - 측면충돌,신호위반,젖음/습기,비,교차로 - 교차로안,화물,남,68세,상해없음,승용,여,41세,경상
2018083100100249,2018년 8월 31일 12시,금요일,경상남도 김해시 응달동,경상사고,0,0,1,0,차량단독 - 공작물충돌,안전운전불이행,젖음/습기,비,단일로 - 기타,승용,여,44세,경상,,,,
2018083100100286,2018년 8월 31일 13시,금요일,경상남도 진주시 금곡면,중상사고,0,1,0,0,차량단독 - 기타,안전운전불이행,젖음/습기,비,단일로 - 기타,화물,남,56세,중상,,,,
2018083100100287,2018년 8월 31일 13시,금요일,경상남도 통영시 미수동,경상사고,0,0,1,0,차대사람 - 횡단중,안전운전불이행,젖음/습기,비,단일로 - 기타,승용,여,54세,상해없음,보행자,여,68세,경상
2018083100100288,2018년 8월 31일 13시,금요일,경상남도 사천시 사천읍,중상사고,0,1,1,0,차량단독 - 공작물충돌,안전운전불이행,젖음/습기,비,단일로 - 기타,승합,남,61세,경상,,,,
2018083100100289,2018년 8월 31일 13시,금요일,경상남도 양산시 동면,경상사고,0,0,1,0,차대차 - 측면충돌,직진우회전진행방해,젖음/습기,비,교차로 - 교차로안,승용,여,35세,경상,승용,남,31세,상해없음
2018083100100316,2018년 8월 31일 14시,금요일,경상남도 진주시 정촌면,경상사고,0,0,1,0,차대차 - 추돌,안전운전불이행,건조,맑음,교차로 - 교차로부근,화물,남,48세,상해없음,화물,남,44세,경상
2018083100100317,2018년 8월 31일 14시,금요일,경상남도 김해시 율하동,경상사고,0,0,1,0,차대차 - 측면충돌,안전거리미확보,젖음/습기,흐림,단일로 - 기타,건설기계,남,53세,상해없음,승용,여,46세,경상
2018083100100352,2018년 8월 31일 15시,금요일,경상남도 창원시 마산합포구 상남동,중상사고,0,1,0,0,차대차 - 기타,안전운전불이행,건조,맑음,기타 - 기타,화물,남,71세,상해없음,이륜,남,42세,중상
2018083100100353,2018년 8월 31일 15시,금요일,경상남도 창원시 의창구 팔용동,경상사고,0,0,1,0,차량단독 - 기타,안전운전불이행,건조,맑음,단일로 - 기타,승합,남,48세,상해없음,,,,
2018083100100390,2018년 8월 31일 16시,금요일,경상남도 양산시 물금읍,중상사고,0,1,1,0,차대차 - 측면충돌,직진우회전진행방해,건조,맑음,교차로 - 교차로안,승용,여,37세,경상,화물,남,67세,중상
2018083100100391,2018년 8월 31일 16시,금요일,경상남도 거제시 일운면,중상사고,0,5,1,0,차대차 - 정면충돌,중앙선침범,건조,맑음,단일로 - 기타,승용,남,43세,경상,승용,남,53세,중상
2018083100100392,2018년 8월 31일 16시,금요일,경상남도 창원시 마산회원구 양덕동,중상사고,0,1,0,0,차대차 - 측면충돌,안전운전불이행,건조,맑음,교차로 - 교차로안,승용,여,49세,상해없음,승용,여,56세,중상
2018083100100427,2018년 8월 31일 17시,금요일,경상남도 김해시 내동,경상사고,0,0,1,0,차대차 - 기타,안전운전불이행,젖음/습기,흐림,교차로 - 교차로부근,승합,여,47세,상해없음,이륜,남,35세,경상
2018083100100464,2018년 8월 31일 18시,금요일,경상남도 창녕군 창녕읍,경상사고,0,0,1,0,차대차 - 기타,중앙선침범,건조,흐림,단일로 - 기타,승용,남,65세,상해없음,이륜,남,20세,경상
2018083100100465,2018년 8월 31일 18시,금요일,경상남도 양산시 어곡동,중상사고,0,1,0,0,차량단독 - 기타,안전운전불이행,건조,맑음,단일로 - 기타,이륜,남,38세,중상,,,,
2018083100100466,2018년 8월 31일 18시,금요일,경상남도 김해시 풍유동,중상사고,0,1,0,0,차대차 - 측면충돌,안전운전불이행,건조,흐림,교차로 - 교차로안,승용,남,22세,상해없음,승용,여,42세,중상
2018083100100506,2018년 8월 31일 19시,금요일,경상남도 창원시 성산구 중앙동,중상사고,0,1,0,0,차대차 - 측면충돌,안전운전불이행,건조,흐림,단일로 - 기타,승용,여,59세,상해없음,이륜,남,27세,중상
2018083100100507,2018년 8월 31일 19시,금요일,경상남도 창원시 마산회원구 내서읍,중상사고,0,1,0,0,차대사람 - 차도통행중,안전운전불이행,건조,맑음,단일로 - 기타,승용,남,52세,상해없음,보행자,남,47세,중상
2018083100100612,2018년 8월 31일 22시,금요일,경상남도 통영시 봉평동,경상사고,0,0,2,0,차대차 - 추돌,안전운전불이행,건조,맑음,단일로 - 기타,승용,남,47세,상해없음,승용,남,57세,경상
2018083100100613,2018년 8월 31일 22시,금요일,경상남도 양산시 북정동,중상사고,0,1,1,1,차대차 - 측면충돌,신호위반,젖음/습기,비,교차로 - 교차로안,승용,남,45세,부상신고,승용,여,61세,경상
2018083100100614,2018년 8월 31일 22시,금요일,경상남도 양산시 명동,사망사고,1,0,0,0,차대차 - 측면충돌,안전운전불이행,건조,흐림,단일로 - 기타,승용,남,52세,상해없음,승합,여,52세,사망
2018083100100648,2018년 8월 31일 23시,금요일,경상남도 거제시 고현동,경상사고,0,0,1,0,차대차 - 추돌,안전운전불이행,젖음/습기,비,교차로 - 교차로부근,승용,남,43세,상해없음,승용,여,35세,경상
2018090100100019,2018년 9월 1일 00시,토요일,경상남도 김해시 어방동,중상사고,0,1,1,0,차대차 - 기타,중앙선침범,건조,맑음,단일로 - 기타,승용,여,60세,상해없음,승용,남,46세,중상
2018090100100020,2018년 9월 1일 00시,토요일,경상남도 김해시 내덕동,경상사고,0,0,1,0,차량단독 - 공작물충돌,안전운전불이행,젖음/습기,비,단일로 - 기타,승용,남,58세,경상,,,,
2018090100100037,2018년 9월 1일 01시,토요일,경상남도 김해시 외동,중상사고,0,1,2,0,차대차 - 기타,안전거리미확보,젖음/습기,비,교차로 - 교차로부근,승용,여,58세,상해없음,승용,남,21세,경상
2018090100100050,2018년 9월 1일 02시,토요일,경상남도 김해시 지내동,경상사고,0,0,1,0,차량단독 - 공작물충돌,안전운전불이행,젖음/습기,비,교차로 - 교차로부근,승용,남,33세,경상,,,,
2018090100100065,2018년 9월 1일 03시,토요일,경상남도 진주시 문산읍,경상사고,0,0,1,0,차대차 - 추돌,안전운전불이행,젖음/습기,비,단일로 - 기타,승용,남,32세,상해없음,화물,남,49세,경상
2018090100100093,2018년 9월 1일 05시,토요일,경상남도 사천시 선구동,부상신고사고,0,0,0,1,차대차 - 측면충돌,중앙선침범,젖음/습기,비,교차로 - 교차로안,자전거,남,76세,부상신고,화물,남,66세,상해없음
2018090100100094,2018년 9월 1일 05시,토요일,경상남도 창원시 마산회원구 회원동,중상사고,0,1,0,0,차대차 - 측면충돌,신호위반,젖음/습기,비,교차로 - 교차로횡단보도내,화물,남,56세,상해없음,이륜,남,57세,중상