사고번호,사고일시,요일,시군구,사고내용,사망자수,중상자수,경상자수,부상신고자수,사고유형,법규위반,노면상태,기상상태,도로형태,가해운전자 차종,가해운전자 성별,가해운전자 연령,가해운전자 상해정도,피해운전자 차종,피해운전자 성별,피해운전자 연령,피해운전자 상해정도
2018090100100126,2018년 9월 1일 07시,토요일,경상남도 창원시 성산구 삼정자동,경상사고,0,0,1,0,차대차 - 측면충돌,신호위반,젖음/습기,비,교차로 - 교차로안,승용,남,62세,상해없음,승용,남,47세,경상
2018090100100142,2018년 9월 1일 08시,토요일,경상남도 김해시 삼정동,경상사고,0,0,1,0,차대차 - 기타,안전운전불이행,젖음/습기,비,교차로 - 교차로안,승용,남,62세,상해없음,화물,남,40세,경상
2018090100100224,2018년 9월 1일 11시,토요일,경상남도 김해시 내동,경상사고,0,0,1,0,차대차 - 기타,안전운전불이행,젖음/습기,흐림,교차로 - 교차로안,승용,남,53세,상해없음,승용,남,36세,경상
2018090100100257,2018년 9월 1일 12시,토요일,경상남도 양산시 물금읍,중상사고,0,1,1,0,차대차 - 측면충돌,안전거리미확보,건조,맑음,단일로 - 고가도로위,승용,여,58세,상해없음,승용,여,45세,중상
2018090100100285,2018년 9월 1일 13시,토요일,경상남도 고성군 회화면,중상사고,0,1,0,0,차대차 - 측면충돌,직진우회전진행방해,건조,맑음,교차로 - 교차로안,화물,남,63세,상해없음,이륜,남,39세,상해없음
2018090100100324,2018년 9월 1일 14시,토요일,경상남도 진주시 주약동,경상사고,0,0,3,0,차대차 - 측면충돌,안전운전불이행,건조,맑음,단일로 - 기타,승용,남,53세,상해없음,승합,남,45세,경상
2018090100100367,2018년 9월 1일 15시,토요일,경상남도 김해시 구산동,경상사고,0,0,2,0,차대차 - 기타,안전운전불이행,건조,맑음,단일로 - 기타,승용,남,28세,상해없음,승용,남,22세,경상
2018090100100368,2018년 9월 1일 15시,토요일,경상남도 창원시 성산구 반림동,중상사고,0,1,0,0,차대차 - 측면충돌,중앙선침범,건조,맑음,단일로 - 기타,승용,남,69세,상해없음,이륜,남,63세,중상
2018090100100411,2018년 9월 1일 16시,토요일,경상남도 김해시 부원동,경상사고,0,0,1,0,차대차 - 기타,안전운전불이행,건조,맑음,교차로 - 교차로안,승용,남,61세,상해없음,원동기,남,38세,경상
2018090100100448,2018년 9월 1일 17시,토요일,경상남도 창원시 진해구 청안동,경상사고,0,0,1,0,차대사람 - 횡단중,보행자보호의무위반,건조,맑음,단일로 - 기타,승용,남,38세,상해없음,보행자,남,5세,경상
2018090100100449,2018년 9월 1일 17시,토요일,경상남도 거창군 거창읍,경상사고,0,0,1,0,차대차 - 측면충돌,직진우회전진행방해,건조,맑음,교차로 - 교차로안,승용,남,57세,경상,승용,남,46세,상해없음
2018090100100478,2018년 9월 1일 18시,토요일,경상남도 통영시 도천동,경상사고,0,0,1,0,차대사람 - 기타,안전운전불이행,건조,맑음,단일로 - 기타,승용,남,54세,상해없음,보행자,남,69세,경상
2018090100100509,2018년 9월 1일 19시,토요일,경상남도 사천시 사남면,경상사고,0,0,2,0,차대차 - 측면충돌,신호위반,건조,맑음,교차로 - 교차로안,승용,여,56세,경상,승용,남,32세,경상
2018090100100510,2018년 9월 1일 19시,토요일,경상남도 김해시 삼방동,경상사고,0,0,2,0,차대차 - 기타,안전운전불이행,건조,맑음,교차로 - 교차로안,승용,남,51세,상해없음,승용,남,28세,상해없음
2018090100100511,2018년 9월 1일 19시,토요일,경상남도 함안군 칠원읍,경상사고,0,0,1,0,차대사람 - 횡단중,보행자보호의무위반,건조,맑음,교차로 - 교차로안,승용,여,61세,상해없음,보행자,여,11세,경상
2018090100100543,2018년 9월 1일 20시,토요일,경상남도 거제시 상동동,경상사고,0,0,1,0,차대차 - 추돌,안전운전불이행,젖음/습기,흐림,교차로 - 교차로안,승용,남,43세,상해없음,승용,남,26세,경상
2018090200100012,2018년 9월 2일 00시,일요일,경상남도 창원시 마산합포구 예곡동,중상사고,0,2,1,0,차대차 - 측면충돌,안전운전불이행,건조,맑음,단일로 - 기타,승용,남,36세,중상,승용,남,44세,중상
2018090200100013,2018년 9월 2일 00시,일요일,경상남도 김해시 어방동,중상사고,0,1,0,0,차대사람 - 기타,안전운전불이행,건조,맑음,교차로 - 교차로안,특수,남,37세,상해없음,보행자,남,43세,중상
2018090200100014,2018년 9월 2일 00시,일요일,경상남도 양산시 물금읍,중상사고,0,1,0,0,차대사람 - 기타,안전운전불이행,건조,맑음,단일로 - 기타,승용,남,58세,상해없음,보행자,남,53세,중상
2018090200100026,2018년 9월 2일 01시,일요일,경상남도 창원시 마산합포구 남성동,중상사고,0,1,2,0,차대차 - 기타,안전운전불이행,건조,흐림,교차로 - 교차로부근,승용,남,55세,상해없음,승용,남,52세,상해없음
2018090200100027,2018년 9월 2일 01시,일요일,경상남도 거창군 마리면,중상사고,0,1,0,0,차량단독 - 공작물충돌,안전운전불이행,건조,맑음,단일로 - 기타,이륜,남,15세,중상,,,,
2018090200100090,2018년 9월 2일 07시,일요일,경상남도 창녕군 남지읍,중상사고,0,1,1,0,차대사람 - 기타,안전운전불이행,기타,맑음,단일로 - 기타,화물,남,67세,상해없음,보행자,여,54세,중상
2018090200100110,2018년 9월 2일 08시,일요일,경상남도 양산시 동면,경상사고,0,0,1,0,차대차 - 측면충돌,교차로운행방법위반,건조,흐림,교차로 - 교차로안,승용,남,44세,상해없음,승용,남,60세,상해없음
2018090200100126,2018년 9월 2일 09시,일요일,경상남도 진주시 상대동,사망사고,1,0,0,0,차대차 - 측면충돌,안전운전불이행,건조,맑음,단일로 - 기타,승용,여,55세,상해없음,이륜,남,28세,사망
2018090200100127,2018년 9월 2일 09시,일요일,경상남도 사천시 정동면,중상사고,0,1,0,0,차대사람 - 기타,안전운전불이행,건조,맑음,단일로 - 기타,승합,남,61세,상해없음,보행자,여,84세,중상
2018090200100128,2018년 9월 2일 09시,일요일,경상남도 창녕군 남지읍,경상사고,0,0,1,0,차대사람 - 횡단중,보행자보호의무위반,건조,맑음,단일로 - 기타,승용,남,58세,상해없음,보행자,남,4세,경상
2018090200100186,2018년 9월 2일 12시,일요일,경상남도 창원시 진해구 이동,경상사고,0,0,1,0,차대차 - 측면충돌,안전운전불이행,건조,맑음,교차로 - 교차로횡단보도내,승용,남,43세,상해없음,자전거,남,78세,경상
2018090200100215,2018년 9월 2일 13시,일요일,경상남도 양산시 명동,경상사고,0,0,1,0,차대차 - 기타,기타,건조,맑음,교차로 - 교차로부근,승용,여,50세,상해없음,승용,남,29세,경상
2018090200100216,2018년 9월 2일 13시,일요일,경상남도 고성군 마암면,사망사고,3,4,1,0,차대차 - 정면충돌,중앙선침범,건조,맑음,교차로 - 교차로부근,승용,남,67세,사망,승용,남,43세,사망
2018090200100245,2018년 9월 2일 14시,일요일,경상남도 진주시 충무공동,경상사고,0,0,1,0,차대차 - 추돌,안전운전불이행,건조,맑음,단일로 - 기타,이륜,남,53세,경상,승용,남,37세,상해없음
2018090200100267,2018년 9월 2일 15시,일요일,경상남도 창원시 성산구 반림동,중상사고,0,1,1,0,차대사람 - 횡단중,신호위반,젖음/습기,비,교차로 - 교차로안,이륜,남,37세,상해없음,보행자,여,17세,중상
2018090200100288,2018년 9월 2일 16시,일요일,경상남도 김해시 외동,경상사고,0,0,1,0,차대차 - 측면충돌,신호위반,건조,맑음,교차로 - 교차로안,승용,남,21세,상해없음,승용,남,44세,경상
2018090200100289,2018년 9월 2일 16시,일요일,경상남도 거제시 일운면,중상사고,0,1,0,0,차대사람 - 기타,안전운전불이행,건조,맑음,기타 - 기타,화물,남,51세,상해없음,보행자,여,79세,중상
2018090200100290,2018년 9월 2일 16시,일요일,경상남도 함안군 칠원읍,사망사고,2,0,4,0,차대차 - 추돌,안전운전불이행,젖음/습기,흐림,단일로 - 기타,특수,남,50세,상해없음,승용,남,46세,사망
2018090200100348,2018년 9월 2일 18시,일요일,경상남도 거제시 옥포동,경상사고,0,0,2,0,차대차 - 측면충돌,교차로운행방법위반,건조,맑음,교차로 - 교차로안,승용,남,65세,상해없음,승용,남,44세,경상
2018090200100382,2018년 9월 2일 19시,일요일,경상남도 창원시 진해구 충무동,경상사고,0,0,1,0,차량단독 - 공작물충돌,안전운전불이행,젖음/습기,비,교차로 - 교차로안,승용,남,67세,상해없음,,,,
2018090200100383,2018년 9월 2일 19시,일요일,경상남도 통영시 항남동,중상사고,0,1,0,0,차대사람 - 차도통행중,안전운전불이행,젖음/습기,비,단일로 - 기타,승용,남,63세,상해없음,보행자,남,75세,중상
2018090200100384,2018년 9월 2일 19시,일요일,경상남도 양산시 동면,부상신고사고,0,0,0,1,차대사람 - 횡단중,안전운전불이행,건조,맑음,단일로 - 기타,승용,여,61세,상해없음,보행자,남,9세,부상신고
2018090200100417,2018년 9월 2일 20시,일요일,경상남도 창원시 마산합포구 신포동1가,경상사고,0,0,2,0,차대차 - 기타,안전운전불이행,건조,맑음,기타 - 기타,승용,여,62세,상해없음,승용,남,23세,경상
2018090200100418,2018년 9월 2일 20시,일요일,경상남도 거제시 상동동,경상사고,0,0,1,0,차대차 - 측면충돌,교차로운행방법위반,젖음/습기,비,교차로 - 교차로안,승용,남,40세,상해없음,승용,여,27세,경상
2018090200100434,2018년 9월 2일 21시,일요일,경상남도 양산시 물금읍,중상사고,0,1,0,0,차대차 - 측면충돌,안전운전불이행,건조,맑음,교차로 - 교차로안,승용,남,65세,상해없음,이륜,남,18세,중상
2018090200100435,2018년 9월 2일 21시,일요일,경상남도 양산시 물금읍,중상사고,0,1,0,0,차대차 - 기타,안전운전불이행,젖음/습기,비,교차로 - 교차로안,승용,여,59세,상해없음,이륜,남,18세,중상
2018090200100453,2018년 9월 2일 22시,일요일,경상남도 진주시 칠암동,경상사고,0,0,2,0,차대차 - 추돌,안전운전불이행,젖음/습기,비,단일로 - 기타,승용,여,52세,상해없음,승용,남,28세,경상
2018090200100470,2018년 9월 2일 23시,일요일,경상남도 진주시 신안동,중상사고,0,1,0,0,차대사람 - 횡단중,보행자보호의무위반,젖음/습기,비,단일로 - 기타,승용,여,58세,상해없음,보행자,여,23세,중상
2018090200100471,2018년 9월 2일 23시,일요일,경상남도 김해시 대성동,경상사고,0,0,1,0,차대차 - 추돌,안전운전불이행,젖음/습기,비,교차로 - 교차로안,승용,여,52세,상해없음,이륜,남,42세,경상
2018090300100054,2018년 9월 3일 06시,월요일,경상남도 통영시 도산면,중상사고,0,1,5,0,차대차 - 후진중충돌,안전거리미확보,젖음/습기,비,단일로 - 기타,화물,남,61세,경상,승합,남,37세,상해없음
2018090300100055,2018년 9월 3일 06시,월요일,경상남도 양산시 동면,경상사고,0,0,1,0,차대사람 - 기타,안전운전불이행,건조,맑음,기타 - 기타,승용,남,65세,상해없음,보행자,남,85세,경상
2018090300100071,2018년 9월 3일 07시,월요일,경상남도 사천시 송포동,경상사고,0,0,2,0,차대차 - 추돌,안전거리미확보,젖음/습기,비,단일로 - 기타,건설기계,남,51세,상해없음,화물,남,64세,경상
2018090300100072,2018년 9월 3일 07시,월요일,경상남도 함양군 수동면,경상사고,0,0,2,0,차대차 - 추돌,안전운전불이행,건조,맑음,단일로 - 기타,화물,남,57세,상해없음,승용,여,48세,경상
2018090300100116,2018년 9월 3일 08시,월요일,경상남도 통영시 인평동,경상사고,0,0,2,0,차대차 - 추돌,안전운전불이행,젖음/습기,비,단일로 - 기타,승용,여,42세,상해없음,승용,남,19세,경상
2018090300100117,2018년 9월 3일 08시,월요일,경상남도 거창군 거창읍,중상사고,0,1,0,0,차대차 - 측면충돌,안전운전불이행,젖음/습기,흐림,교차로 - 교차로안,화물,남,58세,상해없음,이륜,여,72세,중상
2018090300100118,2018년 9월 3일 08시,월요일,경상남도 창원시 성산구 상남동,경상사고,0,0,1,0,차대차 - 추돌,안전운전불이행,젖음/습기,비,단일로 - 기타,승용,남,25세,상해없음,승용,남,49세,경상
2018090300100160,2018년 9월 3일 09시,월요일,경상남도 합천군 합천읍,경상사고,0,0,1,0,차대사람 - 횡단중,보행자보호의무위반,건조,흐림,교차로 - 교차로횡단보도내,승용,여,48세,상해없음,보행자,남,83세,경상
2018090300100197,2018년 9월 3일 10시,월요일,경상남도 김해시 삼계동,중상사고,0,1,0,0,차대차 - 측면충돌,안전운전불이행,젖음/습기,비,교차로 - 교차로안,승용,여,58세,상해없음,승용,여,45세,중상
2018090300100226,2018년 9월 3일 11시,월요일,경상남도 김해시 진영읍,경상사고,0,0,2,0,차대차 - 측면충돌,안전운전불이행,젖음/습기,비,단일로 - 기타,화물,남,65세,상해없음,승용,여,23세,경상
2018090300100256,2018년 9월 3일 12시,월요일,경상남도 고성군 대가면,중상사고,0,1,0,0,차대사람 - 기타,과속,젖음/습기,비,단일로 - 터널,승용,여,59세,상해없음,보행자,남,50세,중상
2018090300100278,2018년 9월 3일 13시,월요일,경상남도 김해시 대동면,중상사고,0,1,1,0,차대차 - 추돌,안전운전불이행,건조,맑음,단일로 - 기타,특수,남,57세,상해없음,화물,남,39세,경상
2018090300100291,2018년 9월 3일 13시,월요일,경상남도 창원시 마산합포구 진동면,경상사고,0,0,2,0,차대차 - 측면충돌,안전운전불이행,젖음/습기,비,단일로 - 기타,승용,남,43세,상해없음,승용,남,56세,경상
2018090300100308,2018년 9월 3일 14시,월요일,경상남도 김해시 생림면,중상사고,0,1,0,0,차량단독 - 기타,안전운전불이행,젖음/습기,흐림,단일로 - 기타,승용,남,75세,상해없음,,,,
2018090300100343,2018년 9월 3일 15시,월요일,경상남도 거창군 거창읍,중상사고,0,1,0,0,차대사람 - 횡단중,안전운전불이행,건조,맑음,교차로 - 교차로안,승용,남,48세,상해없음,보행자,여,62세,중상
2018090300100391,2018년 9월 3일 16시,월요일,경상남도 거창군 거창읍,중상사고,0,1,0,0,차대차 - 추돌,안전운전불이행,젖음/습기,비,교차로 - 교차로안,특수,남,29세,상해없음,승용,여,40세,중상
2018090300100392,2018년 9월 3일 16시,월요일,경상남도 김해시 전하동,경상사고,0,0,1,0,차대차 - 후진중충돌,안전운전불이행,건조,맑음,단일로 - 기타,승용,남,66세,상해없음,승용,여,48세,경상
2018090300100430,2018년 9월 3일 17시,월요일,경상남도 진주시 봉곡동,중상사고,0,1,0,0,차대사람 - 횡단중,보행자보호의무위반,건조,맑음,교차로 - 교차로횡단보도내,승용,남,62세,상해없음,보행자,여,54세,중상
2018090300100431,2018년 9월 3일 17시,월요일,경상남도 통영시 광도면,경상사고,0,0,1,0,차대차 - 측면충돌,안전운전불이행,건조,맑음,교차로 - 교차로안,이륜,남,49세,상해없음,승용,남,69세,상해없음
2018090300100432,2018년 9월 3일 17시,월요일,경상남도 창원시 성산구 남산동,경상사고,0,0,2,0,차대차 - 기타,안전운전불이행,건조,맑음,교차로 - 교차로안,승용,여,64세,경상,승용,남,32세,상해없음
2018090300100433,2018년 9월 3일 17시,월요일,경상남도 창원시 의창구 팔용동,경상사고,0,0,1,0,차대사람 - 횡단중,안전운전불이행,젖음/습기,흐림,단일로 - 기타,승용,남,62세,상해없음,보행자,남,7세,경상
2018090300100485,2018년 9월 3일 18시,월요일,경상남도 진주시 남성동,중상사고,0,1,0,0,차대차 - 정면충돌,중앙선침범,젖음/습기,흐림,단일로 - 기타,승용,남,74세,상해없음,승용,남,55세,중상
2018090300100486,2018년 9월 3일 18시,월요일,경상남도 밀양시 삼랑진읍,중상사고,0,2,0,0,차대차 - 추돌,안전운전불이행,건조,맑음,단일로 - 기타,승용,남,38세,상해없음,농기계,남,71세,중상
2018090300100487,2018년 9월 3일 18시,월요일,경상남도 김해시 무계동,경상사고,0,0,1,0,차대차 - 측면충돌,안전운전불이행,건조,맑음,단일로 - 기타,화물,남,37세,상해없음,자전거,남,8세,경상
2018090300100533,2018년 9월 3일 19시,월요일,경상남도 통영시 미수동,중상사고,0,1,0,0,차대차 - 측면충돌,교차로운행방법위반,건조,맑음,교차로 - 교차로안,승합,남,68세,상해없음,이륜,남,40세,중상
2018090300100534,2018년 9월 3일 19시,월요일,경상남도 남해군 남해읍,중상사고,0,1,0,0,차대차 - 측면충돌,중앙선침범,건조,맑음,단일로 - 기타,원동기,남,39세,중상,승용,남,36세,상해없음
2018090300100535,2018년 9월 3일 19시,월요일,경상남도 창원시 마산회원구 내서읍,경상사고,0,0,1,0,차대차 - 추돌,안전운전불이행,젖음/습기,맑음,교차로 - 교차로부근,승용,여,53세,상해없음,승용,여,45세,경상
2018090300100536,2018년 9월 3일 19시,월요일,경상남도 창원시 의창구 팔용동,경상사고,0,0,2,0,차대차 - 측면충돌,안전거리미확보,젖음/습기,흐림,단일로 - 기타,승용,여,46세,기타불명,승합,남,53세,경상
2018090300100576,2018년 9월 3일 20시,월요일,경상남도 창원시 마산합포구 자산동,중상사고,0,1,0,0,차대사람 - 횡단중,안전운전불이행,젖음/습기,흐림,교차로 - 교차로안,승용,남,73세,상해없음,보행자,여,68세,중상
2018090300100577,2018년 9월 3일 20시,월요일,경상남도 통영시 북신동,경상사고,0,0,1,0,차대차 - 기타,중앙선침범,건조,맑음,단일로 - 터널,승용,남,66세,상해없음,이륜,남,31세,경상
2018090300100602,2018년 9월 3일 21시,월요일,경상남도 창원시 의창구 북면,중상사고,0,1,2,0,차대차 - 측면충돌,신호위반,젖음/습기,흐림,교차로 - 교차로안,승용,여,54세,상해없음,승합,남,45세,경상
2018090300100634,2018년 9월 3일 22시,월요일,경상남도 진주시 정촌면,경상사고,0,0,1,0,차대차 - 측면충돌,신호위반,건조,맑음,교차로 - 교차로안,승용,남,37세,상해없음,승용,여,46세,경상
2018090300100635,2018년 9월 3일 22시,월요일,경상남도 창녕군 계성면,부상신고사고,0,0,0,1,차량단독 - 기타,안전운전불이행,건조,맑음,교차로 - 교차로안,화물,남,69세,부상신고,,,,
2018090300100636,2018년 9월 3일 22시,월요일,경상남도 양산시 물금읍,경상사고,0,0,2,0,차대차 - 기타,안전운전불이행,건조,맑음,교차로 - 교차로안,승용,여,53세,경상,화물,여,50세,경상
2018090300100637,2018년 9월 3일 22시,월요일,경상남도 창원시 의창구 동정동,경상사고,0,0,1,0,차대차 - 측면충돌,안전거리미확보,건조,맑음,단일로 - 기타,승용,남,41세,상해없음,승용,남,61세,상해없음
2018090300100670,2018년 9월 3일 23시,월요일,경상남도 김해시 무계동,중상사고,0,1,0,0,차대사람 - 횡단중,안전운전불이행,건조,맑음,단일로 - 기타,승용,남,28세,상해없음,보행자,여,20세,중상
2018090400100032,2018년 9월 4일 01시,화요일,경상남도 통영시 항남동,경상사고,0,0,1,1,차대차 - 추돌,안전운전불이행,건조,맑음,단일로 - 기타,승용,여,44세,상해없음,승용,남,59세,부상신고
2018090400100062,2018년 9월 4일 05시,화요일,경상남도 밀양시 내이동,경상사고,0,0,1,0,차대차 - 기타,안전운전불이행,젖음/습기,비,교차로 - 교차로안,승용,남,54세,상해없음,이륜,남,57세,경상
2018090400100066,2018년 9월 4일 06시,화요일,경상남도 김해시 서상동,경상사고,0,0,2,0,차대차 - 추돌,안전운전불이행,젖음/습기,흐림,단일로 - 기타,승용,남,64세,상해없음,화물,남,37세,경상
2018090400100083,2018년 9월 4일 07시,화요일,경상남도 사천시 용현면,경상사고,0,0,1,0,차대차 - 측면충돌,신호위반,젖음/습기,흐림,교차로 - 교차로안,화물,남,69세,상해없음,승용,남,49세,경상
2018090400100084,2018년 9월 4일 07시,화요일,경상남도 창원시 의창구 대산면,중상사고,0,1,0,0,차대차 - 추돌,안전거리미확보,젖음/습기,비,교차로 - 교차로안,화물,남,66세,상해없음,승용,남,40세,중상
2018090400100118,2018년 9월 4일 08시,화요일,경상남도 창원시 진해구 태평동,경상사고,0,0,1,0,차대차 - 측면충돌,직진우회전진행방해,젖음/습기,비,교차로 - 교차로안,승용,남,35세,상해없음,승용,여,38세,경상
2018090400100119,2018년 9월 4일 08시,화요일,경상남도 밀양시 내이동,경상사고,0,0,1,0,차대차 - 측면충돌,신호위반,건조,맑음,교차로 - 교차로부근,승용,남,35세,상해없음,승용,남,56세,경상
2018090400100120,2018년 9월 4일 08시,화요일,경상남도 밀양시 교동,중상사고,0,1,0,0,차대차 - 측면충돌,신호위반,건조,맑음,교차로 - 교차로안,화물,남,62세,상해없음,승용,여,49세,중상
2018090400100121,2018년 9월 4일 08시,화요일,경상남도 거창군 거창읍,경상사고,0,0,1,0,차대차 - 측면충돌,안전운전불이행,건조,맑음,교차로 - 교차로안,화물,남,76세,상해없음,승용,남,39세,경상
2018090400100122,2018년 9월 4일 08시,화요일,경상남도 합천군 쌍책면,경상사고,0,0,1,0,차대차 - 측면충돌,신호위반,건조,맑음,교차로 - 교차로안,승용,여,26세,상해없음,승용,여,31세,경상
2018090400100123,2018년 9월 4일 08시,화요일,경상남도 고성군 상리면,사망사고,2,8,7,0,차량단독 - 공작물충돌,안전운전불이행,젖음/습기,비,단일로 - 기타,승합,남,66세,사망,,,,
2018090400100158,2018년 9월 4일 09시,화요일,경상남도 함양군 함양읍,사망사고,1,0,0,0,차대차 - 측면충돌,신호위반,건조,맑음,교차로 - 교차로횡단보도내,화물,남,69세,상해없음,자전거,남,73세,사망
2018090400100189,2018년 9월 4일 10시,화요일,경상남도 사천시 송포동,경상사고,0,0,1,0,차대차 - 측면충돌,직진우회전진행방해,건조,맑음,교차로 - 교차로안,승용,남,66세,상해없음,특수,남,43세,경상
2018090400100190,2018년 9월 4일 10시,화요일,경상남도 합천군 율곡면,중상사고,0,1,0,0,차대차 - 추돌,안전운전불이행,건조,맑음,단일로 - 기타,승용,남,56세,상해없음,승용,남,78세,중상
2018090400100217,2018년 9월 4일 11시,화요일,경상남도 통영시 광도면,중상사고,0,1,1,0,차대차 - 측면충돌,교차로운행방법위반,건조,맑음,교차로 - 교차로안,승용,남,71세,상해없음,승합,남,57세,중상
2018090400100299,2018년 9월 4일 14시,화요일,경상남도 창원시 마산회원구 양덕동,중상사고,0,1,3,0,차대차 - 추돌,안전운전불이행,건조,맑음,단일로 - 기타,승용,남,60세,상해없음,승용,남,45세,경상
2018090400100300,2018년 9월 4일 14시,화요일,경상남도 창원시 의창구 팔용동,중상사고,0,3,0,0,차대차 - 기타,안전운전불이행,건조,맑음,기타 - 기타,승용,남,43세,상해없음,승용,남,45세,중상
2018090400100336,2018년 9월 4일 15시,화요일,경상남도 창원시 진해구 용원동,경상사고,0,0,1,0,차대사람 - 횡단중,신호위반,건조,맑음,교차로 - 교차로횡단보도내,승용,여,50세,상해없음,보행자,남,7세,경상
2018090400100337,2018년 9월 4일 15시,화요일,경상남도 창원시 의창구 동읍,경상사고,0,0,1,0,차대차 - 기타,신호위반,건조,맑음,교차로 - 교차로안,승용,남,61세,상해없음,승용,남,53세,경상
2018090400100373,2018년 9월 4일 16시,화요일,경상남도 진주시 봉곡동,경상사고,0,0,1,0,차대사람 - 기타,안전운전불이행,건조,맑음,단일로 - 기타,승합,남,65세,상해없음,보행자,남,44세,경상
2018090400100374,2018년 9월 4일 16시,화요일,경상남도 거창군 거창읍,중상사고,0,2,0,0,차대차 - 측면충돌,안전운전불이행,건조,맑음,교차로 - 교차로안,화물,남,32세,상해없음,승용,남,62세,중상
2018090400100375,2018년 9월 4일 16시,화요일,경상남도 창원시 마산회원구 회성동,경상사고,0,0,1,0,차대차 - 측면충돌,안전운전불이행,건조,맑음,단일로 - 기타,화물,남,80세,상해없음,이륜,남,50세,경상
2018090400100464,2018년 9월 4일 18시,화요일,경상남도 고성군 하이면,중상사고,0,1,0,0,차대차 - 기타,안전거리미확보,건조,맑음,단일로 - 기타,화물,남,65세,상해없음,이륜,남,54세,중상
2018090400100505,2018년 9월 4일 19시,화요일,경상남도 진주시 이현동,중상사고,0,1,0,0,차대차 - 기타,안전운전불이행,건조,맑음,교차로 - 교차로안,원동기,남,65세,중상,화물,남,57세,상해없음
2018090400100506,2018년 9월 4일 19시,화요일,경상남도 진주시 가좌동,경상사고,0,0,1,0,차량단독 - 공작물충돌,안전운전불이행,건조,맑음,단일로 - 기타,승용,남,63세,경상,,,,
2018090400100507,2018년 9월 4일 19시,화요일,경상남도 거제시 상동동,중상사고,0,1,0,0,차대사람 - 기타,안전운전불이행,건조,맑음,교차로 - 교차로안,승합,남,52세,상해없음,보행자,여,42세,중상
2018090400100508,2018년 9월 4일 19시,화요일,경상남도 진주시 금곡면,중상사고,0,1,0,0,차대사람 - 기타,안전운전불이행,건조,맑음,단일로 - 기타,화물,남,46세,상해없음,보행자,남,49세,중상
2018090400100567,2018년 9월 4일 21시,화요일,경상남도 창원시 의창구 봉곡동,중상사고,0,1,0,0,차대사람 - 기타,안전운전불이행,건조,맑음,기타 - 기타,화물,남,55세,상해없음,보행자,남,25세,중상
2018090400100580,2018년 9월 4일 22시,화요일,경상남도 밀양시 상남면,사망사고,1,2,0,0,차대차 - 추돌,안전운전불이행,건조,맑음,단일로 - 기타,승용,여,36세,중상,승용,여,31세,사망
2018090400100581,2018년 9월 4일 22시,화요일,경상남도 김해시 진영읍,경상사고,0,0,1,0,차대차 - 추돌,안전운전불이행,건조,맑음,단일로 - 기타,승용,남,33세,상해없음,승용,남,51세,경상
2018090400100582,2018년 9월 4일 22시,화요일,경상남도 김해시 진영읍,중상사고,0,1,0,0,차대사람 - 횡단중,안전운전불이행,건조,맑음,단일로 - 기타,이륜,남,36세,상해없음,보행자,남,31세,중상
2018090400100614,2018년 9월 4일 23시,화요일,경상남도 양산시 어곡동,경상사고,0,0,1,0,차량단독 - 공작물충돌,안전운전불이행,건조,맑음,단일로 - 기타,화물,남,29세,경상,,,,
2018090500100019,2018년 9월 5일 00시,수요일,경상남도 함안군 가야읍,사망사고,1,0,0,0,차대차 - 추돌,안전운전불이행,건조,맑음,단일로 - 기타,이륜,남,73세,사망,건설기계,남,54세,상해없음
2018090500100046,2018년 9월 5일 04시,수요일,경상남도 진주시 하대동,경상사고,0,0,1,0,차대차 - 기타,안전운전불이행,건조,맑음,교차로 - 교차로안,승용,남,58세,경상,승용,남,51세,상해없음
2018090500100047,2018년 9월 5일 04시,수요일,경상남도 거창군 거창읍,중상사고,0,1,1,0,차대차 - 측면충돌,신호위반,건조,맑음,교차로 - 교차로안,승용,남,23세,경상,승용,여,59세,중상
2018090500100074,2018년 9월 5일 06시,수요일,경상남도 김해시 진영읍,중상사고,0,1,0,0,차대차 - 정면충돌,중앙선침범,건조,맑음,단일로 - 기타,승용,남,60세,상해없음,원동기,남,29세,중상
2018090500100145,2018년 9월 5일 08시,수요일,경상남도 진주시 상대동,경상사고,0,0,1,0,차대차 - 기타,신호위반,건조,맑음,교차로 - 교차로안,자전거,남,27세,경상,승용,남,51세,상해없음
2018090500100146,2018년 9월 5일 08시,수요일,경상남도 진주시 하대동,경상사고,0,0,1,0,차대차 - 기타,중앙선침범,건조,맑음,단일로 - 기타,승용,여,44세,상해없음,승용,여,54세,경상
2018090500100147,2018년 9월 5일 08시,수요일,경상남도 양산시 동면,경상사고,0,0,1,0,차대차 - 측면충돌,안전운전불이행,건조,맑음,교차로 - 교차로부근,승용,남,20세,상해없음,승용,남,49세,상해없음
2018090500100148,2018년 9월 5일 08시,수요일,경상남도 창원시 의창구 팔용동,경상사고,0,0,1,0,차대차 - 측면충돌,차로위반,건조,맑음,단일로 - 기타,화물,남,46세,상해없음,승용,여,63세,경상
2018090500100149,2018년 9월 5일 08시,수요일,경상남도 김해시 진영읍,경상사고,0,0,1,0,차대사람 - 차도통행중,안전운전불이행,건조,맑음,단일로 - 기타,승용,남,46세,상해없음,보행자,여,13세,경상
2018090500100178,2018년 9월 5일 09시,수요일,경상남도 양산시 삼호동,경상사고,0,0,1,0,차량단독 - 기타,안전운전불이행,건조,맑음,단일로 - 기타,승용,여,22세,경상,,,,
2018090500100179,2018년 9월 5일 09시,수요일,경상남도 창원시 의창구 소답동,경상사고,0,0,1,0,차대차 - 추돌,안전운전불이행,건조,맑음,교차로 - 교차로안,승용,남,30세,상해없음,승용,여,44세,경상