사고번호,사고일시,요일,시군구,사고내용,사망자수,중상자수,경상자수,부상신고자수,사고유형,법규위반,노면상태,기상상태,도로형태,가해운전자 차종,가해운전자 성별,가해운전자 연령,가해운전자 상해정도,피해운전자 차종,피해운전자 성별,피해운전자 연령,피해운전자 상해정도
2018090500100180,2018년 9월 5일 09시,수요일,경상남도 김해시 진영읍,경상사고,0,0,1,0,차대사람 - 차도통행중,안전운전불이행,건조,맑음,단일로 - 기타,승용,남,58세,상해없음,보행자,여,78세,경상
2018090500100221,2018년 9월 5일 10시,수요일,경상남도 창원시 마산합포구 월영동,경상사고,0,0,1,0,차대차 - 측면충돌,기타,건조,맑음,교차로 - 교차로안,승용,여,39세,상해없음,승용,여,51세,경상
2018090500100222,2018년 9월 5일 10시,수요일,경상남도 합천군 가야면,중상사고,0,1,0,0,차대사람 - 기타,안전운전불이행,건조,맑음,단일로 - 기타,승용,여,65세,상해없음,보행자,남,66세,중상
2018090500100223,2018년 9월 5일 10시,수요일,경상남도 양산시 중부동,경상사고,0,0,1,0,차대차 - 기타,안전운전불이행,건조,맑음,단일로 - 기타,승용,남,65세,상해없음,승용,남,31세,경상
2018090500100224,2018년 9월 5일 10시,수요일,경상남도 창원시 마산회원구 양덕동,경상사고,0,0,1,0,차대차 - 측면충돌,신호위반,건조,맑음,교차로 - 교차로안,승용,여,63세,상해없음,승용,여,40세,경상
2018090500100255,2018년 9월 5일 11시,수요일,경상남도 사천시 곤양면,경상사고,0,0,1,0,차대사람 - 차도통행중,안전운전불이행,건조,맑음,교차로 - 교차로안,화물,남,61세,상해없음,보행자,남,65세,경상
2018090500100256,2018년 9월 5일 11시,수요일,경상남도 사천시 사천읍,경상사고,0,0,1,0,차대차 - 측면충돌,중앙선침범,건조,맑음,교차로 - 교차로부근,이륜,남,85세,상해없음,승용,남,37세,경상
2018090500100277,2018년 9월 5일 12시,수요일,경상남도 창녕군 장마면,중상사고,0,3,3,0,차대차 - 정면충돌,중앙선침범,건조,맑음,단일로 - 기타,승용,여,33세,경상,승용,여,59세,중상
2018090500100335,2018년 9월 5일 14시,수요일,경상남도 창원시 마산합포구 자산동,중상사고,0,1,0,0,차대차 - 기타,신호위반,건조,맑음,교차로 - 교차로안,승용,여,58세,상해없음,자전거,여,73세,중상
2018090500100336,2018년 9월 5일 14시,수요일,경상남도 함양군 안의면,중상사고,0,1,0,0,차량단독 - 공작물충돌,안전운전불이행,건조,맑음,단일로 - 기타,이륜,남,71세,중상,,,,
2018090500100337,2018년 9월 5일 14시,수요일,경상남도 함양군 함양읍,경상사고,0,0,1,1,차대차 - 측면충돌,교차로운행방법위반,건조,맑음,교차로 - 교차로안,승용,여,64세,부상신고,승용,여,67세,경상
2018090500100411,2018년 9월 5일 16시,수요일,경상남도 김해시 한림면,중상사고,0,1,1,0,차대차 - 측면충돌,중앙선침범,건조,맑음,교차로 - 교차로부근,화물,남,31세,경상,승합,남,42세,중상
2018090500100465,2018년 9월 5일 17시,수요일,경상남도 양산시 동면,중상사고,0,1,1,0,차대차 - 측면충돌,안전운전불이행,건조,맑음,단일로 - 기타,승용,여,44세,상해없음,승용,남,50세,중상
2018090500100466,2018년 9월 5일 17시,수요일,경상남도 산청군 차황면,중상사고,0,1,0,0,차대차 - 정면충돌,중앙선침범,건조,맑음,단일로 - 기타,농기계,여,83세,중상,건설기계,남,56세,상해없음
2018090500100525,2018년 9월 5일 18시,수요일,경상남도 김해시 생림면,경상사고,0,0,1,0,차대차 - 기타,신호위반,건조,맑음,교차로 - 교차로안,승용,남,54세,상해없음,승용,여,56세,경상
2018090500100526,2018년 9월 5일 18시,수요일,경상남도 양산시 삼호동,중상사고,0,1,0,0,차대사람 - 횡단중,안전운전불이행,건조,맑음,단일로 - 기타,승용,남,38세,상해없음,보행자,여,60세,중상
2018090500100527,2018년 9월 5일 18시,수요일,경상남도 거제시 고현동,경상사고,0,0,1,0,차대차 - 측면충돌,직진우회전진행방해,건조,맑음,교차로 - 교차로안,이륜,남,22세,상해없음,승용,여,59세,경상
2018090500100528,2018년 9월 5일 18시,수요일,경상남도 창원시 의창구 동정동,경상사고,0,0,1,0,차대차 - 측면충돌,신호위반,건조,맑음,교차로 - 교차로안,승용,남,76세,상해없음,자전거,남,9세,경상
2018090500100561,2018년 9월 5일 19시,수요일,경상남도 진주시 신안동,경상사고,0,0,1,0,차대사람 - 횡단중,안전운전불이행,건조,맑음,교차로 - 교차로횡단보도내,승용,남,42세,상해없음,보행자,여,21세,경상
2018090500100562,2018년 9월 5일 19시,수요일,경상남도 김해시 서상동,중상사고,0,1,0,0,차대사람 - 기타,안전운전불이행,건조,맑음,단일로 - 기타,승용,여,57세,상해없음,보행자,남,59세,중상
2018090500100563,2018년 9월 5일 19시,수요일,경상남도 거창군 주상면,중상사고,0,2,0,0,차대차 - 추돌,안전운전불이행,건조,맑음,단일로 - 기타,화물,남,71세,상해없음,농기계,남,65세,중상
2018090500100564,2018년 9월 5일 19시,수요일,경상남도 창원시 의창구 동읍,경상사고,0,0,1,0,차대차 - 추돌,안전거리미확보,건조,맑음,단일로 - 기타,화물,남,33세,상해없음,승용,남,48세,경상
2018090500100602,2018년 9월 5일 20시,수요일,경상남도 창원시 진해구 여좌동,중상사고,0,1,0,0,차대차 - 추돌,안전운전불이행,건조,맑음,단일로 - 기타,승용,남,60세,상해없음,승용,남,55세,중상
2018090500100603,2018년 9월 5일 20시,수요일,경상남도 사천시 사남면,경상사고,0,0,1,0,차대차 - 추돌,안전운전불이행,건조,맑음,단일로 - 기타,자전거,남,29세,경상,승용,남,59세,상해없음
2018090500100630,2018년 9월 5일 21시,수요일,경상남도 진주시 신안동,중상사고,0,1,0,0,차대사람 - 차도통행중,안전운전불이행,건조,맑음,단일로 - 기타,승용,남,44세,상해없음,보행자,남,6세,중상
2018090500100631,2018년 9월 5일 21시,수요일,경상남도 사천시 곤양면,중상사고,0,1,0,0,차량단독 - 전도전복 - 전도,안전운전불이행,건조,맑음,교차로 - 교차로안,이륜,남,65세,중상,미분류,미분류,미분류,미분류
2018090500100632,2018년 9월 5일 21시,수요일,경상남도 김해시 어방동,경상사고,0,0,1,0,차대차 - 기타,중앙선침범,건조,맑음,단일로 - 기타,이륜,남,22세,상해없음,이륜,남,57세,경상
2018090500100633,2018년 9월 5일 21시,수요일,경상남도 양산시 물금읍,중상사고,0,1,0,0,차대차 - 측면충돌,안전운전불이행,건조,맑음,교차로 - 교차로안,승용,여,36세,상해없음,이륜,남,29세,중상
2018090500100682,2018년 9월 5일 23시,수요일,경상남도 창원시 마산합포구 상남동,중상사고,0,1,0,0,차대사람 - 횡단중,안전운전불이행,건조,맑음,단일로 - 기타,승용,남,30세,상해없음,보행자,여,72세,중상
2018090500100683,2018년 9월 5일 23시,수요일,경상남도 김해시 구산동,사망사고,1,0,0,0,차대사람 - 횡단중,안전운전불이행,건조,맑음,교차로 - 교차로부근,승용,남,47세,상해없음,보행자,남,32세,사망
2018090500100684,2018년 9월 5일 23시,수요일,경상남도 창원시 의창구 팔용동,경상사고,0,0,1,0,차대차 - 측면충돌,안전운전불이행,건조,맑음,교차로 - 교차로안,승합,남,58세,상해없음,화물,남,63세,경상
2018090600100049,2018년 9월 6일 05시,목요일,경상남도 남해군 이동면,중상사고,0,1,0,0,차대차 - 추돌,안전운전불이행,건조,흐림,단일로 - 기타,화물,남,42세,상해없음,농기계,남,72세,중상
2018090600100107,2018년 9월 6일 08시,목요일,경상남도 김해시 진영읍,경상사고,0,0,1,0,차대사람 - 횡단중,안전운전불이행,건조,맑음,단일로 - 기타,승용,여,54세,상해없음,보행자,여,17세,경상
2018090600100138,2018년 9월 6일 09시,목요일,경상남도 진주시 평거동,중상사고,0,1,0,0,차대차 - 측면충돌,신호위반,건조,맑음,단일로 - 기타,승용,여,46세,상해없음,이륜,남,30세,중상
2018090600100162,2018년 9월 6일 10시,목요일,경상남도 진주시 판문동,중상사고,0,1,0,0,차대차 - 측면충돌,안전운전불이행,건조,맑음,교차로 - 교차로부근,승용,남,36세,상해없음,자전거,여,65세,중상
2018090600100163,2018년 9월 6일 10시,목요일,경상남도 합천군 합천읍,사망사고,1,0,0,0,차대사람 - 횡단중,안전운전불이행,건조,맑음,교차로 - 교차로횡단보도내,화물,남,66세,상해없음,보행자,여,84세,사망
2018090600100164,2018년 9월 6일 10시,목요일,경상남도 창원시 마산합포구 산호동,중상사고,0,1,0,0,차대사람 - 횡단중,보행자보호의무위반,건조,맑음,교차로 - 교차로횡단보도내,화물,남,46세,상해없음,보행자,여,68세,중상
2018090600100192,2018년 9월 6일 11시,목요일,경상남도 진주시 상평동,경상사고,0,0,2,0,차량단독 - 기타,교차로운행방법위반,건조,맑음,교차로 - 교차로안,승용,남,57세,상해없음,,,,
2018090600100193,2018년 9월 6일 11시,목요일,경상남도 김해시 부원동,경상사고,0,0,2,0,차대차 - 측면충돌,안전운전불이행,건조,맑음,교차로 - 교차로안,승용,여,35세,경상,승용,남,53세,경상
2018090600100194,2018년 9월 6일 11시,목요일,경상남도 김해시 부원동,경상사고,0,0,1,0,차대차 - 정면충돌,신호위반,건조,맑음,교차로 - 교차로안,승용,여,48세,상해없음,승용,여,59세,경상
2018090600100195,2018년 9월 6일 11시,목요일,경상남도 의령군 의령읍,경상사고,0,0,2,0,차대차 - 측면충돌,안전운전불이행,건조,맑음,미분류 - 미분류,승용,남,48세,상해없음,이륜,남,75세,경상
2018090600100249,2018년 9월 6일 13시,목요일,경상남도 창원시 마산합포구 진동면,경상사고,0,0,1,0,차대차 - 기타,안전운전불이행,건조,맑음,기타 - 기타,화물,남,53세,상해없음,화물,남,37세,경상
2018090600100250,2018년 9월 6일 13시,목요일,경상남도 사천시 신벽동,중상사고,0,1,1,0,차대차 - 측면충돌,중앙선침범,건조,흐림,단일로 - 기타,승용,여,44세,경상,승용,여,47세,중상
2018090600100251,2018년 9월 6일 13시,목요일,경상남도 창녕군 남지읍,경상사고,0,0,1,0,차대차 - 기타,안전운전불이행,건조,맑음,단일로 - 기타,승용,남,60세,상해없음,승용,남,81세,상해없음
2018090600100252,2018년 9월 6일 13시,목요일,경상남도 고성군 동해면,중상사고,0,1,0,0,차대차 - 정면충돌,중앙선침범,건조,맑음,단일로 - 기타,승용,남,68세,상해없음,승용,남,55세,중상
2018090600100333,2018년 9월 6일 16시,목요일,경상남도 김해시 삼계동,경상사고,0,0,1,0,차대사람 - 횡단중,안전운전불이행,건조,맑음,단일로 - 기타,승용,여,37세,상해없음,보행자,여,71세,경상
2018090600100334,2018년 9월 6일 16시,목요일,경상남도 김해시 율하동,경상사고,0,0,1,0,차대차 - 측면충돌,안전운전불이행,건조,맑음,교차로 - 교차로부근,화물,남,38세,상해없음,승용,남,44세,경상
2018090600100379,2018년 9월 6일 17시,목요일,경상남도 거제시 장평동,경상사고,0,0,1,0,차대사람 - 차도통행중,안전운전불이행,건조,맑음,주차장 - 주차장,승용,남,37세,상해없음,보행자,여,30세,경상
2018090600100380,2018년 9월 6일 17시,목요일,경상남도 창원시 의창구 도계동,경상사고,0,0,1,0,차대사람 - 횡단중,안전운전불이행,건조,맑음,교차로 - 교차로안,승용,남,62세,상해없음,보행자,여,16세,경상
2018090600100412,2018년 9월 6일 18시,목요일,경상남도 창원시 의창구 북면,중상사고,0,1,0,0,차량단독 - 기타,안전운전불이행,건조,흐림,주차장 - 주차장,원동기,남,58세,상해없음,,,,
2018090600100458,2018년 9월 6일 19시,목요일,경상남도 밀양시 내일동,중상사고,0,1,0,0,차대차 - 측면충돌,안전운전불이행,건조,맑음,단일로 - 기타,화물,남,49세,상해없음,이륜,남,21세,중상
2018090600100494,2018년 9월 6일 20시,목요일,경상남도 진주시 상대동,경상사고,0,0,1,0,차대차 - 기타,안전운전불이행,건조,맑음,단일로 - 기타,승용,여,53세,상해없음,자전거,남,16세,경상
2018090600100495,2018년 9월 6일 20시,목요일,경상남도 김해시 외동,중상사고,0,1,0,0,차대차 - 기타,안전운전불이행,건조,맑음,단일로 - 기타,승용,여,45세,상해없음,원동기,남,50세,중상
2018090600100556,2018년 9월 6일 22시,목요일,경상남도 통영시 미수동,중상사고,0,1,0,0,차대차 - 정면충돌,안전운전불이행,건조,맑음,단일로 - 기타,승용,여,57세,상해없음,승용,여,46세,중상
2018090600100557,2018년 9월 6일 22시,목요일,경상남도 김해시 어방동,중상사고,0,3,2,0,차대차 - 기타,신호위반,건조,맑음,교차로 - 교차로안,승용,여,39세,경상,승용,남,56세,중상
2018090700100044,2018년 9월 7일 03시,금요일,경상남도 김해시 어방동,중상사고,0,1,0,0,차대사람 - 기타,안전운전불이행,건조,맑음,단일로 - 기타,이륜,남,21세,상해없음,보행자,여,20세,중상
2018090700100052,2018년 9월 7일 04시,금요일,경상남도 창원시 성산구 성산동,경상사고,0,0,1,0,차대차 - 추돌,안전운전불이행,건조,맑음,단일로 - 기타,승용,남,30세,상해없음,화물,남,44세,경상
2018090700100086,2018년 9월 7일 06시,금요일,경상남도 창원시 성산구 중앙동,부상신고사고,0,0,0,1,차대차 - 기타,안전운전불이행,젖음/습기,비,단일로 - 기타,승용,남,68세,상해없음,승용,남,63세,부상신고
2018090700100116,2018년 9월 7일 07시,금요일,경상남도 창원시 마산회원구 내서읍,경상사고,0,0,1,0,차대사람 - 횡단중,신호위반,젖음/습기,비,교차로 - 교차로횡단보도내,승용,여,51세,상해없음,보행자,여,70세,경상
2018090700100158,2018년 9월 7일 08시,금요일,경상남도 양산시 북정동,경상사고,0,0,1,0,차대차 - 측면충돌,차로위반,젖음/습기,비,교차로 - 교차로안,화물,남,53세,상해없음,승용,여,42세,경상
2018090700100159,2018년 9월 7일 08시,금요일,경상남도 양산시 중부동,경상사고,0,0,2,0,차대차 - 기타,안전운전불이행,젖음/습기,비,교차로 - 교차로안,승용,남,53세,상해없음,승용,여,45세,경상
2018090700100160,2018년 9월 7일 08시,금요일,경상남도 양산시 주남동,중상사고,0,1,0,0,차대차 - 기타,안전운전불이행,젖음/습기,비,교차로 - 교차로안,승용,남,62세,상해없음,화물,남,40세,중상
2018090700100161,2018년 9월 7일 08시,금요일,경상남도 고성군 회화면,경상사고,0,0,1,0,차대사람 - 기타,기타,건조,맑음,단일로 - 기타,승합,남,51세,상해없음,보행자,여,64세,경상
2018090700100162,2018년 9월 7일 08시,금요일,경상남도 창원시 성산구 상남동,경상사고,0,0,1,0,차대차 - 측면충돌,안전운전불이행,젖음/습기,비,교차로 - 교차로안,승용,남,36세,상해없음,승용,남,50세,경상
2018090700100163,2018년 9월 7일 08시,금요일,경상남도 창원시 성산구 반림동,경상사고,0,0,1,0,차대사람 - 횡단중,보행자보호의무위반,건조,맑음,교차로 - 교차로횡단보도내,승용,남,60세,상해없음,보행자,여,11세,경상
2018090700100192,2018년 9월 7일 09시,금요일,경상남도 진주시 상평동,경상사고,0,0,1,0,차대사람 - 기타,안전운전불이행,건조,맑음,단일로 - 기타,승용,남,54세,상해없음,보행자,남,35세,경상
2018090700100193,2018년 9월 7일 09시,금요일,경상남도 함양군 함양읍,경상사고,0,0,1,0,차대차 - 측면충돌,신호위반,건조,맑음,교차로 - 교차로안,승용,남,49세,상해없음,승용,여,68세,경상
2018090700100237,2018년 9월 7일 10시,금요일,경상남도 창원시 의창구 팔용동,경상사고,0,0,1,0,차대차 - 추돌,안전거리미확보,건조,맑음,단일로 - 기타,화물,남,47세,상해없음,승용,남,67세,경상
2018090700100238,2018년 9월 7일 10시,금요일,경상남도 김해시 신문동,중상사고,0,2,2,0,차대차 - 추돌,안전운전불이행,건조,맑음,교차로 - 교차로부근,화물,남,42세,상해없음,승용,여,47세,경상
2018090700100239,2018년 9월 7일 10시,금요일,경상남도 김해시 진영읍,경상사고,0,0,2,0,차대차 - 추돌,안전운전불이행,건조,맑음,단일로 - 기타,화물,남,55세,상해없음,승용,남,79세,경상
2018090700100272,2018년 9월 7일 11시,금요일,경상남도 창원시 의창구 사림동,중상사고,0,1,0,0,차대사람 - 길가장자리구역통행중,안전운전불이행,건조,맑음,단일로 - 기타,승용,여,50세,상해없음,보행자,남,56세,중상
2018090700100285,2018년 9월 7일 12시,금요일,경상남도 양산시 하북면,경상사고,0,0,2,0,차대차 - 측면충돌,안전운전불이행,건조,맑음,단일로 - 기타,승용,여,45세,상해없음,승용,남,22세,경상
2018090700100307,2018년 9월 7일 12시,금요일,경상남도 김해시 대청동,경상사고,0,0,1,0,차대사람 - 횡단중,안전운전불이행,건조,맑음,주차장 - 주차장,승용,여,33세,상해없음,보행자,남,34세,경상
2018090700100334,2018년 9월 7일 13시,금요일,경상남도 창원시 의창구 도계동,경상사고,0,0,1,0,차대차 - 측면충돌,안전운전불이행,건조,맑음,교차로 - 교차로안,승용,여,46세,상해없음,승용,남,50세,경상
2018090700100372,2018년 9월 7일 14시,금요일,경상남도 김해시 생림면,중상사고,0,1,0,0,차량단독 - 공작물충돌,안전거리미확보,건조,흐림,단일로 - 기타,승용,여,54세,중상,,,,
2018090700100373,2018년 9월 7일 14시,금요일,경상남도 김해시 부원동,부상신고사고,0,0,0,1,차대차 - 측면충돌,신호위반,건조,흐림,교차로 - 교차로안,승용,여,36세,상해없음,승용,여,61세,부상신고
2018090700100374,2018년 9월 7일 14시,금요일,경상남도 양산시 동면,경상사고,0,0,2,0,차대차 - 기타,신호위반,건조,맑음,교차로 - 교차로안,화물,남,44세,상해없음,승용,남,26세,경상
2018090700100375,2018년 9월 7일 14시,금요일,경상남도 거제시 옥포동,중상사고,0,1,0,0,차대사람 - 횡단중,보행자보호의무위반,건조,맑음,교차로 - 교차로횡단보도내,승용,여,58세,상해없음,보행자,여,10세,중상
2018090700100376,2018년 9월 7일 14시,금요일,경상남도 창원시 성산구 외동,경상사고,0,0,1,0,차대차 - 측면충돌,신호위반,건조,맑음,교차로 - 교차로안,화물,남,63세,상해없음,승용,남,35세,경상
2018090700100410,2018년 9월 7일 15시,금요일,경상남도 양산시 물금읍,경상사고,0,0,2,0,차대차 - 기타,안전운전불이행,건조,맑음,교차로 - 교차로안,화물,남,59세,상해없음,승용,남,22세,경상
2018090700100411,2018년 9월 7일 15시,금요일,경상남도 거제시 옥포동,중상사고,0,1,0,0,차대차 - 기타,안전운전불이행,건조,맑음,단일로 - 기타,승용,남,61세,상해없음,승합,남,57세,상해없음
2018090700100448,2018년 9월 7일 16시,금요일,경상남도 사천시 벌리동,경상사고,0,0,2,0,차대차 - 추돌,안전운전불이행,건조,맑음,교차로 - 교차로부근,승용,남,46세,상해없음,승용,여,42세,경상
2018090700100449,2018년 9월 7일 16시,금요일,경상남도 사천시 사천읍,경상사고,0,0,1,0,차대사람 - 차도통행중,안전운전불이행,건조,맑음,단일로 - 기타,승용,여,55세,상해없음,보행자,남,42세,경상
2018090700100450,2018년 9월 7일 16시,금요일,경상남도 거제시 상동동,경상사고,0,0,1,0,차대사람 - 차도통행중,보행자보호의무위반,건조,맑음,단일로 - 기타,승합,여,56세,상해없음,보행자,여,8세,경상
2018090700100488,2018년 9월 7일 17시,금요일,경상남도 창원시 진해구 자은동,경상사고,0,0,1,0,차대차 - 측면충돌,신호위반,젖음/습기,비,교차로 - 교차로안,승용,남,31세,상해없음,승용,여,52세,경상
2018090700100489,2018년 9월 7일 17시,금요일,경상남도 김해시 무계동,중상사고,0,1,1,0,차대차 - 측면충돌,안전거리미확보,건조,맑음,단일로 - 기타,승합,남,64세,상해없음,승합,남,55세,상해없음
2018090700100536,2018년 9월 7일 18시,금요일,경상남도 창원시 진해구 석동,중상사고,0,1,2,0,차대차 - 추돌,안전거리미확보,젖음/습기,흐림,교차로 - 교차로안,화물,남,59세,상해없음,승용,남,31세,경상
2018090700100537,2018년 9월 7일 18시,금요일,경상남도 통영시 용남면,경상사고,0,0,2,0,차대차 - 추돌,안전운전불이행,젖음/습기,흐림,교차로 - 교차로부근,승용,남,51세,상해없음,승용,남,64세,경상
2018090700100538,2018년 9월 7일 18시,금요일,경상남도 양산시 중부동,중상사고,0,1,0,0,차대사람 - 기타,안전운전불이행,젖음/습기,비,단일로 - 기타,승용,남,52세,상해없음,보행자,남,59세,중상
2018090700100539,2018년 9월 7일 18시,금요일,경상남도 창원시 의창구 명서동,경상사고,0,0,1,0,차대차 - 측면충돌,안전운전불이행,건조,맑음,교차로 - 교차로안,승용,남,42세,상해없음,승용,여,29세,경상
2018090700100648,2018년 9월 7일 21시,금요일,경상남도 고성군 하이면,경상사고,0,0,1,0,차대차 - 추돌,안전운전불이행,건조,맑음,단일로 - 기타,승용,남,64세,상해없음,승용,여,61세,경상
2018090700100673,2018년 9월 7일 22시,금요일,경상남도 양산시 평산동,경상사고,0,0,1,0,차대사람 - 기타,안전운전불이행,건조,맑음,단일로 - 기타,승용,여,51세,상해없음,보행자,남,47세,경상
2018090800100015,2018년 9월 8일 00시,토요일,경상남도 창원시 마산회원구 합성동,경상사고,0,0,1,0,차대차 - 측면충돌,안전운전불이행,건조,맑음,단일로 - 기타,승용,남,30세,상해없음,승용,남,25세,경상
2018090800100016,2018년 9월 8일 00시,토요일,경상남도 김해시 진영읍,중상사고,0,1,1,0,차대차 - 측면충돌,신호위반,건조,맑음,교차로 - 교차로안,승용,남,51세,상해없음,승용,남,52세,경상
2018090800100056,2018년 9월 8일 02시,토요일,경상남도 사천시 사천읍,중상사고,0,2,0,0,차대차 - 측면충돌,신호위반,건조,맑음,교차로 - 교차로안,승용,남,47세,상해없음,승용,남,54세,중상
2018090800100057,2018년 9월 8일 02시,토요일,경상남도 양산시 물금읍,경상사고,0,0,1,0,차대차 - 기타,안전거리미확보,건조,맑음,교차로 - 교차로안,승용,여,59세,경상,승용,남,44세,상해없음
2018090800100095,2018년 9월 8일 05시,토요일,경상남도 진주시 주약동,경상사고,0,0,2,0,차대차 - 기타,신호위반,건조,맑음,교차로 - 교차로안,승용,남,60세,상해없음,승용,남,58세,경상
2018090800100111,2018년 9월 8일 06시,토요일,경상남도 사천시 곤명면,중상사고,0,1,0,0,차대사람 - 횡단중,안전운전불이행,건조,맑음,단일로 - 기타,화물,남,66세,상해없음,보행자,여,65세,중상
2018090800100130,2018년 9월 8일 07시,토요일,경상남도 창원시 마산합포구 남성동,중상사고,0,1,0,0,차대차 - 기타,신호위반,건조,맑음,교차로 - 교차로안,원동기,남,60세,상해없음,자전거,여,66세,중상
2018090800100174,2018년 9월 8일 09시,토요일,경상남도 김해시 외동,중상사고,0,1,3,0,차대차 - 추돌,안전거리미확보,건조,흐림,단일로 - 기타,승용,남,24세,상해없음,승용,남,46세,경상
2018090800100175,2018년 9월 8일 09시,토요일,경상남도 합천군 율곡면,중상사고,0,1,0,0,차대차 - 측면충돌,신호위반,건조,맑음,교차로 - 교차로안,승용,남,79세,상해없음,이륜,남,80세,중상
2018090800100176,2018년 9월 8일 09시,토요일,경상남도 고성군 회화면,경상사고,0,0,1,0,차대차 - 추돌,안전거리미확보,건조,맑음,단일로 - 기타,승용,여,47세,상해없음,승용,여,44세,경상
2018090800100249,2018년 9월 8일 11시,토요일,경상남도 진주시 금곡면,중상사고,0,1,0,0,차대차 - 측면충돌,중앙선침범,건조,맑음,단일로 - 기타,화물,남,48세,상해없음,이륜,남,76세,중상
2018090800100250,2018년 9월 8일 11시,토요일,경상남도 창원시 진해구 경화동,중상사고,0,1,0,0,차대차 - 정면충돌,안전운전불이행,건조,맑음,단일로 - 기타,화물,남,42세,상해없음,자전거,여,58세,중상
2018090800100297,2018년 9월 8일 12시,토요일,경상남도 사천시 사천읍,중상사고,0,1,0,0,차대차 - 측면충돌,안전운전불이행,건조,맑음,단일로 - 기타,승용,남,50세,상해없음,이륜,남,25세,중상
2018090800100336,2018년 9월 8일 13시,토요일,경상남도 통영시 용남면,중상사고,0,1,0,0,차량단독 - 공작물충돌,안전운전불이행,건조,맑음,단일로 - 기타,승용,남,48세,중상,,,,
2018090800100337,2018년 9월 8일 13시,토요일,경상남도 하동군 금남면,중상사고,0,1,0,0,차대차 - 정면충돌,안전운전불이행,건조,맑음,단일로 - 기타,승용,남,80세,상해없음,승용,기타불명,미분류,기타불명
2018090800100338,2018년 9월 8일 13시,토요일,경상남도 거제시 고현동,경상사고,0,0,1,0,차대차 - 기타,교차로운행방법위반,건조,맑음,교차로 - 교차로안,승용,남,40세,상해없음,승용,여,46세,경상
2018090800100357,2018년 9월 8일 14시,토요일,경상남도 김해시 부곡동,중상사고,0,1,0,0,차대사람 - 기타,안전운전불이행,건조,맑음,기타 - 기타,승용,남,45세,상해없음,보행자,남,24세,중상
2018090800100378,2018년 9월 8일 14시,토요일,경상남도 김해시 대동면,경상사고,0,0,2,0,차대차 - 정면충돌,안전운전불이행,건조,맑음,기타 - 기타,승용,남,83세,경상,승용,남,56세,경상
2018090800100447,2018년 9월 8일 16시,토요일,경상남도 창원시 의창구 대산면,중상사고,0,1,0,0,차대사람 - 기타,안전운전불이행,건조,맑음,단일로 - 기타,화물,남,38세,상해없음,보행자,남,56세,중상
2018090800100482,2018년 9월 8일 17시,토요일,경상남도 진주시 내동면,중상사고,0,2,0,0,차대차 - 추돌,안전운전불이행,건조,맑음,단일로 - 기타,승용,남,52세,상해없음,승용,남,58세,중상
2018090800100525,2018년 9월 8일 18시,토요일,경상남도 거창군 신원면,중상사고,0,1,0,0,차대사람 - 길가장자리구역통행중,중앙선침범,건조,맑음,단일로 - 기타,승용,여,64세,상해없음,보행자,여,67세,중상
2018090800100560,2018년 9월 8일 19시,토요일,경상남도 밀양시 가곡동,중상사고,0,1,0,0,차대사람 - 길가장자리구역통행중,안전운전불이행,건조,맑음,교차로 - 교차로안,승용,여,47세,상해없음,보행자,여,68세,중상
2018090800100622,2018년 9월 8일 21시,토요일,경상남도 창원시 의창구 봉림동,경상사고,0,0,3,0,차대차 - 측면충돌,신호위반,건조,맑음,교차로 - 교차로안,승용,남,21세,상해없음,승용,남,43세,경상
2018090800100668,2018년 9월 8일 23시,토요일,경상남도 산청군 생비량면,중상사고,0,2,0,0,차대사람 - 기타,안전운전불이행,건조,맑음,단일로 - 기타,화물,남,54세,상해없음,보행자,남,35세,중상
2018090900100025,2018년 9월 9일 01시,일요일,경상남도 밀양시 삼문동,경상사고,0,0,1,0,차대차 - 측면충돌,신호위반,건조,맑음,교차로 - 교차로안,승용,남,69세,상해없음,승용,남,42세,경상
2018090900100026,2018년 9월 9일 01시,일요일,경상남도 거제시 동부면,경상사고,0,0,1,0,차대차 - 정면충돌,중앙선침범,건조,맑음,단일로 - 기타,승용,남,26세,상해없음,승용,남,41세,경상
2018090900100055,2018년 9월 9일 03시,일요일,경상남도 창원시 마산합포구 신포동2가,경상사고,0,0,1,0,차대차 - 기타,안전운전불이행,건조,맑음,교차로 - 교차로안,승용,남,53세,상해없음,승용,남,26세,경상
2018090900100056,2018년 9월 9일 03시,일요일,경상남도 김해시 외동,중상사고,0,1,0,0,차대사람 - 횡단중,안전운전불이행,건조,맑음,단일로 - 기타,승용,남,61세,상해없음,보행자,여,45세,중상
2018090900100076,2018년 9월 9일 05시,일요일,경상남도 통영시 북신동,중상사고,0,1,0,0,차대사람 - 횡단중,보행자보호의무위반,건조,맑음,교차로 - 교차로횡단보도내,화물,남,31세,상해없음,보행자,여,73세,중상
2018090900100077,2018년 9월 9일 05시,일요일,경상남도 창원시 성산구 남산동,경상사고,0,0,1,0,차대차 - 추돌,안전운전불이행,건조,맑음,단일로 - 기타,화물,남,47세,상해없음,승용,남,44세,경상
2018090900100106,2018년 9월 9일 07시,일요일,경상남도 산청군 신안면,중상사고,0,1,0,0,차대차 - 정면충돌,안전운전불이행,건조,맑음,단일로 - 기타,이륜,남,75세,중상,화물,여,51세,상해없음