사고번호,사고일시,요일,시군구,사고내용,사망자수,중상자수,경상자수,부상신고자수,사고유형,법규위반,노면상태,기상상태,도로형태,가해운전자 차종,가해운전자 성별,가해운전자 연령,가해운전자 상해정도,피해운전자 차종,피해운전자 성별,피해운전자 연령,피해운전자 상해정도
2018090900100115,2018년 9월 9일 08시,일요일,경상남도 밀양시 하남읍,경상사고,0,0,4,0,차대차 - 측면충돌,중앙선침범,건조,맑음,단일로 - 기타,승용,남,49세,상해없음,승용,남,62세,경상
2018090900100116,2018년 9월 9일 08시,일요일,경상남도 김해시 외동,중상사고,0,1,0,0,차대차 - 추돌,안전운전불이행,건조,흐림,교차로 - 교차로횡단보도내,승용,남,29세,상해없음,승용,남,30세,중상
2018090900100131,2018년 9월 9일 09시,일요일,경상남도 창원시 진해구 경화동,중상사고,0,1,0,0,차대사람 - 횡단중,보행자보호의무위반,건조,맑음,교차로 - 교차로횡단보도내,승용,남,41세,상해없음,보행자,남,54세,중상
2018090900100157,2018년 9월 9일 10시,일요일,경상남도 통영시 도천동,경상사고,0,0,2,0,차대차 - 측면충돌,안전운전불이행,건조,맑음,교차로 - 교차로안,자전거,남,74세,경상,승용,남,24세,경상
2018090900100212,2018년 9월 9일 12시,일요일,경상남도 거제시 둔덕면,경상사고,0,0,4,0,차대차 - 측면충돌,교차로운행방법위반,건조,맑음,교차로 - 교차로안,화물,남,45세,상해없음,승합,남,61세,상해없음
2018090900100243,2018년 9월 9일 13시,일요일,경상남도 창원시 마산합포구 우산동,경상사고,0,0,4,2,차대차 - 추돌,안전운전불이행,건조,맑음,단일로 - 기타,승용,남,63세,상해없음,승용,남,49세,경상
2018090900100244,2018년 9월 9일 13시,일요일,경상남도 양산시 평산동,중상사고,0,1,0,0,차대차 - 기타,안전운전불이행,건조,맑음,교차로 - 교차로안,자전거,남,13세,중상,승용,남,67세,상해없음
2018090900100280,2018년 9월 9일 14시,일요일,경상남도 함안군 군북면,사망사고,1,0,0,0,차대차 - 측면충돌,안전운전불이행,건조,맑음,단일로 - 기타,화물,남,64세,사망,화물,남,57세,상해없음
2018090900100319,2018년 9월 9일 15시,일요일,경상남도 창원시 진해구 용원동,중상사고,0,1,0,0,차대차 - 기타,안전운전불이행,건조,맑음,단일로 - 기타,기타불명,기타불명,미분류,기타불명,자전거,남,42세,중상
2018090900100320,2018년 9월 9일 15시,일요일,경상남도 통영시 동호동,경상사고,0,0,1,0,차대차 - 측면충돌,직진우회전진행방해,건조,맑음,교차로 - 교차로안,승용,남,27세,경상,승용,남,49세,상해없음
2018090900100321,2018년 9월 9일 15시,일요일,경상남도 양산시 원동면,중상사고,0,1,0,0,차량단독 - 공작물충돌,안전운전불이행,건조,맑음,단일로 - 기타,이륜,남,34세,중상,,,,
2018090900100322,2018년 9월 9일 15시,일요일,경상남도 창원시 성산구 중앙동,경상사고,0,0,1,0,차대사람 - 횡단중,안전운전불이행,건조,맑음,교차로 - 교차로부근,승용,남,56세,상해없음,보행자,남,22세,경상
2018090900100346,2018년 9월 9일 16시,일요일,경상남도 양산시 명동,경상사고,0,0,2,0,차대차 - 추돌,안전운전불이행,건조,맑음,단일로 - 기타,화물,남,41세,상해없음,승용,여,51세,경상
2018090900100347,2018년 9월 9일 16시,일요일,경상남도 거제시 동부면,경상사고,0,0,1,0,차대차 - 측면충돌,중앙선침범,건조,맑음,단일로 - 기타,승용,남,54세,상해없음,승용,여,59세,경상
2018090900100348,2018년 9월 9일 16시,일요일,경상남도 창원시 마산회원구 내서읍,경상사고,0,0,1,0,차대차 - 측면충돌,안전운전불이행,건조,맑음,단일로 - 기타,화물,남,49세,상해없음,이륜,남,76세,경상
2018090900100387,2018년 9월 9일 17시,일요일,경상남도 합천군 야로면,중상사고,0,2,1,0,차대차 - 측면충돌,안전운전불이행,건조,맑음,교차로 - 교차로부근,승용,남,55세,상해없음,승용,남,39세,중상
2018090900100388,2018년 9월 9일 17시,일요일,경상남도 창녕군 창녕읍,경상사고,0,0,3,0,차대차 - 측면충돌,신호위반,건조,맑음,교차로 - 교차로안,승용,남,38세,상해없음,승용,남,79세,경상
2018090900100389,2018년 9월 9일 17시,일요일,경상남도 양산시 삼호동,경상사고,0,0,2,0,차대차 - 기타,교차로운행방법위반,건조,맑음,단일로 - 기타,승용,여,38세,경상,원동기,남,45세,경상
2018090900100416,2018년 9월 9일 18시,일요일,경상남도 창원시 진해구 경화동,중상사고,0,1,0,0,차대차 - 측면충돌,안전운전불이행,건조,맑음,교차로 - 교차로안,승용,남,60세,상해없음,이륜,남,32세,중상
2018090900100417,2018년 9월 9일 18시,일요일,경상남도 창원시 진해구 석동,중상사고,0,3,2,2,차대차 - 기타,안전거리미확보,건조,맑음,교차로 - 교차로안,승용,남,30세,상해없음,승합,남,36세,상해없음
2018090900100418,2018년 9월 9일 18시,일요일,경상남도 사천시 용강동,경상사고,0,0,1,0,차대사람 - 횡단중,보행자보호의무위반,건조,맑음,교차로 - 교차로횡단보도내,승용,여,48세,상해없음,보행자,여,56세,경상
2018090900100440,2018년 9월 9일 19시,일요일,경상남도 창원시 마산합포구 월남동3가,중상사고,0,1,0,0,차대사람 - 기타,안전운전불이행,건조,맑음,단일로 - 기타,승합,남,50세,상해없음,보행자,여,66세,중상
2018090900100441,2018년 9월 9일 19시,일요일,경상남도 창녕군 창녕읍,중상사고,0,1,0,0,차대차 - 측면충돌,직진우회전진행방해,젖음/습기,흐림,교차로 - 교차로안,승용,여,57세,상해없음,화물,남,49세,상해없음
2018090900100443,2018년 9월 9일 19시,일요일,경상남도 창원시 의창구 도계동,경상사고,0,0,1,0,차대차 - 기타,안전운전불이행,건조,맑음,단일로 - 기타,승용,남,64세,상해없음,승용,남,27세,경상
2018090900100498,2018년 9월 9일 21시,일요일,경상남도 김해시 외동,경상사고,0,0,1,0,차대차 - 측면충돌,직진우회전진행방해,건조,맑음,교차로 - 교차로안,승용,남,36세,상해없음,이륜,남,20세,경상
2018090900100499,2018년 9월 9일 21시,일요일,경상남도 거창군 거창읍,경상사고,0,0,5,0,차대차 - 추돌,안전운전불이행,건조,맑음,단일로 - 지하차도(도로)내,화물,남,52세,상해없음,승용,남,66세,경상
2018090900100521,2018년 9월 9일 22시,일요일,경상남도 통영시 무전동,중상사고,0,1,0,0,차대차 - 측면충돌,안전운전불이행,건조,맑음,교차로 - 교차로안,승용,여,46세,상해없음,이륜,남,42세,중상
2018091000100099,2018년 9월 10일 07시,월요일,경상남도 거창군 거창읍,경상사고,0,0,1,0,차대차 - 측면충돌,안전운전불이행,건조,맑음,단일로 - 기타,화물,남,50세,상해없음,승용,여,50세,경상
2018091000100100,2018년 9월 10일 07시,월요일,경상남도 김해시 신문동,경상사고,0,0,1,0,차대차 - 측면충돌,신호위반,건조,맑음,교차로 - 교차로안,승용,남,30세,상해없음,승용,남,36세,경상
2018091000100152,2018년 9월 10일 08시,월요일,경상남도 진주시 신안동,중상사고,0,1,0,0,차대차 - 기타,안전운전불이행,건조,맑음,교차로 - 교차로안,승용,남,56세,상해없음,자전거,남,74세,중상
2018091000100153,2018년 9월 10일 08시,월요일,경상남도 진주시 진성면,중상사고,0,1,0,0,차대차 - 기타,중앙선침범,건조,맑음,교차로 - 교차로부근,승용,남,46세,상해없음,승용,남,55세,중상
2018091000100154,2018년 9월 10일 08시,월요일,경상남도 통영시 서호동,중상사고,0,1,0,0,차대사람 - 횡단중,보행자보호의무위반,건조,맑음,교차로 - 교차로횡단보도내,승용,남,72세,상해없음,보행자,남,78세,중상
2018091000100155,2018년 9월 10일 08시,월요일,경상남도 사천시 축동면,경상사고,0,0,1,0,차대차 - 추돌,안전운전불이행,건조,맑음,교차로 - 교차로부근,승용,남,32세,상해없음,승용,여,32세,경상
2018091000100156,2018년 9월 10일 08시,월요일,경상남도 김해시 삼방동,중상사고,0,1,0,0,차대사람 - 횡단중,안전운전불이행,건조,맑음,교차로 - 교차로안,승용,남,60세,상해없음,보행자,여,86세,중상
2018091000100209,2018년 9월 10일 09시,월요일,경상남도 진주시 가좌동,중상사고,0,1,0,0,차대차 - 측면충돌,신호위반,건조,맑음,기타 - 기타,승용,여,42세,상해없음,자전거,여,52세,중상
2018091000100210,2018년 9월 10일 09시,월요일,경상남도 사천시 죽림동,경상사고,0,0,1,0,차량단독 - 공작물충돌,안전운전불이행,건조,맑음,단일로 - 기타,승용,남,76세,경상,,,,
2018091000100211,2018년 9월 10일 09시,월요일,경상남도 함안군 가야읍,중상사고,0,2,0,0,차대차 - 측면충돌,안전운전불이행,건조,맑음,단일로 - 기타,화물,남,61세,중상,화물,남,71세,중상
2018091000100246,2018년 9월 10일 10시,월요일,경상남도 의령군 정곡면,경상사고,0,0,2,0,차대차 - 측면충돌,교차로운행방법위반,건조,맑음,교차로 - 교차로안,화물,남,52세,경상,승용,남,69세,경상
2018091000100247,2018년 9월 10일 10시,월요일,경상남도 창원시 성산구 남산동,부상신고사고,0,0,0,1,차대사람 - 보도통행중,안전운전불이행,건조,맑음,기타 - 기타,화물,남,56세,상해없음,보행자,남,49세,부상신고
2018091000100248,2018년 9월 10일 10시,월요일,경상남도 창원시 마산회원구 석전동,경상사고,0,0,1,0,차대차 - 측면충돌,안전운전불이행,건조,맑음,교차로 - 교차로안,화물,남,73세,상해없음,자전거,남,74세,경상
2018091000100276,2018년 9월 10일 11시,월요일,경상남도 함양군 함양읍,중상사고,0,3,0,0,차대차 - 추돌,안전운전불이행,건조,맑음,단일로 - 기타,화물,남,29세,상해없음,화물,남,69세,중상
2018091000100277,2018년 9월 10일 11시,월요일,경상남도 김해시 진례면,중상사고,0,1,0,0,차대차 - 측면충돌,중앙선침범,건조,맑음,교차로 - 교차로부근,화물,남,57세,상해없음,이륜,남,29세,중상
2018091000100313,2018년 9월 10일 12시,월요일,경상남도 사천시 정동면,경상사고,0,0,1,0,차대차 - 측면충돌,안전운전불이행,건조,맑음,교차로 - 교차로안,승용,남,70세,경상,승용,여,65세,상해없음
2018091000100343,2018년 9월 10일 13시,월요일,경상남도 창원시 마산합포구 대외동,중상사고,0,1,0,0,차대차 - 기타,안전운전불이행,건조,맑음,교차로 - 교차로안,승용,남,55세,상해없음,승용,여,63세,중상
2018091000100374,2018년 9월 10일 14시,월요일,경상남도 창원시 진해구 풍호동,중상사고,0,1,1,0,차대차 - 측면충돌,신호위반,건조,맑음,교차로 - 교차로안,승용,여,63세,중상,승용,여,37세,경상
2018091000100375,2018년 9월 10일 14시,월요일,경상남도 양산시 산막동,중상사고,0,1,0,0,차대차 - 측면충돌,안전운전불이행,건조,맑음,교차로 - 교차로안,승용,남,28세,상해없음,이륜,남,57세,중상
2018091000100416,2018년 9월 10일 15시,월요일,경상남도 통영시 북신동,경상사고,0,0,1,0,차대사람 - 기타,안전운전불이행,건조,맑음,교차로 - 교차로부근,승용,남,54세,상해없음,보행자,여,84세,경상
2018091000100417,2018년 9월 10일 15시,월요일,경상남도 양산시 상북면,중상사고,0,1,0,0,차대사람 - 횡단중,안전운전불이행,건조,맑음,교차로 - 교차로안,승합,남,33세,상해없음,보행자,남,79세,중상
2018091000100418,2018년 9월 10일 15시,월요일,경상남도 하동군 진교면,경상사고,0,0,1,0,차대차 - 측면충돌,중앙선침범,건조,맑음,단일로 - 기타,승용,남,68세,상해없음,이륜,남,32세,경상
2018091000100471,2018년 9월 10일 16시,월요일,경상남도 창원시 마산합포구 중앙동3가,중상사고,0,1,0,0,차량단독 - 기타,기타,건조,맑음,단일로 - 기타,승합,남,64세,상해없음,,,,
2018091000100472,2018년 9월 10일 16시,월요일,경상남도 양산시 동면,중상사고,0,1,1,0,차대차 - 기타,안전운전불이행,건조,맑음,단일로 - 기타,승용,여,37세,상해없음,승용,남,24세,경상
2018091000100518,2018년 9월 10일 17시,월요일,경상남도 창녕군 대합면,경상사고,0,0,1,0,차대차 - 측면충돌,불법유턴,건조,맑음,단일로 - 기타,화물,남,62세,상해없음,승용,남,51세,상해없음
2018091000100519,2018년 9월 10일 17시,월요일,경상남도 거제시 사등면,경상사고,0,0,1,0,차대차 - 측면충돌,차로위반,건조,맑음,단일로 - 기타,승용,여,38세,상해없음,승용,여,38세,경상
2018091000100520,2018년 9월 10일 17시,월요일,경상남도 김해시 화목동,중상사고,0,1,0,0,차대차 - 측면충돌,안전운전불이행,건조,맑음,교차로 - 교차로부근,승용,여,60세,상해없음,자전거,남,26세,중상
2018091000100575,2018년 9월 10일 18시,월요일,경상남도 양산시 물금읍,중상사고,0,1,0,0,차대사람 - 횡단중,안전운전불이행,건조,맑음,단일로 - 기타,승용,남,33세,기타불명,보행자,여,12세,중상
2018091000100621,2018년 9월 10일 19시,월요일,경상남도 통영시 도천동,중상사고,0,1,0,0,차량단독 - 기타,안전운전불이행,건조,맑음,단일로 - 기타,자전거,남,73세,중상,,,,
2018091000100656,2018년 9월 10일 20시,월요일,경상남도 김해시 외동,경상사고,0,0,1,0,차대차 - 기타,신호위반,건조,맑음,교차로 - 교차로횡단보도내,승용,남,26세,상해없음,자전거,남,25세,경상
2018091000100657,2018년 9월 10일 20시,월요일,경상남도 김해시 구산동,중상사고,0,1,0,0,차대사람 - 기타,안전운전불이행,건조,맑음,단일로 - 기타,원동기,남,25세,상해없음,보행자,남,68세,중상
2018091000100721,2018년 9월 10일 22시,월요일,경상남도 진주시 금산면,중상사고,0,1,0,0,차대사람 - 보도통행중,보행자보호의무위반,건조,맑음,교차로 - 교차로횡단보도내,승합,남,50세,상해없음,보행자,남,47세,중상
2018091000100738,2018년 9월 10일 23시,월요일,경상남도 김해시 진영읍,중상사고,0,1,0,0,차대차 - 측면충돌,안전운전불이행,건조,맑음,단일로 - 기타,원동기,남,18세,상해없음,승용,여,25세,상해없음
2018091100100009,2018년 9월 11일 00시,화요일,경상남도 창원시 진해구 용원동,경상사고,0,0,5,0,차대차 - 측면충돌,신호위반,건조,맑음,교차로 - 교차로안,승용,남,22세,상해없음,승용,남,32세,경상
2018091100100095,2018년 9월 11일 08시,화요일,경상남도 김해시 부원동,중상사고,0,1,0,0,차대차 - 측면충돌,안전운전불이행,건조,맑음,단일로 - 기타,승용,남,18세,상해없음,화물,남,49세,상해없음
2018091100100118,2018년 9월 11일 08시,화요일,경상남도 사천시 좌룡동,부상신고사고,0,0,0,1,차대차 - 측면충돌,신호위반,건조,맑음,교차로 - 교차로안,화물,남,69세,부상신고,승용,남,57세,상해없음
2018091100100119,2018년 9월 11일 08시,화요일,경상남도 김해시 대성동,중상사고,0,1,0,0,차대차 - 추돌,안전거리미확보,건조,맑음,단일로 - 기타,승용,남,74세,상해없음,승용,남,46세,중상
2018091100100120,2018년 9월 11일 08시,화요일,경상남도 거제시 남부면,중상사고,0,1,1,0,차대차 - 측면충돌,안전운전불이행,건조,맑음,교차로 - 교차로안,승용,남,42세,상해없음,승합,남,45세,중상
2018091100100164,2018년 9월 11일 09시,화요일,경상남도 양산시 덕계동,경상사고,0,0,1,0,차대차 - 측면충돌,교차로운행방법위반,건조,맑음,교차로 - 교차로안,승용,남,56세,상해없음,승용,여,50세,상해없음
2018091100100197,2018년 9월 11일 10시,화요일,경상남도 창원시 마산합포구 현동,중상사고,0,1,0,0,차대사람 - 횡단중,안전운전불이행,건조,맑음,교차로 - 교차로횡단보도내,화물,남,51세,상해없음,보행자,여,78세,중상
2018091100100198,2018년 9월 11일 10시,화요일,경상남도 창녕군 남지읍,경상사고,0,0,1,0,차대차 - 기타,안전운전불이행,건조,맑음,단일로 - 기타,승용,여,65세,경상,화물,남,59세,상해없음
2018091100100223,2018년 9월 11일 11시,화요일,경상남도 창녕군 대합면,중상사고,0,1,0,0,차대차 - 측면충돌,신호위반,건조,맑음,교차로 - 교차로안,이륜,남,83세,중상,승용,남,87세,상해없음
2018091100100250,2018년 9월 11일 12시,화요일,경상남도 김해시 어방동,중상사고,0,1,0,0,차대차 - 측면충돌,차로위반,건조,맑음,단일로 - 기타,승용,남,54세,상해없음,승합,남,45세,상해없음
2018091100100285,2018년 9월 11일 13시,화요일,경상남도 사천시 축동면,경상사고,0,0,1,0,차량단독 - 기타,안전운전불이행,건조,맑음,단일로 - 기타,화물,남,39세,경상,,,,
2018091100100313,2018년 9월 11일 14시,화요일,경상남도 창원시 의창구 중동,중상사고,0,1,0,0,차대차 - 측면충돌,신호위반,건조,맑음,교차로 - 교차로안,승용,여,50세,상해없음,이륜,남,22세,중상
2018091100100340,2018년 9월 11일 15시,화요일,경상남도 진주시 상대동,중상사고,0,1,0,0,차대차 - 측면충돌,직진우회전진행방해,건조,맑음,교차로 - 교차로안,원동기,남,21세,중상,화물,남,61세,기타불명
2018091100100341,2018년 9월 11일 15시,화요일,경상남도 창원시 진해구 안골동,중상사고,0,1,0,0,차대차 - 측면충돌,중앙선침범,건조,맑음,교차로 - 교차로안,자전거,남,11세,중상,승용,여,38세,상해없음
2018091100100374,2018년 9월 11일 16시,화요일,경상남도 진주시 상평동,중상사고,0,1,0,0,차대사람 - 차도통행중,보행자보호의무위반,건조,맑음,단일로 - 기타,승용,남,71세,상해없음,보행자,여,6세,중상
2018091100100375,2018년 9월 11일 16시,화요일,경상남도 창원시 진해구 서중동,경상사고,0,0,2,0,차대차 - 측면충돌,교차로운행방법위반,건조,맑음,교차로 - 교차로안,승용,여,63세,경상,승용,남,29세,경상
2018091100100376,2018년 9월 11일 16시,화요일,경상남도 양산시 물금읍,경상사고,0,0,4,0,차대차 - 기타,교차로운행방법위반,건조,맑음,교차로 - 교차로안,승용,남,33세,상해없음,승용,여,34세,경상
2018091100100448,2018년 9월 11일 18시,화요일,경상남도 창원시 진해구 남양동,경상사고,0,0,1,0,차대차 - 측면충돌,안전거리미확보,건조,맑음,단일로 - 기타,화물,남,43세,상해없음,승용,남,37세,경상
2018091100100449,2018년 9월 11일 18시,화요일,경상남도 밀양시 하남읍,중상사고,0,1,0,0,차대차 - 추돌,안전운전불이행,건조,맑음,단일로 - 기타,화물,남,36세,상해없음,건설기계,남,39세,중상
2018091100100494,2018년 9월 11일 19시,화요일,경상남도 창원시 마산합포구 해운동,경상사고,0,0,1,0,차대차 - 측면충돌,신호위반,건조,맑음,교차로 - 교차로안,승용,남,54세,상해없음,이륜,남,34세,경상
2018091100100495,2018년 9월 11일 19시,화요일,경상남도 양산시 삼호동,경상사고,0,0,1,0,차대사람 - 횡단중,보행자보호의무위반,건조,맑음,교차로 - 교차로안,원동기,남,20세,상해없음,보행자,여,15세,경상
2018091100100496,2018년 9월 11일 19시,화요일,경상남도 창원시 의창구 동읍,중상사고,0,1,0,0,차대차 - 측면충돌,안전운전불이행,건조,맑음,교차로 - 교차로안,승합,남,59세,상해없음,이륜,남,17세,중상
2018091100100538,2018년 9월 11일 20시,화요일,경상남도 김해시 삼계동,부상신고사고,0,0,0,1,차대차 - 기타,안전운전불이행,건조,맑음,교차로 - 교차로안,이륜,남,17세,부상신고,승용,여,43세,상해없음
2018091100100539,2018년 9월 11일 20시,화요일,경상남도 김해시 삼계동,경상사고,0,0,3,0,차대차 - 기타,신호위반,건조,맑음,교차로 - 교차로안,승용,남,35세,상해없음,승용,여,37세,경상
2018091100100552,2018년 9월 11일 21시,화요일,경상남도 진주시 본성동,중상사고,0,1,0,0,차대사람 - 차도통행중,안전운전불이행,건조,맑음,단일로 - 기타,승합,남,59세,상해없음,보행자,여,64세,중상
2018091100100553,2018년 9월 11일 21시,화요일,경상남도 창원시 진해구 용원동,경상사고,0,0,1,0,차대차 - 측면충돌,교차로운행방법위반,건조,맑음,교차로 - 교차로안,승용,남,53세,상해없음,승용,남,40세,경상
2018091100100574,2018년 9월 11일 22시,화요일,경상남도 사천시 정동면,중상사고,0,1,0,0,차량단독 - 기타,안전운전불이행,건조,맑음,단일로 - 기타,승용,남,27세,중상,,,,
2018091100100575,2018년 9월 11일 22시,화요일,경상남도 함안군 대산면,중상사고,0,1,0,0,차량단독 - 기타,안전운전불이행,건조,기타,단일로 - 기타,이륜,남,52세,중상,,,,
2018091100100596,2018년 9월 11일 23시,화요일,경상남도 창원시 진해구 석동,경상사고,0,0,1,0,차대차 - 추돌,안전운전불이행,건조,맑음,교차로 - 교차로부근,승용,남,25세,상해없음,승용,남,57세,상해없음
2018091100100597,2018년 9월 11일 23시,화요일,경상남도 김해시 부곡동,사망사고,1,0,0,0,차대사람 - 횡단중,안전운전불이행,건조,맑음,단일로 - 기타,승용,남,27세,상해없음,보행자,남,58세,사망
2018091200100101,2018년 9월 12일 07시,수요일,경상남도 통영시 무전동,경상사고,0,0,1,0,차대차 - 측면충돌,신호위반,건조,맑음,교차로 - 교차로안,승용,여,60세,상해없음,이륜,남,67세,경상
2018091200100102,2018년 9월 12일 07시,수요일,경상남도 창원시 성산구 신촌동,경상사고,0,0,1,0,차대차 - 측면충돌,안전운전불이행,건조,맑음,교차로 - 교차로안,승용,남,45세,상해없음,이륜,남,28세,경상
2018091200100103,2018년 9월 12일 07시,수요일,경상남도 창원시 마산회원구 석전동,경상사고,0,0,1,0,차대차 - 추돌,안전운전불이행,건조,맑음,단일로 - 기타,승용,남,56세,상해없음,승용,남,60세,경상
2018091200100147,2018년 9월 12일 08시,수요일,경상남도 진주시 하대동,중상사고,0,1,0,0,차대차 - 측면충돌,교차로운행방법위반,건조,맑음,교차로 - 교차로안,승용,남,26세,상해없음,자전거,남,64세,중상
2018091200100148,2018년 9월 12일 08시,수요일,경상남도 함양군 수동면,부상신고사고,0,0,0,1,차대차 - 측면충돌,안전운전불이행,건조,맑음,단일로 - 기타,원동기,남,80세,부상신고,승용,남,52세,상해없음
2018091200100149,2018년 9월 12일 08시,수요일,경상남도 창원시 의창구 대원동,중상사고,0,1,0,0,차대차 - 추돌,안전운전불이행,건조,맑음,단일로 - 기타,승용,남,56세,상해없음,화물,남,43세,중상
2018091200100150,2018년 9월 12일 08시,수요일,경상남도 창원시 의창구 팔용동,경상사고,0,0,1,0,차대차 - 추돌,안전운전불이행,건조,맑음,기타 - 기타,이륜,남,75세,경상,승용,여,56세,상해없음
2018091200100188,2018년 9월 12일 09시,수요일,경상남도 사천시 축동면,중상사고,0,2,0,0,차대차 - 측면충돌,중앙선침범,건조,맑음,단일로 - 기타,화물,남,32세,중상,승용,남,33세,중상
2018091200100189,2018년 9월 12일 09시,수요일,경상남도 김해시 내동,중상사고,0,1,0,0,차대차 - 기타,안전운전불이행,건조,맑음,교차로 - 교차로안,자전거,남,64세,중상,화물,남,47세,상해없음
2018091200100190,2018년 9월 12일 09시,수요일,경상남도 산청군 신안면,중상사고,0,1,0,0,차대차 - 추돌,안전운전불이행,건조,맑음,단일로 - 기타,화물,남,57세,상해없음,농기계,남,68세,중상
2018091200100235,2018년 9월 12일 10시,수요일,경상남도 합천군 가야면,중상사고,0,3,1,0,차대차 - 측면충돌,중앙선침범,건조,맑음,단일로 - 기타,승용,남,71세,상해없음,승용,여,55세,중상
2018091200100236,2018년 9월 12일 10시,수요일,경상남도 거제시 옥포동,경상사고,0,0,2,0,차대차 - 기타,안전운전불이행,건조,맑음,단일로 - 기타,승용,여,51세,상해없음,승용,남,51세,경상
2018091200100280,2018년 9월 12일 11시,수요일,경상남도 양산시 다방동,경상사고,0,0,2,0,차대차 - 측면충돌,교차로운행방법위반,건조,맑음,교차로 - 교차로안,화물,남,76세,경상,화물,남,44세,경상
2018091200100317,2018년 9월 12일 12시,수요일,경상남도 산청군 신안면,경상사고,0,0,1,0,차대차 - 정면충돌,교차로운행방법위반,건조,맑음,교차로 - 교차로안,승합,남,55세,상해없음,이륜,남,37세,경상
2018091200100389,2018년 9월 12일 14시,수요일,경상남도 창원시 성산구 신촌동,중상사고,0,1,0,0,차대차 - 측면충돌,안전운전불이행,건조,맑음,교차로 - 교차로안,승용,남,71세,상해없음,화물,남,60세,중상
2018091200100426,2018년 9월 12일 15시,수요일,경상남도 김해시 구산동,중상사고,0,1,0,0,차대사람 - 횡단중,보행자보호의무위반,건조,맑음,단일로 - 기타,승용,남,40세,상해없음,보행자,여,10세,중상
2018091200100427,2018년 9월 12일 15시,수요일,경상남도 양산시 평산동,경상사고,0,0,1,0,차대사람 - 횡단중,안전운전불이행,건조,맑음,교차로 - 교차로부근,승용,여,50세,상해없음,보행자,여,80세,경상
2018091200100428,2018년 9월 12일 15시,수요일,경상남도 창원시 성산구 성주동,중상사고,0,1,0,0,차대사람 - 기타,안전운전불이행,건조,맑음,단일로 - 기타,승합,남,42세,상해없음,보행자,여,57세,중상
2018091200100429,2018년 9월 12일 15시,수요일,경상남도 김해시 관동동,경상사고,0,0,1,0,차대차 - 추돌,안전운전불이행,건조,맑음,교차로 - 교차로부근,승용,남,63세,경상,승합,남,65세,상해없음
2018091200100479,2018년 9월 12일 16시,수요일,경상남도 김해시 대동면,경상사고,0,0,1,0,차량단독 - 기타,중앙선침범,건조,맑음,단일로 - 기타,승용,남,59세,경상,,,,
2018091200100480,2018년 9월 12일 16시,수요일,경상남도 양산시 상북면,경상사고,0,0,1,0,차대차 - 기타,안전거리미확보,건조,맑음,단일로 - 고가도로위,승용,남,35세,상해없음,승용,여,21세,경상
2018091200100481,2018년 9월 12일 16시,수요일,경상남도 김해시 강동,중상사고,0,2,1,0,차대차 - 추돌,안전거리미확보,건조,맑음,단일로 - 기타,특수,남,39세,상해없음,승용,남,76세,중상
2018091200100526,2018년 9월 12일 17시,수요일,경상남도 진주시 초전동,중상사고,0,1,0,0,차대사람 - 보도통행중,기타,건조,맑음,기타 - 기타,승용,남,56세,상해없음,보행자,남,86세,중상
2018091200100527,2018년 9월 12일 17시,수요일,경상남도 통영시 용남면,중상사고,0,1,0,0,차대사람 - 횡단중,신호위반,건조,맑음,교차로 - 교차로횡단보도내,승용,남,53세,상해없음,보행자,여,71세,중상
2018091200100528,2018년 9월 12일 17시,수요일,경상남도 양산시 삼호동,경상사고,0,0,1,0,차대차 - 측면충돌,직진우회전진행방해,건조,맑음,교차로 - 교차로안,승용,여,21세,상해없음,이륜,남,58세,경상
2018091200100529,2018년 9월 12일 17시,수요일,경상남도 거제시 옥포동,중상사고,0,1,0,0,차대차 - 측면충돌,신호위반,건조,맑음,교차로 - 교차로안,승용,여,52세,상해없음,이륜,남,46세,중상
2018091200100530,2018년 9월 12일 17시,수요일,경상남도 거제시 옥포동,중상사고,0,1,0,0,차량단독 - 전도전복 - 전복,안전운전불이행,건조,맑음,교차로 - 교차로부근,승용,여,36세,중상,미분류,미분류,미분류,미분류
2018091200100531,2018년 9월 12일 17시,수요일,경상남도 의령군 의령읍,경상사고,0,0,2,1,차대차 - 측면충돌,교차로운행방법위반,건조,맑음,교차로 - 교차로안,화물,남,61세,경상,승용,여,55세,부상신고
2018091200100581,2018년 9월 12일 18시,수요일,경상남도 양산시 중부동,중상사고,0,1,1,0,차대차 - 측면충돌,신호위반,건조,맑음,교차로 - 교차로안,원동기,남,18세,중상,승용,여,51세,경상
2018091200100628,2018년 9월 12일 19시,수요일,경상남도 사천시 사천읍,경상사고,0,0,2,0,차대차 - 측면충돌,신호위반,건조,맑음,교차로 - 교차로안,승용,여,61세,상해없음,승용,남,55세,경상
2018091200100629,2018년 9월 12일 19시,수요일,경상남도 창원시 의창구 명서동,중상사고,0,1,0,0,차대차 - 기타,안전운전불이행,건조,맑음,기타 - 기타,화물,남,58세,상해없음,이륜,남,24세,중상
2018091200100667,2018년 9월 12일 20시,수요일,경상남도 사천시 동림동,중상사고,0,5,1,0,차대차 - 측면충돌,안전운전불이행,건조,맑음,교차로 - 교차로안,화물,남,72세,경상,승용,남,37세,중상
2018091200100668,2018년 9월 12일 20시,수요일,경상남도 밀양시 무안면,경상사고,0,0,1,0,차대사람 - 기타,안전운전불이행,건조,맑음,단일로 - 기타,승합,남,61세,상해없음,보행자,남,49세,경상