사고번호,사고일시,요일,시군구,사고내용,사망자수,중상자수,경상자수,부상신고자수,사고유형,법규위반,노면상태,기상상태,도로형태,가해운전자 차종,가해운전자 성별,가해운전자 연령,가해운전자 상해정도,피해운전자 차종,피해운전자 성별,피해운전자 연령,피해운전자 상해정도
2018091600100280,2018년 9월 16일 14시,일요일,경상남도 통영시 정량동,중상사고,0,1,0,1,차대차 - 측면충돌,안전운전불이행,건조,맑음,교차로 - 교차로안,이륜,남,18세,부상신고,이륜,여,68세,중상
2018091600100281,2018년 9월 16일 14시,일요일,경상남도 합천군 가야면,중상사고,0,1,0,0,차대사람 - 횡단중,안전운전불이행,건조,맑음,단일로 - 기타,승용,남,61세,상해없음,보행자,남,58세,중상
2018091600100282,2018년 9월 16일 14시,일요일,경상남도 합천군 적중면,경상사고,0,0,1,0,차대차 - 측면충돌,안전운전불이행,건조,맑음,교차로 - 교차로안,승용,남,53세,상해없음,이륜,남,26세,경상
2018091600100283,2018년 9월 16일 14시,일요일,경상남도 거제시 남부면,중상사고,0,2,0,0,차대차 - 기타,중앙선침범,건조,맑음,단일로 - 기타,승용,남,67세,중상,승용,남,41세,중상
2018091600100309,2018년 9월 16일 15시,일요일,경상남도 창원시 진해구 용원동,중상사고,0,1,0,0,차대차 - 측면충돌,안전운전불이행,건조,맑음,교차로 - 교차로안,승용,남,54세,상해없음,자전거,남,5세,중상
2018091600100310,2018년 9월 16일 15시,일요일,경상남도 창녕군 창녕읍,경상사고,0,0,1,0,차대차 - 기타,안전운전불이행,건조,맑음,교차로 - 교차로안,농기계,남,78세,경상,승용,남,33세,상해없음
2018091600100311,2018년 9월 16일 15시,일요일,경상남도 거제시 둔덕면,경상사고,0,0,1,0,차대차 - 측면충돌,안전운전불이행,건조,맑음,교차로 - 교차로안,승용,여,51세,상해없음,승용,여,54세,경상
2018091600100350,2018년 9월 16일 16시,일요일,경상남도 진주시 상봉동,경상사고,0,0,1,0,차대차 - 측면충돌,교차로운행방법위반,건조,맑음,교차로 - 교차로안,승용,남,69세,상해없음,자전거,남,16세,경상
2018091600100351,2018년 9월 16일 16시,일요일,경상남도 김해시 관동동,경상사고,0,0,4,0,차대차 - 측면충돌,안전운전불이행,건조,맑음,교차로 - 교차로안,승용,남,22세,경상,승용,남,31세,경상
2018091600100394,2018년 9월 16일 17시,일요일,경상남도 사천시 서동,경상사고,0,0,4,1,차대차 - 측면충돌,직진우회전진행방해,건조,맑음,교차로 - 교차로안,화물,남,80세,부상신고,승용,남,60세,경상
2018091600100395,2018년 9월 16일 17시,일요일,경상남도 창녕군 부곡면,중상사고,0,1,0,0,차대차 - 기타,신호위반,건조,맑음,단일로 - 기타,승용,남,58세,상해없음,이륜,남,81세,중상
2018091600100450,2018년 9월 16일 19시,일요일,경상남도 사천시 송포동,중상사고,0,1,0,0,차대차 - 정면충돌,중앙선침범,건조,맑음,단일로 - 기타,승용,여,31세,상해없음,승용,남,70세,중상
2018091600100451,2018년 9월 16일 19시,일요일,경상남도 양산시 하북면,중상사고,0,1,0,0,차대차 - 측면충돌,직진우회전진행방해,젖음/습기,비,교차로 - 교차로안,승용,남,28세,상해없음,이륜,남,58세,중상
2018091600100452,2018년 9월 16일 19시,일요일,경상남도 김해시 율하동,경상사고,0,0,1,0,차대차 - 기타,안전운전불이행,건조,맑음,교차로 - 교차로안,승용,남,31세,상해없음,이륜,남,19세,경상
2018091600100511,2018년 9월 16일 22시,일요일,경상남도 통영시 산양읍,부상신고사고,0,0,0,1,차량단독 - 도로외이탈 - 추락,안전운전불이행,건조,맑음,단일로 - 기타,화물,남,66세,부상신고,,,,
2018091600100512,2018년 9월 16일 22시,일요일,경상남도 김해시 어방동,중상사고,0,1,0,0,차대사람 - 기타,안전운전불이행,건조,맑음,교차로 - 교차로안,승용,남,34세,상해없음,보행자,남,74세,중상
2018091600100513,2018년 9월 16일 22시,일요일,경상남도 김해시 대성동,경상사고,0,0,1,0,차대차 - 기타,기타,건조,맑음,단일로 - 기타,승용,남,57세,상해없음,이륜,남,37세,경상
2018091600100514,2018년 9월 16일 22시,일요일,경상남도 남해군 남해읍,경상사고,0,0,1,0,차대차 - 측면충돌,중앙선침범,건조,맑음,단일로 - 기타,승용,여,61세,상해없음,승용,여,45세,경상
2018091700100009,2018년 9월 17일 00시,월요일,경상남도 진주시 평안동,경상사고,0,0,1,0,차대차 - 측면충돌,신호위반,건조,맑음,교차로 - 교차로안,승용,남,60세,상해없음,승용,남,35세,경상
2018091700100010,2018년 9월 17일 00시,월요일,경상남도 양산시 중부동,경상사고,0,0,1,0,차대사람 - 횡단중,보행자보호의무위반,건조,맑음,단일로 - 기타,승용,여,45세,상해없음,보행자,남,60세,경상
2018091700100020,2018년 9월 17일 01시,월요일,경상남도 창녕군 남지읍,사망사고,1,0,0,0,차량단독 - 공작물충돌,안전운전불이행,건조,맑음,교차로 - 교차로안,원동기,남,22세,사망,,,,
2018091700100128,2018년 9월 17일 08시,월요일,경상남도 창녕군 창녕읍,경상사고,0,0,4,0,차대차 - 추돌,안전운전불이행,건조,맑음,교차로 - 교차로부근,승용,남,64세,상해없음,승용,남,66세,경상
2018091700100129,2018년 9월 17일 08시,월요일,경상남도 고성군 하이면,경상사고,0,0,1,0,차대차 - 측면충돌,안전운전불이행,건조,맑음,교차로 - 교차로안,승용,남,60세,상해없음,화물,여,74세,경상
2018091700100130,2018년 9월 17일 08시,월요일,경상남도 창원시 의창구 신월동,경상사고,0,0,1,0,차대사람 - 횡단중,보행자보호의무위반,건조,맑음,교차로 - 교차로부근,특수,남,45세,상해없음,보행자,남,7세,경상
2018091700100131,2018년 9월 17일 08시,월요일,경상남도 창원시 의창구 봉곡동,경상사고,0,0,3,0,차대차 - 추돌,안전거리미확보,건조,맑음,단일로 - 기타,승용,여,42세,상해없음,승용,남,44세,경상
2018091700100170,2018년 9월 17일 09시,월요일,경상남도 진주시 가좌동,경상사고,0,0,2,0,차대차 - 기타,신호위반,건조,맑음,교차로 - 교차로안,승용,여,36세,상해없음,승용,남,64세,경상
2018091700100171,2018년 9월 17일 09시,월요일,경상남도 통영시 북신동,중상사고,0,1,0,0,차대차 - 추돌,안전거리미확보,건조,맑음,단일로 - 기타,승용,여,25세,상해없음,승용,여,69세,중상
2018091700100201,2018년 9월 17일 10시,월요일,경상남도 거제시 고현동,경상사고,0,0,2,0,차대차 - 추돌,안전운전불이행,건조,맑음,교차로 - 교차로부근,승합,남,42세,상해없음,승용,남,66세,상해없음
2018091700100253,2018년 9월 17일 12시,월요일,경상남도 양산시 물금읍,경상사고,0,0,1,0,차대차 - 측면충돌,안전운전불이행,건조,맑음,교차로 - 교차로안,승용,남,61세,상해없음,이륜,남,26세,경상
2018091700100254,2018년 9월 17일 12시,월요일,경상남도 양산시 남부동,중상사고,0,2,0,0,차대차 - 추돌,안전운전불이행,건조,맑음,단일로 - 기타,화물,남,49세,상해없음,승용,남,47세,중상
2018091700100255,2018년 9월 17일 12시,월요일,경상남도 산청군 신안면,중상사고,0,1,0,0,차량단독 - 도로외이탈 - 추락,안전운전불이행,건조,맑음,단일로 - 기타,농기계,남,35세,중상,,,,
2018091700100256,2018년 9월 17일 12시,월요일,경상남도 창원시 마산회원구 석전동,경상사고,0,0,1,0,차대사람 - 차도통행중,안전운전불이행,건조,맑음,단일로 - 기타,화물,남,42세,상해없음,보행자,여,82세,경상
2018091700100287,2018년 9월 17일 13시,월요일,경상남도 창원시 마산합포구 진동면,중상사고,0,1,0,0,차량단독 - 공작물충돌,안전운전불이행,건조,맑음,단일로 - 기타,화물,남,56세,중상,,,,
2018091700100288,2018년 9월 17일 13시,월요일,경상남도 사천시 죽림동,경상사고,0,0,1,0,차대차 - 측면충돌,안전운전불이행,건조,흐림,단일로 - 기타,승합,남,70세,경상,승용,남,62세,상해없음
2018091700100289,2018년 9월 17일 13시,월요일,경상남도 김해시 부원동,중상사고,0,1,0,0,차대사람 - 길가장자리구역통행중,안전운전불이행,건조,맑음,단일로 - 기타,승용,여,63세,상해없음,보행자,여,75세,중상
2018091700100290,2018년 9월 17일 13시,월요일,경상남도 김해시 어방동,경상사고,0,0,1,0,차대차 - 추돌,안전거리미확보,건조,맑음,교차로 - 교차로안,승용,남,64세,상해없음,승용,여,39세,경상
2018091700100291,2018년 9월 17일 13시,월요일,경상남도 김해시 주촌면,중상사고,0,1,1,0,차대차 - 측면충돌,교차로운행방법위반,건조,맑음,교차로 - 교차로안,화물,남,90세 이상,경상,화물,남,40세,중상
2018091700100320,2018년 9월 17일 14시,월요일,경상남도 창원시 마산합포구 남성동,경상사고,0,0,1,0,차대사람 - 기타,안전운전불이행,건조,맑음,단일로 - 기타,승용,여,62세,기타불명,보행자,남,53세,경상
2018091700100321,2018년 9월 17일 14시,월요일,경상남도 김해시 어방동,중상사고,0,1,0,0,차대차 - 측면충돌,안전운전불이행,건조,맑음,단일로 - 기타,승용,여,50세,상해없음,승용,여,40세,중상
2018091700100365,2018년 9월 17일 15시,월요일,경상남도 창원시 성산구 신촌동,중상사고,0,1,0,0,차대차 - 측면충돌,안전운전불이행,건조,맑음,교차로 - 교차로안,화물,남,67세,상해없음,화물,남,79세,중상
2018091700100407,2018년 9월 17일 16시,월요일,경상남도 밀양시 가곡동,경상사고,0,0,1,0,차대차 - 측면충돌,교차로운행방법위반,건조,맑음,교차로 - 교차로안,승용,여,60세,상해없음,이륜,여,59세,경상
2018091700100408,2018년 9월 17일 16시,월요일,경상남도 창녕군 대지면,중상사고,0,1,0,0,차대사람 - 횡단중,안전운전불이행,건조,맑음,단일로 - 기타,화물,남,55세,상해없음,보행자,남,81세,중상
2018091700100457,2018년 9월 17일 17시,월요일,경상남도 사천시 동금동,경상사고,0,0,1,0,차대차 - 측면충돌,안전운전불이행,건조,맑음,교차로 - 교차로부근,승용,여,55세,상해없음,자전거,여,61세,경상
2018091700100458,2018년 9월 17일 17시,월요일,경상남도 창원시 의창구 봉곡동,중상사고,0,1,0,0,차대사람 - 횡단중,보행자보호의무위반,건조,맑음,단일로 - 기타,화물,남,61세,상해없음,보행자,여,70세,중상
2018091700100504,2018년 9월 17일 18시,월요일,경상남도 통영시 태평동,부상신고사고,0,0,0,1,차대차 - 측면충돌,차로위반,건조,맑음,단일로 - 기타,이륜,남,36세,부상신고,승용,남,66세,상해없음
2018091700100505,2018년 9월 17일 18시,월요일,경상남도 김해시 내동,경상사고,0,0,1,0,차대차 - 측면충돌,차로위반,건조,맑음,교차로 - 교차로안,승용,여,62세,상해없음,승용,남,43세,경상
2018091700100506,2018년 9월 17일 18시,월요일,경상남도 거제시 장평동,중상사고,0,1,0,0,차대차 - 기타,기타,건조,맑음,단일로 - 기타,승용,남,58세,상해없음,자전거,남,30세,중상
2018091700100546,2018년 9월 17일 19시,월요일,경상남도 창원시 의창구 신월동,경상사고,0,0,1,0,차대차 - 측면충돌,안전운전불이행,건조,맑음,교차로 - 교차로안,승용,남,37세,상해없음,이륜,남,37세,경상
2018091700100547,2018년 9월 17일 19시,월요일,경상남도 김해시 부곡동,중상사고,0,1,0,0,차대사람 - 횡단중,보행자보호의무위반,건조,맑음,단일로 - 기타,승용,남,41세,상해없음,보행자,여,46세,중상
2018091700100650,2018년 9월 17일 22시,월요일,경상남도 거창군 거창읍,경상사고,0,0,1,0,차량단독 - 전도전복 - 전도,안전운전불이행,건조,맑음,교차로 - 교차로부근,이륜,남,17세,경상,미분류,미분류,미분류,미분류
2018091800100011,2018년 9월 18일 00시,화요일,경상남도 창원시 성산구 상남동,사망사고,1,0,0,0,차대사람 - 횡단중,안전운전불이행,건조,맑음,교차로 - 교차로횡단보도내,승용,남,21세,상해없음,보행자,남,68세,사망
2018091800100032,2018년 9월 18일 02시,화요일,경상남도 거창군 거창읍,중상사고,0,1,0,0,차대차 - 측면충돌,신호위반,건조,맑음,교차로 - 교차로안,승용,남,17세,상해없음,승용,여,57세,중상
2018091800100040,2018년 9월 18일 03시,화요일,경상남도 양산시 덕계동,중상사고,0,1,0,0,차대차 - 기타,안전운전불이행,건조,맑음,단일로 - 기타,승용,남,25세,상해없음,화물,남,53세,중상
2018091800100067,2018년 9월 18일 06시,화요일,경상남도 거제시 아주동,경상사고,0,0,1,0,차대차 - 기타,기타,건조,맑음,단일로 - 기타,자전거,남,46세,경상,승용,남,32세,상해없음
2018091800100093,2018년 9월 18일 07시,화요일,경상남도 고성군 고성읍,경상사고,0,0,1,0,차대차 - 측면충돌,신호위반,건조,맑음,교차로 - 교차로안,승용,남,43세,상해없음,화물,남,61세,경상
2018091800100094,2018년 9월 18일 07시,화요일,경상남도 김해시 진례면,중상사고,0,1,0,0,차량단독 - 공작물충돌,안전운전불이행,건조,맑음,단일로 - 기타,승용,남,59세,중상,,,,
2018091800100145,2018년 9월 18일 08시,화요일,경상남도 김해시 어방동,중상사고,0,1,0,0,차대사람 - 길가장자리구역통행중,안전운전불이행,건조,맑음,교차로 - 교차로부근,기타불명,기타불명,미분류,기타불명,보행자,남,23세,중상
2018091800100146,2018년 9월 18일 08시,화요일,경상남도 창원시 성산구 사파동,중상사고,0,1,0,0,차대차 - 측면충돌,안전운전불이행,건조,맑음,단일로 - 기타,승용,여,67세,상해없음,자전거,여,66세,중상
2018091800100147,2018년 9월 18일 08시,화요일,경상남도 김해시 전하동,경상사고,0,0,1,0,차대차 - 측면충돌,안전운전불이행,건조,맑음,단일로 - 기타,자전거,남,83세,경상,승용,여,46세,상해없음
2018091800100233,2018년 9월 18일 10시,화요일,경상남도 창원시 진해구 남문동,경상사고,0,0,1,0,차대차 - 측면충돌,직진우회전진행방해,건조,맑음,교차로 - 교차로안,승용,남,65세,상해없음,승용,여,32세,경상
2018091800100234,2018년 9월 18일 10시,화요일,경상남도 밀양시 하남읍,경상사고,0,0,1,0,차대차 - 측면충돌,교차로운행방법위반,건조,맑음,교차로 - 교차로안,승용,여,56세,상해없음,이륜,남,74세,경상
2018091800100264,2018년 9월 18일 11시,화요일,경상남도 창녕군 이방면,중상사고,0,1,0,0,차대차 - 기타,직진우회전진행방해,건조,맑음,교차로 - 교차로안,화물,남,56세,상해없음,이륜,남,64세,중상
2018091800100265,2018년 9월 18일 11시,화요일,경상남도 창녕군 도천면,중상사고,0,1,0,0,차대차 - 측면충돌,안전운전불이행,건조,맑음,단일로 - 기타,화물,남,57세,상해없음,화물,남,47세,중상
2018091800100266,2018년 9월 18일 11시,화요일,경상남도 거제시 고현동,경상사고,0,0,2,0,차대차 - 후진중충돌,직진우회전진행방해,건조,맑음,교차로 - 교차로안,승용,남,68세,상해없음,승용,여,45세,경상
2018091800100293,2018년 9월 18일 12시,화요일,경상남도 창원시 마산합포구 중앙동3가,경상사고,0,0,1,0,차대사람 - 횡단중,안전운전불이행,건조,맑음,교차로 - 교차로부근,승용,남,30세,상해없음,보행자,여,60세,경상
2018091800100294,2018년 9월 18일 12시,화요일,경상남도 사천시 대방동,중상사고,0,1,0,0,차대차 - 기타,직진우회전진행방해,건조,맑음,교차로 - 교차로안,승용,여,46세,상해없음,이륜,남,62세,중상
2018091800100295,2018년 9월 18일 12시,화요일,경상남도 김해시 대동면,중상사고,0,1,0,0,차대차 - 측면충돌,교차로운행방법위반,건조,맑음,교차로 - 교차로안,화물,남,60세,상해없음,화물,남,69세,상해없음
2018091800100296,2018년 9월 18일 12시,화요일,경상남도 창원시 의창구 대원동,경상사고,0,0,1,0,차대차 - 추돌,안전운전불이행,건조,맑음,교차로 - 교차로안,화물,남,61세,상해없음,승용,남,53세,경상
2018091800100322,2018년 9월 18일 13시,화요일,경상남도 통영시 산양읍,경상사고,0,0,1,0,차대차 - 측면충돌,신호위반,건조,맑음,교차로 - 교차로안,승용,남,33세,상해없음,승용,남,69세,경상
2018091800100362,2018년 9월 18일 14시,화요일,경상남도 창원시 마산합포구 중성동,중상사고,0,1,0,0,차대차 - 측면충돌,안전운전불이행,건조,맑음,교차로 - 교차로안,이륜,남,49세,중상,승용,남,61세,상해없음
2018091800100401,2018년 9월 18일 15시,화요일,경상남도 양산시 물금읍,중상사고,0,1,0,0,차대사람 - 횡단중,신호위반,건조,맑음,교차로 - 교차로횡단보도내,승용,여,61세,상해없음,보행자,남,78세,중상
2018091800100402,2018년 9월 18일 15시,화요일,경상남도 거제시 옥포동,경상사고,0,0,1,0,차대차 - 측면충돌,교차로운행방법위반,건조,맑음,교차로 - 교차로안,승용,여,39세,상해없음,승용,여,44세,경상
2018091800100403,2018년 9월 18일 15시,화요일,경상남도 함안군 가야읍,경상사고,0,0,2,0,차대차 - 측면충돌,안전운전불이행,건조,맑음,단일로 - 기타,승용,남,54세,경상,화물,남,52세,경상
2018091800100455,2018년 9월 18일 16시,화요일,경상남도 진주시 문산읍,중상사고,0,1,0,0,차대사람 - 횡단중,신호위반,건조,맑음,단일로 - 기타,승용,남,24세,상해없음,보행자,남,11세,중상
2018091800100456,2018년 9월 18일 16시,화요일,경상남도 사천시 사천읍,중상사고,0,1,2,0,차대차 - 측면충돌,교차로운행방법위반,건조,맑음,교차로 - 교차로안,승용,남,54세,경상,승용,남,43세,중상
2018091800100457,2018년 9월 18일 16시,화요일,경상남도 창원시 의창구 용호동,사망사고,1,0,0,0,차대차 - 추돌,안전운전불이행,건조,맑음,단일로 - 기타,화물,남,58세,사망,승합,남,63세,상해없음
2018091800100584,2018년 9월 18일 19시,화요일,경상남도 사천시 용현면,경상사고,0,0,2,0,차대차 - 측면충돌,안전운전불이행,건조,맑음,교차로 - 교차로안,승용,여,32세,경상,승합,남,27세,경상
2018091800100585,2018년 9월 18일 19시,화요일,경상남도 거제시 장평동,경상사고,0,0,1,0,차대차 - 추돌,안전거리미확보,건조,맑음,교차로 - 교차로안,승용,남,51세,상해없음,승용,여,58세,경상
2018091800100620,2018년 9월 18일 20시,화요일,경상남도 창원시 마산합포구 진전면,부상신고사고,0,0,0,1,차량단독 - 전도전복 - 전도,안전운전불이행,건조,맑음,기타 - 기타,이륜,남,43세,부상신고,미분류,미분류,미분류,미분류
2018091800100621,2018년 9월 18일 20시,화요일,경상남도 진주시 금산면,중상사고,0,1,0,0,차대사람 - 횡단중,보행자보호의무위반,건조,맑음,교차로 - 교차로횡단보도내,승용,남,35세,상해없음,보행자,남,52세,중상
2018091800100622,2018년 9월 18일 20시,화요일,경상남도 사천시 사남면,경상사고,0,0,1,0,차량단독 - 공작물충돌,안전운전불이행,건조,맑음,단일로 - 기타,승용,남,51세,경상,,,,
2018091800100623,2018년 9월 18일 20시,화요일,경상남도 거제시 고현동,중상사고,0,1,0,0,차대차 - 정면충돌,안전운전불이행,건조,맑음,교차로 - 교차로부근,승용,남,57세,상해없음,이륜,남,35세,중상
2018091800100624,2018년 9월 18일 20시,화요일,경상남도 창원시 의창구 봉곡동,중상사고,0,1,0,0,차대차 - 기타,안전운전불이행,건조,맑음,교차로 - 교차로안,승용,여,25세,상해없음,자전거,여,53세,중상
2018091800100654,2018년 9월 18일 21시,화요일,경상남도 양산시 동면,중상사고,0,1,0,0,차량단독 - 기타,안전운전불이행,건조,맑음,기타 - 기타,승합,남,48세,상해없음,,,,
2018091800100655,2018년 9월 18일 21시,화요일,경상남도 거제시 옥포동,경상사고,0,0,1,0,차대차 - 측면충돌,중앙선침범,건조,맑음,단일로 - 지하차도(도로)내,승용,남,65세,상해없음,화물,남,38세,경상
2018091800100674,2018년 9월 18일 22시,화요일,경상남도 양산시 덕계동,경상사고,0,0,1,0,차대차 - 추돌,안전운전불이행,건조,맑음,단일로 - 기타,승용,남,38세,경상,건설기계,남,52세,기타불명
2018091900100056,2018년 9월 19일 05시,수요일,경상남도 거제시 둔덕면,사망사고,1,0,0,0,차대사람 - 차도통행중,안전운전불이행,건조,맑음,단일로 - 기타,승합,남,70세,상해없음,보행자,여,82세,사망
2018091900100071,2018년 9월 19일 06시,수요일,경상남도 거제시 고현동,중상사고,0,1,0,0,차대차 - 기타,교차로운행방법위반,건조,맑음,교차로 - 교차로안,승용,남,73세,상해없음,이륜,남,36세,중상
2018091900100096,2018년 9월 19일 07시,수요일,경상남도 함양군 함양읍,중상사고,0,1,0,0,차대사람 - 기타,안전운전불이행,건조,맑음,단일로 - 기타,승용,여,50세,상해없음,보행자,여,75세,중상
2018091900100097,2018년 9월 19일 07시,수요일,경상남도 양산시 동면,중상사고,0,1,0,0,차대사람 - 횡단중,안전운전불이행,건조,맑음,교차로 - 교차로부근,승합,남,61세,상해없음,보행자,여,74세,중상
2018091900100098,2018년 9월 19일 07시,수요일,경상남도 김해시 진영읍,경상사고,0,0,1,0,차대차 - 측면충돌,안전운전불이행,건조,맑음,단일로 - 기타,화물,남,54세,상해없음,승용,여,28세,경상
2018091900100140,2018년 9월 19일 08시,수요일,경상남도 밀양시 내이동,경상사고,0,0,1,0,차대차 - 측면충돌,안전운전불이행,건조,맑음,교차로 - 교차로안,승용,여,34세,상해없음,이륜,남,56세,경상
2018091900100176,2018년 9월 19일 09시,수요일,경상남도 사천시 사천읍,경상사고,0,0,2,0,차대사람 - 기타,안전운전불이행,건조,맑음,교차로 - 교차로안,승용,남,57세,상해없음,보행자,남,38세,경상
2018091900100177,2018년 9월 19일 09시,수요일,경상남도 사천시 서동,경상사고,0,0,2,0,차대차 - 측면충돌,안전운전불이행,건조,맑음,교차로 - 교차로부근,승용,여,73세,상해없음,화물,남,41세,경상
2018091900100203,2018년 9월 19일 10시,수요일,경상남도 진주시 장대동,중상사고,0,1,0,0,차대사람 - 횡단중,신호위반,건조,맑음,단일로 - 기타,승합,남,52세,상해없음,보행자,여,71세,중상
2018091900100204,2018년 9월 19일 10시,수요일,경상남도 사천시 서동,경상사고,0,0,1,0,차대사람 - 기타,안전운전불이행,건조,맑음,단일로 - 기타,화물,남,61세,상해없음,보행자,남,61세,경상
2018091900100205,2018년 9월 19일 10시,수요일,경상남도 김해시 상동면,중상사고,0,1,0,1,차대차 - 정면충돌,안전운전불이행,건조,맑음,교차로 - 교차로안,건설기계,남,44세,부상신고,화물,남,60세,중상
2018091900100206,2018년 9월 19일 10시,수요일,경상남도 거창군 가조면,중상사고,0,1,0,0,차대차 - 추돌,안전운전불이행,건조,맑음,단일로 - 기타,특수,남,70세,상해없음,이륜,여,63세,중상
2018091900100207,2018년 9월 19일 10시,수요일,경상남도 산청군 신안면,경상사고,0,0,2,0,차대차 - 추돌,안전운전불이행,건조,맑음,단일로 - 기타,화물,남,62세,상해없음,화물,남,54세,경상
2018091900100231,2018년 9월 19일 11시,수요일,경상남도 거창군 거창읍,경상사고,0,0,1,0,차대차 - 추돌,안전운전불이행,건조,맑음,교차로 - 교차로부근,화물,남,53세,상해없음,승용,여,56세,경상
2018091900100232,2018년 9월 19일 11시,수요일,경상남도 창원시 성산구 불모산동,중상사고,0,1,1,0,차대차 - 추돌,안전운전불이행,건조,맑음,단일로 - 기타,화물,남,60세,상해없음,화물,남,46세,중상
2018091900100268,2018년 9월 19일 12시,수요일,경상남도 창원시 마산회원구 내서읍,중상사고,0,1,0,0,차대차 - 정면충돌,중앙선침범,건조,맑음,단일로 - 기타,승용,남,29세,상해없음,승용,여,61세,중상
2018091900100269,2018년 9월 19일 12시,수요일,경상남도 창원시 의창구 도계동,경상사고,0,0,1,0,차대차 - 측면충돌,안전거리미확보,건조,흐림,단일로 - 기타,승용,남,72세,상해없음,승용,남,43세,경상
2018091900100301,2018년 9월 19일 13시,수요일,경상남도 진주시 상대동,중상사고,0,2,4,0,차대차 - 측면충돌,교차로운행방법위반,건조,맑음,교차로 - 교차로안,승용,여,65세,경상,승용,여,49세,중상
2018091900100336,2018년 9월 19일 14시,수요일,경상남도 의령군 대의면,중상사고,0,1,0,0,차대차 - 측면충돌,안전운전불이행,건조,맑음,단일로 - 지하차도(도로)내,건설기계,남,61세,상해없음,건설기계,남,37세,중상
2018091900100366,2018년 9월 19일 15시,수요일,경상남도 김해시 내동,경상사고,0,0,1,0,차대차 - 기타,안전거리미확보,건조,맑음,교차로 - 교차로안,승용,남,52세,상해없음,승용,남,35세,상해없음
2018091900100367,2018년 9월 19일 15시,수요일,경상남도 양산시 소주동,중상사고,0,1,0,0,차대사람 - 횡단중,보행자보호의무위반,건조,흐림,교차로 - 교차로안,승용,여,35세,상해없음,보행자,여,62세,중상
2018091900100368,2018년 9월 19일 15시,수요일,경상남도 양산시 물금읍,중상사고,0,1,0,0,차대차 - 기타,중앙선침범,건조,맑음,단일로 - 기타,승합,여,63세,상해없음,승용,여,41세,중상
2018091900100369,2018년 9월 19일 15시,수요일,경상남도 양산시 중부동,경상사고,0,0,2,0,차대차 - 기타,안전운전불이행,건조,맑음,단일로 - 기타,승용,남,55세,상해없음,승용,남,36세,경상
2018091900100403,2018년 9월 19일 16시,수요일,경상남도 진주시 명석면,중상사고,0,2,0,0,차대차 - 측면충돌,교차로운행방법위반,건조,맑음,교차로 - 교차로안,승합,남,46세,상해없음,승용,남,50세,중상
2018091900100442,2018년 9월 19일 17시,수요일,경상남도 합천군 야로면,중상사고,0,1,0,0,차대차 - 측면충돌,안전운전불이행,건조,맑음,교차로 - 교차로부근,승용,남,65세,상해없음,원동기,여,34세,중상
2018091900100443,2018년 9월 19일 17시,수요일,경상남도 창녕군 영산면,부상신고사고,0,0,0,1,차대차 - 기타,안전운전불이행,건조,맑음,단일로 - 기타,이륜,남,26세,상해없음,이륜,남,78세,부상신고
2018091900100509,2018년 9월 19일 18시,수요일,경상남도 양산시 상북면,중상사고,0,1,2,0,차대차 - 기타,안전운전불이행,건조,맑음,단일로 - 기타,승용,여,44세,상해없음,승용,남,36세,경상
2018091900100510,2018년 9월 19일 18시,수요일,경상남도 함안군 칠원읍,경상사고,0,0,2,0,차대차 - 측면충돌,신호위반,건조,맑음,교차로 - 교차로안,승용,여,47세,상해없음,승용,여,42세,경상
2018091900100555,2018년 9월 19일 19시,수요일,경상남도 김해시 외동,경상사고,0,0,1,0,차대차 - 측면충돌,안전운전불이행,건조,맑음,교차로 - 교차로안,승용,남,55세,상해없음,승용,남,22세,경상
2018091900100556,2018년 9월 19일 19시,수요일,경상남도 창원시 성산구 상남동,경상사고,0,0,2,0,차대차 - 후진중충돌,안전운전불이행,건조,맑음,단일로 - 기타,승용,남,27세,상해없음,승용,여,42세,경상
2018091900100590,2018년 9월 19일 20시,수요일,경상남도 양산시 상북면,사망사고,1,0,0,0,차대사람 - 기타,안전운전불이행,기타,흐림,교차로 - 교차로안,승용,남,29세,상해없음,보행자,여,76세,사망
2018091900100631,2018년 9월 19일 21시,수요일,경상남도 김해시 이동,중상사고,0,1,0,0,차량단독 - 공작물충돌,안전운전불이행,젖음/습기,비,단일로 - 기타,이륜,여,57세,중상,,,,
2018091900100664,2018년 9월 19일 22시,수요일,경상남도 김해시 어방동,경상사고,0,0,2,0,차대사람 - 횡단중,보행자보호의무위반,젖음/습기,비,단일로 - 기타,승용,남,65세,상해없음,보행자,남,19세,경상
2018091900100693,2018년 9월 19일 23시,수요일,경상남도 양산시 중부동,중상사고,0,1,0,0,차대사람 - 기타,안전운전불이행,젖음/습기,흐림,교차로 - 교차로부근,승용,남,53세,상해없음,보행자,여,51세,중상
2018091900100694,2018년 9월 19일 23시,수요일,경상남도 거제시 아주동,경상사고,0,0,1,0,차대차 - 추돌,안전운전불이행,젖음/습기,비,교차로 - 교차로부근,승용,남,49세,상해없음,승용,남,35세,경상
2018092000100017,2018년 9월 20일 00시,목요일,경상남도 진주시 평안동,경상사고,0,0,1,0,차대사람 - 차도통행중,안전운전불이행,젖음/습기,비,단일로 - 기타,승용,남,20세,상해없음,보행자,남,32세,경상