사고번호,사고일시,요일,시군구,사고내용,사망자수,중상자수,경상자수,부상신고자수,사고유형,법규위반,노면상태,기상상태,도로형태,가해운전자 차종,가해운전자 성별,가해운전자 연령,가해운전자 상해정도,피해운전자 차종,피해운전자 성별,피해운전자 연령,피해운전자 상해정도
2018092000100027,2018년 9월 20일 01시,목요일,경상남도 김해시 주촌면,중상사고,0,1,0,0,차대차 - 추돌,안전운전불이행,건조,맑음,단일로 - 기타,승용,남,48세,상해없음,화물,남,35세,중상
2018092000100086,2018년 9월 20일 06시,목요일,경상남도 진주시 하대동,경상사고,0,0,1,0,차대차 - 기타,신호위반,젖음/습기,비,교차로 - 교차로안,승용,남,65세,상해없음,승용,남,48세,경상
2018092000100087,2018년 9월 20일 06시,목요일,경상남도 양산시 다방동,중상사고,0,2,1,0,차대차 - 기타,중앙선침범,젖음/습기,비,교차로 - 교차로부근,화물,남,61세,상해없음,승용,남,49세,중상
2018092000100088,2018년 9월 20일 06시,목요일,경상남도 김해시 대청동,중상사고,0,1,0,0,차대차 - 측면충돌,안전거리미확보,젖음/습기,비,단일로 - 기타,특수,남,54세,상해없음,승용,남,45세,중상
2018092000100111,2018년 9월 20일 07시,목요일,경상남도 창원시 진해구 석동,경상사고,0,0,1,0,차대차 - 측면충돌,신호위반,젖음/습기,흐림,교차로 - 교차로안,승용,남,49세,상해없음,승용,남,46세,경상
2018092000100112,2018년 9월 20일 07시,목요일,경상남도 거창군 마리면,중상사고,0,2,1,0,차대차 - 정면충돌,안전운전불이행,젖음/습기,비,교차로 - 교차로안,승용,남,28세,경상,승용,남,39세,중상
2018092000100156,2018년 9월 20일 08시,목요일,경상남도 창원시 마산합포구 창포동1가,중상사고,0,1,0,0,차대차 - 기타,직진우회전진행방해,건조,맑음,교차로 - 교차로안,승합,여,54세,상해없음,이륜,남,61세,중상
2018092000100157,2018년 9월 20일 08시,목요일,경상남도 창원시 진해구 여좌동,부상신고사고,0,0,0,1,차대사람 - 횡단중,보행자보호의무위반,젖음/습기,맑음,기타 - 기타,승용,여,42세,상해없음,보행자,남,44세,부상신고
2018092000100158,2018년 9월 20일 08시,목요일,경상남도 창원시 진해구 용원동,경상사고,0,0,1,0,차대차 - 추돌,안전운전불이행,건조,맑음,교차로 - 교차로부근,승용,남,46세,상해없음,승용,여,44세,경상
2018092000100159,2018년 9월 20일 08시,목요일,경상남도 김해시 봉황동,경상사고,0,0,1,0,차대차 - 기타,기타,건조,맑음,단일로 - 기타,승용,남,73세,상해없음,자전거,남,38세,경상
2018092000100160,2018년 9월 20일 08시,목요일,경상남도 양산시 산막동,경상사고,0,0,2,0,차대차 - 기타,안전운전불이행,건조,맑음,단일로 - 기타,화물,남,63세,상해없음,승용,남,25세,경상
2018092000100161,2018년 9월 20일 08시,목요일,경상남도 거제시 아주동,경상사고,0,0,1,0,차대차 - 기타,안전거리미확보,젖음/습기,비,단일로 - 터널,승용,여,51세,상해없음,승용,여,37세,경상
2018092000100162,2018년 9월 20일 08시,목요일,경상남도 창원시 의창구 명곡동,중상사고,0,1,0,0,차량단독 - 공작물충돌,안전운전불이행,젖음/습기,비,기타 - 기타,승용,남,62세,상해없음,,,,
2018092000100194,2018년 9월 20일 09시,목요일,경상남도 창원시 마산합포구 자산동,경상사고,0,0,2,1,차대차 - 기타,안전운전불이행,건조,맑음,기타 - 기타,승용,여,66세,부상신고,승용,남,58세,경상
2018092000100195,2018년 9월 20일 09시,목요일,경상남도 창원시 마산합포구 상남동,중상사고,0,1,0,0,차대차 - 기타,교차로운행방법위반,건조,맑음,교차로 - 교차로안,승용,여,37세,상해없음,승용,남,76세,중상
2018092000100196,2018년 9월 20일 09시,목요일,경상남도 양산시 동면,경상사고,0,0,1,1,차대차 - 측면충돌,안전운전불이행,젖음/습기,비,단일로 - 기타,승용,남,31세,부상신고,승합,남,52세,상해없음
2018092000100216,2018년 9월 20일 10시,목요일,경상남도 통영시 무전동,경상사고,0,0,1,0,차대차 - 측면충돌,안전운전불이행,젖음/습기,비,단일로 - 기타,화물,남,56세,상해없음,승용,남,70세,경상
2018092000100217,2018년 9월 20일 10시,목요일,경상남도 함양군 안의면,중상사고,0,1,0,0,차대사람 - 횡단중,안전운전불이행,건조,맑음,교차로 - 교차로안,승용,남,63세,상해없음,보행자,여,85세,중상
2018092000100218,2018년 9월 20일 10시,목요일,경상남도 하동군 화개면,중상사고,0,1,0,0,차대차 - 측면충돌,교차로운행방법위반,건조,맑음,교차로 - 교차로안,건설기계,남,43세,상해없음,이륜,여,64세,중상
2018092000100252,2018년 9월 20일 11시,목요일,경상남도 진주시 상대동,중상사고,0,1,0,0,차대차 - 추돌,안전운전불이행,건조,맑음,교차로 - 교차로부근,승용,여,44세,상해없음,승용,남,77세,중상
2018092000100253,2018년 9월 20일 11시,목요일,경상남도 밀양시 하남읍,경상사고,0,0,1,0,차대차 - 측면충돌,교차로운행방법위반,건조,흐림,교차로 - 교차로안,승용,남,32세,상해없음,승용,여,60세,경상
2018092000100254,2018년 9월 20일 11시,목요일,경상남도 하동군 하동읍,경상사고,0,0,1,0,차대차 - 측면충돌,교차로운행방법위반,건조,맑음,교차로 - 교차로안,이륜,남,73세,상해없음,이륜,남,35세,경상
2018092000100255,2018년 9월 20일 11시,목요일,경상남도 김해시 주촌면,경상사고,0,0,1,0,차대차 - 측면충돌,안전운전불이행,젖음/습기,비,단일로 - 기타,화물,남,58세,상해없음,승용,여,52세,경상
2018092000100290,2018년 9월 20일 12시,목요일,경상남도 거창군 거창읍,중상사고,0,1,0,0,차대차 - 후진중충돌,안전운전불이행,젖음/습기,비,단일로 - 기타,화물,남,47세,상해없음,자전거,여,61세,중상
2018092000100291,2018년 9월 20일 12시,목요일,경상남도 거제시 장평동,경상사고,0,0,1,0,차대차 - 기타,안전운전불이행,젖음/습기,비,교차로 - 교차로안,승용,남,57세,상해없음,원동기,남,28세,경상
2018092000100324,2018년 9월 20일 13시,목요일,경상남도 진주시 상평동,중상사고,0,1,1,0,차대차 - 기타,안전운전불이행,건조,맑음,단일로 - 기타,승용,남,27세,상해없음,승용,남,56세,중상
2018092000100325,2018년 9월 20일 13시,목요일,경상남도 통영시 무전동,경상사고,0,0,2,0,차대차 - 측면충돌,신호위반,젖음/습기,흐림,교차로 - 교차로안,승용,남,77세,상해없음,승용,남,47세,경상
2018092000100326,2018년 9월 20일 13시,목요일,경상남도 함안군 가야읍,중상사고,0,1,0,0,차대사람 - 횡단중,안전운전불이행,젖음/습기,비,교차로 - 교차로부근,승용,남,54세,상해없음,보행자,여,82세,중상
2018092000100327,2018년 9월 20일 13시,목요일,경상남도 김해시 대청동,경상사고,0,0,1,0,차대차 - 추돌,안전운전불이행,젖음/습기,비,단일로 - 기타,승용,남,44세,상해없음,승용,남,46세,경상
2018092000100357,2018년 9월 20일 14시,목요일,경상남도 창원시 마산합포구 신포동2가,경상사고,0,0,1,0,차대사람 - 기타,안전운전불이행,건조,맑음,단일로 - 기타,승용,남,70세,상해없음,보행자,여,66세,경상
2018092000100358,2018년 9월 20일 14시,목요일,경상남도 창원시 마산합포구 진전면,경상사고,0,0,2,0,차대차 - 기타,중앙선침범,젖음/습기,비,교차로 - 교차로부근,승합,남,74세,상해없음,승용,남,52세,상해없음
2018092000100359,2018년 9월 20일 14시,목요일,경상남도 김해시 안동,중상사고,0,1,0,0,차대사람 - 기타,안전운전불이행,건조,맑음,기타 - 기타,화물,남,63세,상해없음,보행자,여,18세,중상
2018092000100399,2018년 9월 20일 15시,목요일,경상남도 양산시 중부동,부상신고사고,0,0,0,2,차대차 - 측면충돌,안전운전불이행,젖음/습기,비,단일로 - 기타,승용,여,62세,상해없음,승용,여,36세,상해없음
2018092000100442,2018년 9월 20일 16시,목요일,경상남도 김해시 내동,경상사고,0,0,1,0,차대사람 - 기타,안전운전불이행,건조,흐림,교차로 - 교차로안,승용,남,58세,상해없음,보행자,여,63세,경상
2018092000100486,2018년 9월 20일 17시,목요일,경상남도 밀양시 용평동,경상사고,0,0,1,0,차대차 - 측면충돌,교차로운행방법위반,건조,맑음,교차로 - 교차로안,화물,남,56세,상해없음,화물,남,60세,경상
2018092000100487,2018년 9월 20일 17시,목요일,경상남도 김해시 봉황동,경상사고,0,0,2,0,차대차 - 기타,교차로운행방법위반,건조,맑음,교차로 - 교차로안,승용,여,49세,경상,이륜,남,39세,경상
2018092000100488,2018년 9월 20일 17시,목요일,경상남도 고성군 거류면,경상사고,0,0,3,0,차대차 - 추돌,안전거리미확보,젖음/습기,비,교차로 - 교차로부근,승용,남,69세,경상,승용,남,45세,경상
2018092000100539,2018년 9월 20일 18시,목요일,경상남도 진주시 하대동,중상사고,0,2,0,0,차대차 - 측면충돌,안전거리미확보,젖음/습기,비,단일로 - 기타,승용,여,23세,상해없음,승용,여,58세,중상
2018092000100540,2018년 9월 20일 18시,목요일,경상남도 사천시 사천읍,중상사고,0,1,0,0,차대사람 - 횡단중,안전운전불이행,젖음/습기,맑음,교차로 - 교차로안,승용,여,54세,상해없음,보행자,여,53세,중상
2018092000100541,2018년 9월 20일 18시,목요일,경상남도 산청군 오부면,중상사고,0,1,0,0,차대차 - 측면충돌,교차로운행방법위반,젖음/습기,비,교차로 - 교차로안,이륜,남,73세,중상,승용,남,70세,상해없음
2018092000100542,2018년 9월 20일 18시,목요일,경상남도 창원시 성산구 상남동,경상사고,0,0,1,0,차대차 - 측면충돌,안전운전불이행,건조,맑음,교차로 - 교차로안,승용,남,57세,상해없음,승용,남,24세,경상
2018092000100655,2018년 9월 20일 20시,목요일,경상남도 창원시 마산합포구 진북면,중상사고,0,1,1,0,차대차 - 추돌,과속,건조,맑음,단일로 - 기타,화물,남,58세,상해없음,이륜,남,43세,중상
2018092000100656,2018년 9월 20일 20시,목요일,경상남도 창원시 의창구 소답동,경상사고,0,0,1,0,차대사람 - 기타,안전운전불이행,건조,맑음,기타 - 기타,승용,남,23세,상해없음,보행자,남,58세,경상
2018092000100719,2018년 9월 20일 22시,목요일,경상남도 창원시 마산합포구 창동,중상사고,0,1,1,0,차대차 - 측면충돌,교차로운행방법위반,건조,맑음,교차로 - 교차로안,화물,남,60세,중상,승용,여,31세,경상
2018092000100720,2018년 9월 20일 22시,목요일,경상남도 창원시 의창구 대산면,경상사고,0,0,2,0,차대차 - 추돌,신호위반,건조,맑음,교차로 - 교차로안,승용,여,29세,경상,승용,남,32세,경상
2018092000100755,2018년 9월 20일 23시,목요일,경상남도 거제시 아주동,경상사고,0,0,1,0,차대차 - 기타,직진우회전진행방해,건조,맑음,교차로 - 교차로안,승용,남,37세,상해없음,승용,남,47세,경상
2018092100100073,2018년 9월 21일 04시,금요일,경상남도 거제시 사등면,경상사고,0,0,2,0,차대차 - 추돌,안전운전불이행,건조,맑음,단일로 - 기타,승합,남,54세,경상,승용,남,35세,경상
2018092100100089,2018년 9월 21일 05시,금요일,경상남도 진주시 봉곡동,경상사고,0,0,2,0,차대차 - 측면충돌,안전운전불이행,건조,맑음,교차로 - 교차로안,승용,남,49세,상해없음,이륜,남,60세,경상
2018092100100106,2018년 9월 21일 06시,금요일,경상남도 김해시 내동,중상사고,0,1,1,0,차대차 - 기타,교차로운행방법위반,건조,흐림,교차로 - 교차로안,승용,남,78세,상해없음,이륜,남,20세,경상
2018092100100107,2018년 9월 21일 06시,금요일,경상남도 양산시 물금읍,경상사고,0,0,1,0,차대차 - 기타,안전운전불이행,건조,맑음,교차로 - 교차로부근,승용,남,53세,상해없음,자전거,남,75세,경상
2018092100100131,2018년 9월 21일 07시,금요일,경상남도 거제시 아주동,중상사고,0,1,0,0,차대사람 - 횡단중,신호위반,건조,맑음,교차로 - 교차로안,승용,여,46세,상해없음,보행자,여,18세,중상
2018092100100165,2018년 9월 21일 08시,금요일,경상남도 창원시 마산합포구 신포동2가,경상사고,0,0,1,0,차대차 - 측면충돌,안전운전불이행,건조,맑음,교차로 - 교차로안,자전거,남,81세,경상,승용,남,54세,상해없음
2018092100100166,2018년 9월 21일 08시,금요일,경상남도 진주시 내동면,경상사고,0,0,1,0,차대차 - 측면충돌,안전거리미확보,건조,맑음,교차로 - 교차로부근,승용,남,52세,상해없음,건설기계,남,49세,경상
2018092100100167,2018년 9월 21일 08시,금요일,경상남도 합천군 용주면,경상사고,0,0,1,0,차량단독 - 도로외이탈 - 추락,안전운전불이행,젖음/습기,비,단일로 - 기타,이륜,남,81세,경상,,,,
2018092100100168,2018년 9월 21일 08시,금요일,경상남도 거제시 문동동,경상사고,0,0,1,0,차대차 - 측면충돌,안전거리미확보,건조,맑음,단일로 - 기타,화물,남,53세,상해없음,승용,여,57세,경상
2018092100100169,2018년 9월 21일 08시,금요일,경상남도 함안군 칠서면,사망사고,1,0,0,0,차대차 - 기타,안전운전불이행,젖음/습기,비,단일로 - 기타,화물,남,57세,상해없음,특수,남,51세,사망
2018092100100214,2018년 9월 21일 09시,금요일,경상남도 김해시 진영읍,경상사고,0,0,1,0,차대차 - 측면충돌,안전운전불이행,젖음/습기,비,단일로 - 기타,자전거,여,38세,경상,승용,여,31세,상해없음
2018092100100254,2018년 9월 21일 10시,금요일,경상남도 거창군 거창읍,경상사고,0,0,1,0,차량단독 - 전도전복 - 전도,안전운전불이행,젖음/습기,비,단일로 - 기타,이륜,남,54세,경상,미분류,미분류,미분류,미분류
2018092100100255,2018년 9월 21일 10시,금요일,경상남도 거제시 둔덕면,경상사고,0,0,1,0,차대차 - 측면충돌,중앙선침범,건조,맑음,단일로 - 기타,승용,여,51세,상해없음,승합,남,65세,경상
2018092100100256,2018년 9월 21일 10시,금요일,경상남도 남해군 남면,중상사고,0,1,1,0,차대차 - 측면충돌,안전운전불이행,젖음/습기,비,교차로 - 교차로안,승용,여,59세,상해없음,승용,남,53세,상해없음
2018092100100257,2018년 9월 21일 10시,금요일,경상남도 의령군 정곡면,부상신고사고,0,0,0,1,차량단독 - 기타,기타,젖음/습기,비,주차장 - 주차장,승용,여,61세,상해없음,,,,
2018092100100291,2018년 9월 21일 11시,금요일,경상남도 합천군 대양면,중상사고,0,1,0,0,차량단독 - 공작물충돌,안전운전불이행,젖음/습기,비,단일로 - 기타,승용,남,35세,중상,,,,
2018092100100292,2018년 9월 21일 11시,금요일,경상남도 양산시 물금읍,경상사고,0,0,1,0,차대차 - 측면충돌,신호위반,젖음/습기,비,교차로 - 교차로안,이륜,남,55세,상해없음,승용,남,56세,경상
2018092100100293,2018년 9월 21일 11시,금요일,경상남도 남해군 이동면,중상사고,0,1,0,0,차대사람 - 횡단중,보행자보호의무위반,젖음/습기,비,단일로 - 기타,승용,여,55세,상해없음,보행자,여,75세,중상
2018092100100331,2018년 9월 21일 12시,금요일,경상남도 거제시 고현동,경상사고,0,0,1,0,차대차 - 측면충돌,안전운전불이행,젖음/습기,비,단일로 - 기타,승용,여,60세,상해없음,승용,여,62세,경상
2018092100100372,2018년 9월 21일 13시,금요일,경상남도 창원시 의창구 북면,중상사고,0,1,1,0,차대차 - 측면충돌,안전운전불이행,젖음/습기,비,단일로 - 기타,화물,남,65세,상해없음,승합,남,47세,경상
2018092100100419,2018년 9월 21일 14시,금요일,경상남도 창원시 마산회원구 봉암동,경상사고,0,0,1,0,차대차 - 측면충돌,안전운전불이행,젖음/습기,비,단일로 - 기타,승용,여,67세,상해없음,승용,남,46세,경상
2018092100100420,2018년 9월 21일 14시,금요일,경상남도 김해시 진영읍,중상사고,0,1,0,0,차대차 - 측면충돌,신호위반,젖음/습기,비,교차로 - 교차로안,화물,남,50세,상해없음,화물,남,74세,중상
2018092100100472,2018년 9월 21일 15시,금요일,경상남도 사천시 사천읍,경상사고,0,0,1,1,차대차 - 추돌,안전운전불이행,젖음/습기,비,교차로 - 교차로부근,승용,남,57세,상해없음,승용,남,27세,부상신고
2018092100100473,2018년 9월 21일 15시,금요일,경상남도 거창군 가조면,경상사고,0,0,2,0,차대차 - 측면충돌,안전운전불이행,젖음/습기,비,교차로 - 교차로안,승용,여,37세,상해없음,화물,남,66세,경상
2018092100100474,2018년 9월 21일 15시,금요일,경상남도 양산시 중부동,중상사고,0,1,0,0,차대차 - 추돌,안전운전불이행,건조,맑음,단일로 - 기타,화물,남,50세,상해없음,승용,여,45세,중상
2018092100100524,2018년 9월 21일 16시,금요일,경상남도 진주시 망경동,중상사고,0,1,0,0,차대사람 - 차도통행중,안전운전불이행,젖음/습기,흐림,교차로 - 교차로안,승용,여,38세,상해없음,보행자,여,75세,중상
2018092100100525,2018년 9월 21일 16시,금요일,경상남도 고성군 동해면,중상사고,0,1,0,0,차대차 - 측면충돌,과속,젖음/습기,비,교차로 - 교차로안,승용,남,77세,상해없음,승용,여,51세,중상
2018092100100526,2018년 9월 21일 16시,금요일,경상남도 거제시 장승포동,경상사고,0,0,1,0,차대차 - 기타,안전운전불이행,젖음/습기,비,단일로 - 기타,이륜,남,27세,경상,승용,여,51세,상해없음
2018092100100580,2018년 9월 21일 17시,금요일,경상남도 고성군 마암면,경상사고,0,0,2,0,차대차 - 추돌,안전거리미확보,젖음/습기,비,단일로 - 기타,화물,남,50세,상해없음,승용,남,28세,경상
2018092100100638,2018년 9월 21일 18시,금요일,경상남도 김해시 동상동,중상사고,0,1,0,0,차대사람 - 횡단중,보행자보호의무위반,젖음/습기,흐림,교차로 - 교차로횡단보도내,이륜,남,51세,상해없음,보행자,여,57세,중상
2018092100100688,2018년 9월 21일 19시,금요일,경상남도 창원시 마산합포구 진동면,경상사고,0,0,1,0,차대사람 - 차도통행중,안전운전불이행,건조,맑음,단일로 - 기타,화물,남,49세,상해없음,보행자,여,62세,경상
2018092100100689,2018년 9월 21일 19시,금요일,경상남도 진주시 이현동,사망사고,1,0,0,0,차대사람 - 횡단중,보행자보호의무위반,건조,맑음,교차로 - 교차로횡단보도내,화물,남,53세,상해없음,보행자,남,45세,사망
2018092100100691,2018년 9월 21일 19시,금요일,경상남도 함양군 안의면,경상사고,0,0,4,2,차대차 - 기타,안전운전불이행,젖음/습기,흐림,단일로 - 기타,화물,남,52세,부상신고,농기계,남,71세,경상
2018092100100692,2018년 9월 21일 19시,금요일,경상남도 창원시 성산구 상남동,중상사고,0,1,0,0,차대사람 - 횡단중,안전운전불이행,건조,맑음,교차로 - 교차로안,승용,여,40세,상해없음,보행자,여,27세,중상
2018092100100741,2018년 9월 21일 20시,금요일,경상남도 김해시 외동,경상사고,0,0,1,0,차대차 - 기타,안전운전불이행,젖음/습기,흐림,교차로 - 교차로안,화물,남,47세,상해없음,이륜,남,37세,경상
2018092100100742,2018년 9월 21일 20시,금요일,경상남도 거제시 고현동,중상사고,0,1,0,0,차대사람 - 기타,안전운전불이행,건조,맑음,교차로 - 교차로부근,승용,여,37세,상해없음,보행자,여,54세,중상
2018092100100743,2018년 9월 21일 20시,금요일,경상남도 창원시 의창구 대원동,경상사고,0,0,1,0,차대차 - 측면충돌,안전운전불이행,건조,맑음,단일로 - 기타,승용,남,57세,상해없음,승합,남,44세,경상
2018092100100798,2018년 9월 21일 21시,금요일,경상남도 김해시 외동,경상사고,0,0,1,0,차대차 - 기타,안전거리미확보,젖음/습기,흐림,단일로 - 기타,승용,남,35세,상해없음,이륜,남,41세,경상
2018092100100799,2018년 9월 21일 21시,금요일,경상남도 의령군 유곡면,중상사고,0,1,0,0,차량단독 - 공작물충돌,기타,젖음/습기,흐림,미분류 - 미분류,이륜,남,57세,중상,,,,
2018092100100855,2018년 9월 21일 23시,금요일,경상남도 김해시 부곡동,경상사고,0,0,1,0,차대차 - 추돌,안전운전불이행,건조,맑음,단일로 - 기타,승용,여,45세,상해없음,승용,남,51세,경상
2018092200100019,2018년 9월 22일 00시,토요일,경상남도 창원시 의창구 도계동,중상사고,0,2,0,0,차대사람 - 보도통행중,안전운전불이행,건조,맑음,교차로 - 교차로안,승용,여,33세,상해없음,보행자,여,42세,중상
2018092200100065,2018년 9월 22일 03시,토요일,경상남도 창원시 마산회원구 석전동,경상사고,0,0,1,0,차대사람 - 횡단중,안전운전불이행,건조,맑음,교차로 - 교차로안,화물,남,62세,상해없음,보행자,남,49세,경상
2018092200100085,2018년 9월 22일 04시,토요일,경상남도 김해시 진영읍,중상사고,0,1,1,0,차대차 - 측면충돌,신호위반,젖음/습기,흐림,교차로 - 교차로안,승용,여,45세,중상,승용,남,33세,경상
2018092200100100,2018년 9월 22일 05시,토요일,경상남도 창원시 마산회원구 석전동,중상사고,0,1,0,0,차대차 - 추돌,안전운전불이행,젖음/습기,흐림,단일로 - 기타,승용,남,26세,상해없음,승용,남,54세,중상
2018092200100118,2018년 9월 22일 06시,토요일,경상남도 사천시 동금동,중상사고,0,1,0,0,차대차 - 측면충돌,안전운전불이행,건조,맑음,교차로 - 교차로안,화물,남,70세,상해없음,자전거,여,61세,중상
2018092200100129,2018년 9월 22일 07시,토요일,경상남도 김해시 진영읍,경상사고,0,0,1,0,차대차 - 측면충돌,안전운전불이행,건조,맑음,단일로 - 기타,화물,남,56세,상해없음,승용,남,52세,경상
2018092200100168,2018년 9월 22일 09시,토요일,경상남도 양산시 덕계동,부상신고사고,0,0,0,2,차대차 - 기타,교차로운행방법위반,건조,맑음,교차로 - 교차로안,승용,남,71세,상해없음,승합,남,46세,상해없음
2018092200100169,2018년 9월 22일 09시,토요일,경상남도 함안군 법수면,중상사고,0,1,0,0,차대차 - 측면충돌,신호위반,건조,맑음,교차로 - 교차로안,승용,남,34세,상해없음,승용,남,51세,상해없음
2018092200100202,2018년 9월 22일 10시,토요일,경상남도 진주시 하대동,중상사고,0,1,0,0,차대차 - 정면충돌,안전운전불이행,건조,맑음,교차로 - 교차로안,승용,남,68세,상해없음,이륜,남,70세,중상
2018092200100203,2018년 9월 22일 10시,토요일,경상남도 사천시 사남면,경상사고,0,0,2,0,차대차 - 추돌,안전운전불이행,건조,맑음,교차로 - 교차로부근,승합,남,51세,상해없음,승용,남,47세,경상
2018092200100204,2018년 9월 22일 10시,토요일,경상남도 창녕군 창녕읍,경상사고,0,0,1,0,차대차 - 정면충돌,중앙선침범,건조,맑음,단일로 - 기타,승용,여,51세,상해없음,이륜,남,81세,경상
2018092200100246,2018년 9월 22일 11시,토요일,경상남도 사천시 서동,경상사고,0,0,1,0,차대차 - 기타,교차로운행방법위반,건조,맑음,교차로 - 교차로안,화물,남,70세,상해없음,이륜,남,54세,경상
2018092200100247,2018년 9월 22일 11시,토요일,경상남도 창녕군 계성면,경상사고,0,0,1,0,차대사람 - 기타,안전운전불이행,건조,맑음,단일로 - 기타,승용,남,53세,상해없음,보행자,남,44세,경상
2018092200100248,2018년 9월 22일 11시,토요일,경상남도 창원시 의창구 팔용동,경상사고,0,0,1,0,차대차 - 기타,안전운전불이행,건조,맑음,단일로 - 기타,승용,남,47세,상해없음,원동기,남,51세,경상
2018092200100282,2018년 9월 22일 12시,토요일,경상남도 창원시 의창구 봉곡동,경상사고,0,0,1,0,차대차 - 기타,안전운전불이행,건조,맑음,단일로 - 기타,승용,남,67세,상해없음,승용,남,44세,경상
2018092200100331,2018년 9월 22일 13시,토요일,경상남도 통영시 무전동,중상사고,0,1,0,0,차대사람 - 횡단중,보행자보호의무위반,건조,맑음,단일로 - 기타,승용,남,34세,상해없음,보행자,남,71세,중상
2018092200100393,2018년 9월 22일 15시,토요일,경상남도 김해시 대동면,경상사고,0,0,1,0,차대차 - 추돌,안전운전불이행,건조,맑음,단일로 - 기타,승용,남,56세,상해없음,승용,남,23세,경상
2018092200100409,2018년 9월 22일 15시,토요일,경상남도 사천시 동금동,중상사고,0,1,0,0,차대차 - 후진중충돌,안전운전불이행,건조,맑음,단일로 - 기타,승용,남,83세,상해없음,이륜,남,61세,중상
2018092200100410,2018년 9월 22일 15시,토요일,경상남도 김해시 진례면,중상사고,0,1,0,0,차대사람 - 횡단중,보행자보호의무위반,건조,맑음,교차로 - 교차로안,승용,남,76세,상해없음,보행자,여,24세,중상
2018092200100411,2018년 9월 22일 15시,토요일,경상남도 김해시 신문동,경상사고,0,0,2,0,차대차 - 측면충돌,교차로운행방법위반,건조,맑음,교차로 - 교차로안,화물,남,60세,상해없음,승용,남,44세,경상
2018092200100458,2018년 9월 22일 16시,토요일,경상남도 통영시 도산면,부상신고사고,0,0,0,1,차량단독 - 전도전복 - 전도,안전운전불이행,건조,맑음,교차로 - 교차로부근,이륜,남,73세,부상신고,미분류,미분류,미분류,미분류
2018092200100459,2018년 9월 22일 16시,토요일,경상남도 거창군 거창읍,경상사고,0,0,1,0,차대차 - 후진중충돌,안전운전불이행,건조,맑음,단일로 - 기타,화물,남,58세,상해없음,승용,남,34세,경상
2018092200100460,2018년 9월 22일 16시,토요일,경상남도 합천군 합천읍,중상사고,0,1,0,0,차대사람 - 기타,안전운전불이행,건조,맑음,기타 - 기타,승용,남,78세,상해없음,보행자,남,57세,중상
2018092200100461,2018년 9월 22일 16시,토요일,경상남도 하동군 화개면,경상사고,0,0,2,0,차대차 - 측면충돌,중앙선침범,건조,맑음,교차로 - 교차로부근,승용,남,42세,상해없음,승용,여,55세,경상
2018092200100462,2018년 9월 22일 16시,토요일,경상남도 김해시 진영읍,중상사고,0,2,0,0,차대차 - 추돌,안전거리미확보,건조,맑음,교차로 - 교차로부근,승용,남,33세,상해없음,화물,남,49세,중상
2018092200100515,2018년 9월 22일 17시,토요일,경상남도 사천시 실안동,경상사고,0,0,1,0,차량단독 - 도로외이탈 - 기타,안전운전불이행,건조,맑음,단일로 - 기타,승용,남,65세,경상,,,,
2018092200100555,2018년 9월 22일 18시,토요일,경상남도 사천시 곤명면,중상사고,0,1,0,0,차대차 - 기타,안전운전불이행,건조,맑음,단일로 - 기타,농기계,남,81세,중상,화물,남,62세,상해없음
2018092200100556,2018년 9월 22일 18시,토요일,경상남도 김해시 부원동,부상신고사고,0,0,0,1,차대차 - 측면충돌,신호위반,건조,맑음,교차로 - 교차로안,승용,남,18세,상해없음,승용,남,60세,부상신고
2018092200100557,2018년 9월 22일 18시,토요일,경상남도 남해군 창선면,중상사고,0,2,1,0,차대차 - 측면충돌,안전운전불이행,건조,흐림,단일로 - 기타,화물,남,57세,상해없음,승용,남,39세,경상
2018092200100558,2018년 9월 22일 18시,토요일,경상남도 김해시 화목동,중상사고,0,1,0,0,차대차 - 정면충돌,교차로운행방법위반,건조,맑음,교차로 - 교차로안,원동기,남,15세,중상,화물,남,39세,상해없음
2018092200100559,2018년 9월 22일 18시,토요일,경상남도 김해시 율하동,경상사고,0,0,1,1,차대차 - 측면충돌,중앙선침범,건조,맑음,단일로 - 기타,자전거,남,14세,부상신고,이륜,남,17세,경상
2018092200100615,2018년 9월 22일 19시,토요일,경상남도 사천시 용현면,경상사고,0,0,1,0,차대차 - 측면충돌,신호위반,건조,맑음,교차로 - 교차로안,기타불명,기타불명,미분류,기타불명,승합,남,55세,상해없음
2018092200100616,2018년 9월 22일 19시,토요일,경상남도 김해시 내동,경상사고,0,0,1,0,차대사람 - 횡단중,교차로운행방법위반,건조,맑음,교차로 - 교차로안,승용,남,22세,상해없음,보행자,남,61세,경상
2018092200100617,2018년 9월 22일 19시,토요일,경상남도 거제시 문동동,중상사고,0,1,0,0,차대차 - 기타,직진우회전진행방해,건조,맑음,교차로 - 교차로안,승용,남,51세,상해없음,이륜,남,57세,중상
2018092200100645,2018년 9월 22일 20시,토요일,경상남도 김해시 어방동,중상사고,0,1,0,0,차대차 - 측면충돌,안전운전불이행,건조,맑음,교차로 - 교차로안,이륜,남,31세,중상,승용,남,60세,상해없음
2018092200100646,2018년 9월 22일 20시,토요일,경상남도 양산시 명동,경상사고,0,0,2,0,차대차 - 추돌,안전거리미확보,건조,맑음,교차로 - 교차로부근,승용,남,52세,상해없음,승용,남,42세,경상