사고번호,사고일시,요일,시군구,사고내용,사망자수,중상자수,경상자수,부상신고자수,사고유형,법규위반,노면상태,기상상태,도로형태,가해운전자 차종,가해운전자 성별,가해운전자 연령,가해운전자 상해정도,피해운전자 차종,피해운전자 성별,피해운전자 연령,피해운전자 상해정도
2018092200100675,2018년 9월 22일 21시,토요일,경상남도 양산시 삼호동,경상사고,0,0,1,0,차대차 - 측면충돌,안전운전불이행,건조,맑음,교차로 - 교차로안,화물,남,61세,상해없음,이륜,남,54세,경상
2018092200100696,2018년 9월 22일 22시,토요일,경상남도 창원시 마산합포구 오동동,경상사고,0,0,1,0,차대사람 - 길가장자리구역통행중,안전운전불이행,건조,맑음,단일로 - 기타,승용,여,59세,상해없음,보행자,남,61세,경상
2018092200100697,2018년 9월 22일 22시,토요일,경상남도 창원시 마산합포구 서성동,경상사고,0,0,1,1,차대차 - 추돌,안전운전불이행,건조,맑음,단일로 - 기타,승용,남,32세,상해없음,승용,여,26세,경상
2018092200100698,2018년 9월 22일 22시,토요일,경상남도 창원시 성산구 상남동,경상사고,0,0,1,0,차대사람 - 차도통행중,안전운전불이행,건조,맑음,단일로 - 기타,승용,남,35세,상해없음,보행자,여,21세,경상
2018092200100699,2018년 9월 22일 22시,토요일,경상남도 창원시 마산회원구 석전동,경상사고,0,0,3,0,차대차 - 측면충돌,신호위반,건조,맑음,교차로 - 교차로부근,승용,여,30세,상해없음,승용,남,35세,경상
2018092200100700,2018년 9월 22일 22시,토요일,경상남도 창원시 의창구 봉곡동,중상사고,0,1,0,0,차대차 - 기타,안전운전불이행,건조,맑음,교차로 - 교차로안,승용,남,48세,상해없음,승용,남,39세,중상
2018092200100721,2018년 9월 22일 23시,토요일,경상남도 창원시 마산합포구 월남동3가,중상사고,0,1,2,0,차대차 - 추돌,안전운전불이행,건조,흐림,교차로 - 교차로부근,승용,남,31세,중상,승용,남,62세,경상
2018092200100722,2018년 9월 22일 23시,토요일,경상남도 사천시 사천읍,중상사고,0,1,0,0,차대차 - 추돌,안전운전불이행,건조,맑음,교차로 - 교차로부근,기타불명,기타불명,미분류,기타불명,이륜,여,50세,중상
2018092200100723,2018년 9월 22일 23시,토요일,경상남도 창원시 성산구 신촌동,중상사고,0,1,0,0,차대사람 - 횡단중,보행자보호의무위반,건조,맑음,교차로 - 교차로횡단보도내,이륜,남,31세,상해없음,보행자,여,59세,중상
2018092300100009,2018년 9월 23일 00시,일요일,경상남도 김해시 삼계동,경상사고,0,0,5,0,차대차 - 측면충돌,교차로운행방법위반,건조,맑음,교차로 - 교차로안,승용,남,48세,상해없음,승용,남,46세,경상
2018092300100040,2018년 9월 23일 03시,일요일,경상남도 통영시 미수동,중상사고,0,2,1,0,차대차 - 추돌,안전운전불이행,건조,맑음,단일로 - 기타,승용,남,29세,상해없음,승용,남,53세,경상
2018092300100049,2018년 9월 23일 04시,일요일,경상남도 밀양시 내이동,부상신고사고,0,0,0,1,차대차 - 측면충돌,신호위반,건조,흐림,교차로 - 교차로안,승용,남,20세,상해없음,승용,남,22세,부상신고
2018092300100072,2018년 9월 23일 06시,일요일,경상남도 사천시 사천읍,경상사고,0,0,1,0,차대차 - 측면충돌,안전거리미확보,건조,맑음,단일로 - 기타,승용,남,58세,기타불명,승용,여,36세,경상
2018092300100099,2018년 9월 23일 09시,일요일,경상남도 밀양시 초동면,중상사고,0,1,0,0,차대차 - 추돌,과속,건조,맑음,단일로 - 기타,승용,남,69세,상해없음,자전거,남,20세,중상
2018092300100119,2018년 9월 23일 10시,일요일,경상남도 김해시 구산동,경상사고,0,0,4,0,차대차 - 측면충돌,안전운전불이행,건조,맑음,교차로 - 교차로안,승용,남,57세,상해없음,승용,남,52세,경상
2018092300100120,2018년 9월 23일 10시,일요일,경상남도 하동군 하동읍,중상사고,0,1,0,0,차대차 - 추돌,교차로운행방법위반,건조,맑음,교차로 - 교차로안,승용,여,31세,상해없음,원동기,남,69세,중상
2018092300100145,2018년 9월 23일 11시,일요일,경상남도 밀양시 내이동,경상사고,0,0,1,0,차대차 - 측면충돌,안전운전불이행,건조,맑음,단일로 - 기타,이륜,남,61세,상해없음,자전거,남,82세,경상
2018092300100169,2018년 9월 23일 12시,일요일,경상남도 통영시 북신동,경상사고,0,0,1,0,차대사람 - 길가장자리구역통행중,안전운전불이행,건조,맑음,단일로 - 기타,승합,여,43세,상해없음,보행자,남,46세,경상
2018092300100170,2018년 9월 23일 12시,일요일,경상남도 통영시 미수동,경상사고,0,0,1,0,차대차 - 추돌,안전거리미확보,건조,맑음,단일로 - 기타,승합,남,61세,상해없음,승용,남,45세,경상
2018092300100182,2018년 9월 23일 13시,일요일,경상남도 창원시 마산합포구 해운동,경상사고,0,0,1,0,차대차 - 추돌,안전거리미확보,건조,맑음,교차로 - 교차로안,승용,남,21세,상해없음,승용,여,53세,경상
2018092300100253,2018년 9월 23일 15시,일요일,경상남도 창원시 마산합포구 신포동1가,경상사고,0,0,1,0,차대차 - 측면충돌,안전운전불이행,건조,맑음,교차로 - 교차로안,승용,남,54세,상해없음,승용,여,48세,경상
2018092300100254,2018년 9월 23일 15시,일요일,경상남도 거제시 옥포동,중상사고,0,1,0,0,차대차 - 측면충돌,교차로운행방법위반,건조,맑음,교차로 - 교차로안,승용,여,56세,상해없음,이륜,남,54세,중상
2018092300100290,2018년 9월 23일 16시,일요일,경상남도 거제시 상동동,경상사고,0,0,4,0,차대차 - 기타,안전운전불이행,건조,맑음,단일로 - 기타,승용,남,38세,상해없음,승용,남,43세,경상
2018092300100328,2018년 9월 23일 17시,일요일,경상남도 창원시 마산합포구 현동,중상사고,0,1,0,0,차대차 - 추돌,안전운전불이행,건조,맑음,단일로 - 기타,승용,남,38세,상해없음,승용,남,63세,중상
2018092300100329,2018년 9월 23일 17시,일요일,경상남도 통영시 도천동,경상사고,0,0,2,0,차대차 - 추돌,안전운전불이행,건조,맑음,교차로 - 교차로부근,이륜,남,58세,상해없음,승합,남,34세,경상
2018092300100330,2018년 9월 23일 17시,일요일,경상남도 사천시 동금동,중상사고,0,1,4,1,차대차 - 측면충돌,안전운전불이행,건조,맑음,교차로 - 교차로안,승용,남,44세,경상,승용,남,61세,경상
2018092300100331,2018년 9월 23일 17시,일요일,경상남도 창원시 의창구 신월동,부상신고사고,0,0,0,1,차대차 - 측면충돌,안전운전불이행,건조,맑음,교차로 - 교차로부근,승용,남,45세,상해없음,자전거,남,7세,부상신고
2018092300100332,2018년 9월 23일 17시,일요일,경상남도 창원시 의창구 중동,경상사고,0,0,1,0,차대차 - 측면충돌,신호위반,건조,맑음,교차로 - 교차로부근,승용,여,69세,상해없음,승용,여,24세,경상
2018092300100359,2018년 9월 23일 18시,일요일,경상남도 거제시 장목면,경상사고,0,0,4,0,차대차 - 측면충돌,신호위반,건조,맑음,단일로 - 교량,승용,남,57세,상해없음,승용,남,39세,경상
2018092300100360,2018년 9월 23일 18시,일요일,경상남도 창원시 성산구 중앙동,경상사고,0,0,1,0,차대사람 - 횡단중,보행자보호의무위반,건조,맑음,교차로 - 교차로횡단보도내,승용,남,49세,상해없음,보행자,여,62세,경상
2018092300100387,2018년 9월 23일 19시,일요일,경상남도 통영시 도천동,경상사고,0,0,1,0,차대차 - 측면충돌,신호위반,건조,맑음,교차로 - 교차로안,이륜,남,38세,경상,승용,여,27세,상해없음
2018092300100404,2018년 9월 23일 20시,일요일,경상남도 김해시 어방동,경상사고,0,0,1,0,차대차 - 측면충돌,차로위반,건조,맑음,단일로 - 기타,승용,남,59세,상해없음,승용,남,24세,경상
2018092300100405,2018년 9월 23일 20시,일요일,경상남도 함양군 함양읍,중상사고,0,4,0,0,차대차 - 측면충돌,신호위반,건조,맑음,교차로 - 교차로안,승용,남,20세,상해없음,승용,남,20세,중상
2018092300100427,2018년 9월 23일 21시,일요일,경상남도 사천시 용현면,경상사고,0,0,1,0,차대사람 - 기타,안전운전불이행,건조,맑음,단일로 - 기타,승용,남,22세,상해없음,보행자,남,5세,경상
2018092300100428,2018년 9월 23일 21시,일요일,경상남도 거창군 거창읍,경상사고,0,0,1,0,차대사람 - 차도통행중,안전운전불이행,건조,맑음,단일로 - 기타,화물,남,45세,상해없음,보행자,남,26세,경상
2018092300100429,2018년 9월 23일 21시,일요일,경상남도 하동군 하동읍,중상사고,0,1,0,0,차대차 - 측면충돌,교차로운행방법위반,건조,맑음,교차로 - 교차로안,승용,남,62세,상해없음,이륜,남,20세,중상
2018092300100430,2018년 9월 23일 21시,일요일,경상남도 창원시 마산회원구 합성동,경상사고,0,0,1,0,차대사람 - 차도통행중,안전운전불이행,건조,맑음,단일로 - 기타,승합,남,56세,상해없음,보행자,남,30세,경상
2018092400100005,2018년 9월 24일 00시,월요일,경상남도 양산시 북정동,경상사고,0,0,2,0,차대차 - 측면충돌,교차로운행방법위반,건조,맑음,교차로 - 교차로안,승용,남,49세,경상,승용,남,39세,경상
2018092400100006,2018년 9월 24일 00시,월요일,경상남도 진주시 명석면,경상사고,0,0,2,0,차대차 - 추돌,안전운전불이행,건조,맑음,단일로 - 기타,승용,남,28세,경상,승용,남,48세,상해없음
2018092400100023,2018년 9월 24일 02시,월요일,경상남도 사천시 벌리동,경상사고,0,0,1,2,차대차 - 측면충돌,직진우회전진행방해,건조,맑음,교차로 - 교차로안,승용,남,27세,상해없음,승용,남,68세,경상
2018092400100024,2018년 9월 24일 02시,월요일,경상남도 거창군 거창읍,경상사고,0,0,1,0,차량단독 - 전도전복 - 전도,안전운전불이행,건조,맑음,단일로 - 기타,이륜,남,27세,경상,미분류,미분류,미분류,미분류
2018092400100030,2018년 9월 24일 03시,월요일,경상남도 창원시 성산구 상남동,경상사고,0,0,1,0,차대사람 - 차도통행중,안전운전불이행,건조,맑음,단일로 - 기타,승용,남,35세,상해없음,보행자,남,27세,경상
2018092400100044,2018년 9월 24일 05시,월요일,경상남도 사천시 선구동,중상사고,0,1,0,0,차대사람 - 횡단중,보행자보호의무위반,건조,흐림,교차로 - 교차로횡단보도내,승용,남,28세,상해없음,보행자,여,79세,중상
2018092400100051,2018년 9월 24일 07시,월요일,경상남도 창원시 의창구 팔용동,경상사고,0,0,5,0,차대차 - 추돌,안전거리미확보,건조,맑음,단일로 - 기타,승용,남,39세,상해없음,승용,여,33세,경상
2018092400100056,2018년 9월 24일 08시,월요일,경상남도 사천시 사천읍,중상사고,0,3,0,0,차대차 - 측면충돌,안전운전불이행,건조,맑음,교차로 - 교차로부근,승용,여,32세,상해없음,승용,남,55세,상해없음
2018092400100057,2018년 9월 24일 08시,월요일,경상남도 함양군 유림면,경상사고,0,0,1,0,차대차 - 측면충돌,안전운전불이행,건조,맑음,교차로 - 교차로안,승용,남,28세,상해없음,승용,여,35세,경상
2018092400100065,2018년 9월 24일 09시,월요일,경상남도 양산시 물금읍,경상사고,0,0,2,1,차대차 - 측면충돌,안전운전불이행,건조,맑음,단일로 - 기타,승용,여,41세,상해없음,승용,여,44세,경상
2018092400100084,2018년 9월 24일 10시,월요일,경상남도 사천시 동금동,경상사고,0,0,2,0,차대차 - 측면충돌,신호위반,건조,맑음,교차로 - 교차로안,승용,남,40세,상해없음,화물,남,77세,경상
2018092400100085,2018년 9월 24일 10시,월요일,경상남도 양산시 상북면,중상사고,0,1,0,0,차대사람 - 기타,안전운전불이행,건조,맑음,단일로 - 기타,승용,남,53세,상해없음,보행자,남,62세,중상
2018092400100176,2018년 9월 24일 13시,월요일,경상남도 창녕군 창녕읍,경상사고,0,0,2,0,차대차 - 추돌,안전운전불이행,건조,맑음,교차로 - 교차로부근,승용,남,69세,상해없음,이륜,남,69세,경상
2018092400100205,2018년 9월 24일 14시,월요일,경상남도 남해군 설천면,경상사고,0,0,2,0,차대차 - 측면충돌,안전운전불이행,건조,맑음,교차로 - 교차로안,승용,여,51세,상해없음,승용,여,31세,경상
2018092400100241,2018년 9월 24일 15시,월요일,경상남도 김해시 구산동,중상사고,0,3,0,0,차대차 - 추돌,신호위반,건조,맑음,교차로 - 교차로횡단보도내,승합,남,36세,상해없음,승용,남,59세,중상
2018092400100242,2018년 9월 24일 15시,월요일,경상남도 거창군 거창읍,중상사고,0,2,0,0,차대차 - 후진중충돌,안전운전불이행,건조,맑음,단일로 - 기타,승용,남,51세,상해없음,승용,여,42세,중상
2018092400100332,2018년 9월 24일 18시,월요일,경상남도 산청군 산청읍,중상사고,0,1,0,0,차량단독 - 도로외이탈 - 추락,안전운전불이행,건조,맑음,단일로 - 기타,승용,남,56세,중상,,,,
2018092400100348,2018년 9월 24일 19시,월요일,경상남도 창원시 마산합포구 진전면,경상사고,0,0,1,0,차대차 - 측면충돌,중앙선침범,건조,흐림,단일로 - 기타,승용,남,57세,상해없음,승용,남,51세,경상
2018092400100349,2018년 9월 24일 19시,월요일,경상남도 사천시 벌리동,중상사고,0,1,0,0,차대사람 - 횡단중,안전운전불이행,건조,맑음,단일로 - 기타,승용,여,52세,상해없음,보행자,남,40세,중상
2018092400100350,2018년 9월 24일 19시,월요일,경상남도 거창군 가조면,경상사고,0,0,1,0,차대차 - 기타,안전운전불이행,건조,맑음,교차로 - 교차로안,승용,남,50세,경상,승용,여,41세,상해없음
2018092400100351,2018년 9월 24일 19시,월요일,경상남도 의령군 봉수면,중상사고,0,1,0,0,차대사람 - 차도통행중,안전운전불이행,건조,맑음,미분류 - 미분류,승용,여,43세,상해없음,보행자,남,52세,중상
2018092400100376,2018년 9월 24일 20시,월요일,경상남도 창원시 마산합포구 구산면,경상사고,0,0,3,0,차대차 - 정면충돌,안전운전불이행,건조,흐림,교차로 - 교차로안,승용,남,54세,상해없음,승용,남,56세,경상
2018092400100396,2018년 9월 24일 21시,월요일,경상남도 거제시 장목면,중상사고,0,1,0,0,차량단독 - 기타,안전운전불이행,건조,맑음,단일로 - 기타,기타불명,남,56세,중상,,,,
2018092400100434,2018년 9월 24일 23시,월요일,경상남도 창원시 마산합포구 신포동2가,경상사고,0,0,1,0,차량단독 - 공작물충돌,안전운전불이행,건조,흐림,단일로 - 기타,이륜,남,37세,경상,,,,
2018092400100435,2018년 9월 24일 23시,월요일,경상남도 진주시 상평동,경상사고,0,0,1,0,차대차 - 측면충돌,신호위반,건조,맑음,교차로 - 교차로안,승용,남,66세,상해없음,승용,남,30세,경상
2018092400100436,2018년 9월 24일 23시,월요일,경상남도 창원시 진해구 여좌동,경상사고,0,0,1,0,차대차 - 추돌,안전운전불이행,건조,맑음,교차로 - 교차로부근,이륜,남,52세,경상,승용,남,29세,상해없음
2018092500100007,2018년 9월 25일 00시,화요일,경상남도 통영시 항남동,경상사고,0,0,1,0,차대사람 - 횡단중,보행자보호의무위반,건조,맑음,교차로 - 교차로안,승용,여,37세,상해없음,보행자,여,37세,경상
2018092500100008,2018년 9월 25일 00시,화요일,경상남도 창원시 의창구 대산면,경상사고,0,0,4,0,차대차 - 추돌,안전운전불이행,건조,맑음,단일로 - 기타,화물,남,30세,상해없음,승용,남,46세,경상
2018092500100107,2018년 9월 25일 10시,화요일,경상남도 통영시 도남동,경상사고,0,0,1,0,차대사람 - 횡단중,보행자보호의무위반,건조,맑음,단일로 - 기타,승용,남,54세,상해없음,보행자,남,17세,경상
2018092500100108,2018년 9월 25일 10시,화요일,경상남도 창원시 의창구 소계동,경상사고,0,0,2,0,차대차 - 측면충돌,안전운전불이행,건조,맑음,단일로 - 기타,승용,남,72세,상해없음,승용,남,62세,경상
2018092500100130,2018년 9월 25일 11시,화요일,경상남도 사천시 동동,중상사고,0,1,1,0,차대차 - 측면충돌,직진우회전진행방해,건조,맑음,교차로 - 교차로안,승용,여,51세,경상,승합,남,55세,상해없음
2018092500100131,2018년 9월 25일 11시,화요일,경상남도 고성군 상리면,경상사고,0,0,1,0,차대차 - 측면충돌,안전운전불이행,건조,맑음,교차로 - 교차로부근,이륜,남,52세,상해없음,승합,남,52세,상해없음
2018092500100132,2018년 9월 25일 11시,화요일,경상남도 거제시 둔덕면,중상사고,0,1,1,0,차대차 - 측면충돌,안전운전불이행,건조,맑음,단일로 - 기타,승용,남,63세,상해없음,승합,남,53세,경상
2018092500100133,2018년 9월 25일 11시,화요일,경상남도 산청군 신등면,경상사고,0,0,2,2,차대차 - 측면충돌,신호위반,건조,맑음,교차로 - 교차로안,승용,여,52세,상해없음,승용,남,64세,경상
2018092500100134,2018년 9월 25일 11시,화요일,경상남도 의령군 의령읍,경상사고,0,0,2,0,차대차 - 정면충돌,안전운전불이행,건조,맑음,교차로 - 교차로안,승용,남,75세,상해없음,승용,남,59세,경상
2018092500100165,2018년 9월 25일 12시,화요일,경상남도 창원시 마산합포구 진북면,경상사고,0,0,2,0,차대차 - 측면충돌,교차로운행방법위반,건조,맑음,교차로 - 교차로안,승용,남,37세,경상,승용,남,60세,상해없음
2018092500100166,2018년 9월 25일 12시,화요일,경상남도 창원시 마산합포구 동성동,중상사고,0,2,0,0,차대차 - 기타,중앙선침범,건조,맑음,기타 - 기타,승용,남,23세,상해없음,이륜,남,58세,중상
2018092500100167,2018년 9월 25일 12시,화요일,경상남도 밀양시 삼문동,경상사고,0,0,1,0,차대차 - 측면충돌,안전운전불이행,건조,맑음,단일로 - 기타,승용,남,60세,상해없음,이륜,남,51세,경상
2018092500100168,2018년 9월 25일 12시,화요일,경상남도 의령군 의령읍,부상신고사고,0,0,0,1,차대사람 - 횡단중,안전운전불이행,건조,맑음,교차로 - 교차로안,승용,남,84세,상해없음,보행자,남,23세,부상신고
2018092500100193,2018년 9월 25일 13시,화요일,경상남도 통영시 미수동,경상사고,0,0,2,0,차대차 - 추돌,안전거리미확보,건조,맑음,단일로 - 교량,승용,여,41세,상해없음,승용,여,34세,경상
2018092500100282,2018년 9월 25일 16시,화요일,경상남도 김해시 어방동,중상사고,0,1,0,0,차대사람 - 횡단중,보행자보호의무위반,건조,맑음,교차로 - 교차로횡단보도내,승용,여,22세,상해없음,보행자,남,75세,중상
2018092500100283,2018년 9월 25일 16시,화요일,경상남도 거제시 아주동,중상사고,0,1,1,0,차대차 - 측면충돌,신호위반,건조,맑음,교차로 - 교차로안,승용,여,59세,상해없음,승용,여,51세,중상
2018092500100284,2018년 9월 25일 16시,화요일,경상남도 창원시 성산구 대방동,중상사고,0,1,0,0,차대사람 - 횡단중,안전운전불이행,건조,맑음,단일로 - 기타,승용,여,52세,상해없음,보행자,남,36세,중상
2018092500100320,2018년 9월 25일 17시,화요일,경상남도 하동군 진교면,사망사고,1,0,0,0,차대차 - 측면충돌,안전운전불이행,건조,맑음,교차로 - 교차로안,원동기,남,18세,사망,화물,남,57세,상해없음
2018092500100348,2018년 9월 25일 18시,화요일,경상남도 김해시 삼정동,중상사고,0,1,0,0,차대차 - 기타,안전거리미확보,건조,맑음,단일로 - 기타,승용,남,67세,상해없음,승용,여,25세,중상
2018092500100385,2018년 9월 25일 19시,화요일,경상남도 통영시 미수동,경상사고,0,0,1,0,차량단독 - 기타,안전운전불이행,건조,맑음,단일로 - 기타,승합,남,48세,상해없음,,,,
2018092500100386,2018년 9월 25일 19시,화요일,경상남도 양산시 신기동,경상사고,0,0,3,0,차대차 - 추돌,안전운전불이행,건조,맑음,단일로 - 기타,승용,기타불명,미분류,기타불명,승용,남,28세,경상
2018092500100387,2018년 9월 25일 19시,화요일,경상남도 함안군 칠서면,경상사고,0,0,1,0,차대차 - 측면충돌,중앙선침범,건조,맑음,교차로 - 교차로안,화물,남,58세,상해없음,승용,여,44세,경상
2018092500100421,2018년 9월 25일 20시,화요일,경상남도 진주시 신안동,중상사고,0,1,2,0,차대차 - 측면충돌,신호위반,건조,맑음,교차로 - 교차로안,승용,여,39세,경상,승용,남,57세,중상
2018092500100422,2018년 9월 25일 20시,화요일,경상남도 김해시 무계동,중상사고,0,1,1,0,차대차 - 측면충돌,안전운전불이행,건조,맑음,교차로 - 교차로부근,승합,남,56세,상해없음,승용,남,51세,상해없음
2018092500100442,2018년 9월 25일 21시,화요일,경상남도 창원시 의창구 명서동,경상사고,0,0,4,0,차대차 - 추돌,안전운전불이행,건조,맑음,교차로 - 교차로안,승용,남,55세,상해없음,승용,남,36세,경상
2018092500100484,2018년 9월 25일 23시,화요일,경상남도 통영시 광도면,경상사고,0,0,1,0,차량단독 - 공작물충돌,안전운전불이행,건조,맑음,단일로 - 기타,승용,여,40세,상해없음,,,,
2018092600100028,2018년 9월 26일 01시,수요일,경상남도 창원시 진해구 여좌동,경상사고,0,0,1,0,차대사람 - 기타,안전운전불이행,건조,맑음,단일로 - 기타,승용,남,59세,상해없음,보행자,남,56세,경상
2018092600100029,2018년 9월 26일 01시,수요일,경상남도 거제시 장평동,중상사고,0,1,0,0,차량단독 - 전도전복 - 전도,안전운전불이행,건조,맑음,단일로 - 기타,원동기,남,17세,상해없음,미분류,미분류,미분류,미분류
2018092600100065,2018년 9월 26일 05시,수요일,경상남도 창원시 마산합포구 교방동,경상사고,0,0,1,0,차대사람 - 길가장자리구역통행중,안전운전불이행,건조,흐림,교차로 - 교차로부근,승용,남,60세,상해없음,보행자,여,20세,경상
2018092600100074,2018년 9월 26일 06시,수요일,경상남도 창원시 의창구 신월동,경상사고,0,0,1,0,차대차 - 추돌,안전운전불이행,건조,맑음,교차로 - 교차로부근,승용,남,41세,상해없음,승용,남,61세,경상
2018092600100090,2018년 9월 26일 08시,수요일,경상남도 합천군 합천읍,중상사고,0,2,1,0,차대차 - 측면충돌,교차로운행방법위반,건조,맑음,교차로 - 교차로안,승용,남,61세,상해없음,승용,남,73세,경상
2018092600100099,2018년 9월 26일 09시,수요일,경상남도 창녕군 창녕읍,중상사고,0,1,0,0,차대차 - 측면충돌,안전운전불이행,건조,맑음,교차로 - 교차로부근,승용,남,53세,상해없음,자전거,남,59세,중상
2018092600100100,2018년 9월 26일 09시,수요일,경상남도 양산시 명동,중상사고,0,3,0,0,차대차 - 측면충돌,신호위반,건조,맑음,교차로 - 교차로안,승용,남,77세,상해없음,승용,여,62세,중상
2018092600100164,2018년 9월 26일 12시,수요일,경상남도 창원시 의창구 신월동,경상사고,0,0,1,0,차대차 - 측면충돌,안전운전불이행,건조,맑음,교차로 - 교차로횡단보도내,승용,여,53세,상해없음,자전거,남,27세,경상
2018092600100188,2018년 9월 26일 13시,수요일,경상남도 통영시 동호동,경상사고,0,0,1,0,차대차 - 측면충돌,안전운전불이행,건조,맑음,단일로 - 기타,승용,남,43세,상해없음,승용,남,44세,상해없음
2018092600100189,2018년 9월 26일 13시,수요일,경상남도 창원시 마산회원구 회원동,경상사고,0,0,1,0,차대사람 - 보도통행중,안전운전불이행,건조,맑음,단일로 - 기타,승용,남,52세,상해없음,보행자,여,50세,경상
2018092600100221,2018년 9월 26일 14시,수요일,경상남도 김해시 부원동,경상사고,0,0,1,0,차대차 - 기타,안전운전불이행,건조,흐림,교차로 - 교차로안,이륜,남,16세,경상,화물,남,56세,상해없음
2018092600100222,2018년 9월 26일 14시,수요일,경상남도 양산시 산막동,경상사고,0,0,1,0,차대차 - 기타,안전운전불이행,건조,맑음,단일로 - 기타,승합,남,68세,상해없음,승용,여,37세,경상
2018092600100274,2018년 9월 26일 16시,수요일,경상남도 양산시 중부동,중상사고,0,1,0,0,차대사람 - 횡단중,안전운전불이행,건조,맑음,교차로 - 교차로횡단보도내,승용,남,39세,상해없음,보행자,여,60세,중상
2018092600100302,2018년 9월 26일 17시,수요일,경상남도 김해시 서상동,경상사고,0,0,1,0,차대차 - 측면충돌,안전운전불이행,건조,맑음,교차로 - 교차로안,승용,남,60세,상해없음,이륜,남,16세,경상
2018092600100332,2018년 9월 26일 18시,수요일,경상남도 창원시 마산합포구 월영동,중상사고,0,1,2,0,차대차 - 측면충돌,안전거리미확보,건조,흐림,교차로 - 교차로안,승용,남,46세,상해없음,승용,여,55세,중상
2018092600100367,2018년 9월 26일 19시,수요일,경상남도 창원시 마산합포구 완월동,중상사고,0,1,0,0,차대사람 - 길가장자리구역통행중,안전운전불이행,건조,맑음,교차로 - 교차로안,승용,남,66세,상해없음,보행자,남,36세,중상
2018092600100369,2018년 9월 26일 19시,수요일,경상남도 함안군 가야읍,경상사고,0,0,1,0,차대차 - 측면충돌,안전운전불이행,건조,맑음,교차로 - 교차로안,승용,여,34세,상해없음,자전거,남,69세,경상
2018092600100398,2018년 9월 26일 20시,수요일,경상남도 김해시 삼계동,경상사고,0,0,1,0,차대차 - 추돌,안전거리미확보,건조,맑음,단일로 - 기타,원동기,남,22세,상해없음,승용,남,52세,경상
2018092600100428,2018년 9월 26일 21시,수요일,경상남도 창원시 마산합포구 서성동,중상사고,0,1,0,0,차대차 - 측면충돌,신호위반,건조,흐림,교차로 - 교차로안,승용,남,27세,상해없음,승용,남,33세,중상
2018092600100444,2018년 9월 26일 22시,수요일,경상남도 진주시 신안동,중상사고,0,1,0,1,차대사람 - 횡단중,보행자보호의무위반,건조,맑음,단일로 - 기타,이륜,남,18세,부상신고,보행자,남,58세,중상
2018092700100020,2018년 9월 27일 04시,목요일,경상남도 통영시 무전동,중상사고,0,1,0,0,차대사람 - 횡단중,안전운전불이행,건조,맑음,단일로 - 기타,승용,남,68세,상해없음,보행자,남,68세,중상
2018092700100021,2018년 9월 27일 04시,목요일,경상남도 창원시 성산구 상남동,경상사고,0,0,1,0,차대차 - 추돌,안전운전불이행,건조,맑음,교차로 - 교차로부근,승용,남,27세,상해없음,승용,남,41세,경상
2018092700100022,2018년 9월 27일 04시,목요일,경상남도 하동군 금남면,경상사고,0,0,5,0,차대차 - 기타,안전운전불이행,건조,맑음,단일로 - 기타,기타불명,기타불명,미분류,기타불명,승용,남,39세,경상
2018092700100072,2018년 9월 27일 07시,목요일,경상남도 진주시 평안동,중상사고,0,1,0,0,차대사람 - 횡단중,보행자보호의무위반,건조,맑음,교차로 - 교차로안,승합,남,45세,상해없음,보행자,남,72세,중상
2018092700100073,2018년 9월 27일 07시,목요일,경상남도 통영시 무전동,경상사고,0,0,1,0,차대차 - 측면충돌,안전운전불이행,건조,맑음,교차로 - 교차로안,승용,남,27세,상해없음,승용,여,27세,경상
2018092700100116,2018년 9월 27일 08시,목요일,경상남도 김해시 한림면,중상사고,0,1,0,0,차대차 - 추돌,안전운전불이행,건조,맑음,교차로 - 교차로부근,이륜,남,58세,중상,승용,남,64세,상해없음
2018092700100154,2018년 9월 27일 09시,목요일,경상남도 통영시 무전동,경상사고,0,0,1,0,차대차 - 정면충돌,중앙선침범,건조,맑음,단일로 - 기타,승용,남,51세,상해없음,승용,여,31세,경상
2018092700100155,2018년 9월 27일 09시,목요일,경상남도 함양군 함양읍,부상신고사고,0,0,0,1,차대사람 - 횡단중,안전운전불이행,건조,맑음,교차로 - 교차로안,승용,여,60세,상해없음,보행자,여,88세,부상신고
2018092700100156,2018년 9월 27일 09시,목요일,경상남도 김해시 대청동,중상사고,0,1,5,0,차대차 - 추돌,안전거리미확보,건조,맑음,단일로 - 기타,승용,남,23세,상해없음,승용,남,47세,경상
2018092700100157,2018년 9월 27일 09시,목요일,경상남도 김해시 대청동,중상사고,0,1,0,0,차대사람 - 횡단중,보행자보호의무위반,건조,맑음,교차로 - 교차로횡단보도내,승용,남,44세,상해없음,보행자,남,59세,중상
2018092700100182,2018년 9월 27일 10시,목요일,경상남도 남해군 남해읍,부상신고사고,0,0,0,1,차대차 - 측면충돌,교차로운행방법위반,건조,맑음,교차로 - 교차로안,승용,여,36세,상해없음,승용,남,48세,부상신고
2018092700100250,2018년 9월 27일 12시,목요일,경상남도 진주시 평거동,경상사고,0,0,1,0,차대사람 - 횡단중,신호위반,건조,맑음,교차로 - 교차로횡단보도내,승용,남,62세,상해없음,보행자,여,54세,경상
2018092700100278,2018년 9월 27일 13시,목요일,경상남도 창원시 마산합포구 상남동,경상사고,0,0,1,0,차대차 - 측면충돌,안전운전불이행,건조,맑음,교차로 - 교차로안,승용,남,48세,상해없음,이륜,남,59세,경상