사고번호,사고일시,요일,시군구,사고내용,사망자수,중상자수,경상자수,부상신고자수,사고유형,법규위반,노면상태,기상상태,도로형태,가해운전자 차종,가해운전자 성별,가해운전자 연령,가해운전자 상해정도,피해운전자 차종,피해운전자 성별,피해운전자 연령,피해운전자 상해정도
2018092700100279,2018년 9월 27일 13시,목요일,경상남도 김해시 외동,경상사고,0,0,1,0,차대차 - 측면충돌,교차로운행방법위반,건조,맑음,교차로 - 교차로부근,승용,여,59세,상해없음,화물,남,61세,경상
2018092700100280,2018년 9월 27일 13시,목요일,경상남도 창원시 의창구 봉곡동,경상사고,0,0,1,0,차대사람 - 기타,안전운전불이행,건조,맑음,교차로 - 교차로안,승용,여,53세,상해없음,보행자,남,74세,경상
2018092700100330,2018년 9월 27일 14시,목요일,경상남도 김해시 삼계동,중상사고,0,4,3,0,차대차 - 추돌,안전운전불이행,건조,맑음,단일로 - 기타,화물,남,67세,중상,승용,여,42세,중상
2018092700100331,2018년 9월 27일 14시,목요일,경상남도 창녕군 남지읍,중상사고,0,1,0,0,차대차 - 측면충돌,안전거리미확보,건조,맑음,교차로 - 교차로안,승용,남,77세,상해없음,승용,여,65세,중상
2018092700100332,2018년 9월 27일 14시,목요일,경상남도 남해군 설천면,중상사고,0,1,1,0,차대차 - 정면충돌,중앙선침범,건조,맑음,단일로 - 기타,승용,여,51세,경상,승용,남,86세,중상
2018092700100370,2018년 9월 27일 15시,목요일,경상남도 창원시 진해구 자은동,경상사고,0,0,1,0,차대차 - 기타,안전운전불이행,건조,맑음,단일로 - 기타,승용,여,51세,경상,승용,여,55세,기타불명
2018092700100371,2018년 9월 27일 15시,목요일,경상남도 양산시 물금읍,중상사고,0,1,0,0,차대사람 - 횡단중,보행자보호의무위반,건조,맑음,교차로 - 교차로횡단보도내,승용,여,52세,상해없음,보행자,여,8세,중상
2018092700100372,2018년 9월 27일 15시,목요일,경상남도 창원시 성산구 가음정동,경상사고,0,0,1,0,차대차 - 측면충돌,신호위반,건조,맑음,교차로 - 교차로안,승합,남,41세,상해없음,승용,남,29세,경상
2018092700100420,2018년 9월 27일 16시,목요일,경상남도 남해군 삼동면,사망사고,1,0,3,0,차대차 - 정면충돌,중앙선침범,건조,맑음,단일로 - 기타,화물,남,66세,사망,승용,남,44세,경상
2018092700100421,2018년 9월 27일 16시,목요일,경상남도 창원시 의창구 도계동,경상사고,0,0,1,0,차대차 - 측면충돌,신호위반,건조,맑음,교차로 - 교차로안,승용,남,28세,상해없음,승용,여,36세,경상
2018092700100460,2018년 9월 27일 17시,목요일,경상남도 창원시 마산합포구 창동,경상사고,0,0,1,0,차대차 - 기타,안전운전불이행,건조,맑음,단일로 - 기타,승용,여,56세,상해없음,이륜,남,35세,경상
2018092700100461,2018년 9월 27일 17시,목요일,경상남도 사천시 사천읍,경상사고,0,0,1,0,차대차 - 기타,안전운전불이행,건조,맑음,단일로 - 기타,자전거,여,32세,경상,승용,여,60세,상해없음
2018092700100462,2018년 9월 27일 17시,목요일,경상남도 창녕군 장마면,중상사고,0,2,1,1,차대차 - 측면충돌,안전운전불이행,건조,맑음,교차로 - 교차로부근,화물,남,55세,부상신고,승용,남,69세,경상
2018092700100515,2018년 9월 27일 18시,목요일,경상남도 진주시 신안동,경상사고,0,0,1,0,차대사람 - 길가장자리구역통행중,안전운전불이행,건조,맑음,교차로 - 교차로안,승용,남,68세,상해없음,보행자,여,25세,경상
2018092700100516,2018년 9월 27일 18시,목요일,경상남도 사천시 향촌동,경상사고,0,0,1,0,차대차 - 추돌,안전운전불이행,건조,맑음,교차로 - 교차로안,기타불명,기타불명,미분류,기타불명,승용,남,46세,경상
2018092700100517,2018년 9월 27일 18시,목요일,경상남도 하동군 북천면,경상사고,0,0,1,0,차대차 - 측면충돌,안전운전불이행,건조,맑음,단일로 - 기타,화물,남,75세,상해없음,승용,남,44세,경상
2018092700100518,2018년 9월 27일 18시,목요일,경상남도 창원시 성산구 가음동,경상사고,0,0,1,0,차대차 - 측면충돌,안전운전불이행,건조,맑음,교차로 - 교차로부근,승용,여,58세,상해없음,승용,여,28세,경상
2018092700100519,2018년 9월 27일 18시,목요일,경상남도 창원시 의창구 서상동,중상사고,0,1,0,0,차대사람 - 차도통행중,안전운전불이행,건조,맑음,교차로 - 교차로안,승용,남,77세,상해없음,보행자,남,60세,중상
2018092700100559,2018년 9월 27일 19시,목요일,경상남도 김해시 부원동,중상사고,0,1,0,0,차대차 - 측면충돌,교차로운행방법위반,건조,맑음,교차로 - 교차로안,승용,여,46세,상해없음,이륜,남,18세,중상
2018092700100597,2018년 9월 27일 20시,목요일,경상남도 고성군 고성읍,경상사고,0,0,1,0,차대차 - 기타,안전운전불이행,건조,맑음,교차로 - 교차로안,화물,남,75세,상해없음,승용,여,54세,경상
2018092700100637,2018년 9월 27일 22시,목요일,경상남도 고성군 고성읍,경상사고,0,0,1,0,차대사람 - 기타,안전운전불이행,건조,맑음,단일로 - 기타,승용,여,25세,상해없음,보행자,남,47세,경상
2018092800100025,2018년 9월 28일 02시,금요일,경상남도 창원시 마산회원구 회원동,중상사고,0,1,1,0,차대사람 - 횡단중,안전운전불이행,건조,맑음,교차로 - 교차로안,승용,남,62세,상해없음,보행자,여,59세,중상
2018092800100048,2018년 9월 28일 06시,금요일,경상남도 양산시 용당동,중상사고,0,1,0,0,차대차 - 추돌,안전거리미확보,건조,맑음,단일로 - 기타,승합,남,43세,상해없음,승용,남,46세,중상
2018092800100049,2018년 9월 28일 06시,금요일,경상남도 하동군 옥종면,중상사고,0,1,0,0,차대차 - 측면충돌,교차로운행방법위반,건조,맑음,교차로 - 교차로안,이륜,남,82세,중상,승용,남,24세,상해없음
2018092800100099,2018년 9월 28일 08시,금요일,경상남도 사천시 용강동,경상사고,0,0,1,0,차대차 - 측면충돌,교차로운행방법위반,건조,맑음,교차로 - 교차로안,자전거,남,60세,경상,승용,여,53세,상해없음
2018092800100100,2018년 9월 28일 08시,금요일,경상남도 김해시 동상동,중상사고,0,1,0,0,차대차 - 기타,교차로운행방법위반,건조,맑음,교차로 - 교차로부근,승용,남,41세,상해없음,이륜,남,60세,중상
2018092800100101,2018년 9월 28일 08시,금요일,경상남도 산청군 단성면,중상사고,0,1,0,0,차대차 - 측면충돌,중앙선침범,건조,맑음,단일로 - 기타,화물,남,73세,상해없음,화물,남,62세,상해없음
2018092800100137,2018년 9월 28일 09시,금요일,경상남도 거제시 장평동,경상사고,0,0,1,0,차대차 - 측면충돌,안전운전불이행,건조,맑음,교차로 - 교차로안,승용,남,58세,상해없음,이륜,남,45세,경상
2018092800100138,2018년 9월 28일 09시,금요일,경상남도 김해시 율하동,중상사고,0,1,0,0,차대차 - 기타,안전운전불이행,건조,맑음,교차로 - 교차로안,승용,남,65세,상해없음,개인형이동수단(PM),남,51세,중상
2018092800100168,2018년 9월 28일 10시,금요일,경상남도 사천시 서금동,경상사고,0,0,1,0,차대차 - 측면충돌,직진우회전진행방해,건조,맑음,교차로 - 교차로안,자전거,남,63세,경상,화물,남,53세,상해없음
2018092800100169,2018년 9월 28일 10시,금요일,경상남도 창녕군 성산면,경상사고,0,0,1,0,차대차 - 기타,기타,건조,맑음,교차로 - 교차로안,화물,남,50세,상해없음,승용,남,66세,경상
2018092800100170,2018년 9월 28일 10시,금요일,경상남도 고성군 동해면,중상사고,0,1,0,0,차대사람 - 기타,안전운전불이행,건조,맑음,단일로 - 기타,화물,여,53세,상해없음,보행자,여,84세,중상
2018092800100252,2018년 9월 28일 13시,금요일,경상남도 통영시 도남동,경상사고,0,0,1,0,차대차 - 추돌,신호위반,건조,맑음,단일로 - 기타,승용,남,65세,상해없음,승용,남,48세,경상
2018092800100253,2018년 9월 28일 13시,금요일,경상남도 밀양시 삼문동,경상사고,0,0,1,0,차대사람 - 차도통행중,안전운전불이행,건조,맑음,단일로 - 기타,승용,남,43세,상해없음,보행자,남,55세,경상
2018092800100254,2018년 9월 28일 13시,금요일,경상남도 양산시 남부동,중상사고,0,1,0,0,차대차 - 측면충돌,교차로운행방법위반,건조,맑음,교차로 - 교차로횡단보도내,승용,여,47세,상해없음,자전거,남,86세,중상
2018092800100280,2018년 9월 28일 14시,금요일,경상남도 창원시 마산합포구 우산동,경상사고,0,0,1,0,차대사람 - 기타,안전운전불이행,기타,맑음,단일로 - 기타,화물,남,44세,상해없음,보행자,남,54세,경상
2018092800100281,2018년 9월 28일 14시,금요일,경상남도 창원시 마산합포구 진전면,중상사고,0,1,0,0,차대차 - 측면충돌,신호위반,건조,맑음,교차로 - 교차로안,승용,남,65세,상해없음,승용,남,62세,중상
2018092800100282,2018년 9월 28일 14시,금요일,경상남도 양산시 중부동,중상사고,0,1,0,0,차대사람 - 기타,안전운전불이행,건조,맑음,단일로 - 기타,승용,여,57세,상해없음,보행자,여,18세,중상
2018092800100307,2018년 9월 28일 15시,금요일,경상남도 통영시 도천동,중상사고,0,1,0,0,차대차 - 추돌,안전거리미확보,건조,맑음,단일로 - 기타,승용,남,51세,상해없음,승용,남,65세,중상
2018092800100340,2018년 9월 28일 16시,금요일,경상남도 창원시 의창구 팔용동,중상사고,0,1,1,0,차대차 - 추돌,안전운전불이행,건조,맑음,기타 - 기타,승합,남,44세,상해없음,화물,남,58세,중상
2018092800100341,2018년 9월 28일 16시,금요일,경상남도 창원시 의창구 동정동,경상사고,0,0,1,0,차량단독 - 공작물충돌,안전운전불이행,건조,맑음,기타 - 기타,승용,남,83세,경상,,,,
2018092800100379,2018년 9월 28일 17시,금요일,경상남도 창녕군 장마면,경상사고,0,0,1,0,차량단독 - 기타,안전운전불이행,건조,맑음,단일로 - 기타,승용,남,73세,경상,,,,
2018092800100380,2018년 9월 28일 17시,금요일,경상남도 창원시 의창구 명서동,중상사고,0,1,0,0,차대차 - 추돌,신호위반,건조,맑음,교차로 - 교차로부근,승용,남,64세,상해없음,자전거,여,32세,중상
2018092800100446,2018년 9월 28일 19시,금요일,경상남도 사천시 곤명면,중상사고,0,1,0,0,차대사람 - 횡단중,기타,건조,맑음,교차로 - 교차로부근,승합,남,51세,상해없음,보행자,여,19세,중상
2018092800100447,2018년 9월 28일 19시,금요일,경상남도 함안군 군북면,사망사고,1,0,0,0,차대사람 - 기타,안전운전불이행,건조,맑음,단일로 - 기타,화물,남,77세,상해없음,보행자,여,81세,사망
2018092800100448,2018년 9월 28일 19시,금요일,경상남도 김해시 대청동,중상사고,0,1,0,0,차대사람 - 횡단중,안전운전불이행,건조,맑음,교차로 - 교차로안,승용,남,27세,상해없음,보행자,남,56세,중상
2018092800100485,2018년 9월 28일 20시,금요일,경상남도 창원시 진해구 남문동,사망사고,1,0,0,0,차량단독 - 공작물충돌,안전운전불이행,건조,맑음,교차로 - 교차로부근,특수,남,58세,사망,,,,
2018092800100486,2018년 9월 28일 20시,금요일,경상남도 김해시 구산동,중상사고,0,3,0,0,차대차 - 추돌,안전운전불이행,건조,맑음,교차로 - 교차로부근,승용,남,62세,상해없음,승용,여,31세,중상
2018092800100508,2018년 9월 28일 21시,금요일,경상남도 창원시 성산구 상남동,경상사고,0,0,1,0,차대차 - 추돌,안전운전불이행,건조,맑음,단일로 - 기타,승용,남,55세,상해없음,승용,여,31세,경상
2018092800100533,2018년 9월 28일 22시,금요일,경상남도 함양군 함양읍,중상사고,0,2,1,0,차대차 - 추돌,안전운전불이행,건조,맑음,단일로 - 기타,승용,남,40세,상해없음,승용,남,31세,중상
2018092800100558,2018년 9월 28일 23시,금요일,경상남도 거제시 아주동,경상사고,0,0,1,0,차대사람 - 기타,안전운전불이행,건조,맑음,교차로 - 교차로안,승용,여,44세,상해없음,보행자,남,42세,경상
2018092800100559,2018년 9월 28일 23시,금요일,경상남도 창원시 의창구 봉곡동,경상사고,0,0,1,0,차대차 - 추돌,안전운전불이행,건조,맑음,기타 - 기타,승용,남,27세,상해없음,이륜,남,51세,경상
2018092900100019,2018년 9월 29일 00시,토요일,경상남도 창원시 진해구 자은동,중상사고,0,1,1,0,차대차 - 정면충돌,안전운전불이행,건조,맑음,교차로 - 교차로안,승용,남,60세,상해없음,이륜,남,39세,중상
2018092900100020,2018년 9월 29일 00시,토요일,경상남도 양산시 물금읍,경상사고,0,0,1,0,차대차 - 기타,안전거리미확보,건조,맑음,교차로 - 교차로부근,승용,남,58세,상해없음,원동기,남,16세,경상
2018092900100035,2018년 9월 29일 01시,토요일,경상남도 창원시 성산구 반지동,중상사고,0,2,0,0,차대사람 - 차도통행중,안전운전불이행,건조,맑음,단일로 - 기타,승용,남,62세,중상,보행자,남,53세,중상
2018092900100119,2018년 9월 29일 07시,토요일,경상남도 합천군 초계면,중상사고,0,2,0,0,차대차 - 측면충돌,안전운전불이행,건조,맑음,교차로 - 교차로안,승합,남,29세,상해없음,승용,남,60세,중상
2018092900100133,2018년 9월 29일 08시,토요일,경상남도 창원시 마산합포구 구산면,경상사고,0,0,10,1,차량단독 - 기타,안전운전불이행,건조,맑음,기타 - 기타,승합,남,45세,상해없음,,,,
2018092900100156,2018년 9월 29일 09시,토요일,경상남도 진주시 대안동,경상사고,0,0,1,0,차대사람 - 기타,안전운전불이행,건조,맑음,단일로 - 기타,승용,남,65세,상해없음,보행자,남,15세,경상
2018092900100157,2018년 9월 29일 09시,토요일,경상남도 거제시 일운면,경상사고,0,0,2,0,차대차 - 기타,교차로운행방법위반,건조,맑음,교차로 - 교차로안,승용,여,55세,상해없음,승합,남,47세,상해없음
2018092900100184,2018년 9월 29일 10시,토요일,경상남도 김해시 진례면,부상신고사고,0,0,0,1,차대차 - 측면충돌,안전거리미확보,건조,맑음,단일로 - 기타,화물,남,51세,상해없음,승합,남,60세,부상신고
2018092900100235,2018년 9월 29일 11시,토요일,경상남도 통영시 광도면,경상사고,0,0,1,0,차대차 - 추돌,안전거리미확보,젖음/습기,비,교차로 - 교차로부근,승용,여,51세,상해없음,승용,여,57세,경상
2018092900100272,2018년 9월 29일 12시,토요일,경상남도 창원시 진해구 용원동,중상사고,0,1,0,0,차대사람 - 기타,보행자보호의무위반,건조,맑음,교차로 - 교차로횡단보도내,승용,남,44세,상해없음,보행자,남,56세,중상
2018092900100303,2018년 9월 29일 13시,토요일,경상남도 창녕군 영산면,중상사고,0,1,0,0,차대차 - 측면충돌,기타,건조,맑음,교차로 - 교차로안,화물,남,50세,상해없음,사륜오토바이(ATV),남,82세,중상
2018092900100304,2018년 9월 29일 13시,토요일,경상남도 거제시 사등면,경상사고,0,0,2,0,차대차 - 기타,안전운전불이행,젖음/습기,비,단일로 - 기타,승용,남,42세,기타불명,승용,여,34세,경상
2018092900100339,2018년 9월 29일 14시,토요일,경상남도 진주시 상대동,경상사고,0,0,1,0,차대차 - 측면충돌,안전운전불이행,건조,맑음,단일로 - 기타,승용,남,28세,상해없음,승용,여,30세,경상
2018092900100363,2018년 9월 29일 15시,토요일,경상남도 진주시 이현동,사망사고,1,0,0,0,차대사람 - 횡단중,안전운전불이행,건조,맑음,단일로 - 기타,승용,여,35세,상해없음,보행자,여,80세,사망
2018092900100364,2018년 9월 29일 15시,토요일,경상남도 김해시 부원동,경상사고,0,0,2,0,차대차 - 측면충돌,신호위반,젖음/습기,비,교차로 - 교차로안,승용,남,40세,상해없음,승용,여,31세,경상
2018092900100380,2018년 9월 29일 16시,토요일,경상남도 양산시 다방동,경상사고,0,0,1,0,차량단독 - 기타,안전운전불이행,젖음/습기,비,단일로 - 기타,승용,남,49세,상해없음,,,,
2018092900100398,2018년 9월 29일 16시,토요일,경상남도 김해시 삼계동,중상사고,0,1,0,0,차대사람 - 횡단중,신호위반,젖음/습기,비,단일로 - 기타,승용,남,63세,기타불명,보행자,여,49세,중상
2018092900100437,2018년 9월 29일 17시,토요일,경상남도 창원시 마산합포구 부림동,경상사고,0,0,1,0,차대차 - 추돌,안전운전불이행,건조,맑음,단일로 - 기타,승용,남,53세,상해없음,승합,남,37세,경상
2018092900100438,2018년 9월 29일 17시,토요일,경상남도 김해시 삼방동,부상신고사고,0,0,0,1,차대차 - 측면충돌,안전운전불이행,건조,맑음,교차로 - 교차로안,승용,여,41세,부상신고,승용,여,45세,상해없음
2018092900100440,2018년 9월 29일 17시,토요일,경상남도 김해시 한림면,경상사고,0,0,2,0,차대차 - 측면충돌,신호위반,젖음/습기,비,교차로 - 교차로안,승용,여,49세,상해없음,승합,여,50세,경상
2018092900100441,2018년 9월 29일 17시,토요일,경상남도 김해시 삼문동,경상사고,0,0,3,0,차대차 - 측면충돌,교차로운행방법위반,젖음/습기,비,교차로 - 교차로안,승용,여,49세,경상,승용,남,36세,경상
2018092900100473,2018년 9월 29일 18시,토요일,경상남도 창원시 진해구 용원동,중상사고,0,1,0,0,차대차 - 기타,교차로운행방법위반,건조,맑음,교차로 - 교차로안,원동기,남,35세,중상,승용,남,60세,상해없음
2018092900100474,2018년 9월 29일 18시,토요일,경상남도 김해시 외동,중상사고,0,1,0,0,차대사람 - 횡단중,신호위반,건조,흐림,교차로 - 교차로횡단보도내,승용,남,30세,상해없음,보행자,남,15세,중상
2018092900100475,2018년 9월 29일 18시,토요일,경상남도 김해시 서상동,중상사고,0,1,0,0,차대차 - 측면충돌,직진우회전진행방해,젖음/습기,흐림,교차로 - 교차로안,승용,남,57세,상해없음,이륜,남,19세,중상
2018092900100476,2018년 9월 29일 18시,토요일,경상남도 김해시 구산동,중상사고,0,1,0,0,차대사람 - 횡단중,보행자보호의무위반,건조,맑음,교차로 - 교차로횡단보도내,승용,여,59세,상해없음,보행자,남,66세,중상
2018092900100477,2018년 9월 29일 18시,토요일,경상남도 창원시 의창구 대원동,중상사고,0,3,3,0,차대차 - 정면충돌,중앙선침범,젖음/습기,맑음,단일로 - 기타,승용,남,56세,상해없음,승용,남,46세,중상
2018092900100511,2018년 9월 29일 19시,토요일,경상남도 합천군 초계면,사망사고,2,0,0,0,차대차 - 추돌,안전운전불이행,건조,맑음,단일로 - 기타,승용,여,58세,사망,화물,남,60세,기타불명
2018092900100512,2018년 9월 29일 19시,토요일,경상남도 거제시 고현동,경상사고,0,0,1,0,차대차 - 기타,직진우회전진행방해,젖음/습기,비,교차로 - 교차로안,승용,여,20세,상해없음,이륜,남,48세,경상
2018092900100579,2018년 9월 29일 21시,토요일,경상남도 진주시 상대동,중상사고,0,1,0,0,차대차 - 기타,신호위반,건조,맑음,교차로 - 교차로부근,승합,남,53세,상해없음,이륜,남,39세,중상
2018092900100580,2018년 9월 29일 21시,토요일,경상남도 남해군 이동면,중상사고,0,1,0,0,차량단독 - 공작물충돌,안전운전불이행,건조,흐림,단일로 - 기타,승용,남,57세,중상,,,,
2018092900100596,2018년 9월 29일 22시,토요일,경상남도 밀양시 내이동,중상사고,0,1,0,0,차대차 - 측면충돌,안전운전불이행,건조,맑음,단일로 - 기타,승용,남,29세,상해없음,원동기,남,77세,중상
2018093000100023,2018년 9월 30일 01시,일요일,경상남도 양산시 북부동,중상사고,0,1,0,0,차대사람 - 기타,안전운전불이행,건조,맑음,교차로 - 교차로안,승합,남,47세,상해없음,보행자,여,51세,중상
2018093000100024,2018년 9월 30일 01시,일요일,경상남도 창원시 성산구 중앙동,경상사고,0,0,5,0,차대차 - 측면충돌,신호위반,젖음/습기,비,교차로 - 교차로안,승용,남,55세,상해없음,승용,남,24세,경상
2018093000100037,2018년 9월 30일 02시,일요일,경상남도 창원시 진해구 충무동,중상사고,0,1,0,0,차대사람 - 횡단중,보행자보호의무위반,젖음/습기,비,교차로 - 교차로횡단보도내,승용,남,50세,상해없음,보행자,남,47세,중상
2018093000100038,2018년 9월 30일 02시,일요일,경상남도 통영시 북신동,경상사고,0,0,2,0,차대차 - 측면충돌,안전운전불이행,젖음/습기,비,교차로 - 교차로안,승용,남,21세,상해없음,승용,남,58세,경상
2018093000100056,2018년 9월 30일 04시,일요일,경상남도 김해시 동상동,중상사고,0,1,0,0,차대차 - 기타,안전운전불이행,젖음/습기,비,교차로 - 교차로안,승용,남,45세,상해없음,기타불명,기타불명,미분류,기타불명
2018093000100058,2018년 9월 30일 05시,일요일,경상남도 창원시 의창구 팔용동,경상사고,0,0,1,0,차대차 - 측면충돌,신호위반,젖음/습기,비,교차로 - 교차로안,승용,남,47세,상해없음,승용,남,26세,경상
2018093000100119,2018년 9월 30일 09시,일요일,경상남도 사천시 용강동,중상사고,0,1,0,0,차대사람 - 횡단중,보행자보호의무위반,건조,맑음,교차로 - 교차로안,승용,여,62세,상해없음,보행자,여,69세,중상
2018093000100136,2018년 9월 30일 10시,일요일,경상남도 사천시 송포동,중상사고,0,1,2,0,차대차 - 측면충돌,교차로운행방법위반,건조,맑음,교차로 - 교차로안,승용,여,62세,경상,승용,남,66세,상해없음
2018093000100137,2018년 9월 30일 10시,일요일,경상남도 거제시 연초면,경상사고,0,0,1,0,차량단독 - 기타,안전운전불이행,건조,맑음,단일로 - 교량,승용,여,60세,경상,,,,
2018093000100163,2018년 9월 30일 11시,일요일,경상남도 창원시 의창구 소답동,경상사고,0,0,3,0,차대차 - 추돌,안전운전불이행,건조,맑음,단일로 - 기타,승용,남,48세,상해없음,화물,남,63세,경상
2018093000100183,2018년 9월 30일 12시,일요일,경상남도 의령군 봉수면,경상사고,0,0,2,0,차량단독 - 공작물충돌,안전운전불이행,건조,맑음,미분류 - 미분류,승용,여,39세,경상,,,,
2018093000100251,2018년 9월 30일 14시,일요일,경상남도 김해시 안동,경상사고,0,0,3,0,차대차 - 기타,신호위반,건조,맑음,교차로 - 교차로안,승용,남,46세,기타불명,승용,남,51세,상해없음
2018093000100252,2018년 9월 30일 14시,일요일,경상남도 김해시 생림면,중상사고,0,1,0,0,차대차 - 기타,중앙선침범,건조,맑음,단일로 - 기타,자전거,남,61세,중상,승용,남,56세,상해없음
2018093000100322,2018년 9월 30일 16시,일요일,경상남도 고성군 고성읍,사망사고,1,0,0,0,차대차 - 측면충돌,안전거리미확보,건조,맑음,단일로 - 기타,자전거,남,85세,사망,화물,남,62세,상해없음
2018093000100364,2018년 9월 30일 17시,일요일,경상남도 산청군 생초면,중상사고,0,2,1,0,차량단독 - 공작물충돌,안전운전불이행,건조,맑음,단일로 - 기타,화물,남,77세,경상,,,,
2018093000100365,2018년 9월 30일 17시,일요일,경상남도 함안군 군북면,경상사고,0,0,1,0,차대차 - 측면충돌,안전운전불이행,건조,맑음,교차로 - 교차로안,이륜,여,52세,경상,승용,남,47세,상해없음
2018093000100395,2018년 9월 30일 18시,일요일,경상남도 김해시 어방동,경상사고,0,0,1,0,차대차 - 기타,교차로운행방법위반,건조,맑음,교차로 - 교차로안,승용,남,49세,상해없음,이륜,남,22세,경상
2018093000100396,2018년 9월 30일 18시,일요일,경상남도 하동군 횡천면,중상사고,0,1,0,0,차대차 - 측면충돌,중앙선침범,건조,맑음,단일로 - 기타,승용,여,26세,상해없음,승용,남,39세,중상
2018093000100397,2018년 9월 30일 18시,일요일,경상남도 창원시 마산회원구 양덕동,중상사고,0,1,0,0,차대차 - 측면충돌,안전운전불이행,건조,맑음,교차로 - 교차로부근,승용,남,58세,상해없음,이륜,남,40세,중상
2018093000100458,2018년 9월 30일 20시,일요일,경상남도 김해시 진영읍,경상사고,0,0,1,0,차대차 - 측면충돌,안전운전불이행,건조,맑음,교차로 - 교차로부근,승용,남,47세,상해없음,승용,남,26세,경상
2018093000100478,2018년 9월 30일 21시,일요일,경상남도 김해시 전하동,중상사고,0,1,0,0,차대사람 - 횡단중,안전운전불이행,건조,맑음,교차로 - 교차로횡단보도내,화물,남,62세,상해없음,보행자,남,54세,중상
2018093000100512,2018년 9월 30일 23시,일요일,경상남도 진주시 신안동,중상사고,0,1,0,0,차대사람 - 횡단중,안전운전불이행,건조,맑음,교차로 - 교차로안,승용,남,28세,상해없음,보행자,남,49세,중상
2018100100100006,2018년 10월 1일 00시,월요일,경상남도 창원시 성산구 상남동,경상사고,0,0,1,0,차대차 - 추돌,안전운전불이행,건조,맑음,단일로 - 기타,화물,남,23세,상해없음,승용,남,25세,경상
2018100100100058,2018년 10월 1일 06시,월요일,경상남도 창원시 의창구 동읍,중상사고,0,1,0,0,차대차 - 추돌,안전운전불이행,건조,맑음,단일로 - 고가도로위,승용,남,54세,상해없음,승용,여,50세,중상
2018100100100074,2018년 10월 1일 07시,월요일,경상남도 창원시 진해구 죽곡동,경상사고,0,0,1,0,차대차 - 추돌,안전거리미확보,건조,맑음,단일로 - 기타,승용,여,50세,상해없음,화물,남,49세,경상
2018100100100112,2018년 10월 1일 08시,월요일,경상남도 사천시 벌리동,경상사고,0,0,1,0,차대차 - 기타,안전운전불이행,건조,맑음,단일로 - 기타,승용,여,23세,상해없음,승용,여,41세,경상
2018100100100113,2018년 10월 1일 08시,월요일,경상남도 남해군 서면,중상사고,0,1,0,0,차대사람 - 횡단중,안전운전불이행,건조,맑음,교차로 - 교차로안,승용,남,44세,상해없음,보행자,여,65세,중상
2018100100100114,2018년 10월 1일 08시,월요일,경상남도 창원시 마산회원구 석전동,경상사고,0,0,1,0,차대차 - 측면충돌,신호위반,건조,맑음,교차로 - 교차로안,승용,남,61세,상해없음,승용,여,50세,경상
2018100100100149,2018년 10월 1일 09시,월요일,경상남도 거창군 거창읍,경상사고,0,0,1,0,차대차 - 측면충돌,안전운전불이행,건조,맑음,교차로 - 교차로안,승용,남,73세,상해없음,이륜,여,71세,경상
2018100100100151,2018년 10월 1일 09시,월요일,경상남도 창원시 의창구 신월동,중상사고,0,1,0,0,차대차 - 측면충돌,안전운전불이행,건조,맑음,교차로 - 교차로안,승용,남,31세,상해없음,이륜,남,31세,중상
2018100100100189,2018년 10월 1일 10시,월요일,경상남도 통영시 광도면,경상사고,0,0,2,0,차대차 - 측면충돌,교차로운행방법위반,건조,맑음,교차로 - 교차로안,승용,여,49세,경상,승용,여,62세,상해없음
2018100100100190,2018년 10월 1일 10시,월요일,경상남도 김해시 상동면,중상사고,0,2,2,0,차대차 - 기타,안전운전불이행,건조,맑음,교차로 - 교차로안,승용,여,66세,상해없음,승용,남,37세,경상
2018100100100248,2018년 10월 1일 12시,월요일,경상남도 통영시 동호동,중상사고,0,3,0,0,차대사람 - 기타,기타,건조,맑음,교차로 - 교차로부근,승용,남,82세,중상,보행자,여,84세,중상
2018100100100289,2018년 10월 1일 13시,월요일,경상남도 거제시 옥포동,중상사고,0,1,0,0,차대차 - 기타,안전거리미확보,건조,맑음,단일로 - 기타,화물,남,46세,상해없음,화물,남,61세,중상
2018100100100290,2018년 10월 1일 13시,월요일,경상남도 거제시 하청면,경상사고,0,0,1,0,차대차 - 추돌,안전운전불이행,건조,맑음,단일로 - 기타,화물,남,61세,상해없음,승용,여,44세,경상
2018100100100356,2018년 10월 1일 15시,월요일,경상남도 사천시 송포동,경상사고,0,0,1,0,차대차 - 추돌,안전운전불이행,건조,맑음,단일로 - 기타,승용,남,50세,상해없음,승용,남,39세,경상
2018100100100357,2018년 10월 1일 15시,월요일,경상남도 합천군 용주면,중상사고,0,1,0,0,차대차 - 측면충돌,안전운전불이행,건조,흐림,교차로 - 교차로부근,승용,남,23세,상해없음,승용,여,39세,중상
2018100100100358,2018년 10월 1일 15시,월요일,경상남도 양산시 상북면,중상사고,0,1,0,0,차대사람 - 횡단중,안전운전불이행,건조,맑음,단일로 - 기타,승용,여,51세,상해없음,보행자,여,8세,중상
2018100100100359,2018년 10월 1일 15시,월요일,경상남도 양산시 동면,경상사고,0,0,1,0,차대사람 - 기타,중앙선침범,건조,맑음,단일로 - 기타,승용,남,69세,상해없음,보행자,남,12세,경상