사고번호,사고일시,요일,시군구,사고내용,사망자수,중상자수,경상자수,부상신고자수,사고유형,법규위반,노면상태,기상상태,도로형태,가해운전자 차종,가해운전자 성별,가해운전자 연령,가해운전자 상해정도,피해운전자 차종,피해운전자 성별,피해운전자 연령,피해운전자 상해정도
2018100100100398,2018년 10월 1일 16시,월요일,경상남도 진주시 평거동,중상사고,0,1,0,0,차대사람 - 기타,기타,건조,맑음,단일로 - 기타,승합,남,58세,상해없음,보행자,여,65세,중상
2018100100100442,2018년 10월 1일 17시,월요일,경상남도 김해시 삼정동,경상사고,0,0,1,0,차대사람 - 기타,안전운전불이행,건조,맑음,단일로 - 기타,화물,남,42세,상해없음,보행자,남,68세,경상
2018100100100443,2018년 10월 1일 17시,월요일,경상남도 창녕군 창녕읍,경상사고,0,0,1,0,차대사람 - 보도통행중,기타,건조,맑음,단일로 - 기타,승용,남,58세,상해없음,보행자,여,31세,경상
2018100100100446,2018년 10월 1일 17시,월요일,경상남도 함안군 칠원읍,경상사고,0,0,3,0,차대차 - 추돌,안전운전불이행,건조,맑음,단일로 - 기타,승용,남,29세,상해없음,승용,남,39세,경상
2018100100100489,2018년 10월 1일 18시,월요일,경상남도 거창군 거창읍,중상사고,0,1,1,0,차대사람 - 횡단중,안전운전불이행,건조,맑음,교차로 - 교차로횡단보도내,이륜,여,64세,경상,보행자,여,70세,중상
2018100100100490,2018년 10월 1일 18시,월요일,경상남도 창녕군 이방면,중상사고,0,1,3,1,차대차 - 측면충돌,신호위반,건조,맑음,교차로 - 교차로안,승용,여,66세,부상신고,화물,남,65세,경상
2018100100100491,2018년 10월 1일 18시,월요일,경상남도 창원시 의창구 팔용동,사망사고,1,0,0,0,차대사람 - 횡단중,보행자보호의무위반,건조,맑음,교차로 - 교차로횡단보도내,승용,남,57세,상해없음,보행자,여,28세,사망
2018100100100492,2018년 10월 1일 18시,월요일,경상남도 창원시 의창구 봉곡동,경상사고,0,0,3,0,차대차 - 측면충돌,신호위반,건조,맑음,교차로 - 교차로안,승합,남,35세,경상,승용,남,25세,경상
2018100100100493,2018년 10월 1일 18시,월요일,경상남도 김해시 유하동,중상사고,0,1,0,0,차대차 - 정면충돌,안전운전불이행,건조,맑음,단일로 - 기타,승용,남,35세,상해없음,자전거,남,56세,중상
2018100100100560,2018년 10월 1일 20시,월요일,경상남도 창원시 마산합포구 동성동,경상사고,0,0,1,0,차대차 - 측면충돌,안전운전불이행,건조,맑음,교차로 - 교차로부근,승용,여,41세,상해없음,이륜,남,34세,경상
2018100100100585,2018년 10월 1일 21시,월요일,경상남도 통영시 무전동,중상사고,0,1,0,0,차대차 - 측면충돌,중앙선침범,건조,맑음,단일로 - 기타,승용,남,37세,상해없음,이륜,남,18세,중상
2018100100100586,2018년 10월 1일 21시,월요일,경상남도 창원시 성산구 성주동,경상사고,0,0,2,0,차대차 - 추돌,안전운전불이행,건조,맑음,단일로 - 기타,승용,남,29세,상해없음,승용,남,37세,경상
2018100100100602,2018년 10월 1일 22시,월요일,경상남도 창원시 의창구 도계동,중상사고,0,2,1,0,차대차 - 측면충돌,직진우회전진행방해,건조,맑음,교차로 - 교차로안,승용,남,55세,상해없음,승용,남,60세,상해없음
2018100200100050,2018년 10월 2일 05시,화요일,경상남도 창원시 진해구 용원동,중상사고,0,1,0,0,차대사람 - 횡단중,보행자보호의무위반,건조,맑음,교차로 - 교차로안,승용,남,23세,상해없음,보행자,남,51세,중상
2018100200100083,2018년 10월 2일 07시,화요일,경상남도 양산시 동면,경상사고,0,0,4,0,차대차 - 측면충돌,안전거리미확보,건조,맑음,단일로 - 기타,화물,남,31세,상해없음,승합,남,64세,경상
2018100200100125,2018년 10월 2일 08시,화요일,경상남도 김해시 어방동,중상사고,0,1,0,0,차대사람 - 횡단중,보행자보호의무위반,건조,맑음,단일로 - 기타,승용,남,26세,상해없음,보행자,여,53세,중상
2018100200100126,2018년 10월 2일 08시,화요일,경상남도 김해시 부원동,경상사고,0,0,1,3,차대차 - 기타,안전운전불이행,건조,맑음,교차로 - 교차로안,원동기,남,72세,경상,승용,여,37세,부상신고
2018100200100127,2018년 10월 2일 08시,화요일,경상남도 의령군 의령읍,경상사고,0,0,1,0,차대차 - 측면충돌,안전운전불이행,건조,맑음,단일로 - 지하차도(도로)내,화물,남,75세,상해없음,승용,남,30세,경상
2018100200100172,2018년 10월 2일 09시,화요일,경상남도 김해시 흥동,중상사고,0,1,0,0,차대차 - 측면충돌,차로위반,건조,맑음,단일로 - 기타,이륜,남,50세,상해없음,승용,남,36세,중상
2018100200100173,2018년 10월 2일 09시,화요일,경상남도 양산시 물금읍,중상사고,0,1,0,0,차대사람 - 횡단중,신호위반,건조,맑음,교차로 - 교차로횡단보도내,승용,남,52세,상해없음,보행자,여,64세,중상
2018100200100241,2018년 10월 2일 11시,화요일,경상남도 진주시 신안동,중상사고,0,1,0,0,차대사람 - 기타,기타,건조,맑음,단일로 - 기타,승합,남,57세,상해없음,보행자,여,73세,중상
2018100200100242,2018년 10월 2일 11시,화요일,경상남도 산청군 금서면,경상사고,0,0,1,0,차대사람 - 길가장자리구역통행중,신호위반,건조,맑음,교차로 - 교차로안,화물,남,56세,상해없음,보행자,여,82세,경상
2018100200100270,2018년 10월 2일 12시,화요일,경상남도 양산시 어곡동,부상신고사고,0,0,0,2,차량단독 - 공작물충돌,안전운전불이행,건조,맑음,단일로 - 기타,승용,남,72세,상해없음,,,,
2018100200100271,2018년 10월 2일 12시,화요일,경상남도 양산시 동면,경상사고,0,0,1,1,차대차 - 추돌,안전거리미확보,건조,맑음,교차로 - 교차로안,승용,여,46세,부상신고,승용,여,58세,경상
2018100200100272,2018년 10월 2일 12시,화요일,경상남도 거제시 고현동,경상사고,0,0,1,0,차대차 - 추돌,안전운전불이행,건조,맑음,교차로 - 교차로부근,화물,남,49세,기타불명,승용,남,27세,경상
2018100200100273,2018년 10월 2일 12시,화요일,경상남도 창원시 의창구 도계동,경상사고,0,0,2,0,차대차 - 정면충돌,중앙선침범,건조,맑음,단일로 - 기타,화물,남,62세,상해없음,화물,남,43세,경상
2018100200100303,2018년 10월 2일 13시,화요일,경상남도 산청군 시천면,중상사고,0,1,0,0,차대차 - 측면충돌,교차로운행방법위반,건조,맑음,교차로 - 교차로안,화물,남,59세,상해없음,이륜,남,83세,중상
2018100200100304,2018년 10월 2일 13시,화요일,경상남도 함안군 칠북면,중상사고,0,1,0,0,차대차 - 측면충돌,중앙선침범,건조,맑음,단일로 - 기타,이륜,남,58세,중상,승용,남,27세,상해없음
2018100200100343,2018년 10월 2일 14시,화요일,경상남도 의령군 의령읍,중상사고,0,1,2,0,차대차 - 추돌,안전거리미확보,건조,맑음,교차로 - 교차로부근,화물,남,72세,경상,승용,남,75세,상해없음
2018100200100344,2018년 10월 2일 14시,화요일,경상남도 김해시 삼문동,중상사고,0,1,0,0,차대차 - 측면충돌,차로위반,건조,맑음,단일로 - 기타,승용,여,57세,상해없음,이륜,남,19세,중상
2018100200100369,2018년 10월 2일 15시,화요일,경상남도 창원시 진해구 이동,사망사고,1,0,0,0,차대차 - 측면충돌,안전거리미확보,건조,맑음,교차로 - 교차로부근,이륜,남,84세,사망,승용,남,28세,상해없음
2018100200100370,2018년 10월 2일 15시,화요일,경상남도 통영시 도산면,경상사고,0,0,2,0,차대차 - 추돌,안전운전불이행,건조,맑음,교차로 - 교차로부근,승용,남,39세,상해없음,승용,남,36세,경상
2018100200100371,2018년 10월 2일 15시,화요일,경상남도 통영시 북신동,경상사고,0,0,1,0,차대차 - 측면충돌,안전운전불이행,건조,맑음,단일로 - 기타,자전거,남,36세,경상,승합,남,43세,상해없음
2018100200100372,2018년 10월 2일 15시,화요일,경상남도 창원시 마산회원구 합성동,중상사고,0,1,0,0,차대차 - 측면충돌,안전운전불이행,건조,맑음,단일로 - 기타,승용,여,44세,상해없음,이륜,남,44세,중상
2018100200100411,2018년 10월 2일 16시,화요일,경상남도 통영시 용남면,중상사고,0,1,0,0,차대사람 - 차도통행중,안전운전불이행,건조,맑음,단일로 - 기타,건설기계,남,41세,상해없음,보행자,남,86세,중상
2018100200100412,2018년 10월 2일 16시,화요일,경상남도 김해시 내동,경상사고,0,0,1,0,차량단독 - 공작물충돌,안전운전불이행,건조,맑음,단일로 - 기타,승용,여,48세,경상,,,,
2018100200100413,2018년 10월 2일 16시,화요일,경상남도 함안군 가야읍,중상사고,0,2,0,0,차대차 - 기타,교차로운행방법위반,건조,맑음,교차로 - 교차로안,특수,여,47세,상해없음,승용,남,56세,중상
2018100200100414,2018년 10월 2일 16시,화요일,경상남도 김해시 대청동,중상사고,0,1,0,0,차대차 - 측면충돌,중앙선침범,건조,맑음,교차로 - 교차로부근,승용,여,58세,상해없음,승용,여,45세,중상
2018100200100448,2018년 10월 2일 17시,화요일,경상남도 진주시 이현동,중상사고,0,1,1,0,차대차 - 측면충돌,안전운전불이행,건조,맑음,교차로 - 교차로안,승용,남,39세,상해없음,화물,남,74세,중상
2018100200100450,2018년 10월 2일 17시,화요일,경상남도 창원시 마산회원구 내서읍,중상사고,0,2,0,0,차대차 - 추돌,안전운전불이행,건조,맑음,교차로 - 교차로안,화물,남,50세,상해없음,승용,여,63세,중상
2018100200100502,2018년 10월 2일 18시,화요일,경상남도 거창군 거창읍,중상사고,0,1,2,0,차대차 - 추돌,안전운전불이행,건조,맑음,단일로 - 기타,화물,남,59세,상해없음,승용,남,56세,경상
2018100200100503,2018년 10월 2일 18시,화요일,경상남도 양산시 평산동,경상사고,0,0,1,0,차대차 - 기타,안전운전불이행,건조,맑음,단일로 - 기타,화물,남,31세,상해없음,승용,남,59세,경상
2018100200100504,2018년 10월 2일 18시,화요일,경상남도 거제시 상동동,중상사고,0,1,0,0,차대차 - 기타,신호위반,건조,맑음,교차로 - 교차로안,승용,여,28세,상해없음,이륜,남,31세,중상
2018100200100550,2018년 10월 2일 19시,화요일,경상남도 창원시 마산합포구 진동면,중상사고,0,1,0,0,차대차 - 추돌,안전운전불이행,건조,맑음,단일로 - 기타,승용,여,38세,상해없음,승용,남,70세,중상
2018100200100551,2018년 10월 2일 19시,화요일,경상남도 진주시 상봉동,중상사고,0,1,0,0,차대사람 - 횡단중,안전운전불이행,건조,맑음,단일로 - 기타,승용,남,39세,상해없음,보행자,남,56세,중상
2018100200100552,2018년 10월 2일 19시,화요일,경상남도 창원시 진해구 이동,경상사고,0,0,2,0,차대차 - 추돌,안전운전불이행,건조,맑음,교차로 - 교차로안,승용,여,47세,상해없음,승용,여,47세,경상
2018100200100553,2018년 10월 2일 19시,화요일,경상남도 통영시 무전동,중상사고,0,1,1,0,차대차 - 측면충돌,안전운전불이행,건조,맑음,단일로 - 기타,승용,여,60세,경상,승용,남,23세,중상
2018100200100554,2018년 10월 2일 19시,화요일,경상남도 사천시 축동면,중상사고,0,1,1,0,차대차 - 추돌,안전운전불이행,건조,맑음,단일로 - 기타,화물,남,74세,상해없음,승용,남,26세,중상
2018100200100555,2018년 10월 2일 19시,화요일,경상남도 양산시 평산동,경상사고,0,0,1,0,차대사람 - 횡단중,안전운전불이행,건조,맑음,교차로 - 교차로안,승합,남,51세,상해없음,보행자,남,65세,경상
2018100200100629,2018년 10월 2일 21시,화요일,경상남도 진주시 초전동,중상사고,0,1,0,0,차대차 - 정면충돌,신호위반,건조,맑음,교차로 - 교차로안,승용,여,34세,상해없음,승용,남,39세,중상
2018100200100657,2018년 10월 2일 22시,화요일,경상남도 김해시 부곡동,중상사고,0,1,1,0,차대사람 - 횡단중,안전운전불이행,건조,맑음,교차로 - 교차로안,이륜,남,44세,경상,보행자,남,51세,중상
2018100200100681,2018년 10월 2일 23시,화요일,경상남도 진주시 가좌동,중상사고,0,1,0,0,차대사람 - 횡단중,보행자보호의무위반,건조,맑음,단일로 - 기타,승용,남,53세,상해없음,보행자,여,69세,중상
2018100200100682,2018년 10월 2일 23시,화요일,경상남도 창원시 의창구 봉곡동,중상사고,0,1,0,0,차대차 - 측면충돌,신호위반,건조,맑음,교차로 - 교차로안,이륜,남,34세,상해없음,이륜,남,29세,중상
2018100300100014,2018년 10월 3일 00시,수요일,경상남도 진주시 집현면,경상사고,0,0,1,0,차대차 - 기타,안전운전불이행,건조,맑음,단일로 - 기타,승용,남,53세,상해없음,승용,여,64세,경상
2018100300100031,2018년 10월 3일 01시,수요일,경상남도 통영시 무전동,경상사고,0,0,3,0,차대차 - 추돌,안전운전불이행,건조,맑음,단일로 - 기타,승용,남,33세,상해없음,승용,남,65세,경상
2018100300100032,2018년 10월 3일 01시,수요일,경상남도 산청군 산청읍,경상사고,0,0,1,0,차대차 - 측면충돌,중앙선침범,건조,맑음,단일로 - 기타,승용,여,48세,상해없음,승합,남,45세,기타불명
2018100300100051,2018년 10월 3일 02시,수요일,경상남도 김해시 부곡동,중상사고,0,1,3,0,차대차 - 추돌,안전운전불이행,건조,맑음,교차로 - 교차로부근,승합,남,36세,상해없음,승용,여,60세,중상
2018100300100121,2018년 10월 3일 07시,수요일,경상남도 거제시 고현동,중상사고,0,1,0,0,차대차 - 측면충돌,안전운전불이행,건조,맑음,교차로 - 교차로부근,이륜,남,47세,중상,승용,남,58세,상해없음
2018100300100140,2018년 10월 3일 08시,수요일,경상남도 남해군 남해읍,중상사고,0,1,1,0,차대차 - 측면충돌,중앙선침범,건조,맑음,단일로 - 기타,승용,여,73세,상해없음,승용,여,47세,경상
2018100300100212,2018년 10월 3일 11시,수요일,경상남도 창녕군 대합면,사망사고,1,0,0,0,차대차 - 측면충돌,기타,건조,맑음,교차로 - 교차로안,농기계,남,58세,상해없음,원동기,남,74세,사망
2018100300100213,2018년 10월 3일 11시,수요일,경상남도 양산시 평산동,경상사고,0,0,1,0,차대차 - 기타,신호위반,건조,맑음,교차로 - 교차로안,승용,여,57세,상해없음,승용,남,53세,상해없음
2018100300100231,2018년 10월 3일 12시,수요일,경상남도 통영시 도산면,중상사고,0,1,0,0,차대차 - 기타,신호위반,건조,맑음,교차로 - 교차로안,승용,여,65세,상해없음,사륜오토바이(ATV),남,88세,중상
2018100300100232,2018년 10월 3일 12시,수요일,경상남도 창녕군 남지읍,부상신고사고,0,0,0,1,차대차 - 측면충돌,안전운전불이행,건조,맑음,단일로 - 기타,농기계,남,64세,상해없음,원동기,남,85세,부상신고
2018100300100233,2018년 10월 3일 12시,수요일,경상남도 김해시 관동동,중상사고,0,1,0,0,차대차 - 측면충돌,안전운전불이행,건조,맑음,교차로 - 교차로안,승용,남,46세,상해없음,이륜,남,39세,중상
2018100300100276,2018년 10월 3일 13시,수요일,경상남도 양산시 북정동,경상사고,0,0,1,0,차대차 - 측면충돌,직진우회전진행방해,건조,맑음,교차로 - 교차로안,승용,남,72세,상해없음,이륜,남,55세,경상
2018100300100277,2018년 10월 3일 13시,수요일,경상남도 창원시 의창구 명서동,중상사고,0,1,2,0,차대차 - 추돌,안전운전불이행,건조,맑음,단일로 - 기타,승용,여,52세,상해없음,승용,남,64세,경상
2018100300100311,2018년 10월 3일 14시,수요일,경상남도 거제시 연초면,경상사고,0,0,1,0,차량단독 - 공작물충돌,안전운전불이행,건조,맑음,단일로 - 기타,승용,여,46세,상해없음,,,,
2018100300100348,2018년 10월 3일 15시,수요일,경상남도 진주시 평거동,중상사고,0,1,0,0,차대차 - 기타,신호위반,건조,맑음,단일로 - 기타,승용,여,28세,상해없음,자전거,남,11세,중상
2018100300100350,2018년 10월 3일 15시,수요일,경상남도 양산시 물금읍,경상사고,0,0,1,0,차대차 - 측면충돌,직진우회전진행방해,건조,맑음,교차로 - 교차로안,화물,남,38세,상해없음,승용,남,48세,경상
2018100300100378,2018년 10월 3일 16시,수요일,경상남도 밀양시 삼랑진읍,중상사고,0,1,0,0,차대차 - 정면충돌,중앙선침범,건조,맑음,단일로 - 기타,승용,여,28세,상해없음,화물,남,58세,중상
2018100300100379,2018년 10월 3일 16시,수요일,경상남도 고성군 회화면,사망사고,1,0,0,0,차대차 - 추돌,안전운전불이행,건조,맑음,단일로 - 기타,승용,여,44세,상해없음,농기계,남,67세,사망
2018100300100426,2018년 10월 3일 17시,수요일,경상남도 사천시 사남면,중상사고,0,1,0,4,차대차 - 측면충돌,안전운전불이행,건조,맑음,단일로 - 기타,이륜,남,17세,중상,승용,여,33세,부상신고
2018100300100427,2018년 10월 3일 17시,수요일,경상남도 하동군 적량면,중상사고,0,1,0,0,차대사람 - 횡단중,안전운전불이행,건조,맑음,단일로 - 기타,승합,남,65세,상해없음,보행자,여,79세,중상
2018100300100428,2018년 10월 3일 17시,수요일,경상남도 거제시 삼거동,경상사고,0,0,2,0,차대차 - 측면충돌,중앙선침범,건조,맑음,교차로 - 교차로부근,승용,여,46세,상해없음,화물,남,62세,경상
2018100300100464,2018년 10월 3일 18시,수요일,경상남도 통영시 무전동,경상사고,0,0,2,0,차대차 - 측면충돌,신호위반,건조,맑음,교차로 - 교차로안,이륜,남,19세,경상,승용,여,59세,경상
2018100300100465,2018년 10월 3일 18시,수요일,경상남도 밀양시 삼문동,경상사고,0,0,1,0,차대차 - 측면충돌,안전운전불이행,건조,맑음,주차장 - 주차장,승용,남,44세,상해없음,승용,여,29세,경상
2018100300100466,2018년 10월 3일 18시,수요일,경상남도 양산시 동면,경상사고,0,0,1,0,차대차 - 측면충돌,신호위반,건조,맑음,교차로 - 교차로안,승용,남,50세,상해없음,자전거,남,7세,경상
2018100300100467,2018년 10월 3일 18시,수요일,경상남도 하동군 북천면,중상사고,0,1,0,0,차대차 - 측면충돌,안전운전불이행,건조,맑음,단일로 - 기타,승용,남,55세,상해없음,승용,남,29세,중상
2018100300100468,2018년 10월 3일 18시,수요일,경상남도 함안군 칠북면,경상사고,0,0,2,0,차대차 - 측면충돌,안전운전불이행,건조,맑음,교차로 - 교차로안,승용,남,60세,상해없음,승용,남,70세,경상
2018100300100469,2018년 10월 3일 18시,수요일,경상남도 창원시 성산구 중앙동,경상사고,0,0,1,0,차대차 - 측면충돌,신호위반,건조,맑음,교차로 - 교차로안,승합,남,56세,상해없음,승용,남,64세,경상
2018100300100500,2018년 10월 3일 19시,수요일,경상남도 창원시 진해구 용원동,경상사고,0,0,1,0,차대차 - 측면충돌,안전운전불이행,건조,맑음,교차로 - 교차로안,자전거,남,7세,경상,승용,남,61세,상해없음
2018100300100501,2018년 10월 3일 19시,수요일,경상남도 고성군 마암면,중상사고,0,2,0,0,차대차 - 추돌,안전운전불이행,건조,맑음,교차로 - 교차로부근,승용,남,60세,상해없음,승용,여,24세,중상
2018100300100502,2018년 10월 3일 19시,수요일,경상남도 거제시 사등면,중상사고,0,1,1,0,차대차 - 측면충돌,안전운전불이행,건조,맑음,단일로 - 기타,승용,남,47세,상해없음,승용,남,25세,경상
2018100300100503,2018년 10월 3일 19시,수요일,경상남도 창원시 마산회원구 구암동,경상사고,0,0,1,0,차대차 - 측면충돌,안전운전불이행,건조,맑음,단일로 - 기타,승용,남,34세,상해없음,자전거,남,25세,경상
2018100300100504,2018년 10월 3일 19시,수요일,경상남도 김해시 관동동,경상사고,0,0,1,0,차대차 - 추돌,안전운전불이행,건조,맑음,단일로 - 기타,승용,여,48세,상해없음,승용,여,45세,경상
2018100300100524,2018년 10월 3일 20시,수요일,경상남도 함안군 가야읍,중상사고,0,1,0,0,차대사람 - 기타,안전운전불이행,건조,맑음,단일로 - 기타,승용,남,43세,상해없음,보행자,여,63세,중상
2018100400100009,2018년 10월 4일 00시,목요일,경상남도 진주시 초전동,경상사고,0,0,1,0,차대차 - 측면충돌,안전운전불이행,건조,맑음,교차로 - 교차로안,화물,남,71세,상해없음,승용,여,51세,경상
2018100400100039,2018년 10월 4일 04시,목요일,경상남도 창원시 의창구 명서동,중상사고,0,1,0,0,차량단독 - 기타,안전운전불이행,건조,맑음,교차로 - 교차로안,승용,남,60세,상해없음,,,,
2018100400100054,2018년 10월 4일 05시,목요일,경상남도 창원시 마산합포구 예곡동,중상사고,0,1,0,0,차대사람 - 횡단중,안전운전불이행,건조,맑음,교차로 - 교차로안,승용,남,54세,상해없음,보행자,남,72세,중상
2018100400100087,2018년 10월 4일 07시,목요일,경상남도 산청군 신안면,중상사고,0,1,0,1,차대차 - 추돌,과속,건조,맑음,단일로 - 기타,승용,남,45세,상해없음,승용,남,63세,중상
2018100400100134,2018년 10월 4일 08시,목요일,경상남도 창원시 마산합포구 중앙동2가,경상사고,0,0,2,0,차대차 - 측면충돌,안전운전불이행,건조,맑음,교차로 - 교차로안,승용,여,45세,경상,화물,남,33세,상해없음
2018100400100135,2018년 10월 4일 08시,목요일,경상남도 창원시 성산구 양곡동,경상사고,0,0,1,0,차대차 - 측면충돌,신호위반,건조,맑음,교차로 - 교차로부근,승용,남,61세,상해없음,승용,여,39세,경상
2018100400100136,2018년 10월 4일 08시,목요일,경상남도 김해시 삼문동,경상사고,0,0,1,0,차대사람 - 횡단중,안전운전불이행,건조,맑음,단일로 - 기타,승용,남,39세,상해없음,보행자,여,8세,경상
2018100400100137,2018년 10월 4일 08시,목요일,경상남도 김해시 진영읍,경상사고,0,0,1,0,차대차 - 추돌,안전거리미확보,건조,맑음,교차로 - 교차로부근,승용,남,61세,상해없음,승용,여,38세,경상
2018100400100186,2018년 10월 4일 09시,목요일,경상남도 밀양시 삼문동,경상사고,0,0,1,0,차대차 - 추돌,안전거리미확보,건조,맑음,단일로 - 기타,승용,남,48세,상해없음,승용,여,38세,경상
2018100400100230,2018년 10월 4일 10시,목요일,경상남도 창원시 마산합포구 중앙동1가,경상사고,0,0,1,0,차대차 - 측면충돌,안전운전불이행,건조,맑음,단일로 - 기타,승용,남,45세,상해없음,자전거,남,69세,경상
2018100400100260,2018년 10월 4일 11시,목요일,경상남도 창원시 마산합포구 중앙동1가,경상사고,0,0,1,0,차대차 - 측면충돌,안전운전불이행,건조,맑음,단일로 - 기타,화물,남,47세,상해없음,자전거,남,85세,경상
2018100400100261,2018년 10월 4일 11시,목요일,경상남도 김해시 외동,중상사고,0,1,1,0,차대차 - 추돌,안전운전불이행,건조,맑음,단일로 - 기타,승용,남,46세,상해없음,승용,여,50세,중상
2018100400100262,2018년 10월 4일 11시,목요일,경상남도 거제시 동부면,경상사고,0,0,1,0,차대사람 - 횡단중,안전운전불이행,건조,맑음,단일로 - 기타,기타불명,기타불명,미분류,기타불명,보행자,여,83세,경상
2018100400100293,2018년 10월 4일 12시,목요일,경상남도 통영시 무전동,중상사고,0,1,0,0,차대사람 - 횡단중,안전운전불이행,건조,맑음,단일로 - 기타,화물,여,56세,상해없음,보행자,남,52세,중상
2018100400100294,2018년 10월 4일 12시,목요일,경상남도 사천시 향촌동,경상사고,0,0,2,0,차대차 - 측면충돌,안전운전불이행,건조,맑음,교차로 - 교차로안,승용,남,53세,경상,승용,남,60세,경상
2018100400100325,2018년 10월 4일 13시,목요일,경상남도 통영시 북신동,경상사고,0,0,1,0,차대차 - 측면충돌,교차로운행방법위반,건조,맑음,교차로 - 교차로안,승용,남,73세,상해없음,승용,여,37세,경상
2018100400100326,2018년 10월 4일 13시,목요일,경상남도 사천시 동금동,경상사고,0,0,1,0,차대사람 - 길가장자리구역통행중,안전운전불이행,건조,맑음,단일로 - 기타,승용,여,58세,상해없음,보행자,여,50세,경상
2018100400100430,2018년 10월 4일 16시,목요일,경상남도 통영시 항남동,중상사고,0,1,0,0,차대사람 - 횡단중,중앙선침범,건조,맑음,단일로 - 기타,자전거,남,49세,상해없음,보행자,여,64세,중상
2018100400100431,2018년 10월 4일 16시,목요일,경상남도 합천군 용주면,경상사고,0,0,1,1,차대차 - 정면충돌,안전운전불이행,건조,맑음,단일로 - 기타,화물,남,40세,부상신고,건설기계,남,50세,경상
2018100400100468,2018년 10월 4일 17시,목요일,경상남도 창원시 마산회원구 내서읍,경상사고,0,0,1,0,차대차 - 기타,안전운전불이행,건조,흐림,교차로 - 교차로부근,이륜,남,65세,경상,승용,여,41세,상해없음
2018100400100500,2018년 10월 4일 18시,목요일,경상남도 김해시 대동면,경상사고,0,0,1,0,차대차 - 측면충돌,안전거리미확보,건조,맑음,단일로 - 기타,승용,남,55세,상해없음,승용,남,30세,경상
2018100400100528,2018년 10월 4일 18시,목요일,경상남도 양산시 교동,경상사고,0,0,1,0,차대차 - 추돌,신호위반,건조,맑음,교차로 - 교차로횡단보도내,승용,여,49세,상해없음,자전거,남,21세,경상
2018100400100577,2018년 10월 4일 19시,목요일,경상남도 창원시 마산합포구 화영동,경상사고,0,0,3,0,차대차 - 측면충돌,신호위반,건조,맑음,교차로 - 교차로안,승용,남,58세,상해없음,승용,남,58세,경상
2018100400100578,2018년 10월 4일 19시,목요일,경상남도 양산시 물금읍,중상사고,0,1,0,0,차대차 - 추돌,안전거리미확보,건조,맑음,단일로 - 터널,승용,남,33세,상해없음,승용,남,55세,중상
2018100400100579,2018년 10월 4일 19시,목요일,경상남도 양산시 북정동,중상사고,0,1,0,0,차대사람 - 횡단중,신호위반,건조,흐림,교차로 - 교차로횡단보도내,자전거,남,44세,상해없음,보행자,여,44세,중상
2018100400100580,2018년 10월 4일 19시,목요일,경상남도 창원시 의창구 중동,경상사고,0,0,3,0,차대차 - 기타,안전운전불이행,젖음/습기,비,교차로 - 교차로부근,승용,여,44세,상해없음,승용,남,53세,경상
2018100400100625,2018년 10월 4일 20시,목요일,경상남도 김해시 한림면,경상사고,0,0,2,0,차대차 - 측면충돌,신호위반,젖음/습기,비,교차로 - 교차로안,승용,남,26세,상해없음,승용,여,68세,경상
2018100400100660,2018년 10월 4일 21시,목요일,경상남도 거제시 장평동,경상사고,0,0,1,0,차대차 - 측면충돌,안전운전불이행,젖음/습기,비,단일로 - 기타,승용,남,42세,상해없음,이륜,남,41세,경상
2018100400100662,2018년 10월 4일 21시,목요일,경상남도 김해시 부곡동,중상사고,0,1,0,0,차대차 - 측면충돌,안전운전불이행,젖음/습기,비,단일로 - 기타,승용,남,52세,상해없음,승용,여,44세,중상
2018100400100691,2018년 10월 4일 22시,목요일,경상남도 창원시 마산합포구 동성동,중상사고,0,1,0,0,차대차 - 측면충돌,교차로운행방법위반,젖음/습기,비,교차로 - 교차로안,승용,남,25세,상해없음,이륜,여,56세,중상
2018100400100692,2018년 10월 4일 22시,목요일,경상남도 통영시 무전동,중상사고,0,1,0,0,차대사람 - 횡단중,안전운전불이행,젖음/습기,비,교차로 - 교차로안,승용,남,32세,상해없음,보행자,여,63세,중상
2018100400100693,2018년 10월 4일 22시,목요일,경상남도 하동군 악양면,경상사고,0,0,1,0,차량단독 - 전도전복 - 전도,안전운전불이행,건조,맑음,교차로 - 교차로안,이륜,남,48세,경상,미분류,미분류,미분류,미분류
2018100400100694,2018년 10월 4일 22시,목요일,경상남도 창원시 마산회원구 석전동,중상사고,0,1,3,0,차대차 - 추돌,안전운전불이행,젖음/습기,비,단일로 - 기타,승용,남,43세,상해없음,승용,여,33세,경상
2018100500100014,2018년 10월 5일 00시,금요일,경상남도 양산시 삼호동,중상사고,0,2,0,0,차대차 - 추돌,중앙선침범,젖음/습기,비,단일로 - 기타,승용,남,60세,상해없음,승용,남,38세,중상
2018100500100048,2018년 10월 5일 03시,금요일,경상남도 창원시 성산구 중앙동,중상사고,0,1,0,0,차대사람 - 횡단중,안전운전불이행,젖음/습기,비,교차로 - 교차로횡단보도내,승용,남,51세,상해없음,보행자,남,79세,중상
2018100500100053,2018년 10월 5일 04시,금요일,경상남도 양산시 중부동,중상사고,0,1,1,0,차대차 - 측면충돌,직진우회전진행방해,젖음/습기,비,교차로 - 교차로안,승용,남,17세,상해없음,승용,남,62세,경상
2018100500100054,2018년 10월 5일 04시,금요일,경상남도 거제시 고현동,경상사고,0,0,2,0,차대차 - 정면충돌,안전운전불이행,기타,비,단일로 - 기타,승용,여,47세,상해없음,승용,남,58세,경상