사고번호,사고일시,요일,시군구,사고내용,사망자수,중상자수,경상자수,부상신고자수,사고유형,법규위반,노면상태,기상상태,도로형태,가해운전자 차종,가해운전자 성별,가해운전자 연령,가해운전자 상해정도,피해운전자 차종,피해운전자 성별,피해운전자 연령,피해운전자 상해정도
2018100500100066,2018년 10월 5일 05시,금요일,경상남도 창원시 진해구 용원동,중상사고,0,1,0,0,차대차 - 측면충돌,신호위반,젖음/습기,비,교차로 - 교차로안,화물,남,49세,상해없음,승용,남,54세,중상
2018100500100081,2018년 10월 5일 06시,금요일,경상남도 창원시 의창구 동읍,중상사고,0,1,0,0,차대차 - 추돌,안전운전불이행,젖음/습기,비,단일로 - 기타,화물,남,54세,상해없음,승용,남,49세,중상
2018100500100143,2018년 10월 5일 08시,금요일,경상남도 합천군 청덕면,중상사고,0,1,0,0,차량단독 - 공작물충돌,안전운전불이행,젖음/습기,비,단일로 - 기타,화물,남,75세,중상,,,,
2018100500100144,2018년 10월 5일 08시,금요일,경상남도 창녕군 대합면,중상사고,0,1,0,1,차대차 - 측면충돌,신호위반,젖음/습기,비,교차로 - 교차로안,승용,남,20세,부상신고,화물,남,53세,중상
2018100500100145,2018년 10월 5일 08시,금요일,경상남도 양산시 삼호동,경상사고,0,0,2,0,차대차 - 추돌,신호위반,젖음/습기,비,교차로 - 교차로안,승용,여,47세,상해없음,승용,여,48세,경상
2018100500100146,2018년 10월 5일 08시,금요일,경상남도 창원시 의창구 팔용동,경상사고,0,0,1,0,차대사람 - 횡단중,안전운전불이행,젖음/습기,비,교차로 - 교차로안,승용,여,42세,상해없음,보행자,남,18세,경상
2018100500100147,2018년 10월 5일 08시,금요일,경상남도 김해시 대청동,중상사고,0,1,0,0,차대차 - 측면충돌,신호위반,젖음/습기,비,교차로 - 교차로안,승합,남,51세,상해없음,화물,남,60세,중상
2018100500100195,2018년 10월 5일 09시,금요일,경상남도 밀양시 무안면,중상사고,0,2,0,0,차대차 - 정면충돌,중앙선침범,젖음/습기,흐림,단일로 - 기타,승용,여,60세,중상,화물,남,58세,중상
2018100500100196,2018년 10월 5일 09시,금요일,경상남도 남해군 남해읍,중상사고,0,1,0,0,차대사람 - 횡단중,안전운전불이행,건조,맑음,교차로 - 교차로안,승용,남,65세,상해없음,보행자,여,77세,중상
2018100500100223,2018년 10월 5일 10시,금요일,경상남도 창원시 마산합포구 상남동,경상사고,0,0,1,0,차대차 - 기타,안전거리미확보,건조,맑음,단일로 - 기타,승용,남,48세,상해없음,승용,여,41세,경상
2018100500100224,2018년 10월 5일 10시,금요일,경상남도 진주시 상대동,중상사고,0,1,0,0,차대사람 - 횡단중,안전운전불이행,젖음/습기,비,교차로 - 교차로안,승용,남,43세,상해없음,보행자,여,73세,중상
2018100500100257,2018년 10월 5일 11시,금요일,경상남도 거제시 장목면,사망사고,1,0,0,0,차량단독 - 공작물충돌,안전운전불이행,젖음/습기,비,단일로 - 고가도로위,승용,남,49세,사망,,,,
2018100500100258,2018년 10월 5일 11시,금요일,경상남도 거제시 고현동,경상사고,0,0,1,0,차대차 - 측면충돌,교차로운행방법위반,건조,맑음,교차로 - 교차로안,승용,여,56세,상해없음,화물,남,34세,경상
2018100500100292,2018년 10월 5일 12시,금요일,경상남도 진주시 신안동,경상사고,0,0,2,0,차대차 - 측면충돌,신호위반,젖음/습기,비,교차로 - 교차로부근,승용,남,47세,상해없음,승용,여,47세,경상
2018100500100293,2018년 10월 5일 12시,금요일,경상남도 의령군 부림면,경상사고,0,0,2,0,차대차 - 측면충돌,직진우회전진행방해,젖음/습기,비,교차로 - 교차로안,승용,여,53세,경상,승용,여,34세,경상
2018100500100331,2018년 10월 5일 13시,금요일,경상남도 창원시 진해구 경화동,경상사고,0,0,1,0,차대차 - 추돌,안전운전불이행,젖음/습기,흐림,기타 - 기타,화물,남,64세,상해없음,승용,여,55세,경상
2018100500100332,2018년 10월 5일 13시,금요일,경상남도 김해시 삼계동,경상사고,0,0,1,0,차대차 - 기타,중앙선침범,젖음/습기,흐림,단일로 - 기타,화물,남,48세,상해없음,승용,남,37세,경상
2018100500100333,2018년 10월 5일 13시,금요일,경상남도 거제시 연초면,중상사고,0,1,0,0,차대차 - 기타,중앙선침범,젖음/습기,비,단일로 - 기타,승용,여,75세,상해없음,승용,남,20세,중상
2018100500100370,2018년 10월 5일 14시,금요일,경상남도 진주시 판문동,중상사고,0,1,0,0,차량단독 - 기타,안전운전불이행,젖음/습기,비,단일로 - 기타,승합,남,44세,상해없음,,,,
2018100500100371,2018년 10월 5일 14시,금요일,경상남도 사천시 용강동,중상사고,0,1,1,0,차대차 - 측면충돌,교차로운행방법위반,건조,맑음,교차로 - 교차로안,승용,여,32세,경상,승용,남,54세,상해없음
2018100500100372,2018년 10월 5일 14시,금요일,경상남도 밀양시 삼문동,경상사고,0,0,1,0,차대차 - 측면충돌,중앙선침범,젖음/습기,비,단일로 - 기타,승용,남,45세,상해없음,이륜,남,22세,경상
2018100500100373,2018년 10월 5일 14시,금요일,경상남도 창원시 의창구 명서동,중상사고,0,1,0,0,차대사람 - 횡단중,신호위반,젖음/습기,비,교차로 - 교차로안,승용,여,69세,상해없음,보행자,여,54세,중상
2018100500100374,2018년 10월 5일 14시,금요일,경상남도 창원시 의창구 동읍,중상사고,0,1,1,0,차대차 - 측면충돌,안전운전불이행,젖음/습기,흐림,교차로 - 교차로안,승용,남,43세,상해없음,승용,남,33세,중상
2018100500100429,2018년 10월 5일 15시,금요일,경상남도 김해시 부곡동,중상사고,0,1,0,0,차대차 - 측면충돌,안전운전불이행,건조,맑음,교차로 - 교차로안,승용,여,44세,상해없음,이륜,남,30세,중상
2018100500100443,2018년 10월 5일 16시,금요일,경상남도 양산시 동면,경상사고,0,0,1,0,차대차 - 추돌,안전운전불이행,젖음/습기,비,단일로 - 기타,승합,여,49세,상해없음,승용,여,44세,경상
2018100500100467,2018년 10월 5일 16시,금요일,경상남도 진주시 상봉동,중상사고,0,1,0,0,차대차 - 측면충돌,직진우회전진행방해,젖음/습기,비,교차로 - 교차로안,승용,남,27세,상해없음,이륜,남,26세,중상
2018100500100468,2018년 10월 5일 16시,금요일,경상남도 사천시 사천읍,경상사고,0,0,1,0,차대차 - 측면충돌,직진우회전진행방해,젖음/습기,흐림,교차로 - 교차로안,승용,남,31세,기타불명,이륜,남,24세,경상
2018100500100487,2018년 10월 5일 17시,금요일,경상남도 양산시 물금읍,경상사고,0,0,2,0,차대차 - 측면충돌,안전거리미확보,젖음/습기,비,단일로 - 기타,특수,남,50세,상해없음,승용,남,72세,경상
2018100500100513,2018년 10월 5일 17시,금요일,경상남도 창원시 마산합포구 월영동,경상사고,0,0,1,0,차대차 - 기타,안전운전불이행,건조,맑음,미분류 - 미분류,승용,남,59세,상해없음,승용,남,55세,상해없음
2018100500100514,2018년 10월 5일 17시,금요일,경상남도 창원시 진해구 덕산동,중상사고,0,1,1,0,차대차 - 측면충돌,신호위반,건조,맑음,교차로 - 교차로안,승용,남,71세,경상,화물,남,52세,중상
2018100500100515,2018년 10월 5일 17시,금요일,경상남도 창원시 의창구 신월동,중상사고,0,1,0,0,차대사람 - 횡단중,보행자보호의무위반,건조,맑음,교차로 - 교차로안,승용,남,40세,상해없음,보행자,여,38세,중상
2018100500100516,2018년 10월 5일 17시,금요일,경상남도 창원시 마산회원구 내서읍,중상사고,0,3,1,0,차대차 - 측면충돌,안전운전불이행,젖음/습기,비,교차로 - 교차로횡단보도내,승합,남,45세,상해없음,승용,여,46세,중상
2018100500100594,2018년 10월 5일 18시,금요일,경상남도 진주시 초전동,경상사고,0,0,1,0,차대차 - 측면충돌,안전운전불이행,젖음/습기,비,단일로 - 기타,이륜,남,20세,상해없음,승용,여,47세,경상
2018100500100595,2018년 10월 5일 18시,금요일,경상남도 김해시 외동,경상사고,0,0,1,0,차대사람 - 기타,안전운전불이행,젖음/습기,비,단일로 - 기타,승합,여,54세,상해없음,보행자,남,56세,경상
2018100500100596,2018년 10월 5일 18시,금요일,경상남도 양산시 북부동,중상사고,0,1,0,0,차대사람 - 기타,보행자보호의무위반,젖음/습기,비,교차로 - 교차로횡단보도내,승용,여,59세,상해없음,보행자,여,61세,중상
2018100500100597,2018년 10월 5일 18시,금요일,경상남도 창원시 의창구 대원동,중상사고,0,1,0,0,차대사람 - 횡단중,보행자보호의무위반,젖음/습기,비,교차로 - 교차로횡단보도내,승합,남,51세,상해없음,보행자,여,54세,중상
2018100500100673,2018년 10월 5일 19시,금요일,경상남도 김해시 외동,경상사고,0,0,1,0,차대차 - 기타,안전운전불이행,젖음/습기,비,교차로 - 교차로부근,화물,남,60세,상해없음,승용,남,53세,경상
2018100500100772,2018년 10월 5일 21시,금요일,경상남도 진주시 수정동,경상사고,0,0,1,0,차대차 - 추돌,안전운전불이행,젖음/습기,비,교차로 - 교차로부근,승용,남,44세,상해없음,승용,남,58세,상해없음
2018100500100773,2018년 10월 5일 21시,금요일,경상남도 합천군 야로면,경상사고,0,0,1,0,차대차 - 측면충돌,신호위반,젖음/습기,비,교차로 - 교차로안,승용,여,61세,상해없음,승용,남,29세,경상
2018100500100774,2018년 10월 5일 21시,금요일,경상남도 창원시 마산회원구 회성동,중상사고,0,1,0,0,차대차 - 추돌,안전운전불이행,젖음/습기,비,교차로 - 교차로부근,승용,남,49세,상해없음,승용,남,35세,중상
2018100500100821,2018년 10월 5일 22시,금요일,경상남도 창원시 진해구 안골동,경상사고,0,0,1,0,차대차 - 기타,안전운전불이행,건조,맑음,기타 - 기타,승용,남,48세,상해없음,원동기,남,16세,경상
2018100500100822,2018년 10월 5일 22시,금요일,경상남도 통영시 문화동,경상사고,0,0,5,0,차대차 - 추돌,안전운전불이행,젖음/습기,비,교차로 - 교차로부근,승용,남,53세,상해없음,승용,남,40세,경상
2018100500100823,2018년 10월 5일 22시,금요일,경상남도 양산시 물금읍,경상사고,0,0,2,0,차대차 - 기타,신호위반,젖음/습기,비,교차로 - 교차로안,화물,남,35세,상해없음,승용,남,59세,경상
2018100500100824,2018년 10월 5일 22시,금요일,경상남도 거제시 두모동,경상사고,0,0,1,0,차대차 - 측면충돌,신호위반,젖음/습기,비,교차로 - 교차로안,승용,남,50세,상해없음,승용,남,43세,상해없음
2018100500100863,2018년 10월 5일 23시,금요일,경상남도 양산시 물금읍,중상사고,0,1,0,0,차대차 - 기타,안전운전불이행,젖음/습기,비,교차로 - 교차로안,화물,남,33세,상해없음,원동기,남,18세,중상
2018100600100060,2018년 10월 6일 01시,토요일,경상남도 양산시 물금읍,경상사고,0,0,2,0,차대차 - 추돌,안전운전불이행,건조,맑음,교차로 - 교차로부근,승용,남,36세,상해없음,승용,남,25세,경상
2018100600100061,2018년 10월 6일 01시,토요일,경상남도 거제시 상동동,경상사고,0,0,2,0,차대차 - 측면충돌,교차로운행방법위반,젖음/습기,비,교차로 - 교차로안,기타불명,기타불명,미분류,기타불명,승용,남,60세,경상
2018100600100122,2018년 10월 6일 03시,토요일,경상남도 통영시 광도면,사망사고,1,0,0,0,차량단독 - 공작물충돌,안전운전불이행,젖음/습기,비,단일로 - 기타,승용,남,38세,상해없음,,,,
2018100600100123,2018년 10월 6일 03시,토요일,경상남도 김해시 내동,중상사고,0,1,0,0,차대차 - 기타,안전운전불이행,젖음/습기,비,교차로 - 교차로안,승용,남,26세,상해없음,자전거,여,68세,중상
2018100600100149,2018년 10월 6일 04시,토요일,경상남도 김해시 삼방동,중상사고,0,3,2,0,차대차 - 기타,중앙선침범,젖음/습기,비,단일로 - 기타,승용,남,25세,경상,승용,남,57세,중상
2018100600100150,2018년 10월 6일 04시,토요일,경상남도 창녕군 창녕읍,경상사고,0,0,1,0,차대차 - 추돌,안전운전불이행,젖음/습기,비,단일로 - 기타,특수,남,51세,상해없음,화물,남,57세,경상
2018100600100233,2018년 10월 6일 09시,토요일,경상남도 양산시 중부동,중상사고,0,1,0,0,차대차 - 기타,중앙선침범,젖음/습기,비,단일로 - 기타,승용,여,50세,상해없음,승용,남,48세,중상
2018100600100234,2018년 10월 6일 09시,토요일,경상남도 창원시 마산회원구 석전동,경상사고,0,0,1,0,차대차 - 추돌,안전운전불이행,젖음/습기,비,단일로 - 기타,승용,남,65세,상해없음,승용,남,70세,경상
2018100600100309,2018년 10월 6일 11시,토요일,경상남도 남해군 고현면,중상사고,0,1,0,0,차량단독 - 전도전복 - 전도,안전운전불이행,젖음/습기,비,단일로 - 기타,농기계,남,71세,중상,미분류,미분류,미분류,미분류
2018100600100319,2018년 10월 6일 12시,토요일,경상남도 양산시 동면,경상사고,0,0,1,0,차대차 - 측면충돌,안전거리미확보,건조,맑음,단일로 - 기타,화물,남,50세,상해없음,승용,남,27세,경상
2018100600100334,2018년 10월 6일 12시,토요일,경상남도 창원시 의창구 신월동,경상사고,0,0,1,0,차대차 - 기타,안전운전불이행,건조,맑음,단일로 - 기타,승용,여,62세,상해없음,승용,남,47세,경상
2018100600100391,2018년 10월 6일 14시,토요일,경상남도 창원시 마산합포구 문화동,경상사고,0,0,1,0,차대차 - 추돌,안전거리미확보,건조,맑음,단일로 - 기타,승용,남,20세,상해없음,승용,남,36세,경상
2018100600100392,2018년 10월 6일 14시,토요일,경상남도 창원시 진해구 제덕동,중상사고,0,1,1,0,차대사람 - 보도통행중,기타,건조,맑음,교차로 - 교차로부근,승용,여,62세,상해없음,보행자,남,49세,중상
2018100600100393,2018년 10월 6일 14시,토요일,경상남도 창원시 의창구 사림동,경상사고,0,0,3,0,차대차 - 측면충돌,신호위반,건조,맑음,교차로 - 교차로안,승용,남,37세,상해없음,승용,남,35세,경상
2018100600100425,2018년 10월 6일 15시,토요일,경상남도 양산시 물금읍,경상사고,0,0,1,0,차대차 - 기타,기타,건조,맑음,단일로 - 기타,승합,여,43세,상해없음,승용,여,25세,경상
2018100600100519,2018년 10월 6일 18시,토요일,경상남도 김해시 대청동,경상사고,0,0,2,0,차대차 - 측면충돌,안전운전불이행,건조,맑음,교차로 - 교차로안,승용,남,70세,경상,승용,남,62세,경상
2018100600100555,2018년 10월 6일 19시,토요일,경상남도 창원시 마산회원구 회성동,경상사고,0,0,1,0,차대차 - 추돌,안전운전불이행,젖음/습기,흐림,단일로 - 기타,승용,남,45세,상해없음,승용,남,58세,경상
2018100600100556,2018년 10월 6일 19시,토요일,경상남도 김해시 진례면,중상사고,0,1,0,0,차량단독 - 기타,안전운전불이행,건조,맑음,단일로 - 기타,이륜,남,44세,중상,,,,
2018100700100016,2018년 10월 7일 00시,일요일,경상남도 거제시 고현동,중상사고,0,1,0,0,차대차 - 기타,중앙선침범,건조,맑음,단일로 - 기타,승용,남,37세,상해없음,이륜,남,36세,중상
2018100700100017,2018년 10월 7일 00시,일요일,경상남도 거제시 사등면,경상사고,0,0,1,0,차대차 - 기타,안전운전불이행,건조,맑음,단일로 - 기타,승용,남,33세,상해없음,이륜,남,35세,경상
2018100700100047,2018년 10월 7일 02시,일요일,경상남도 김해시 삼정동,경상사고,0,0,3,0,차대차 - 추돌,안전운전불이행,건조,맑음,교차로 - 교차로부근,승용,남,48세,상해없음,승용,여,51세,경상
2018100700100048,2018년 10월 7일 02시,일요일,경상남도 양산시 삼호동,부상신고사고,0,0,0,1,차대사람 - 기타,안전운전불이행,건조,맑음,단일로 - 기타,이륜,남,16세,상해없음,보행자,남,미분류,부상신고
2018100700100049,2018년 10월 7일 02시,일요일,경상남도 김해시 부곡동,경상사고,0,0,1,0,차대사람 - 차도통행중,안전운전불이행,건조,맑음,단일로 - 기타,승용,남,53세,상해없음,보행자,남,24세,경상
2018100700100097,2018년 10월 7일 06시,일요일,경상남도 진주시 문산읍,중상사고,0,1,0,0,차대사람 - 차도통행중,안전운전불이행,기타,안개,단일로 - 기타,화물,남,40세,상해없음,보행자,여,83세,중상
2018100700100098,2018년 10월 7일 06시,일요일,경상남도 사천시 동금동,중상사고,0,1,1,0,차대차 - 추돌,안전운전불이행,건조,맑음,교차로 - 교차로부근,승용,여,49세,상해없음,이륜,남,79세,경상
2018100700100099,2018년 10월 7일 06시,일요일,경상남도 창녕군 고암면,중상사고,0,1,0,0,차대차 - 기타,안전운전불이행,젖음/습기,안개,단일로 - 기타,화물,남,55세,상해없음,이륜,남,83세,중상
2018100700100100,2018년 10월 7일 06시,일요일,경상남도 창원시 의창구 도계동,중상사고,0,1,0,0,차대사람 - 횡단중,안전운전불이행,건조,맑음,교차로 - 교차로부근,승용,남,51세,상해없음,보행자,여,67세,중상
2018100700100126,2018년 10월 7일 08시,일요일,경상남도 하동군 청암면,중상사고,0,3,0,0,차대차 - 측면충돌,중앙선침범,건조,맑음,기타 - 기타,승용,남,76세,상해없음,화물,남,66세,중상
2018100700100150,2018년 10월 7일 09시,일요일,경상남도 통영시 태평동,중상사고,0,1,0,0,차량단독 - 기타,안전운전불이행,건조,맑음,단일로 - 기타,이륜,남,84세,중상,,,,
2018100700100151,2018년 10월 7일 09시,일요일,경상남도 함양군 함양읍,부상신고사고,0,0,0,1,차대차 - 측면충돌,안전운전불이행,건조,맑음,단일로 - 기타,농기계,남,51세,부상신고,승용,여,49세,상해없음
2018100700100152,2018년 10월 7일 09시,일요일,경상남도 창원시 마산회원구 내서읍,중상사고,0,1,0,0,차대차 - 측면충돌,안전운전불이행,건조,맑음,교차로 - 교차로부근,승용,여,40세,기타불명,자전거,남,79세,중상
2018100700100175,2018년 10월 7일 10시,일요일,경상남도 창원시 마산합포구 해운동,부상신고사고,0,0,0,1,차대사람 - 기타,안전운전불이행,건조,맑음,단일로 - 기타,승용,남,56세,상해없음,보행자,남,65세,부상신고
2018100700100176,2018년 10월 7일 10시,일요일,경상남도 진주시 봉곡동,경상사고,0,0,1,0,차대차 - 측면충돌,직진우회전진행방해,건조,맑음,교차로 - 교차로안,승용,남,68세,상해없음,자전거,남,90세 이상,경상
2018100700100177,2018년 10월 7일 10시,일요일,경상남도 김해시 삼계동,경상사고,0,0,2,0,차대차 - 추돌,안전거리미확보,건조,맑음,교차로 - 교차로안,이륜,남,61세,경상,승용,여,69세,경상
2018100700100178,2018년 10월 7일 10시,일요일,경상남도 합천군 묘산면,중상사고,0,1,1,0,차대차 - 정면충돌,중앙선침범,건조,맑음,단일로 - 기타,이륜,남,29세,경상,이륜,남,42세,중상
2018100700100179,2018년 10월 7일 10시,일요일,경상남도 창원시 성산구 중앙동,경상사고,0,0,1,0,차대사람 - 기타,안전운전불이행,건조,맑음,교차로 - 교차로안,승용,남,56세,상해없음,보행자,남,44세,경상
2018100700100180,2018년 10월 7일 10시,일요일,경상남도 창원시 의창구 북면,경상사고,0,0,2,0,차대차 - 측면충돌,안전운전불이행,건조,맑음,교차로 - 교차로안,승합,남,45세,상해없음,승용,남,52세,경상
2018100700100285,2018년 10월 7일 14시,일요일,경상남도 김해시 흥동,중상사고,0,1,0,0,차대차 - 측면충돌,교차로운행방법위반,건조,맑음,교차로 - 교차로안,승용,여,53세,상해없음,이륜,남,77세,중상
2018100700100323,2018년 10월 7일 15시,일요일,경상남도 통영시 광도면,경상사고,0,0,1,0,차대차 - 측면충돌,중앙선침범,건조,맑음,단일로 - 기타,승용,남,41세,상해없음,승용,남,49세,경상
2018100700100324,2018년 10월 7일 15시,일요일,경상남도 김해시 외동,경상사고,0,0,1,0,차대사람 - 횡단중,신호위반,건조,맑음,단일로 - 기타,기타불명,기타불명,미분류,기타불명,보행자,여,47세,경상
2018100700100365,2018년 10월 7일 16시,일요일,경상남도 양산시 북정동,중상사고,0,1,3,0,차대차 - 추돌,안전운전불이행,건조,맑음,단일로 - 기타,승용,여,62세,상해없음,승용,남,35세,중상
2018100700100366,2018년 10월 7일 16시,일요일,경상남도 함안군 가야읍,중상사고,0,1,1,0,차대차 - 측면충돌,교차로운행방법위반,건조,맑음,교차로 - 교차로안,승용,남,62세,상해없음,승용,여,31세,경상
2018100700100399,2018년 10월 7일 17시,일요일,경상남도 양산시 삼호동,중상사고,0,1,0,0,차대차 - 측면충돌,중앙선침범,건조,맑음,단일로 - 기타,승용,여,38세,상해없음,이륜,남,24세,중상
2018100700100400,2018년 10월 7일 17시,일요일,경상남도 양산시 명동,경상사고,0,0,4,0,차대차 - 측면충돌,안전거리미확보,건조,맑음,단일로 - 기타,승용,남,58세,상해없음,승용,남,40세,경상
2018100700100435,2018년 10월 7일 18시,일요일,경상남도 통영시 광도면,중상사고,0,1,0,0,차대사람 - 횡단중,안전운전불이행,건조,맑음,교차로 - 교차로부근,승용,남,41세,상해없음,보행자,여,29세,중상
2018100700100436,2018년 10월 7일 18시,일요일,경상남도 김해시 삼방동,중상사고,0,1,0,0,차대사람 - 횡단중,보행자보호의무위반,건조,맑음,단일로 - 기타,승용,남,22세,상해없음,보행자,남,46세,중상
2018100700100437,2018년 10월 7일 18시,일요일,경상남도 김해시 삼계동,중상사고,0,2,0,0,차대차 - 측면충돌,차로위반,건조,맑음,단일로 - 기타,승용,남,62세,상해없음,승용,남,52세,중상
2018100700100483,2018년 10월 7일 19시,일요일,경상남도 사천시 향촌동,경상사고,0,0,3,0,차대차 - 측면충돌,직진우회전진행방해,건조,맑음,교차로 - 교차로안,승용,남,51세,상해없음,승용,남,68세,경상
2018100700100484,2018년 10월 7일 19시,일요일,경상남도 창원시 의창구 팔용동,경상사고,0,0,1,0,차대차 - 측면충돌,안전운전불이행,건조,맑음,교차로 - 교차로안,이륜,남,51세,기타불명,승용,여,51세,경상
2018100700100538,2018년 10월 7일 21시,일요일,경상남도 밀양시 삼문동,경상사고,0,0,1,0,차대차 - 측면충돌,안전운전불이행,건조,맑음,단일로 - 기타,승용,남,55세,상해없음,승용,남,52세,경상
2018100700100575,2018년 10월 7일 23시,일요일,경상남도 창원시 의창구 봉곡동,경상사고,0,0,1,0,차대차 - 측면충돌,안전운전불이행,건조,맑음,교차로 - 교차로안,승용,남,52세,상해없음,승용,남,32세,경상
2018100800100103,2018년 10월 8일 08시,월요일,경상남도 양산시 동면,경상사고,0,0,1,0,차대차 - 측면충돌,안전운전불이행,건조,맑음,단일로 - 기타,승용,남,53세,상해없음,승용,여,23세,경상
2018100800100104,2018년 10월 8일 08시,월요일,경상남도 거제시 아주동,경상사고,0,0,2,0,차대사람 - 횡단중,보행자보호의무위반,건조,맑음,단일로 - 기타,승용,여,53세,상해없음,보행자,여,7세,경상
2018100800100105,2018년 10월 8일 08시,월요일,경상남도 거제시 장평동,경상사고,0,0,1,0,차대차 - 추돌,안전운전불이행,건조,맑음,단일로 - 기타,화물,남,33세,상해없음,승용,여,50세,경상
2018100800100142,2018년 10월 8일 09시,월요일,경상남도 진주시 상대동,경상사고,0,0,1,0,차대사람 - 횡단중,보행자보호의무위반,건조,맑음,교차로 - 교차로안,승용,남,83세,상해없음,보행자,여,26세,경상
2018100800100143,2018년 10월 8일 09시,월요일,경상남도 김해시 내동,경상사고,0,0,1,0,차대차 - 측면충돌,신호위반,건조,맑음,교차로 - 교차로부근,이륜,남,28세,경상,승용,남,39세,상해없음
2018100800100144,2018년 10월 8일 09시,월요일,경상남도 창원시 성산구 사파동,중상사고,0,1,0,0,차대차 - 측면충돌,안전운전불이행,건조,맑음,단일로 - 기타,승용,여,72세,상해없음,자전거,남,75세,중상
2018100800100191,2018년 10월 8일 10시,월요일,경상남도 함양군 안의면,경상사고,0,0,1,0,차대차 - 측면충돌,교차로운행방법위반,건조,맑음,교차로 - 교차로안,승용,남,81세,상해없음,원동기,여,34세,경상
2018100800100260,2018년 10월 8일 12시,월요일,경상남도 김해시 봉황동,경상사고,0,0,1,0,차대차 - 측면충돌,안전운전불이행,건조,맑음,교차로 - 교차로횡단보도내,승용,남,35세,상해없음,자전거,남,45세,경상
2018100800100261,2018년 10월 8일 12시,월요일,경상남도 양산시 물금읍,중상사고,0,1,0,0,차대차 - 측면충돌,교차로운행방법위반,건조,맑음,교차로 - 교차로안,승용,남,43세,상해없음,이륜,남,23세,중상
2018100800100262,2018년 10월 8일 12시,월요일,경상남도 창원시 성산구 상남동,경상사고,0,0,1,0,차대차 - 기타,안전운전불이행,건조,맑음,교차로 - 교차로안,승용,남,72세,상해없음,승용,여,56세,경상
2018100800100278,2018년 10월 8일 13시,월요일,경상남도 밀양시 산외면,중상사고,0,1,0,1,차대차 - 추돌,안전운전불이행,건조,맑음,단일로 - 기타,화물,남,57세,부상신고,화물,남,59세,중상
2018100800100298,2018년 10월 8일 13시,월요일,경상남도 창원시 의창구 중동,중상사고,0,3,3,0,차대차 - 측면충돌,안전운전불이행,건조,맑음,교차로 - 교차로부근,승용,남,61세,상해없음,승합,남,41세,상해없음
2018100800100373,2018년 10월 8일 15시,월요일,경상남도 창원시 마산합포구 월포동,경상사고,0,0,1,0,차대차 - 기타,안전운전불이행,건조,맑음,단일로 - 기타,승용,남,79세,상해없음,이륜,남,66세,경상
2018100800100460,2018년 10월 8일 17시,월요일,경상남도 창원시 마산합포구 중앙동2가,경상사고,0,0,1,0,차대차 - 추돌,안전운전불이행,건조,맑음,단일로 - 기타,승용,여,24세,상해없음,승용,여,52세,경상
2018100800100461,2018년 10월 8일 17시,월요일,경상남도 통영시 광도면,중상사고,0,1,0,0,차대사람 - 횡단중,보행자보호의무위반,건조,맑음,교차로 - 교차로부근,승용,남,59세,상해없음,보행자,여,41세,중상
2018100800100462,2018년 10월 8일 17시,월요일,경상남도 통영시 무전동,중상사고,0,1,0,0,차대차 - 측면충돌,안전운전불이행,건조,맑음,단일로 - 기타,승용,여,58세,상해없음,특수,남,27세,중상
2018100800100513,2018년 10월 8일 18시,월요일,경상남도 통영시 항남동,경상사고,0,0,1,0,차대사람 - 기타,안전운전불이행,건조,맑음,단일로 - 기타,화물,남,51세,상해없음,보행자,남,60세,경상
2018100800100514,2018년 10월 8일 18시,월요일,경상남도 창원시 성산구 남양동,경상사고,0,0,1,0,차대사람 - 횡단중,보행자보호의무위반,건조,맑음,교차로 - 교차로안,승용,여,43세,상해없음,보행자,여,50세,경상
2018100800100582,2018년 10월 8일 20시,월요일,경상남도 창원시 성산구 중앙동,경상사고,0,0,1,0,차대사람 - 횡단중,안전운전불이행,건조,맑음,단일로 - 기타,자전거,남,26세,상해없음,보행자,여,39세,경상
2018100800100583,2018년 10월 8일 20시,월요일,경상남도 창원시 성산구 상남동,경상사고,0,0,1,0,차대사람 - 차도통행중,안전운전불이행,건조,맑음,단일로 - 기타,화물,남,68세,상해없음,보행자,남,52세,경상
2018100800100634,2018년 10월 8일 22시,월요일,경상남도 진주시 충무공동,경상사고,0,0,1,0,차량단독 - 공작물충돌,안전운전불이행,건조,맑음,단일로 - 기타,승용,남,47세,경상,,,,
2018100800100670,2018년 10월 8일 23시,월요일,경상남도 창원시 진해구 송학동,경상사고,0,0,1,0,차대사람 - 횡단중,안전운전불이행,건조,맑음,교차로 - 교차로안,승합,남,31세,상해없음,보행자,남,45세,경상
2018100900100014,2018년 10월 9일 00시,화요일,경상남도 창원시 마산회원구 봉암동,중상사고,0,1,1,0,차대차 - 측면충돌,중앙선침범,건조,맑음,단일로 - 기타,승용,남,36세,상해없음,승용,남,42세,중상
2018100900100030,2018년 10월 9일 01시,화요일,경상남도 창녕군 영산면,경상사고,0,0,1,0,차량단독 - 공작물충돌,안전운전불이행,건조,맑음,단일로 - 기타,승용,여,45세,경상,,,,
2018100900100031,2018년 10월 9일 01시,화요일,경상남도 창원시 성산구 상남동,경상사고,0,0,1,0,차대차 - 기타,중앙선침범,건조,맑음,단일로 - 기타,승용,남,43세,상해없음,승용,여,41세,경상
2018100900100068,2018년 10월 9일 04시,화요일,경상남도 창원시 진해구 자은동,중상사고,0,2,0,0,차량단독 - 공작물충돌,안전운전불이행,건조,맑음,단일로 - 기타,승용,남,25세,중상,,,,