사고번호,사고일시,요일,시군구,사고내용,사망자수,중상자수,경상자수,부상신고자수,사고유형,법규위반,노면상태,기상상태,도로형태,가해운전자 차종,가해운전자 성별,가해운전자 연령,가해운전자 상해정도,피해운전자 차종,피해운전자 성별,피해운전자 연령,피해운전자 상해정도
2018101600100234,2018년 10월 16일 12시,화요일,경상남도 통영시 서호동,중상사고,0,1,0,0,차대사람 - 기타,보행자보호의무위반,건조,맑음,단일로 - 기타,화물,남,56세,상해없음,보행자,여,76세,중상
2018101600100235,2018년 10월 16일 12시,화요일,경상남도 창녕군 대지면,경상사고,0,0,1,0,차대차 - 측면충돌,직진우회전진행방해,건조,맑음,교차로 - 교차로안,승용,여,48세,상해없음,원동기,여,67세,경상
2018101600100236,2018년 10월 16일 12시,화요일,경상남도 고성군 고성읍,중상사고,0,1,1,0,차대차 - 측면충돌,중앙선침범,건조,맑음,단일로 - 기타,승용,여,57세,상해없음,승용,남,53세,경상
2018101600100237,2018년 10월 16일 12시,화요일,경상남도 김해시 진영읍,경상사고,0,0,1,0,차대차 - 측면충돌,중앙선침범,건조,맑음,단일로 - 기타,승용,여,38세,상해없음,이륜,남,36세,경상
2018101600100263,2018년 10월 16일 13시,화요일,경상남도 통영시 정량동,경상사고,0,0,1,0,차대사람 - 기타,안전운전불이행,건조,맑음,단일로 - 기타,이륜,남,63세,상해없음,보행자,남,64세,경상
2018101600100264,2018년 10월 16일 13시,화요일,경상남도 창원시 성산구 상남동,경상사고,0,0,2,0,차대차 - 추돌,안전운전불이행,건조,맑음,교차로 - 교차로안,승용,남,20세,상해없음,승용,남,46세,경상
2018101600100291,2018년 10월 16일 14시,화요일,경상남도 사천시 축동면,중상사고,0,1,0,0,차대차 - 측면충돌,안전운전불이행,건조,맑음,교차로 - 교차로부근,건설기계,남,59세,상해없음,승용,여,44세,중상
2018101600100292,2018년 10월 16일 14시,화요일,경상남도 김해시 생림면,부상신고사고,0,0,0,1,차대차 - 측면충돌,안전거리미확보,건조,맑음,교차로 - 교차로안,승용,여,63세,부상신고,건설기계,남,49세,상해없음
2018101600100293,2018년 10월 16일 14시,화요일,경상남도 거제시 거제면,경상사고,0,0,1,0,차대사람 - 기타,안전운전불이행,건조,맑음,단일로 - 기타,승용,남,38세,상해없음,보행자,남,50세,경상
2018101600100327,2018년 10월 16일 15시,화요일,경상남도 양산시 물금읍,중상사고,0,1,0,0,차대차 - 측면충돌,중앙선침범,건조,맑음,교차로 - 교차로부근,승용,남,30세,상해없음,이륜,남,25세,중상
2018101600100328,2018년 10월 16일 15시,화요일,경상남도 김해시 진례면,중상사고,0,1,0,0,차대차 - 측면충돌,신호위반,건조,맑음,교차로 - 교차로안,승용,여,42세,상해없음,화물,남,55세,중상
2018101600100466,2018년 10월 16일 18시,화요일,경상남도 창원시 마산합포구 우산동,경상사고,0,0,1,0,차대차 - 추돌,안전운전불이행,건조,맑음,교차로 - 교차로안,승용,여,55세,상해없음,승용,여,50세,상해없음
2018101600100467,2018년 10월 16일 18시,화요일,경상남도 김해시 생림면,중상사고,0,2,0,0,차대차 - 추돌,안전운전불이행,건조,맑음,단일로 - 기타,승합,남,25세,상해없음,승용,남,40세,중상
2018101600100468,2018년 10월 16일 18시,화요일,경상남도 합천군 합천읍,중상사고,0,1,0,0,차대차 - 추돌,안전운전불이행,건조,기타,단일로 - 기타,승용,남,47세,상해없음,승용,여,24세,중상
2018101600100469,2018년 10월 16일 18시,화요일,경상남도 하동군 하동읍,중상사고,0,1,0,0,차대차 - 측면충돌,안전운전불이행,건조,맑음,교차로 - 교차로안,화물,남,42세,상해없음,이륜,남,84세,중상
2018101600100470,2018년 10월 16일 18시,화요일,경상남도 창원시 의창구 동읍,경상사고,0,0,1,0,차대차 - 추돌,안전운전불이행,건조,맑음,교차로 - 교차로부근,승용,남,46세,상해없음,승용,여,43세,경상
2018101600100471,2018년 10월 16일 18시,화요일,경상남도 김해시 대청동,중상사고,0,1,5,0,차대차 - 추돌,안전운전불이행,건조,맑음,단일로 - 기타,승용,남,23세,경상,승용,여,24세,경상
2018101600100472,2018년 10월 16일 18시,화요일,경상남도 김해시 대청동,중상사고,0,1,2,0,차대차 - 추돌,안전운전불이행,건조,맑음,단일로 - 기타,승용,남,43세,상해없음,승용,남,20세,경상
2018101600100473,2018년 10월 16일 18시,화요일,경상남도 김해시 대청동,경상사고,0,0,1,0,차대차 - 추돌,안전운전불이행,건조,맑음,단일로 - 기타,승용,남,57세,상해없음,승용,남,49세,경상
2018101600100522,2018년 10월 16일 19시,화요일,경상남도 함안군 칠서면,경상사고,0,0,2,0,차대차 - 측면충돌,직진우회전진행방해,건조,맑음,교차로 - 교차로안,승용,여,46세,상해없음,승용,여,51세,경상
2018101600100523,2018년 10월 16일 19시,화요일,경상남도 김해시 대청동,중상사고,0,1,1,0,차대차 - 추돌,안전운전불이행,건조,맑음,단일로 - 기타,승합,남,76세,상해없음,승용,여,47세,중상
2018101600100524,2018년 10월 16일 19시,화요일,경상남도 김해시 대청동,경상사고,0,0,1,0,차대차 - 측면충돌,신호위반,건조,맑음,단일로 - 기타,승용,남,63세,상해없음,승용,여,35세,경상
2018101600100552,2018년 10월 16일 20시,화요일,경상남도 창원시 진해구 여좌동,경상사고,0,0,1,0,차대차 - 측면충돌,안전거리미확보,건조,맑음,교차로 - 교차로부근,승용,남,51세,상해없음,승용,남,23세,경상
2018101600100553,2018년 10월 16일 20시,화요일,경상남도 창원시 의창구 도계동,중상사고,0,1,0,0,차대차 - 측면충돌,안전운전불이행,건조,맑음,단일로 - 기타,승용,여,48세,상해없음,이륜,남,46세,중상
2018101600100579,2018년 10월 16일 21시,화요일,경상남도 김해시 한림면,중상사고,0,1,1,0,차대차 - 측면충돌,중앙선침범,건조,맑음,단일로 - 기타,승용,남,58세,경상,승합,남,57세,중상
2018101600100610,2018년 10월 16일 23시,화요일,경상남도 진주시 동성동,중상사고,0,1,0,0,차대차 - 측면충돌,중앙선침범,건조,맑음,단일로 - 기타,승용,남,49세,상해없음,이륜,남,40세,중상
2018101700100056,2018년 10월 17일 06시,수요일,경상남도 양산시 물금읍,중상사고,0,1,1,0,차대차 - 측면충돌,신호위반,건조,맑음,교차로 - 교차로안,승용,남,67세,중상,화물,남,58세,경상
2018101700100068,2018년 10월 17일 07시,수요일,경상남도 창원시 성산구 상남동,경상사고,0,0,1,0,차대차 - 기타,신호위반,건조,맑음,교차로 - 교차로안,승용,남,50세,상해없음,승용,여,52세,경상
2018101700100069,2018년 10월 17일 07시,수요일,경상남도 창원시 성산구 남산동,경상사고,0,0,3,0,차대차 - 추돌,안전운전불이행,건조,맑음,단일로 - 기타,화물,남,57세,상해없음,승용,남,36세,경상
2018101700100153,2018년 10월 17일 09시,수요일,경상남도 사천시 동금동,경상사고,0,0,2,0,차대차 - 측면충돌,안전운전불이행,건조,맑음,단일로 - 기타,화물,남,57세,상해없음,승용,남,61세,경상
2018101700100244,2018년 10월 17일 12시,수요일,경상남도 김해시 삼계동,경상사고,0,0,1,0,차대사람 - 횡단중,보행자보호의무위반,건조,맑음,단일로 - 기타,화물,남,56세,상해없음,보행자,남,39세,경상
2018101700100245,2018년 10월 17일 12시,수요일,경상남도 김해시 부원동,경상사고,0,0,1,0,차대차 - 추돌,안전거리미확보,건조,맑음,단일로 - 기타,승용,남,24세,상해없음,승용,남,31세,경상
2018101700100288,2018년 10월 17일 13시,수요일,경상남도 김해시 동상동,중상사고,0,1,3,0,차대차 - 추돌,안전운전불이행,건조,맑음,단일로 - 기타,화물,여,58세,중상,화물,남,46세,경상
2018101700100289,2018년 10월 17일 13시,수요일,경상남도 창원시 의창구 신월동,경상사고,0,0,1,0,차대차 - 기타,안전운전불이행,건조,맑음,교차로 - 교차로안,승용,남,35세,상해없음,자전거,남,38세,경상
2018101700100335,2018년 10월 17일 14시,수요일,경상남도 창원시 진해구 안골동,중상사고,0,1,0,0,차대차 - 측면충돌,교차로운행방법위반,건조,맑음,교차로 - 교차로안,승용,남,30세,상해없음,승용,여,50세,중상
2018101700100336,2018년 10월 17일 14시,수요일,경상남도 의령군 부림면,경상사고,0,0,1,0,차대차 - 후진중충돌,불법유턴,건조,맑음,교차로 - 교차로안,화물,남,63세,상해없음,이륜,남,81세,경상
2018101700100377,2018년 10월 17일 15시,수요일,경상남도 진주시 상평동,중상사고,0,1,0,0,차대사람 - 기타,안전운전불이행,건조,맑음,단일로 - 기타,기타불명,기타불명,미분류,기타불명,보행자,남,78세,중상
2018101700100378,2018년 10월 17일 15시,수요일,경상남도 밀양시 삼문동,경상사고,0,0,2,0,차대사람 - 횡단중,보행자보호의무위반,건조,맑음,교차로 - 교차로횡단보도내,승용,여,36세,상해없음,보행자,여,48세,경상
2018101700100379,2018년 10월 17일 15시,수요일,경상남도 양산시 덕계동,경상사고,0,0,1,0,차대사람 - 기타,안전운전불이행,건조,맑음,단일로 - 기타,승용,여,60세,상해없음,보행자,여,44세,경상
2018101700100425,2018년 10월 17일 16시,수요일,경상남도 창원시 진해구 자은동,경상사고,0,0,1,0,차대차 - 측면충돌,교차로운행방법위반,건조,맑음,교차로 - 교차로안,승용,남,26세,상해없음,원동기,남,20세,경상
2018101700100471,2018년 10월 17일 17시,수요일,경상남도 합천군 쌍책면,중상사고,0,1,0,0,차대차 - 후진중충돌,안전운전불이행,건조,맑음,단일로 - 기타,화물,남,50세,상해없음,화물,남,66세,중상
2018101700100528,2018년 10월 17일 18시,수요일,경상남도 진주시 이반성면,중상사고,0,1,0,0,차대사람 - 횡단중,안전운전불이행,건조,맑음,단일로 - 기타,승용,남,29세,상해없음,보행자,여,80세,중상
2018101700100529,2018년 10월 17일 18시,수요일,경상남도 고성군 마암면,사망사고,1,0,0,0,차대사람 - 횡단중,보행자보호의무위반,건조,맑음,단일로 - 기타,승용,남,69세,상해없음,보행자,남,55세,사망
2018101700100530,2018년 10월 17일 18시,수요일,경상남도 거제시 두모동,중상사고,0,1,0,0,차대사람 - 기타,안전운전불이행,건조,맑음,단일로 - 기타,승용,남,39세,상해없음,보행자,남,50세,중상
2018101700100531,2018년 10월 17일 18시,수요일,경상남도 창원시 성산구 상남동,경상사고,0,0,1,0,차대차 - 측면충돌,안전운전불이행,건조,맑음,교차로 - 교차로부근,승용,남,32세,상해없음,승용,남,59세,경상
2018101700100532,2018년 10월 17일 18시,수요일,경상남도 창원시 마산회원구 두척동,경상사고,0,0,3,0,차대차 - 추돌,안전운전불이행,건조,맑음,단일로 - 기타,승용,남,50세,상해없음,승용,남,53세,경상
2018101700100533,2018년 10월 17일 18시,수요일,경상남도 김해시 진영읍,경상사고,0,0,1,0,차대차 - 측면충돌,교차로운행방법위반,건조,맑음,교차로 - 교차로안,승용,여,44세,상해없음,이륜,남,44세,경상
2018101700100564,2018년 10월 17일 19시,수요일,경상남도 진주시 수곡면,중상사고,0,1,1,0,차대차 - 측면충돌,중앙선침범,건조,맑음,단일로 - 기타,화물,남,50세,중상,농기계,남,59세,경상
2018101700100565,2018년 10월 17일 19시,수요일,경상남도 창원시 성산구 성주동,경상사고,0,0,1,0,차대차 - 정면충돌,안전운전불이행,건조,맑음,교차로 - 교차로부근,승용,남,55세,상해없음,승용,여,32세,경상
2018101700100599,2018년 10월 17일 20시,수요일,경상남도 통영시 항남동,경상사고,0,0,1,0,차대차 - 측면충돌,중앙선침범,건조,맑음,교차로 - 교차로부근,승용,여,59세,상해없음,이륜,남,21세,경상
2018101700100667,2018년 10월 17일 23시,수요일,경상남도 사천시 사남면,중상사고,0,1,0,0,차량단독 - 공작물충돌,안전운전불이행,건조,맑음,교차로 - 교차로부근,승용,남,27세,중상,,,,
2018101700100668,2018년 10월 17일 23시,수요일,경상남도 김해시 삼정동,중상사고,0,1,0,0,차대사람 - 길가장자리구역통행중,안전운전불이행,건조,맑음,단일로 - 기타,승용,여,31세,상해없음,보행자,남,59세,중상
2018101800100079,2018년 10월 18일 07시,목요일,경상남도 창원시 의창구 북면,중상사고,0,1,0,0,차대사람 - 횡단중,신호위반,건조,맑음,교차로 - 교차로횡단보도내,승합,남,64세,상해없음,보행자,남,13세,중상
2018101800100116,2018년 10월 18일 08시,목요일,경상남도 김해시 삼문동,경상사고,0,0,1,0,차대차 - 추돌,안전운전불이행,건조,맑음,단일로 - 기타,자전거,남,15세,경상,승용,남,71세,기타불명
2018101800100167,2018년 10월 18일 09시,목요일,경상남도 거창군 마리면,경상사고,0,0,2,0,차대차 - 측면충돌,안전운전불이행,건조,맑음,교차로 - 교차로안,화물,여,56세,상해없음,이륜,남,85세,경상
2018101800100168,2018년 10월 18일 09시,목요일,경상남도 합천군 합천읍,중상사고,0,1,0,0,차대사람 - 기타,안전운전불이행,건조,맑음,주차장 - 주차장,화물,남,61세,상해없음,보행자,여,79세,중상
2018101800100169,2018년 10월 18일 09시,목요일,경상남도 양산시 물금읍,경상사고,0,0,1,0,차대차 - 추돌,안전운전불이행,건조,맑음,단일로 - 기타,승용,남,34세,상해없음,화물,남,28세,경상
2018101800100170,2018년 10월 18일 09시,목요일,경상남도 창원시 의창구 팔용동,경상사고,0,0,1,0,차대사람 - 기타,안전운전불이행,건조,맑음,단일로 - 기타,승용,여,60세,상해없음,보행자,여,59세,경상
2018101800100201,2018년 10월 18일 10시,목요일,경상남도 고성군 거류면,중상사고,0,1,0,0,차대차 - 정면충돌,안전운전불이행,건조,맑음,교차로 - 교차로부근,화물,남,56세,상해없음,승용,남,53세,상해없음
2018101800100233,2018년 10월 18일 11시,목요일,경상남도 김해시 삼정동,중상사고,0,1,0,0,차대사람 - 횡단중,보행자보호의무위반,건조,맑음,교차로 - 교차로횡단보도내,승용,여,49세,상해없음,보행자,남,39세,중상
2018101800100234,2018년 10월 18일 11시,목요일,경상남도 하동군 하동읍,경상사고,0,0,1,0,차대차 - 측면충돌,안전운전불이행,건조,맑음,단일로 - 기타,자전거,남,88세,경상,화물,남,26세,상해없음
2018101800100235,2018년 10월 18일 11시,목요일,경상남도 창원시 마산회원구 합성동,중상사고,0,1,0,0,차대사람 - 보도통행중,기타,건조,맑음,기타 - 기타,승용,남,68세,상해없음,보행자,남,79세,중상
2018101800100247,2018년 10월 18일 12시,목요일,경상남도 김해시 대동면,중상사고,0,1,1,0,차대차 - 측면충돌,안전운전불이행,건조,맑음,단일로 - 기타,특수,남,39세,경상,승용,여,55세,중상
2018101800100319,2018년 10월 18일 14시,목요일,경상남도 창원시 마산합포구 해운동,경상사고,0,0,1,0,차대사람 - 길가장자리구역통행중,안전운전불이행,건조,맑음,단일로 - 기타,승용,여,68세,상해없음,보행자,여,26세,경상
2018101800100320,2018년 10월 18일 14시,목요일,경상남도 창녕군 창녕읍,중상사고,0,1,0,0,차대차 - 측면충돌,신호위반,건조,맑음,교차로 - 교차로안,원동기,여,60세,중상,승용,남,46세,상해없음
2018101800100321,2018년 10월 18일 14시,목요일,경상남도 남해군 남해읍,중상사고,0,1,0,0,차대차 - 측면충돌,안전운전불이행,건조,맑음,교차로 - 교차로안,승용,여,70세,상해없음,승용,여,34세,중상
2018101800100361,2018년 10월 18일 15시,목요일,경상남도 창녕군 남지읍,중상사고,0,1,0,0,차대차 - 측면충돌,안전운전불이행,건조,맑음,교차로 - 교차로부근,승용,여,54세,상해없음,자전거,여,74세,중상
2018101800100362,2018년 10월 18일 15시,목요일,경상남도 거제시 고현동,중상사고,0,1,0,0,차대사람 - 기타,안전운전불이행,건조,맑음,단일로 - 기타,승용,남,67세,상해없음,보행자,여,43세,중상
2018101800100363,2018년 10월 18일 15시,목요일,경상남도 창원시 의창구 팔용동,경상사고,0,0,1,0,차대차 - 측면충돌,안전운전불이행,건조,맑음,단일로 - 기타,승합,남,71세,상해없음,이륜,남,23세,경상
2018101800100409,2018년 10월 18일 16시,목요일,경상남도 양산시 물금읍,경상사고,0,0,1,0,차대사람 - 횡단중,안전운전불이행,건조,맑음,교차로 - 교차로안,화물,남,59세,상해없음,보행자,여,77세,경상
2018101800100450,2018년 10월 18일 17시,목요일,경상남도 거창군 거창읍,중상사고,0,1,0,0,차대차 - 추돌,안전운전불이행,건조,맑음,단일로 - 기타,승용,남,25세,상해없음,승용,여,57세,중상
2018101800100451,2018년 10월 18일 17시,목요일,경상남도 창원시 의창구 동읍,중상사고,0,1,0,0,차대사람 - 기타,안전운전불이행,건조,맑음,단일로 - 기타,승용,남,52세,상해없음,보행자,여,58세,중상
2018101800100507,2018년 10월 18일 18시,목요일,경상남도 김해시 삼방동,중상사고,0,1,2,0,차대차 - 측면충돌,직진우회전진행방해,건조,맑음,교차로 - 교차로안,승용,남,66세,경상,승합,남,62세,경상
2018101800100508,2018년 10월 18일 18시,목요일,경상남도 거창군 가조면,부상신고사고,0,0,0,1,차대차 - 추돌,안전운전불이행,건조,맑음,단일로 - 기타,이륜,남,69세,부상신고,농기계,남,71세,기타불명
2018101800100509,2018년 10월 18일 18시,목요일,경상남도 창녕군 유어면,경상사고,0,0,1,0,차대차 - 추돌,안전운전불이행,건조,맑음,단일로 - 기타,승합,남,56세,상해없음,농기계,남,42세,경상
2018101800100510,2018년 10월 18일 18시,목요일,경상남도 양산시 덕계동,중상사고,0,1,0,0,차대차 - 측면충돌,직진우회전진행방해,건조,맑음,교차로 - 교차로안,승용,여,30세,상해없음,이륜,남,45세,중상
2018101800100511,2018년 10월 18일 18시,목요일,경상남도 고성군 고성읍,경상사고,0,0,1,0,차대차 - 추돌,안전운전불이행,건조,맑음,단일로 - 기타,화물,남,49세,상해없음,승용,여,48세,경상
2018101800100564,2018년 10월 18일 19시,목요일,경상남도 김해시 생림면,사망사고,1,0,0,1,차대차 - 추돌,과속,건조,맑음,교차로 - 교차로안,승용,남,24세,상해없음,화물,남,48세,상해없음
2018101800100565,2018년 10월 18일 19시,목요일,경상남도 창녕군 대합면,경상사고,0,0,3,0,차대차 - 기타,안전운전불이행,건조,맑음,단일로 - 기타,승용,여,30세,경상,승용,여,42세,경상
2018101800100566,2018년 10월 18일 19시,목요일,경상남도 거제시 옥포동,중상사고,0,1,0,0,차대차 - 기타,신호위반,건조,맑음,교차로 - 교차로안,승용,남,31세,상해없음,이륜,남,44세,중상
2018101800100567,2018년 10월 18일 19시,목요일,경상남도 창원시 의창구 팔용동,경상사고,0,0,1,0,차대차 - 기타,안전운전불이행,건조,맑음,교차로 - 교차로안,승용,남,57세,상해없음,이륜,남,38세,경상
2018101800100609,2018년 10월 18일 20시,목요일,경상남도 창원시 성산구 내동,중상사고,0,1,0,0,차대사람 - 횡단중,안전운전불이행,건조,흐림,단일로 - 기타,승용,남,65세,상해없음,보행자,여,74세,중상
2018101800100610,2018년 10월 18일 20시,목요일,경상남도 창원시 마산회원구 합성동,경상사고,0,0,1,0,차대차 - 측면충돌,안전운전불이행,건조,맑음,단일로 - 기타,승합,남,45세,상해없음,이륜,남,26세,상해없음
2018101800100635,2018년 10월 18일 21시,목요일,경상남도 창원시 마산합포구 해운동,경상사고,0,0,1,0,차대사람 - 횡단중,안전운전불이행,건조,맑음,교차로 - 교차로안,승용,남,47세,상해없음,보행자,여,52세,경상
2018101800100636,2018년 10월 18일 21시,목요일,경상남도 창원시 진해구 용원동,경상사고,0,0,2,0,차대차 - 추돌,안전운전불이행,건조,맑음,교차로 - 교차로부근,화물,남,50세,상해없음,승용,남,54세,경상
2018101800100675,2018년 10월 18일 22시,목요일,경상남도 진주시 이현동,중상사고,0,1,0,0,차대사람 - 횡단중,보행자보호의무위반,건조,맑음,단일로 - 기타,승용,여,31세,상해없음,보행자,여,56세,중상
2018101800100676,2018년 10월 18일 22시,목요일,경상남도 양산시 중부동,경상사고,0,0,1,0,차대사람 - 횡단중,안전운전불이행,건조,맑음,단일로 - 기타,승용,남,63세,상해없음,보행자,여,62세,경상
2018101800100677,2018년 10월 18일 22시,목요일,경상남도 창원시 마산회원구 양덕동,중상사고,0,1,0,0,차대사람 - 차도통행중,안전운전불이행,건조,맑음,단일로 - 기타,승용,여,42세,상해없음,보행자,남,16세,중상
2018101800100678,2018년 10월 18일 22시,목요일,경상남도 창원시 의창구 팔용동,경상사고,0,0,2,0,차대차 - 기타,신호위반,건조,맑음,단일로 - 기타,승용,여,28세,상해없음,승용,남,53세,경상
2018101800100679,2018년 10월 18일 22시,목요일,경상남도 김해시 대청동,중상사고,0,1,0,0,차대차 - 측면충돌,안전운전불이행,건조,맑음,단일로 - 기타,승용,남,43세,상해없음,승용,남,45세,기타불명
2018101800100699,2018년 10월 18일 23시,목요일,경상남도 김해시 삼문동,중상사고,0,1,0,0,차대차 - 측면충돌,안전운전불이행,건조,맑음,단일로 - 기타,승용,여,36세,상해없음,이륜,남,19세,중상
2018101900100068,2018년 10월 19일 06시,금요일,경상남도 밀양시 내일동,경상사고,0,0,1,0,차대차 - 측면충돌,안전운전불이행,건조,맑음,교차로 - 교차로안,승용,남,64세,상해없음,이륜,남,63세,경상
2018101900100134,2018년 10월 19일 08시,금요일,경상남도 김해시 삼계동,중상사고,0,2,0,0,차대차 - 측면충돌,신호위반,건조,맑음,교차로 - 교차로안,승용,남,58세,상해없음,승용,여,53세,중상
2018101900100135,2018년 10월 19일 08시,금요일,경상남도 창녕군 남지읍,중상사고,0,1,0,0,차대사람 - 기타,안전운전불이행,건조,맑음,교차로 - 교차로안,승용,여,50세,상해없음,보행자,여,86세,중상
2018101900100178,2018년 10월 19일 09시,금요일,경상남도 거창군 거창읍,중상사고,0,1,0,0,차대사람 - 차도통행중,기타,건조,맑음,단일로 - 기타,화물,남,42세,상해없음,보행자,여,59세,중상
2018101900100179,2018년 10월 19일 09시,금요일,경상남도 김해시 부곡동,경상사고,0,0,2,0,차대차 - 측면충돌,차로위반,건조,맑음,교차로 - 교차로안,승용,남,65세,상해없음,승용,여,37세,경상
2018101900100215,2018년 10월 19일 10시,금요일,경상남도 김해시 봉황동,경상사고,0,0,1,0,차대차 - 기타,안전운전불이행,건조,맑음,교차로 - 교차로부근,승용,남,63세,상해없음,자전거,남,49세,경상
2018101900100216,2018년 10월 19일 10시,금요일,경상남도 거제시 장목면,경상사고,0,0,2,0,차대차 - 측면충돌,안전운전불이행,건조,맑음,단일로 - 기타,건설기계,남,44세,상해없음,승용,남,33세,경상
2018101900100217,2018년 10월 19일 10시,금요일,경상남도 김해시 진영읍,경상사고,0,0,1,0,차대차 - 측면충돌,안전거리미확보,건조,맑음,단일로 - 기타,화물,남,60세,상해없음,승용,여,57세,경상
2018101900100264,2018년 10월 19일 11시,금요일,경상남도 창원시 진해구 남문동,경상사고,0,0,2,0,차대차 - 측면충돌,안전운전불이행,건조,맑음,교차로 - 교차로부근,특수,남,63세,경상,특수,남,62세,경상
2018101900100265,2018년 10월 19일 11시,금요일,경상남도 양산시 덕계동,중상사고,0,1,0,0,차대사람 - 기타,안전운전불이행,건조,맑음,주차장 - 주차장,승용,여,50세,상해없음,보행자,여,58세,중상
2018101900100312,2018년 10월 19일 12시,금요일,경상남도 사천시 사남면,경상사고,0,0,1,0,차대차 - 측면충돌,직진우회전진행방해,건조,맑음,교차로 - 교차로안,이륜,남,51세,경상,승용,남,27세,상해없음
2018101900100313,2018년 10월 19일 12시,금요일,경상남도 사천시 서포면,경상사고,0,0,1,0,차대사람 - 차도통행중,안전운전불이행,건조,맑음,단일로 - 기타,승용,여,38세,상해없음,보행자,여,76세,경상
2018101900100314,2018년 10월 19일 12시,금요일,경상남도 함양군 백전면,중상사고,0,1,0,0,차량단독 - 전도전복 - 전복,안전운전불이행,건조,맑음,단일로 - 기타,승용,여,59세,중상,미분류,미분류,미분류,미분류
2018101900100315,2018년 10월 19일 12시,금요일,경상남도 거제시 연초면,경상사고,0,0,1,0,차대사람 - 보도통행중,안전운전불이행,건조,맑음,단일로 - 기타,기타불명,기타불명,미분류,기타불명,보행자,여,70세,경상
2018101900100349,2018년 10월 19일 13시,금요일,경상남도 창원시 진해구 마천동,중상사고,0,1,0,0,차대차 - 측면충돌,교차로운행방법위반,건조,맑음,교차로 - 교차로안,승용,여,49세,상해없음,이륜,남,43세,중상
2018101900100388,2018년 10월 19일 14시,금요일,경상남도 김해시 생림면,경상사고,0,0,1,0,차대차 - 기타,안전운전불이행,건조,맑음,교차로 - 교차로안,이륜,남,69세,경상,화물,남,55세,상해없음
2018101900100389,2018년 10월 19일 14시,금요일,경상남도 김해시 내덕동,경상사고,0,0,1,0,차대차 - 측면충돌,안전운전불이행,건조,맑음,교차로 - 교차로횡단보도내,자전거,남,45세,경상,승용,남,39세,상해없음
2018101900100434,2018년 10월 19일 15시,금요일,경상남도 진주시 대안동,사망사고,1,0,0,0,차대차 - 기타,신호위반,건조,맑음,교차로 - 교차로부근,승용,남,19세,상해없음,이륜,남,46세,사망
2018101900100435,2018년 10월 19일 15시,금요일,경상남도 창원시 진해구 충무동,중상사고,0,1,1,0,차대차 - 측면충돌,중앙선침범,건조,맑음,교차로 - 교차로부근,승용,여,58세,상해없음,이륜,남,19세,중상
2018101900100436,2018년 10월 19일 15시,금요일,경상남도 밀양시 상남면,중상사고,0,2,2,0,차대차 - 측면충돌,안전운전불이행,건조,맑음,단일로 - 기타,화물,남,59세,중상,승용,남,27세,경상
2018101900100437,2018년 10월 19일 15시,금요일,경상남도 창원시 성산구 남산동,중상사고,0,1,0,0,차대차 - 측면충돌,신호위반,건조,맑음,교차로 - 교차로안,이륜,남,24세,기타불명,승용,여,63세,중상
2018101900100438,2018년 10월 19일 15시,금요일,경상남도 창원시 의창구 신월동,경상사고,0,0,1,0,차대사람 - 횡단중,보행자보호의무위반,건조,맑음,교차로 - 교차로안,승용,남,52세,상해없음,보행자,여,11세,경상
2018101900100482,2018년 10월 19일 16시,금요일,경상남도 사천시 벌리동,경상사고,0,0,2,0,차대차 - 측면충돌,안전운전불이행,건조,맑음,교차로 - 교차로안,승용,남,55세,상해없음,승용,남,53세,경상
2018101900100483,2018년 10월 19일 16시,금요일,경상남도 함양군 안의면,경상사고,0,0,2,0,차대사람 - 횡단중,안전운전불이행,건조,맑음,단일로 - 기타,이륜,남,78세,경상,보행자,여,67세,경상
2018101900100536,2018년 10월 19일 17시,금요일,경상남도 김해시 삼계동,중상사고,0,1,1,0,차량단독 - 전도전복 - 전도,안전운전불이행,건조,맑음,단일로 - 기타,이륜,남,17세,상해없음,미분류,미분류,미분류,미분류
2018101900100537,2018년 10월 19일 17시,금요일,경상남도 김해시 어방동,중상사고,0,1,0,0,차대차 - 기타,안전운전불이행,건조,맑음,교차로 - 교차로안,승용,남,20세,상해없음,승용,남,54세,중상
2018101900100539,2018년 10월 19일 17시,금요일,경상남도 창원시 의창구 팔용동,중상사고,0,1,0,0,차대차 - 기타,신호위반,건조,맑음,교차로 - 교차로부근,승용,여,60세,상해없음,자전거,남,67세,중상
2018101900100617,2018년 10월 19일 18시,금요일,경상남도 창원시 진해구 송학동,중상사고,0,1,0,0,차대사람 - 횡단중,보행자보호의무위반,건조,맑음,단일로 - 기타,승용,여,26세,상해없음,보행자,남,73세,중상
2018101900100618,2018년 10월 19일 18시,금요일,경상남도 김해시 생림면,경상사고,0,0,2,0,차대차 - 추돌,안전운전불이행,건조,맑음,교차로 - 교차로부근,화물,남,58세,상해없음,승용,남,31세,경상
2018101900100619,2018년 10월 19일 18시,금요일,경상남도 양산시 동면,경상사고,0,0,1,0,차대차 - 측면충돌,안전운전불이행,건조,맑음,단일로 - 기타,화물,남,45세,상해없음,승용,남,37세,경상
2018101900100620,2018년 10월 19일 18시,금요일,경상남도 거제시 사등면,중상사고,0,1,2,0,차대차 - 측면충돌,안전운전불이행,건조,맑음,단일로 - 기타,승용,남,44세,상해없음,승용,남,39세,경상