사고번호,사고일시,요일,시군구,사고내용,사망자수,중상자수,경상자수,부상신고자수,사고유형,법규위반,노면상태,기상상태,도로형태,가해운전자 차종,가해운전자 성별,가해운전자 연령,가해운전자 상해정도,피해운전자 차종,피해운전자 성별,피해운전자 연령,피해운전자 상해정도
2018102900100643,2018년 10월 29일 21시,월요일,경상남도 거제시 고현동,경상사고,0,0,1,0,차대사람 - 차도통행중,안전운전불이행,건조,맑음,교차로 - 교차로안,승용,여,26세,상해없음,보행자,남,48세,경상
2018102900100683,2018년 10월 29일 23시,월요일,경상남도 양산시 물금읍,경상사고,0,0,1,0,차대차 - 기타,안전운전불이행,건조,맑음,교차로 - 교차로안,승용,남,29세,상해없음,승용,남,29세,경상
2018103000100029,2018년 10월 30일 02시,화요일,경상남도 창원시 마산회원구 양덕동,경상사고,0,0,1,0,차대차 - 측면충돌,안전운전불이행,건조,맑음,단일로 - 기타,승용,남,24세,상해없음,자전거,여,60세,경상
2018103000100068,2018년 10월 30일 06시,화요일,경상남도 창원시 마산합포구 가포동,경상사고,0,0,1,0,차대차 - 측면충돌,신호위반,건조,맑음,교차로 - 교차로안,승용,남,49세,상해없음,승용,여,27세,경상
2018103000100069,2018년 10월 30일 06시,화요일,경상남도 밀양시 부북면,중상사고,0,1,0,0,차대차 - 측면충돌,중앙선침범,건조,맑음,단일로 - 기타,건설기계,남,51세,상해없음,승용,여,63세,중상
2018103000100089,2018년 10월 30일 07시,화요일,경상남도 진주시 가좌동,중상사고,0,3,1,0,차대차 - 추돌,안전운전불이행,건조,맑음,단일로 - 기타,화물,남,37세,경상,승합,남,60세,상해없음
2018103000100090,2018년 10월 30일 07시,화요일,경상남도 김해시 부곡동,경상사고,0,0,2,0,차대차 - 측면충돌,신호위반,건조,맑음,교차로 - 교차로안,승용,남,42세,경상,승용,여,49세,경상
2018103000100137,2018년 10월 30일 08시,화요일,경상남도 창원시 진해구 태평동,중상사고,0,1,0,0,차대사람 - 횡단중,안전운전불이행,건조,맑음,단일로 - 기타,승합,남,50세,상해없음,보행자,여,42세,중상
2018103000100138,2018년 10월 30일 08시,화요일,경상남도 창녕군 영산면,경상사고,0,0,1,0,차대차 - 측면충돌,안전운전불이행,건조,맑음,교차로 - 교차로안,승용,여,56세,상해없음,승용,남,60세,경상
2018103000100139,2018년 10월 30일 08시,화요일,경상남도 함양군 함양읍,부상신고사고,0,0,0,1,차대차 - 추돌,안전운전불이행,건조,맑음,교차로 - 교차로부근,승용,남,56세,부상신고,승용,여,56세,상해없음
2018103000100140,2018년 10월 30일 08시,화요일,경상남도 거제시 두모동,경상사고,0,0,1,0,차대차 - 기타,신호위반,건조,맑음,교차로 - 교차로안,승용,남,70세,상해없음,승용,여,43세,경상
2018103000100141,2018년 10월 30일 08시,화요일,경상남도 김해시 진례면,중상사고,0,1,0,0,차대차 - 측면충돌,신호위반,건조,맑음,교차로 - 교차로안,이륜,남,85세,중상,승용,여,46세,상해없음
2018103000100216,2018년 10월 30일 10시,화요일,경상남도 진주시 가좌동,경상사고,0,0,1,0,차대차 - 측면충돌,신호위반,건조,맑음,교차로 - 교차로안,승용,여,49세,상해없음,승용,남,51세,경상
2018103000100217,2018년 10월 30일 10시,화요일,경상남도 사천시 사천읍,경상사고,0,0,1,0,차대차 - 측면충돌,직진우회전진행방해,건조,맑음,교차로 - 교차로안,화물,남,68세,상해없음,화물,남,66세,경상
2018103000100247,2018년 10월 30일 11시,화요일,경상남도 김해시 어방동,중상사고,0,1,0,0,차대차 - 측면충돌,신호위반,건조,맑음,교차로 - 교차로안,승용,남,29세,상해없음,승용,남,34세,중상
2018103000100248,2018년 10월 30일 11시,화요일,경상남도 거제시 장승포동,중상사고,0,1,0,0,차대사람 - 기타,안전운전불이행,건조,맑음,단일로 - 기타,승용,여,49세,상해없음,보행자,여,77세,중상
2018103000100249,2018년 10월 30일 11시,화요일,경상남도 창원시 의창구 북면,경상사고,0,0,1,0,차량단독 - 전도전복 - 전도,안전운전불이행,건조,맑음,단일로 - 기타,이륜,남,60세,경상,미분류,미분류,미분류,미분류
2018103000100283,2018년 10월 30일 12시,화요일,경상남도 남해군 이동면,중상사고,0,1,1,0,차대차 - 측면충돌,중앙선침범,건조,맑음,단일로 - 기타,화물,남,64세,상해없음,승용,여,60세,중상
2018103000100317,2018년 10월 30일 13시,화요일,경상남도 사천시 사천읍,경상사고,0,0,1,0,차대차 - 측면충돌,중앙선침범,건조,맑음,단일로 - 기타,자전거,남,65세,경상,승용,남,35세,상해없음
2018103000100318,2018년 10월 30일 13시,화요일,경상남도 김해시 구산동,중상사고,0,1,0,0,차대차 - 측면충돌,불법유턴,건조,맑음,단일로 - 기타,이륜,남,66세,중상,승용,여,49세,상해없음
2018103000100319,2018년 10월 30일 13시,화요일,경상남도 김해시 대동면,경상사고,0,0,1,0,차대차 - 측면충돌,교차로운행방법위반,건조,맑음,교차로 - 교차로안,승용,남,59세,상해없음,화물,남,61세,상해없음
2018103000100320,2018년 10월 30일 13시,화요일,경상남도 창원시 의창구 사화동,사망사고,1,0,0,0,차대사람 - 차도통행중,안전운전불이행,건조,맑음,단일로 - 기타,화물,남,66세,상해없음,보행자,남,78세,사망
2018103000100353,2018년 10월 30일 14시,화요일,경상남도 사천시 사천읍,중상사고,0,1,0,0,차대차 - 측면충돌,신호위반,건조,맑음,교차로 - 교차로안,승용,여,34세,상해없음,농기계,남,81세,중상
2018103000100354,2018년 10월 30일 14시,화요일,경상남도 김해시 구산동,중상사고,0,1,0,0,차대차 - 측면충돌,안전운전불이행,건조,맑음,단일로 - 기타,기타불명,기타불명,미분류,기타불명,이륜,남,62세,중상
2018103000100355,2018년 10월 30일 14시,화요일,경상남도 창원시 마산회원구 회원동,경상사고,0,0,1,0,차대사람 - 차도통행중,안전운전불이행,건조,맑음,교차로 - 교차로부근,승용,남,58세,상해없음,보행자,남,8세,경상
2018103000100389,2018년 10월 30일 15시,화요일,경상남도 밀양시 단장면,중상사고,0,1,0,0,차대사람 - 길가장자리구역통행중,안전운전불이행,건조,맑음,단일로 - 기타,화물,남,72세,상해없음,보행자,남,55세,중상
2018103000100390,2018년 10월 30일 15시,화요일,경상남도 밀양시 무안면,사망사고,1,0,0,0,차량단독 - 기타,안전운전불이행,건조,맑음,단일로 - 기타,화물,남,59세,상해없음,,,,
2018103000100391,2018년 10월 30일 15시,화요일,경상남도 함안군 군북면,경상사고,0,0,3,0,차대차 - 추돌,안전운전불이행,건조,맑음,단일로 - 기타,화물,남,75세,상해없음,승용,남,50세,경상
2018103000100430,2018년 10월 30일 16시,화요일,경상남도 창원시 마산합포구 우산동,중상사고,0,1,0,0,차대차 - 기타,안전운전불이행,건조,맑음,교차로 - 교차로안,승용,남,67세,상해없음,자전거,남,53세,중상
2018103000100431,2018년 10월 30일 16시,화요일,경상남도 양산시 다방동,경상사고,0,0,1,0,차대차 - 측면충돌,중앙선침범,건조,맑음,교차로 - 교차로부근,승용,남,71세,상해없음,승용,남,56세,경상
2018103000100476,2018년 10월 30일 17시,화요일,경상남도 창원시 마산합포구 월영동,사망사고,1,0,0,0,차대사람 - 차도통행중,안전운전불이행,건조,맑음,단일로 - 기타,화물,남,70세,상해없음,보행자,남,69세,사망
2018103000100477,2018년 10월 30일 17시,화요일,경상남도 사천시 동금동,경상사고,0,0,1,0,차대사람 - 횡단중,안전운전불이행,건조,맑음,교차로 - 교차로안,승용,여,59세,상해없음,보행자,여,59세,경상
2018103000100534,2018년 10월 30일 18시,화요일,경상남도 진주시 금산면,중상사고,0,1,0,0,차대사람 - 횡단중,안전운전불이행,건조,맑음,단일로 - 기타,승용,남,53세,상해없음,보행자,여,60세,중상
2018103000100535,2018년 10월 30일 18시,화요일,경상남도 진주시 봉곡동,중상사고,0,1,0,0,차대사람 - 보도통행중,보행자보호의무위반,건조,맑음,단일로 - 기타,화물,남,61세,상해없음,보행자,남,70세,중상
2018103000100536,2018년 10월 30일 18시,화요일,경상남도 창원시 진해구 태평동,중상사고,0,1,0,0,차대차 - 측면충돌,안전거리미확보,건조,맑음,교차로 - 교차로부근,승용,남,32세,상해없음,원동기,남,39세,중상
2018103000100537,2018년 10월 30일 18시,화요일,경상남도 창원시 진해구 두동,중상사고,0,1,2,0,차대차 - 추돌,안전운전불이행,건조,맑음,단일로 - 기타,승용,남,32세,상해없음,승용,남,33세,경상
2018103000100538,2018년 10월 30일 18시,화요일,경상남도 창원시 진해구 청안동,중상사고,0,2,0,0,차대차 - 기타,안전운전불이행,건조,맑음,기타 - 기타,특수,남,36세,상해없음,승용,여,40세,중상
2018103000100539,2018년 10월 30일 18시,화요일,경상남도 고성군 동해면,중상사고,0,1,0,0,차대사람 - 차도통행중,중앙선침범,건조,맑음,단일로 - 기타,승용,남,65세,상해없음,보행자,여,80세,중상
2018103000100540,2018년 10월 30일 18시,화요일,경상남도 하동군 진교면,중상사고,0,1,0,0,차대차 - 측면충돌,교차로운행방법위반,건조,맑음,교차로 - 교차로안,승용,여,34세,상해없음,자전거,여,54세,중상
2018103000100580,2018년 10월 30일 19시,화요일,경상남도 사천시 용강동,경상사고,0,0,1,0,차대차 - 측면충돌,안전운전불이행,건조,맑음,교차로 - 교차로부근,승용,남,48세,상해없음,이륜,남,23세,경상
2018103000100581,2018년 10월 30일 19시,화요일,경상남도 거제시 옥포동,중상사고,0,1,0,0,차량단독 - 기타,안전운전불이행,건조,맑음,단일로 - 기타,이륜,남,62세,중상,,,,
2018103000100627,2018년 10월 30일 20시,화요일,경상남도 김해시 생림면,경상사고,0,0,1,0,차대차 - 추돌,안전운전불이행,건조,맑음,단일로 - 기타,화물,남,55세,상해없음,화물,남,46세,경상
2018103000100628,2018년 10월 30일 20시,화요일,경상남도 양산시 명동,경상사고,0,0,3,0,차대차 - 측면충돌,신호위반,건조,맑음,교차로 - 교차로안,승용,여,47세,경상,화물,남,23세,경상
2018103000100657,2018년 10월 30일 21시,화요일,경상남도 창원시 진해구 경화동,경상사고,0,0,1,0,차대차 - 기타,안전운전불이행,건조,맑음,교차로 - 교차로안,이륜,남,25세,경상,승용,남,44세,상해없음
2018103100100068,2018년 10월 31일 06시,수요일,경상남도 진주시 상대동,중상사고,0,1,0,0,차대차 - 측면충돌,신호위반,건조,맑음,교차로 - 교차로안,이륜,남,74세,중상,승용,남,56세,상해없음
2018103100100069,2018년 10월 31일 06시,수요일,경상남도 창원시 마산회원구 봉암동,경상사고,0,0,1,0,차대차 - 측면충돌,안전운전불이행,건조,맑음,단일로 - 기타,승용,남,67세,상해없음,승용,남,46세,경상
2018103100100070,2018년 10월 31일 06시,수요일,경상남도 창원시 의창구 봉곡동,부상신고사고,0,0,0,1,차대차 - 측면충돌,교차로운행방법위반,건조,맑음,교차로 - 교차로안,자전거,남,62세,부상신고,승합,남,55세,상해없음
2018103100100091,2018년 10월 31일 07시,수요일,경상남도 양산시 물금읍,중상사고,0,1,0,0,차대사람 - 차도통행중,안전운전불이행,건조,맑음,교차로 - 교차로안,승용,여,36세,상해없음,보행자,여,67세,중상
2018103100100092,2018년 10월 31일 07시,수요일,경상남도 하동군 하동읍,중상사고,0,1,1,0,차대차 - 측면충돌,안전운전불이행,건조,맑음,단일로 - 기타,승용,여,44세,상해없음,승용,남,32세,중상
2018103100100127,2018년 10월 31일 08시,수요일,경상남도 통영시 무전동,경상사고,0,0,2,0,차대차 - 기타,신호위반,건조,맑음,교차로 - 교차로안,승용,남,74세,상해없음,승용,남,28세,경상
2018103100100128,2018년 10월 31일 08시,수요일,경상남도 김해시 삼방동,경상사고,0,0,1,0,차대차 - 측면충돌,안전운전불이행,건조,맑음,단일로 - 기타,자전거,남,18세,경상,이륜,남,59세,기타불명
2018103100100129,2018년 10월 31일 08시,수요일,경상남도 창원시 의창구 북면,경상사고,0,0,1,0,차대차 - 추돌,안전운전불이행,건조,맑음,단일로 - 기타,승용,남,47세,상해없음,승용,여,42세,경상
2018103100100162,2018년 10월 31일 09시,수요일,경상남도 창원시 마산합포구 상남동,경상사고,0,0,4,0,차대차 - 추돌,안전거리미확보,건조,맑음,교차로 - 교차로부근,승용,여,44세,상해없음,승용,남,73세,경상
2018103100100163,2018년 10월 31일 09시,수요일,경상남도 김해시 서상동,경상사고,0,0,1,0,차대차 - 측면충돌,안전운전불이행,건조,맑음,교차로 - 교차로안,승용,남,78세,상해없음,승용,여,40세,경상
2018103100100164,2018년 10월 31일 09시,수요일,경상남도 창원시 의창구 팔용동,중상사고,0,1,0,0,차대차 - 기타,안전운전불이행,건조,맑음,단일로 - 기타,화물,남,49세,상해없음,승용,남,57세,중상
2018103100100201,2018년 10월 31일 10시,수요일,경상남도 진주시 신안동,경상사고,0,0,1,0,차대차 - 정면충돌,중앙선침범,건조,맑음,단일로 - 기타,승용,여,33세,경상,승용,여,42세,상해없음
2018103100100233,2018년 10월 31일 11시,수요일,경상남도 진주시 사봉면,중상사고,0,1,0,0,차대차 - 측면충돌,기타,건조,맑음,교차로 - 교차로부근,화물,남,68세,상해없음,원동기,여,77세,중상
2018103100100234,2018년 10월 31일 11시,수요일,경상남도 남해군 미조면,중상사고,0,2,1,0,차량단독 - 도로외이탈 - 추락,안전운전불이행,건조,맑음,주차장 - 주차장,승용,남,72세,상해없음,,,,
2018103100100263,2018년 10월 31일 12시,수요일,경상남도 진주시 진성면,중상사고,0,1,0,0,차대사람 - 기타,안전운전불이행,건조,맑음,단일로 - 기타,화물,여,62세,상해없음,보행자,남,83세,중상
2018103100100264,2018년 10월 31일 12시,수요일,경상남도 김해시 대동면,중상사고,0,1,0,0,차대사람 - 기타,안전운전불이행,건조,맑음,단일로 - 기타,승용,여,38세,상해없음,보행자,여,90세 이상,중상
2018103100100265,2018년 10월 31일 12시,수요일,경상남도 김해시 어방동,경상사고,0,0,1,0,차대차 - 측면충돌,차로위반,건조,맑음,단일로 - 기타,승용,여,53세,상해없음,이륜,남,78세,경상
2018103100100266,2018년 10월 31일 12시,수요일,경상남도 합천군 초계면,중상사고,0,1,0,0,차대사람 - 차도통행중,안전운전불이행,건조,맑음,단일로 - 기타,승용,남,73세,상해없음,보행자,여,63세,중상
2018103100100302,2018년 10월 31일 13시,수요일,경상남도 창원시 마산합포구 해운동,중상사고,0,1,0,0,차대사람 - 기타,중앙선침범,건조,맑음,교차로 - 교차로부근,승용,여,34세,상해없음,보행자,여,73세,중상
2018103100100303,2018년 10월 31일 13시,수요일,경상남도 창원시 진해구 경화동,경상사고,0,0,1,0,차대차 - 측면충돌,안전운전불이행,건조,맑음,단일로 - 기타,승용,남,65세,상해없음,이륜,남,22세,경상
2018103100100304,2018년 10월 31일 13시,수요일,경상남도 창원시 진해구 석동,경상사고,0,0,1,0,차대차 - 측면충돌,안전거리미확보,건조,맑음,교차로 - 교차로부근,원동기,남,73세,경상,건설기계,남,36세,상해없음
2018103100100305,2018년 10월 31일 13시,수요일,경상남도 고성군 고성읍,경상사고,0,0,1,0,차대차 - 측면충돌,교차로운행방법위반,건조,맑음,교차로 - 교차로안,승합,남,47세,상해없음,이륜,남,73세,경상
2018103100100306,2018년 10월 31일 13시,수요일,경상남도 김해시 대청동,경상사고,0,0,1,0,차대차 - 측면충돌,안전운전불이행,건조,맑음,단일로 - 기타,자전거,여,47세,경상,승용,여,46세,상해없음
2018103100100319,2018년 10월 31일 14시,수요일,경상남도 김해시 삼문동,경상사고,0,0,1,0,차대차 - 기타,안전운전불이행,건조,맑음,단일로 - 기타,화물,남,44세,기타불명,승용,여,38세,경상
2018103100100329,2018년 10월 31일 14시,수요일,경상남도 밀양시 하남읍,경상사고,0,0,1,0,차대차 - 측면충돌,기타,건조,맑음,단일로 - 기타,화물,남,54세,상해없음,이륜,여,76세,경상
2018103100100330,2018년 10월 31일 14시,수요일,경상남도 양산시 중부동,경상사고,0,0,2,0,차대차 - 추돌,안전운전불이행,건조,맑음,교차로 - 교차로안,승용,남,31세,상해없음,화물,남,59세,경상
2018103100100331,2018년 10월 31일 14시,수요일,경상남도 양산시 동면,경상사고,0,0,1,0,차대차 - 측면충돌,안전운전불이행,건조,맑음,단일로 - 기타,화물,남,57세,상해없음,승용,남,40세,경상
2018103100100332,2018년 10월 31일 14시,수요일,경상남도 거제시 고현동,경상사고,0,0,1,0,차대사람 - 차도통행중,안전운전불이행,건조,맑음,단일로 - 기타,승용,여,50세,상해없음,보행자,여,15세,경상
2018103100100333,2018년 10월 31일 14시,수요일,경상남도 김해시 무계동,경상사고,0,0,1,0,차대차 - 측면충돌,신호위반,건조,맑음,교차로 - 교차로부근,승용,여,49세,상해없음,자전거,여,42세,경상
2018103100100358,2018년 10월 31일 15시,수요일,경상남도 통영시 정량동,경상사고,0,0,1,0,차대차 - 정면충돌,안전운전불이행,건조,맑음,단일로 - 기타,승용,여,62세,상해없음,화물,남,44세,경상
2018103100100359,2018년 10월 31일 15시,수요일,경상남도 창원시 의창구 동정동,경상사고,0,0,1,0,차대차 - 기타,안전운전불이행,건조,맑음,교차로 - 교차로부근,승용,여,64세,상해없음,승용,남,31세,경상
2018103100100360,2018년 10월 31일 15시,수요일,경상남도 김해시 풍유동,경상사고,0,0,4,0,차대차 - 추돌,안전운전불이행,건조,맑음,단일로 - 기타,승용,남,53세,상해없음,승용,남,24세,경상
2018103100100412,2018년 10월 31일 16시,수요일,경상남도 김해시 삼정동,경상사고,0,0,1,0,차대차 - 추돌,안전운전불이행,건조,맑음,교차로 - 교차로부근,승합,여,19세,상해없음,승용,남,48세,경상
2018103100100413,2018년 10월 31일 16시,수요일,경상남도 창원시 의창구 명서동,경상사고,0,0,2,0,차대사람 - 기타,안전운전불이행,건조,맑음,교차로 - 교차로안,승용,여,65세,상해없음,보행자,여,16세,경상
2018103100100414,2018년 10월 31일 16시,수요일,경상남도 김해시 부곡동,중상사고,0,1,1,0,차대사람 - 횡단중,안전운전불이행,건조,맑음,단일로 - 기타,화물,남,51세,상해없음,보행자,남,9세,경상
2018103100100415,2018년 10월 31일 16시,수요일,경상남도 김해시 부곡동,경상사고,0,0,1,0,차대차 - 측면충돌,안전운전불이행,건조,맑음,교차로 - 교차로안,승용,남,58세,상해없음,승합,여,51세,경상
2018103100100451,2018년 10월 31일 17시,수요일,경상남도 진주시 초전동,중상사고,0,1,0,0,차대사람 - 횡단중,신호위반,건조,맑음,교차로 - 교차로안,승용,여,45세,상해없음,보행자,남,6세,중상
2018103100100452,2018년 10월 31일 17시,수요일,경상남도 창원시 진해구 석동,경상사고,0,0,1,0,차대차 - 기타,기타,건조,맑음,단일로 - 기타,승용,여,49세,상해없음,이륜,남,18세,경상
2018103100100453,2018년 10월 31일 17시,수요일,경상남도 창원시 의창구 팔용동,경상사고,0,0,1,0,차대차 - 추돌,안전운전불이행,건조,맑음,교차로 - 교차로부근,승용,남,49세,상해없음,승용,남,39세,경상
2018103100100509,2018년 10월 31일 18시,수요일,경상남도 진주시 옥봉동,경상사고,0,0,1,0,차대차 - 추돌,안전거리미확보,건조,맑음,단일로 - 기타,승용,남,59세,상해없음,승용,남,30세,경상
2018103100100510,2018년 10월 31일 18시,수요일,경상남도 김해시 동상동,경상사고,0,0,1,0,차대차 - 기타,교차로운행방법위반,건조,맑음,교차로 - 교차로안,승용,남,53세,상해없음,승용,여,64세,경상
2018103100100511,2018년 10월 31일 18시,수요일,경상남도 김해시 봉황동,사망사고,1,0,0,0,차대사람 - 기타,안전운전불이행,건조,맑음,단일로 - 기타,승용,남,61세,상해없음,보행자,여,64세,사망
2018103100100512,2018년 10월 31일 18시,수요일,경상남도 창녕군 대지면,경상사고,0,0,1,1,차대차 - 추돌,안전거리미확보,건조,맑음,단일로 - 고가도로위,승용,여,47세,부상신고,승용,여,55세,경상
2018103100100513,2018년 10월 31일 18시,수요일,경상남도 함안군 가야읍,경상사고,0,0,1,0,차대차 - 측면충돌,직진우회전진행방해,건조,맑음,교차로 - 교차로안,승용,여,56세,상해없음,승용,여,49세,경상
2018103100100514,2018년 10월 31일 18시,수요일,경상남도 창원시 의창구 북면,경상사고,0,0,1,0,차대사람 - 횡단중,보행자보호의무위반,건조,맑음,교차로 - 교차로횡단보도내,이륜,남,58세,상해없음,보행자,여,56세,경상
2018103100100576,2018년 10월 31일 19시,수요일,경상남도 양산시 물금읍,중상사고,0,1,0,0,차대차 - 측면충돌,안전운전불이행,건조,맑음,단일로 - 기타,승합,남,63세,상해없음,이륜,남,21세,중상
2018103100100610,2018년 10월 31일 20시,수요일,경상남도 창원시 성산구 상남동,중상사고,0,1,0,0,차대사람 - 차도통행중,안전운전불이행,건조,맑음,단일로 - 기타,이륜,남,27세,상해없음,보행자,여,46세,중상
2018103100100631,2018년 10월 31일 21시,수요일,경상남도 양산시 북부동,경상사고,0,0,1,0,차대차 - 측면충돌,신호위반,건조,맑음,교차로 - 교차로안,승용,남,59세,상해없음,승용,여,43세,경상
2018103100100632,2018년 10월 31일 21시,수요일,경상남도 고성군 거류면,중상사고,0,1,0,0,차량단독 - 도로외이탈 - 추락,과속,건조,맑음,단일로 - 기타,승용,남,33세,상해없음,,,,
2018103100100661,2018년 10월 31일 22시,수요일,경상남도 창원시 마산합포구 진전면,경상사고,0,0,2,0,차대차 - 추돌,안전거리미확보,건조,맑음,단일로 - 기타,승합,남,51세,상해없음,승용,남,30세,경상
2018103100100662,2018년 10월 31일 22시,수요일,경상남도 창원시 마산합포구 진전면,중상사고,0,2,0,0,차대차 - 추돌,안전거리미확보,건조,맑음,단일로 - 기타,승용,남,33세,상해없음,승합,남,51세,상해없음
2018103100100663,2018년 10월 31일 22시,수요일,경상남도 사천시 사남면,경상사고,0,0,1,0,차대차 - 측면충돌,안전운전불이행,건조,맑음,단일로 - 기타,승용,여,29세,경상,승용,남,24세,기타불명
2018103100100664,2018년 10월 31일 22시,수요일,경상남도 김해시 삼계동,중상사고,0,1,3,0,차대차 - 정면충돌,중앙선침범,건조,맑음,단일로 - 기타,승용,남,30세,상해없음,승용,남,45세,경상
2018103100100665,2018년 10월 31일 22시,수요일,경상남도 창원시 성산구 상남동,중상사고,0,1,0,0,차대사람 - 횡단중,보행자보호의무위반,건조,맑음,교차로 - 교차로횡단보도내,승용,남,35세,상해없음,보행자,남,46세,중상
2018103100100685,2018년 10월 31일 23시,수요일,경상남도 진주시 초전동,경상사고,0,0,1,0,차대차 - 측면충돌,신호위반,건조,맑음,교차로 - 교차로안,승용,남,43세,상해없음,승용,남,52세,상해없음
2018103100100686,2018년 10월 31일 23시,수요일,경상남도 김해시 외동,중상사고,0,2,2,0,차대차 - 정면충돌,신호위반,건조,맑음,교차로 - 교차로안,승용,남,52세,경상,승용,남,51세,중상
2018103100100687,2018년 10월 31일 23시,수요일,경상남도 양산시 교동,경상사고,0,0,3,0,차대차 - 추돌,안전운전불이행,건조,맑음,교차로 - 교차로안,승용,남,39세,상해없음,승용,남,59세,경상
2018110100100005,2018년 11월 1일 00시,목요일,경상남도 창원시 마산회원구 합성동,경상사고,0,0,1,0,차대차 - 측면충돌,안전운전불이행,건조,맑음,단일로 - 기타,승용,여,55세,상해없음,이륜,남,20세,경상
2018110100100014,2018년 11월 1일 01시,목요일,경상남도 진주시 초전동,경상사고,0,0,1,0,차대차 - 측면충돌,신호위반,건조,맑음,교차로 - 교차로안,승용,여,30세,상해없음,승용,남,50세,경상
2018110100100036,2018년 11월 1일 03시,목요일,경상남도 김해시 삼정동,중상사고,0,1,1,0,차대차 - 측면충돌,신호위반,건조,맑음,교차로 - 교차로안,승용,남,35세,상해없음,승용,남,46세,중상
2018110100100049,2018년 11월 1일 05시,목요일,경상남도 통영시 광도면,경상사고,0,0,1,0,차대차 - 측면충돌,안전운전불이행,건조,맑음,교차로 - 교차로안,승용,남,18세,기타불명,승용,남,62세,경상
2018110100100061,2018년 11월 1일 06시,목요일,경상남도 창원시 마산합포구 동성동,중상사고,0,1,0,0,차대차 - 추돌,안전거리미확보,건조,맑음,교차로 - 교차로부근,승용,남,41세,상해없음,승용,남,55세,중상
2018110100100062,2018년 11월 1일 06시,목요일,경상남도 창원시 마산회원구 양덕동,경상사고,0,0,1,0,차대차 - 정면충돌,신호위반,건조,맑음,교차로 - 교차로안,승용,여,56세,상해없음,승용,남,69세,경상
2018110100100089,2018년 11월 1일 07시,목요일,경상남도 산청군 금서면,경상사고,0,0,1,0,차대차 - 정면충돌,교차로운행방법위반,건조,맑음,교차로 - 교차로안,승용,여,54세,상해없음,화물,남,56세,경상
2018110100100090,2018년 11월 1일 07시,목요일,경상남도 산청군 단성면,경상사고,0,0,1,0,차대차 - 측면충돌,안전운전불이행,건조,맑음,단일로 - 기타,화물,남,56세,상해없음,승용,여,53세,상해없음
2018110100100091,2018년 11월 1일 07시,목요일,경상남도 김해시 진영읍,중상사고,0,1,2,0,차대차 - 측면충돌,신호위반,건조,맑음,교차로 - 교차로안,승용,여,57세,경상,승용,남,60세,중상
2018110100100130,2018년 11월 1일 08시,목요일,경상남도 합천군 삼가면,중상사고,0,1,0,0,차대차 - 추돌,안전운전불이행,건조,맑음,단일로 - 기타,이륜,남,84세,상해없음,자전거,여,71세,중상
2018110100100131,2018년 11월 1일 08시,목요일,경상남도 남해군 창선면,중상사고,0,2,0,0,차대차 - 추돌,안전운전불이행,건조,맑음,단일로 - 기타,승용,남,24세,상해없음,화물,남,70세,중상
2018110100100177,2018년 11월 1일 09시,목요일,경상남도 김해시 어방동,경상사고,0,0,1,0,차대차 - 기타,안전운전불이행,건조,맑음,교차로 - 교차로안,승용,여,28세,상해없음,승용,여,36세,경상
2018110100100178,2018년 11월 1일 09시,목요일,경상남도 김해시 외동,중상사고,0,1,0,0,차대사람 - 횡단중,안전운전불이행,건조,맑음,교차로 - 교차로안,승용,남,64세,상해없음,보행자,여,44세,중상
2018110100100179,2018년 11월 1일 09시,목요일,경상남도 함안군 가야읍,사망사고,1,0,0,0,차대사람 - 횡단중,안전운전불이행,건조,맑음,교차로 - 교차로부근,화물,남,52세,상해없음,보행자,여,68세,사망
2018110100100213,2018년 11월 1일 10시,목요일,경상남도 하동군 금남면,경상사고,0,0,1,0,차량단독 - 도로외이탈 - 기타,안전운전불이행,건조,맑음,단일로 - 기타,화물,남,52세,경상,,,,
2018110100100214,2018년 11월 1일 10시,목요일,경상남도 창원시 의창구 명서동,경상사고,0,0,1,0,차대사람 - 횡단중,보행자보호의무위반,건조,맑음,교차로 - 교차로횡단보도내,화물,남,64세,상해없음,보행자,여,39세,경상
2018110100100277,2018년 11월 1일 12시,목요일,경상남도 고성군 거류면,중상사고,0,1,1,0,차대차 - 정면충돌,중앙선침범,건조,맑음,단일로 - 기타,승용,남,56세,상해없음,건설기계,남,49세,중상
2018110100100304,2018년 11월 1일 13시,목요일,경상남도 김해시 상동면,중상사고,0,1,0,0,차대차 - 기타,안전운전불이행,건조,맑음,교차로 - 교차로안,화물,남,19세,상해없음,승용,여,56세,중상
2018110100100305,2018년 11월 1일 13시,목요일,경상남도 사천시 곤양면,경상사고,0,0,1,0,차대차 - 추돌,안전운전불이행,건조,맑음,단일로 - 기타,승용,남,58세,상해없음,승용,남,50세,경상
2018110100100336,2018년 11월 1일 14시,목요일,경상남도 창원시 진해구 자은동,중상사고,0,1,2,0,차대차 - 측면충돌,안전거리미확보,건조,맑음,교차로 - 교차로부근,승용,여,50세,상해없음,승용,남,55세,경상
2018110100100470,2018년 11월 1일 17시,목요일,경상남도 김해시 삼계동,중상사고,0,1,0,0,차대차 - 기타,교차로운행방법위반,건조,맑음,교차로 - 교차로안,화물,남,49세,상해없음,승용,여,44세,중상