사고번호,사고일시,요일,시군구,사고내용,사망자수,중상자수,경상자수,부상신고자수,사고유형,법규위반,노면상태,기상상태,도로형태,가해운전자 차종,가해운전자 성별,가해운전자 연령,가해운전자 상해정도,피해운전자 차종,피해운전자 성별,피해운전자 연령,피해운전자 상해정도
2018110100100471,2018년 11월 1일 17시,목요일,경상남도 창녕군 부곡면,경상사고,0,0,1,0,차대차 - 기타,안전운전불이행,건조,맑음,단일로 - 기타,이륜,여,63세,경상,화물,남,59세,기타불명
2018110100100472,2018년 11월 1일 17시,목요일,경상남도 남해군 서면,경상사고,0,0,1,0,차대차 - 측면충돌,중앙선침범,건조,맑음,단일로 - 기타,승용,여,53세,상해없음,자전거,남,53세,경상
2018110100100473,2018년 11월 1일 17시,목요일,경상남도 함안군 가야읍,경상사고,0,0,2,0,차대차 - 추돌,안전운전불이행,건조,맑음,단일로 - 기타,승용,여,39세,경상,화물,남,50세,경상
2018110100100527,2018년 11월 1일 18시,목요일,경상남도 창원시 진해구 용원동,중상사고,0,1,0,0,차대사람 - 횡단중,보행자보호의무위반,건조,맑음,교차로 - 교차로안,화물,남,29세,상해없음,보행자,남,56세,중상
2018110100100528,2018년 11월 1일 18시,목요일,경상남도 김해시 진례면,경상사고,0,0,1,0,차대차 - 측면충돌,안전운전불이행,건조,맑음,교차로 - 교차로안,화물,남,63세,상해없음,승용,남,30세,경상
2018110100100529,2018년 11월 1일 18시,목요일,경상남도 김해시 율하동,경상사고,0,0,1,0,차대차 - 측면충돌,차로위반,건조,맑음,교차로 - 교차로부근,승합,여,40세,상해없음,이륜,남,37세,경상
2018110100100639,2018년 11월 1일 21시,목요일,경상남도 진주시 칠암동,경상사고,0,0,1,0,차대차 - 정면충돌,신호위반,건조,맑음,교차로 - 교차로안,승용,여,40세,상해없음,이륜,남,24세,경상
2018110100100640,2018년 11월 1일 21시,목요일,경상남도 김해시 내동,경상사고,0,0,1,0,차대차 - 기타,안전운전불이행,건조,맑음,교차로 - 교차로부근,승용,남,57세,상해없음,자전거,남,16세,경상
2018110200100037,2018년 11월 2일 02시,금요일,경상남도 양산시 동면,경상사고,0,0,1,0,차대차 - 추돌,기타,건조,맑음,교차로 - 교차로안,자전거,남,52세,경상,승용,남,51세,상해없음
2018110200100040,2018년 11월 2일 03시,금요일,경상남도 김해시 어방동,경상사고,0,0,1,0,차대차 - 기타,안전운전불이행,건조,맑음,교차로 - 교차로안,승용,남,21세,상해없음,승용,여,53세,경상
2018110200100058,2018년 11월 2일 05시,금요일,경상남도 창원시 성산구 상남동,경상사고,0,0,1,1,차대차 - 측면충돌,안전운전불이행,건조,맑음,교차로 - 교차로안,승용,남,66세,경상,승용,남,26세,부상신고
2018110200100091,2018년 11월 2일 07시,금요일,경상남도 창원시 진해구 경화동,경상사고,0,0,1,0,차대차 - 기타,안전운전불이행,건조,맑음,단일로 - 기타,승용,여,57세,기타불명,자전거,남,55세,경상
2018110200100092,2018년 11월 2일 07시,금요일,경상남도 밀양시 내이동,중상사고,0,1,1,0,차대사람 - 횡단중,안전운전불이행,건조,맑음,단일로 - 기타,승용,남,23세,상해없음,보행자,여,70세,경상
2018110200100093,2018년 11월 2일 07시,금요일,경상남도 창원시 성산구 내동,경상사고,0,0,1,0,차대차 - 기타,안전운전불이행,건조,맑음,교차로 - 교차로안,승용,남,64세,상해없음,승용,남,64세,경상
2018110200100094,2018년 11월 2일 07시,금요일,경상남도 창원시 의창구 명서동,경상사고,0,0,1,0,차대차 - 추돌,안전운전불이행,건조,맑음,단일로 - 기타,승용,남,46세,상해없음,승용,남,32세,경상
2018110200100095,2018년 11월 2일 07시,금요일,경상남도 김해시 무계동,중상사고,0,1,0,0,차대사람 - 횡단중,안전운전불이행,건조,맑음,단일로 - 기타,승용,남,51세,상해없음,보행자,여,76세,중상
2018110200100141,2018년 11월 2일 08시,금요일,경상남도 창원시 의창구 북면,경상사고,0,0,1,0,차대차 - 추돌,안전운전불이행,건조,맑음,기타 - 기타,승합,남,58세,상해없음,승용,남,35세,경상
2018110200100189,2018년 11월 2일 09시,금요일,경상남도 통영시 용남면,경상사고,0,0,1,0,차대차 - 측면충돌,직진우회전진행방해,건조,맑음,교차로 - 교차로안,승용,여,56세,상해없음,승용,여,63세,상해없음
2018110200100190,2018년 11월 2일 09시,금요일,경상남도 김해시 내동,경상사고,0,0,1,0,차대차 - 정면충돌,중앙선침범,건조,맑음,단일로 - 기타,화물,남,51세,상해없음,승용,남,36세,경상
2018110200100225,2018년 11월 2일 10시,금요일,경상남도 사천시 벌리동,경상사고,0,0,1,0,차대차 - 기타,안전운전불이행,건조,맑음,단일로 - 기타,승용,여,46세,상해없음,자전거,남,70세,경상
2018110200100226,2018년 11월 2일 10시,금요일,경상남도 김해시 어방동,경상사고,0,0,1,0,차대사람 - 기타,안전운전불이행,건조,맑음,단일로 - 기타,승용,여,41세,상해없음,보행자,여,54세,경상
2018110200100227,2018년 11월 2일 10시,금요일,경상남도 양산시 소주동,중상사고,0,1,0,0,차대차 - 기타,안전운전불이행,건조,맑음,교차로 - 교차로안,승용,여,32세,기타불명,화물,남,61세,중상
2018110200100228,2018년 11월 2일 10시,금요일,경상남도 창원시 성산구 가음동,경상사고,0,0,2,0,차대차 - 측면충돌,중앙선침범,건조,맑음,교차로 - 교차로안,승용,여,60세,상해없음,승용,여,42세,경상
2018110200100265,2018년 11월 2일 11시,금요일,경상남도 통영시 도천동,경상사고,0,0,1,0,차량단독 - 공작물충돌,안전운전불이행,건조,맑음,단일로 - 기타,승용,남,76세,경상,,,,
2018110200100306,2018년 11월 2일 12시,금요일,경상남도 통영시 중앙동,중상사고,0,1,0,0,차대사람 - 횡단중,신호위반,건조,맑음,교차로 - 교차로횡단보도내,승용,여,39세,상해없음,보행자,여,69세,중상
2018110200100307,2018년 11월 2일 12시,금요일,경상남도 창원시 의창구 봉곡동,경상사고,0,0,1,0,차대사람 - 기타,기타,건조,맑음,기타 - 기타,원동기,남,22세,상해없음,보행자,여,60세,경상
2018110200100353,2018년 11월 2일 13시,금요일,경상남도 의령군 정곡면,경상사고,0,0,1,0,차대사람 - 보도통행중,안전운전불이행,건조,맑음,주차장 - 주차장,승용,남,67세,상해없음,보행자,남,60세,경상
2018110200100391,2018년 11월 2일 14시,금요일,경상남도 창원시 마산회원구 합성동,중상사고,0,1,0,0,차대차 - 측면충돌,안전운전불이행,건조,맑음,단일로 - 기타,승용,남,27세,상해없음,원동기,남,70세,중상
2018110200100392,2018년 11월 2일 14시,금요일,경상남도 창원시 의창구 명서동,경상사고,0,0,1,0,차대차 - 기타,신호위반,건조,맑음,교차로 - 교차로안,승용,여,39세,기타불명,화물,남,69세,경상
2018110200100436,2018년 11월 2일 15시,금요일,경상남도 거제시 상동동,경상사고,0,0,1,0,차대사람 - 횡단중,안전운전불이행,건조,맑음,교차로 - 교차로안,승용,남,47세,상해없음,보행자,여,32세,경상
2018110200100484,2018년 11월 2일 16시,금요일,경상남도 통영시 중앙동,중상사고,0,1,0,0,차대사람 - 보도통행중,기타,건조,맑음,단일로 - 기타,이륜,남,26세,상해없음,보행자,여,66세,중상
2018110200100485,2018년 11월 2일 16시,금요일,경상남도 창원시 의창구 사림동,경상사고,0,0,1,0,차대차 - 후진중충돌,안전운전불이행,건조,맑음,단일로 - 기타,승용,여,49세,상해없음,승용,여,32세,경상
2018110200100546,2018년 11월 2일 17시,금요일,경상남도 창원시 의창구 대산면,경상사고,0,0,1,0,차대차 - 기타,안전운전불이행,건조,맑음,교차로 - 교차로안,승용,여,36세,상해없음,화물,남,53세,경상
2018110200100621,2018년 11월 2일 18시,금요일,경상남도 창원시 마산합포구 해운동,경상사고,0,0,2,0,차대차 - 기타,안전운전불이행,건조,맑음,단일로 - 기타,승용,여,30세,상해없음,승합,남,59세,상해없음
2018110200100622,2018년 11월 2일 18시,금요일,경상남도 밀양시 가곡동,중상사고,0,1,0,0,차대사람 - 기타,안전운전불이행,건조,맑음,단일로 - 기타,승용,남,70세,상해없음,보행자,여,78세,중상
2018110200100623,2018년 11월 2일 18시,금요일,경상남도 김해시 구산동,중상사고,0,1,0,0,차대사람 - 횡단중,안전운전불이행,건조,맑음,단일로 - 기타,화물,남,42세,상해없음,보행자,여,66세,중상
2018110200100624,2018년 11월 2일 18시,금요일,경상남도 김해시 삼계동,경상사고,0,0,1,0,차대차 - 기타,안전운전불이행,건조,맑음,교차로 - 교차로안,승용,여,60세,상해없음,원동기,남,33세,경상
2018110200100625,2018년 11월 2일 18시,금요일,경상남도 김해시 불암동,중상사고,0,2,0,0,차대차 - 기타,안전운전불이행,건조,맑음,단일로 - 기타,화물,남,51세,상해없음,화물,남,65세,중상
2018110200100626,2018년 11월 2일 18시,금요일,경상남도 창녕군 유어면,중상사고,0,2,0,0,차대차 - 기타,중앙선침범,건조,맑음,교차로 - 교차로부근,화물,남,68세,상해없음,승용,남,67세,중상
2018110200100627,2018년 11월 2일 18시,금요일,경상남도 고성군 거류면,경상사고,0,0,1,0,차대차 - 기타,직진우회전진행방해,건조,맑음,교차로 - 교차로안,승용,남,25세,상해없음,이륜,남,34세,경상
2018110200100628,2018년 11월 2일 18시,금요일,경상남도 고성군 고성읍,중상사고,0,1,0,0,차대차 - 측면충돌,안전운전불이행,건조,맑음,단일로 - 기타,승용,여,49세,상해없음,이륜,여,62세,중상
2018110200100629,2018년 11월 2일 18시,금요일,경상남도 거제시 동부면,경상사고,0,0,1,0,차대차 - 측면충돌,안전운전불이행,건조,맑음,교차로 - 교차로안,승용,남,54세,상해없음,승용,남,44세,경상
2018110200100630,2018년 11월 2일 18시,금요일,경상남도 김해시 한림면,중상사고,0,1,0,0,차대차 - 측면충돌,안전운전불이행,건조,맑음,단일로 - 기타,화물,남,53세,상해없음,승용,남,27세,중상
2018110200100683,2018년 11월 2일 19시,금요일,경상남도 진주시 문산읍,중상사고,0,1,0,0,차대사람 - 횡단중,안전운전불이행,건조,맑음,단일로 - 기타,화물,여,48세,상해없음,보행자,여,62세,중상
2018110200100684,2018년 11월 2일 19시,금요일,경상남도 양산시 물금읍,중상사고,0,1,0,0,차대사람 - 횡단중,보행자보호의무위반,건조,맑음,교차로 - 교차로안,승용,남,35세,상해없음,보행자,남,16세,중상
2018110200100733,2018년 11월 2일 20시,금요일,경상남도 밀양시 내이동,경상사고,0,0,2,0,차대차 - 측면충돌,안전운전불이행,건조,맑음,단일로 - 기타,승용,남,61세,상해없음,화물,남,43세,경상
2018110200100734,2018년 11월 2일 20시,금요일,경상남도 고성군 하일면,중상사고,0,1,0,0,차대사람 - 횡단중,안전운전불이행,건조,맑음,교차로 - 교차로안,승용,남,29세,상해없음,보행자,여,71세,중상
2018110200100772,2018년 11월 2일 21시,금요일,경상남도 창원시 마산합포구 진동면,경상사고,0,0,1,0,차대차 - 기타,안전거리미확보,건조,맑음,단일로 - 기타,승용,남,53세,상해없음,승용,남,37세,경상
2018110200100773,2018년 11월 2일 21시,금요일,경상남도 김해시 관동동,중상사고,0,1,0,0,차대차 - 측면충돌,안전운전불이행,건조,맑음,교차로 - 교차로부근,승용,여,48세,상해없음,이륜,남,45세,중상
2018110200100808,2018년 11월 2일 22시,금요일,경상남도 거창군 주상면,경상사고,0,0,1,0,차대차 - 추돌,안전운전불이행,건조,맑음,교차로 - 교차로안,승합,남,68세,상해없음,화물,남,63세,경상
2018110200100809,2018년 11월 2일 22시,금요일,경상남도 합천군 대양면,경상사고,0,0,11,0,차대차 - 측면충돌,중앙선침범,건조,맑음,단일로 - 교량,승용,남,71세,상해없음,승용,여,40세,경상
2018110200100810,2018년 11월 2일 22시,금요일,경상남도 양산시 물금읍,경상사고,0,0,1,0,차대차 - 측면충돌,신호위반,건조,맑음,교차로 - 교차로안,승용,여,36세,상해없음,이륜,남,46세,경상
2018110300100062,2018년 11월 3일 04시,토요일,경상남도 창녕군 창녕읍,중상사고,0,1,1,0,차대차 - 정면충돌,중앙선침범,건조,맑음,교차로 - 교차로부근,원동기,남,78세,경상,승용,여,45세,중상
2018110300100092,2018년 11월 3일 06시,토요일,경상남도 함안군 대산면,중상사고,0,1,1,0,차대차 - 측면충돌,직진우회전진행방해,젖음/습기,안개,교차로 - 교차로안,승합,남,73세,상해없음,건설기계,남,52세,경상
2018110300100126,2018년 11월 3일 08시,토요일,경상남도 김해시 지내동,중상사고,0,1,2,0,차대차 - 측면충돌,신호위반,건조,맑음,교차로 - 교차로안,승용,남,49세,상해없음,승용,여,42세,중상
2018110300100156,2018년 11월 3일 09시,토요일,경상남도 통영시 당동,중상사고,0,1,0,0,차대사람 - 기타,안전운전불이행,건조,맑음,교차로 - 교차로안,승용,남,61세,상해없음,보행자,여,66세,중상
2018110300100157,2018년 11월 3일 09시,토요일,경상남도 김해시 삼문동,중상사고,0,2,5,0,차대차 - 측면충돌,신호위반,건조,맑음,교차로 - 교차로안,승합,남,49세,상해없음,승용,남,39세,상해없음
2018110300100181,2018년 11월 3일 10시,토요일,경상남도 창원시 진해구 속천동,중상사고,0,1,0,0,차대사람 - 횡단중,보행자보호의무위반,건조,맑음,교차로 - 교차로안,승용,여,43세,상해없음,보행자,여,58세,중상
2018110300100182,2018년 11월 3일 10시,토요일,경상남도 거창군 거창읍,경상사고,0,0,1,0,차대차 - 측면충돌,안전운전불이행,건조,맑음,교차로 - 교차로안,이륜,남,18세,경상,승용,남,59세,상해없음
2018110300100183,2018년 11월 3일 10시,토요일,경상남도 창원시 성산구 웅남동,경상사고,0,0,1,0,차대차 - 기타,안전운전불이행,건조,맑음,단일로 - 기타,기타불명,기타불명,미분류,기타불명,자전거,남,76세,경상
2018110300100184,2018년 11월 3일 10시,토요일,경상남도 김해시 진례면,중상사고,0,1,0,0,차대사람 - 횡단중,안전운전불이행,건조,맑음,기타 - 기타,화물,남,54세,상해없음,보행자,여,78세,중상
2018110300100233,2018년 11월 3일 11시,토요일,경상남도 진주시 충무공동,경상사고,0,0,1,0,차대사람 - 차도통행중,안전운전불이행,건조,맑음,단일로 - 기타,승용,여,56세,상해없음,보행자,여,51세,경상
2018110300100234,2018년 11월 3일 11시,토요일,경상남도 사천시 곤명면,중상사고,0,1,0,0,차대차 - 측면충돌,안전운전불이행,건조,맑음,단일로 - 기타,승용,여,24세,상해없음,사륜오토바이(ATV),여,81세,중상
2018110300100279,2018년 11월 3일 12시,토요일,경상남도 창원시 마산합포구 완월동,중상사고,0,1,0,0,차대사람 - 길가장자리구역통행중,안전운전불이행,건조,맑음,교차로 - 교차로안,승용,여,55세,상해없음,보행자,여,74세,중상
2018110300100280,2018년 11월 3일 12시,토요일,경상남도 함양군 함양읍,경상사고,0,0,2,1,차대차 - 측면충돌,교차로운행방법위반,건조,맑음,교차로 - 교차로안,화물,남,60세,부상신고,건설기계,남,24세,경상
2018110300100357,2018년 11월 3일 14시,토요일,경상남도 거제시 연초면,중상사고,0,1,0,0,차대차 - 기타,중앙선침범,건조,맑음,단일로 - 기타,화물,남,51세,상해없음,이륜,남,51세,중상
2018110300100358,2018년 11월 3일 14시,토요일,경상남도 거제시 일운면,경상사고,0,0,5,0,차대차 - 측면충돌,교차로운행방법위반,건조,맑음,교차로 - 교차로안,승용,남,30세,상해없음,승용,여,28세,경상
2018110300100474,2018년 11월 3일 17시,토요일,경상남도 김해시 구산동,경상사고,0,0,1,0,차대차 - 측면충돌,신호위반,건조,맑음,교차로 - 교차로안,승용,남,25세,상해없음,이륜,남,19세,경상
2018110300100475,2018년 11월 3일 17시,토요일,경상남도 김해시 외동,중상사고,0,1,1,0,차대차 - 기타,안전거리미확보,건조,맑음,교차로 - 교차로부근,승용,남,43세,상해없음,승용,여,34세,중상
2018110300100476,2018년 11월 3일 17시,토요일,경상남도 하동군 진교면,사망사고,1,0,0,0,차대사람 - 횡단중,안전운전불이행,건조,맑음,단일로 - 기타,승용,남,54세,상해없음,보행자,남,85세,사망
2018110300100525,2018년 11월 3일 18시,토요일,경상남도 사천시 송포동,경상사고,0,0,1,0,차대사람 - 길가장자리구역통행중,안전운전불이행,건조,맑음,주차장 - 주차장,승용,남,54세,상해없음,보행자,남,54세,경상
2018110300100566,2018년 11월 3일 19시,토요일,경상남도 밀양시 내일동,중상사고,0,1,0,0,차대차 - 측면충돌,안전운전불이행,건조,맑음,단일로 - 기타,승용,남,53세,상해없음,이륜,남,37세,중상
2018110300100605,2018년 11월 3일 21시,토요일,경상남도 양산시 물금읍,중상사고,0,1,2,0,차대차 - 측면충돌,직진우회전진행방해,건조,맑음,교차로 - 교차로안,이륜,남,43세,중상,승용,남,18세,경상
2018110300100631,2018년 11월 3일 22시,토요일,경상남도 김해시 외동,중상사고,0,1,0,0,차대사람 - 길가장자리구역통행중,기타,건조,맑음,교차로 - 교차로안,이륜,남,35세,상해없음,보행자,남,51세,중상
2018110300100632,2018년 11월 3일 22시,토요일,경상남도 김해시 대청동,경상사고,0,0,1,0,차대차 - 측면충돌,안전운전불이행,건조,맑음,단일로 - 기타,이륜,남,18세,상해없음,승용,여,60세,경상
2018110400100049,2018년 11월 4일 03시,일요일,경상남도 김해시 풍유동,중상사고,0,1,0,0,차대사람 - 횡단중,안전운전불이행,건조,맑음,단일로 - 기타,승용,남,63세,상해없음,보행자,남,43세,중상
2018110400100079,2018년 11월 4일 06시,일요일,경상남도 창녕군 창녕읍,부상신고사고,0,0,0,1,차대차 - 측면충돌,중앙선침범,건조,맑음,교차로 - 교차로부근,이륜,남,23세,부상신고,승용,남,53세,상해없음
2018110400100098,2018년 11월 4일 08시,일요일,경상남도 통영시 광도면,중상사고,0,2,8,0,차대차 - 추돌,안전거리미확보,건조,맑음,교차로 - 교차로부근,승합,남,59세,상해없음,승용,남,55세,경상
2018110400100117,2018년 11월 4일 09시,일요일,경상남도 창원시 마산합포구 창동,경상사고,0,0,1,0,차대차 - 추돌,안전거리미확보,건조,맑음,교차로 - 교차로안,승합,남,50세,상해없음,승용,남,25세,상해없음
2018110400100118,2018년 11월 4일 09시,일요일,경상남도 창원시 진해구 석동,경상사고,0,0,1,0,차대사람 - 횡단중,신호위반,건조,맑음,교차로 - 교차로횡단보도내,승용,남,63세,상해없음,보행자,여,10세,경상
2018110400100144,2018년 11월 4일 10시,일요일,경상남도 김해시 내동,경상사고,0,0,1,0,차대차 - 추돌,안전운전불이행,건조,맑음,단일로 - 기타,화물,남,69세,상해없음,이륜,남,62세,경상
2018110400100146,2018년 11월 4일 10시,일요일,경상남도 거제시 거제면,중상사고,0,1,0,0,차대사람 - 기타,안전운전불이행,건조,맑음,단일로 - 기타,승용,남,61세,상해없음,보행자,남,56세,중상
2018110400100167,2018년 11월 4일 11시,일요일,경상남도 창원시 마산합포구 신포동1가,중상사고,0,1,0,0,차대차 - 측면충돌,중앙선침범,건조,맑음,교차로 - 교차로안,자전거,남,67세,중상,승용,남,58세,상해없음
2018110400100168,2018년 11월 4일 11시,일요일,경상남도 진주시 상대동,경상사고,0,0,1,0,차대차 - 측면충돌,안전운전불이행,건조,맑음,교차로 - 교차로안,이륜,남,47세,경상,승용,남,69세,상해없음
2018110400100169,2018년 11월 4일 11시,일요일,경상남도 통영시 항남동,경상사고,0,0,1,0,차대사람 - 기타,안전운전불이행,건조,맑음,단일로 - 기타,승용,남,66세,상해없음,보행자,여,23세,경상
2018110400100170,2018년 11월 4일 11시,일요일,경상남도 사천시 서포면,중상사고,0,1,0,0,차대사람 - 기타,안전운전불이행,건조,맑음,단일로 - 기타,승용,남,58세,상해없음,보행자,여,68세,중상
2018110400100171,2018년 11월 4일 11시,일요일,경상남도 합천군 용주면,중상사고,0,1,0,0,차량단독 - 도로외이탈 - 추락,안전운전불이행,건조,맑음,기타 - 기타,이륜,남,45세,중상,,,,
2018110400100172,2018년 11월 4일 11시,일요일,경상남도 거제시 사등면,중상사고,0,1,3,0,차대차 - 기타,기타,건조,맑음,단일로 - 기타,승용,여,54세,상해없음,승용,여,38세,경상
2018110400100204,2018년 11월 4일 12시,일요일,경상남도 합천군 대병면,중상사고,0,1,1,0,차대차 - 측면충돌,안전운전불이행,건조,맑음,단일로 - 기타,화물,남,52세,상해없음,자전거,여,59세,중상
2018110400100205,2018년 11월 4일 12시,일요일,경상남도 양산시 물금읍,중상사고,0,2,3,0,차대차 - 측면충돌,교차로운행방법위반,건조,맑음,교차로 - 교차로안,승용,남,57세,상해없음,승용,남,25세,경상
2018110400100238,2018년 11월 4일 13시,일요일,경상남도 남해군 남해읍,중상사고,0,1,0,0,차대차 - 후진중충돌,안전운전불이행,건조,맑음,주차장 - 주차장,승용,여,65세,상해없음,승용,남,39세,중상
2018110400100269,2018년 11월 4일 14시,일요일,경상남도 창원시 진해구 용원동,중상사고,0,2,1,1,차대차 - 추돌,안전운전불이행,건조,맑음,단일로 - 기타,승용,남,86세,상해없음,승용,여,55세,중상
2018110400100310,2018년 11월 4일 15시,일요일,경상남도 함양군 지곡면,중상사고,0,2,0,0,차대차 - 정면충돌,교차로운행방법위반,건조,맑음,교차로 - 교차로안,화물,남,77세,중상,이륜,남,42세,중상
2018110400100311,2018년 11월 4일 15시,일요일,경상남도 김해시 응달동,중상사고,0,2,0,0,차대차 - 측면충돌,중앙선침범,건조,맑음,교차로 - 교차로부근,화물,남,65세,상해없음,이륜,남,61세,중상
2018110400100342,2018년 11월 4일 16시,일요일,경상남도 사천시 동금동,경상사고,0,0,1,0,차대차 - 측면충돌,직진우회전진행방해,건조,맑음,교차로 - 교차로안,이륜,남,67세,경상,승용,남,25세,상해없음
2018110400100343,2018년 11월 4일 16시,일요일,경상남도 합천군 봉산면,경상사고,0,0,2,0,차대차 - 측면충돌,중앙선침범,건조,맑음,단일로 - 기타,화물,남,69세,상해없음,승용,남,45세,경상
2018110400100344,2018년 11월 4일 16시,일요일,경상남도 김해시 진영읍,중상사고,0,1,0,0,차대차 - 추돌,안전운전불이행,건조,맑음,단일로 - 교량,승용,남,40세,상해없음,승용,여,52세,중상
2018110400100379,2018년 11월 4일 17시,일요일,경상남도 사천시 용현면,중상사고,0,1,0,0,차대차 - 추돌,안전운전불이행,건조,맑음,교차로 - 교차로부근,화물,남,38세,상해없음,승용,남,63세,중상
2018110400100380,2018년 11월 4일 17시,일요일,경상남도 거제시 사등면,경상사고,0,0,2,0,차대차 - 기타,안전거리미확보,건조,맑음,단일로 - 기타,승용,여,44세,상해없음,승용,남,57세,경상
2018110400100418,2018년 11월 4일 18시,일요일,경상남도 진주시 문산읍,경상사고,0,0,1,0,차대차 - 측면충돌,안전거리미확보,건조,맑음,교차로 - 교차로안,승용,남,54세,상해없음,승용,남,22세,경상
2018110400100457,2018년 11월 4일 19시,일요일,경상남도 창원시 의창구 명서동,중상사고,0,1,1,0,차대차 - 측면충돌,안전운전불이행,건조,맑음,교차로 - 교차로안,승용,남,62세,상해없음,승합,남,47세,경상
2018110400100506,2018년 11월 4일 21시,일요일,경상남도 사천시 사천읍,중상사고,0,2,2,2,차대차 - 측면충돌,직진우회전진행방해,건조,맑음,교차로 - 교차로안,승용,여,45세,경상,승용,남,22세,중상
2018110500100005,2018년 11월 5일 00시,월요일,경상남도 거창군 거창읍,중상사고,0,1,1,0,차대사람 - 횡단중,안전운전불이행,건조,맑음,단일로 - 기타,이륜,남,57세,경상,보행자,남,53세,중상
2018110500100017,2018년 11월 5일 01시,월요일,경상남도 사천시 벌리동,중상사고,0,1,6,0,차대차 - 측면충돌,직진우회전진행방해,건조,맑음,교차로 - 교차로안,승용,남,45세,상해없음,승용,여,23세,경상
2018110500100037,2018년 11월 5일 05시,월요일,경상남도 김해시 부원동,경상사고,0,0,1,0,차대차 - 측면충돌,신호위반,건조,맑음,교차로 - 교차로안,승용,남,70세,상해없음,승용,남,38세,경상
2018110500100058,2018년 11월 5일 06시,월요일,경상남도 진주시 상대동,경상사고,0,0,1,0,차대사람 - 횡단중,안전운전불이행,건조,맑음,단일로 - 기타,화물,남,42세,상해없음,보행자,남,23세,경상
2018110500100059,2018년 11월 5일 06시,월요일,경상남도 고성군 하이면,중상사고,0,1,0,0,차대차 - 기타,직진우회전진행방해,건조,맑음,교차로 - 교차로부근,승용,남,42세,상해없음,승합,남,53세,상해없음
2018110500100060,2018년 11월 5일 06시,월요일,경상남도 의령군 정곡면,사망사고,1,0,0,0,차대사람 - 차도통행중,안전운전불이행,젖음/습기,안개,단일로 - 지하차도(도로)내,건설기계,남,48세,상해없음,보행자,남,76세,사망
2018110500100086,2018년 11월 5일 07시,월요일,경상남도 김해시 내덕동,중상사고,0,1,0,0,차대차 - 추돌,안전운전불이행,건조,맑음,단일로 - 기타,화물,남,29세,상해없음,승용,남,46세,중상
2018110500100128,2018년 11월 5일 08시,월요일,경상남도 산청군 산청읍,경상사고,0,0,1,0,차대사람 - 차도통행중,안전운전불이행,건조,맑음,단일로 - 기타,승용,여,58세,상해없음,보행자,남,29세,경상
2018110500100164,2018년 11월 5일 09시,월요일,경상남도 진주시 대안동,경상사고,0,0,1,0,차대사람 - 기타,안전운전불이행,건조,맑음,교차로 - 교차로안,승용,남,72세,상해없음,보행자,남,57세,경상
2018110500100165,2018년 11월 5일 09시,월요일,경상남도 통영시 광도면,경상사고,0,0,1,0,차대차 - 측면충돌,차로위반,건조,맑음,단일로 - 기타,화물,남,26세,상해없음,화물,남,48세,경상
2018110500100166,2018년 11월 5일 09시,월요일,경상남도 김해시 삼정동,경상사고,0,0,2,0,차대차 - 기타,안전거리미확보,건조,맑음,단일로 - 기타,승용,남,52세,상해없음,승용,여,52세,경상
2018110500100167,2018년 11월 5일 09시,월요일,경상남도 진주시 문산읍,중상사고,0,2,1,0,차대차 - 측면충돌,안전운전불이행,건조,맑음,단일로 - 기타,승용,남,33세,경상,승용,남,75세,중상
2018110500100204,2018년 11월 5일 10시,월요일,경상남도 창원시 마산합포구 상남동,중상사고,0,1,0,0,차량단독 - 기타,안전운전불이행,건조,맑음,교차로 - 교차로안,승합,남,58세,상해없음,,,,
2018110500100249,2018년 11월 5일 11시,월요일,경상남도 창원시 마산합포구 동성동,경상사고,0,0,1,0,차대차 - 측면충돌,안전운전불이행,건조,맑음,단일로 - 기타,승용,남,59세,상해없음,승용,남,30세,경상
2018110500100250,2018년 11월 5일 11시,월요일,경상남도 통영시 정량동,경상사고,0,0,1,0,차대사람 - 횡단중,보행자보호의무위반,건조,맑음,단일로 - 기타,화물,남,27세,상해없음,보행자,남,44세,경상
2018110500100251,2018년 11월 5일 11시,월요일,경상남도 양산시 동면,경상사고,0,0,2,0,차대차 - 측면충돌,안전운전불이행,건조,맑음,단일로 - 기타,승용,남,59세,상해없음,승용,여,26세,경상
2018110500100252,2018년 11월 5일 11시,월요일,경상남도 산청군 삼장면,중상사고,0,1,0,0,차량단독 - 전도전복 - 전도,안전운전불이행,건조,맑음,단일로 - 기타,건설기계,남,54세,중상,미분류,미분류,미분류,미분류
2018110500100282,2018년 11월 5일 12시,월요일,경상남도 밀양시 부북면,중상사고,0,1,0,0,차대차 - 측면충돌,신호위반,건조,맑음,교차로 - 교차로안,화물,남,53세,상해없음,화물,남,74세,중상
2018110500100350,2018년 11월 5일 14시,월요일,경상남도 창원시 마산합포구 우산동,부상신고사고,0,0,0,1,차대차 - 기타,안전운전불이행,건조,맑음,단일로 - 기타,승용,여,63세,부상신고,건설기계,남,66세,상해없음
2018110500100351,2018년 11월 5일 14시,월요일,경상남도 창원시 의창구 팔용동,경상사고,0,0,2,0,차대차 - 측면충돌,안전거리미확보,건조,맑음,단일로 - 기타,승용,남,77세,상해없음,승합,남,44세,경상