사고번호,사고일시,요일,시군구,사고내용,사망자수,중상자수,경상자수,부상신고자수,사고유형,법규위반,노면상태,기상상태,도로형태,가해운전자 차종,가해운전자 성별,가해운전자 연령,가해운전자 상해정도,피해운전자 차종,피해운전자 성별,피해운전자 연령,피해운전자 상해정도
2018110500100352,2018년 11월 5일 14시,월요일,경상남도 창원시 의창구 팔용동,중상사고,0,1,1,0,차대차 - 추돌,안전운전불이행,건조,맑음,단일로 - 기타,승합,남,37세,상해없음,승합,남,44세,경상
2018110500100389,2018년 11월 5일 15시,월요일,경상남도 진주시 이반성면,중상사고,0,3,1,0,차대차 - 측면충돌,차로위반,건조,맑음,단일로 - 기타,승용,남,52세,경상,화물,남,75세,중상
2018110500100390,2018년 11월 5일 15시,월요일,경상남도 거제시 양정동,중상사고,0,1,0,0,차량단독 - 공작물충돌,안전운전불이행,건조,맑음,단일로 - 기타,승용,남,48세,상해없음,,,,
2018110500100435,2018년 11월 5일 16시,월요일,경상남도 거창군 마리면,경상사고,0,0,1,0,차대차 - 측면충돌,기타,건조,맑음,단일로 - 터널,화물,남,56세,상해없음,이륜,남,59세,경상
2018110500100480,2018년 11월 5일 17시,월요일,경상남도 함양군 함양읍,경상사고,0,0,1,0,차대차 - 추돌,안전운전불이행,건조,맑음,단일로 - 기타,승용,남,33세,상해없음,승용,남,32세,경상
2018110500100481,2018년 11월 5일 17시,월요일,경상남도 거제시 연초면,중상사고,0,1,0,0,차대차 - 측면충돌,안전운전불이행,건조,맑음,교차로 - 교차로안,승용,남,54세,상해없음,승용,남,60세,중상
2018110500100539,2018년 11월 5일 18시,월요일,경상남도 창원시 마산합포구 창동,중상사고,0,2,1,0,차대차 - 추돌,안전운전불이행,건조,맑음,교차로 - 교차로안,승합,남,54세,상해없음,승용,여,47세,경상
2018110500100540,2018년 11월 5일 18시,월요일,경상남도 진주시 대곡면,경상사고,0,0,1,0,차대차 - 측면충돌,안전운전불이행,건조,맑음,단일로 - 기타,원동기,남,54세,상해없음,승용,남,34세,경상
2018110500100541,2018년 11월 5일 18시,월요일,경상남도 창원시 진해구 여좌동,경상사고,0,0,2,0,차대차 - 추돌,안전거리미확보,건조,맑음,단일로 - 기타,승용,남,85세,상해없음,승용,남,29세,경상
2018110500100542,2018년 11월 5일 18시,월요일,경상남도 통영시 광도면,경상사고,0,0,1,0,차대차 - 측면충돌,차로위반,건조,맑음,단일로 - 기타,이륜,남,17세,상해없음,승용,여,25세,경상
2018110500100543,2018년 11월 5일 18시,월요일,경상남도 양산시 동면,경상사고,0,0,1,0,차대차 - 추돌,안전거리미확보,건조,맑음,단일로 - 기타,승합,남,47세,상해없음,화물,남,49세,기타불명
2018110500100544,2018년 11월 5일 18시,월요일,경상남도 하동군 하동읍,경상사고,0,0,1,0,차대사람 - 횡단중,보행자보호의무위반,건조,맑음,단일로 - 기타,승용,남,74세,상해없음,보행자,남,44세,경상
2018110500100545,2018년 11월 5일 18시,월요일,경상남도 하동군 악양면,경상사고,0,0,1,0,차대차 - 측면충돌,안전운전불이행,건조,맑음,단일로 - 기타,승용,여,56세,상해없음,이륜,남,64세,경상
2018110500100546,2018년 11월 5일 18시,월요일,경상남도 거제시 능포동,경상사고,0,0,1,0,차대사람 - 횡단중,보행자보호의무위반,건조,맑음,교차로 - 교차로횡단보도내,승합,남,47세,상해없음,보행자,남,50세,경상
2018110500100547,2018년 11월 5일 18시,월요일,경상남도 창원시 성산구 상복동,중상사고,0,2,1,0,차대차 - 측면충돌,신호위반,건조,맑음,교차로 - 교차로안,승용,남,38세,상해없음,승용,남,63세,상해없음
2018110500100548,2018년 11월 5일 18시,월요일,경상남도 창원시 의창구 북면,경상사고,0,0,1,0,차량단독 - 기타,안전운전불이행,건조,맑음,단일로 - 기타,이륜,남,69세,경상,,,,
2018110500100591,2018년 11월 5일 19시,월요일,경상남도 창원시 마산합포구 두월동1가,경상사고,0,0,1,1,차대차 - 후진중충돌,안전운전불이행,건조,맑음,단일로 - 기타,승용,남,69세,상해없음,승용,남,71세,경상
2018110500100615,2018년 11월 5일 20시,월요일,경상남도 진주시 강남동,중상사고,0,1,0,0,차대사람 - 횡단중,보행자보호의무위반,건조,맑음,교차로 - 교차로안,승용,남,35세,상해없음,보행자,여,53세,중상
2018110500100616,2018년 11월 5일 20시,월요일,경상남도 김해시 외동,경상사고,0,0,1,0,차대차 - 기타,신호위반,건조,맑음,교차로 - 교차로횡단보도내,기타불명,기타불명,미분류,기타불명,자전거,남,13세,경상
2018110500100617,2018년 11월 5일 20시,월요일,경상남도 거제시 아주동,경상사고,0,0,1,0,차대차 - 측면충돌,신호위반,건조,맑음,교차로 - 교차로안,승용,남,49세,상해없음,자전거,남,35세,경상
2018110600100007,2018년 11월 6일 00시,화요일,경상남도 진주시 인사동,중상사고,0,2,0,0,차대사람 - 횡단중,보행자보호의무위반,건조,맑음,단일로 - 기타,승합,남,36세,상해없음,보행자,남,53세,중상
2018110600100048,2018년 11월 6일 06시,화요일,경상남도 창원시 진해구 자은동,경상사고,0,0,2,0,차대차 - 측면충돌,신호위반,건조,맑음,교차로 - 교차로안,승용,남,31세,상해없음,화물,남,66세,경상
2018110600100049,2018년 11월 6일 06시,화요일,경상남도 김해시 안동,경상사고,0,0,1,0,차대차 - 기타,중앙선침범,건조,맑음,교차로 - 교차로부근,화물,남,52세,상해없음,승용,남,57세,경상
2018110600100067,2018년 11월 6일 07시,화요일,경상남도 창원시 마산합포구 예곡동,경상사고,0,0,1,0,차대차 - 추돌,안전운전불이행,건조,맑음,교차로 - 교차로부근,승용,남,64세,상해없음,승용,남,51세,경상
2018110600100068,2018년 11월 6일 07시,화요일,경상남도 창원시 마산합포구 우산동,부상신고사고,0,0,0,1,차대차 - 측면충돌,안전운전불이행,건조,맑음,단일로 - 기타,이륜,남,70세,부상신고,승용,남,74세,상해없음
2018110600100110,2018년 11월 6일 08시,화요일,경상남도 김해시 율하동,중상사고,0,1,0,0,차대사람 - 보도통행중,신호위반,건조,맑음,교차로 - 교차로횡단보도내,승용,여,46세,상해없음,보행자,남,8세,중상
2018110600100151,2018년 11월 6일 09시,화요일,경상남도 통영시 무전동,중상사고,0,1,0,0,차량단독 - 기타,안전운전불이행,건조,맑음,단일로 - 기타,승합,남,49세,상해없음,,,,
2018110600100152,2018년 11월 6일 09시,화요일,경상남도 거제시 옥포동,중상사고,0,1,0,0,차대사람 - 횡단중,보행자보호의무위반,건조,맑음,교차로 - 교차로횡단보도내,승용,여,53세,상해없음,보행자,여,76세,중상
2018110600100183,2018년 11월 6일 10시,화요일,경상남도 거제시 수월동,중상사고,0,1,0,0,차대차 - 측면충돌,신호위반,건조,맑음,교차로 - 교차로안,승용,여,60세,상해없음,승용,남,68세,중상
2018110600100216,2018년 11월 6일 11시,화요일,경상남도 사천시 사천읍,중상사고,0,1,2,0,차대차 - 측면충돌,교차로운행방법위반,건조,맑음,교차로 - 교차로안,승용,여,57세,경상,승용,남,50세,경상
2018110600100217,2018년 11월 6일 11시,화요일,경상남도 창원시 의창구 사림동,경상사고,0,0,1,0,차대차 - 측면충돌,안전운전불이행,건조,맑음,단일로 - 기타,승용,남,61세,상해없음,승용,남,60세,경상
2018110600100249,2018년 11월 6일 12시,화요일,경상남도 김해시 생림면,경상사고,0,0,1,0,차대차 - 기타,중앙선침범,건조,맑음,단일로 - 기타,승합,남,60세,상해없음,화물,남,43세,경상
2018110600100250,2018년 11월 6일 12시,화요일,경상남도 거창군 거창읍,중상사고,0,1,0,0,차대사람 - 차도통행중,안전운전불이행,건조,맑음,교차로 - 교차로안,승용,남,60세,상해없음,보행자,여,60세,중상
2018110600100251,2018년 11월 6일 12시,화요일,경상남도 거제시 동부면,중상사고,0,2,0,0,차대차 - 기타,교차로운행방법위반,건조,맑음,교차로 - 교차로안,승용,여,61세,상해없음,승용,여,66세,중상
2018110600100274,2018년 11월 6일 13시,화요일,경상남도 거창군 고제면,중상사고,0,1,0,0,차대차 - 측면충돌,기타,건조,맑음,교차로 - 교차로안,화물,남,70세,상해없음,이륜,남,89세,중상
2018110600100298,2018년 11월 6일 14시,화요일,경상남도 창원시 진해구 석동,경상사고,0,0,2,0,차대차 - 추돌,안전운전불이행,건조,맑음,교차로 - 교차로부근,승합,남,41세,상해없음,승용,여,51세,경상
2018110600100299,2018년 11월 6일 14시,화요일,경상남도 통영시 미수동,경상사고,0,0,1,0,차대차 - 측면충돌,안전운전불이행,건조,맑음,교차로 - 교차로안,승용,남,82세,상해없음,승용,남,62세,경상
2018110600100300,2018년 11월 6일 14시,화요일,경상남도 고성군 고성읍,중상사고,0,1,0,0,차대차 - 기타,직진우회전진행방해,건조,맑음,교차로 - 교차로안,승용,남,60세,상해없음,이륜,여,54세,중상
2018110600100301,2018년 11월 6일 14시,화요일,경상남도 함안군 군북면,중상사고,0,1,0,0,차량단독 - 기타,안전운전불이행,건조,맑음,단일로 - 지하차도(도로)내,이륜,남,72세,중상,,,,
2018110600100340,2018년 11월 6일 15시,화요일,경상남도 진주시 인사동,경상사고,0,0,1,0,차대사람 - 보도통행중,기타,건조,맑음,기타 - 기타,기타불명,기타불명,미분류,기타불명,보행자,여,43세,경상
2018110600100367,2018년 11월 6일 16시,화요일,경상남도 거창군 거창읍,중상사고,0,1,1,0,차대차 - 측면충돌,안전운전불이행,건조,맑음,단일로 - 기타,화물,남,45세,상해없음,이륜,남,62세,중상
2018110600100368,2018년 11월 6일 16시,화요일,경상남도 창녕군 창녕읍,경상사고,0,0,2,0,차대차 - 측면충돌,직진우회전진행방해,건조,맑음,교차로 - 교차로안,승용,남,71세,상해없음,승용,남,73세,경상
2018110600100415,2018년 11월 6일 17시,화요일,경상남도 창원시 마산합포구 진전면,중상사고,0,1,0,0,차대차 - 추돌,안전운전불이행,건조,맑음,단일로 - 기타,승용,여,70세,상해없음,농기계,남,75세,중상
2018110600100416,2018년 11월 6일 17시,화요일,경상남도 창원시 마산합포구 동성동,중상사고,0,1,0,0,차대사람 - 횡단중,보행자보호의무위반,건조,맑음,교차로 - 교차로횡단보도내,승용,여,55세,상해없음,보행자,남,70세,중상
2018110600100417,2018년 11월 6일 17시,화요일,경상남도 함안군 대산면,경상사고,0,0,1,0,차대차 - 후진중충돌,안전운전불이행,건조,맑음,교차로 - 교차로안,승용,남,37세,상해없음,이륜,남,46세,경상
2018110600100418,2018년 11월 6일 17시,화요일,경상남도 창원시 의창구 대산면,중상사고,0,1,2,0,차대차 - 추돌,안전운전불이행,건조,맑음,단일로 - 기타,화물,남,52세,상해없음,승용,남,57세,경상
2018110600100419,2018년 11월 6일 17시,화요일,경상남도 김해시 대청동,중상사고,0,1,0,0,차대차 - 측면충돌,신호위반,건조,맑음,단일로 - 기타,화물,남,33세,상해없음,승용,여,44세,중상
2018110600100473,2018년 11월 6일 18시,화요일,경상남도 창원시 마산회원구 회원동,경상사고,0,0,1,0,차대사람 - 보도통행중,보행자보호의무위반,건조,맑음,교차로 - 교차로횡단보도내,승용,여,66세,상해없음,보행자,여,31세,경상
2018110600100524,2018년 11월 6일 19시,화요일,경상남도 창원시 마산합포구 완월동,중상사고,0,1,0,0,차대사람 - 횡단중,안전운전불이행,건조,맑음,단일로 - 기타,승용,남,28세,상해없음,보행자,남,5세,중상
2018110600100525,2018년 11월 6일 19시,화요일,경상남도 김해시 율하동,사망사고,1,0,0,1,차대차 - 측면충돌,신호위반,건조,맑음,교차로 - 교차로안,이륜,남,19세,사망,승용,여,39세,부상신고
2018110600100559,2018년 11월 6일 20시,화요일,경상남도 남해군 상주면,사망사고,1,1,0,0,차대사람 - 횡단중,보행자보호의무위반,건조,맑음,단일로 - 기타,승용,남,40세,상해없음,보행자,남,63세,사망
2018110600100581,2018년 11월 6일 21시,화요일,경상남도 창원시 진해구 제덕동,중상사고,0,1,0,0,차대차 - 측면충돌,신호위반,건조,맑음,교차로 - 교차로안,이륜,남,62세,상해없음,승용,여,21세,상해없음
2018110600100582,2018년 11월 6일 21시,화요일,경상남도 김해시 부원동,경상사고,0,0,1,0,차대차 - 측면충돌,안전거리미확보,건조,맑음,단일로 - 기타,화물,여,58세,상해없음,승용,여,31세,경상
2018110600100583,2018년 11월 6일 21시,화요일,경상남도 거제시 연초면,중상사고,0,1,1,0,차대차 - 측면충돌,안전운전불이행,건조,맑음,교차로 - 교차로안,승용,남,28세,상해없음,승용,남,42세,중상
2018110600100584,2018년 11월 6일 21시,화요일,경상남도 함안군 칠원읍,경상사고,0,0,1,0,차대사람 - 길가장자리구역통행중,안전운전불이행,건조,맑음,단일로 - 기타,승용,여,49세,상해없음,보행자,남,15세,경상
2018110600100601,2018년 11월 6일 22시,화요일,경상남도 창원시 마산회원구 회성동,사망사고,1,0,0,0,차대차 - 추돌,안전운전불이행,건조,맑음,단일로 - 기타,화물,남,57세,사망,화물,남,72세,상해없음
2018110600100621,2018년 11월 6일 23시,화요일,경상남도 창원시 성산구 가음동,경상사고,0,0,1,0,차대차 - 측면충돌,신호위반,건조,맑음,단일로 - 기타,승합,남,29세,상해없음,자전거,남,18세,경상
2018110700100008,2018년 11월 7일 00시,수요일,경상남도 김해시 부원동,중상사고,0,1,0,0,차대차 - 측면충돌,신호위반,건조,맑음,교차로 - 교차로안,승용,남,26세,상해없음,승용,남,24세,중상
2018110700100009,2018년 11월 7일 00시,수요일,경상남도 창원시 의창구 봉곡동,중상사고,0,1,0,0,차대사람 - 횡단중,안전운전불이행,건조,맑음,단일로 - 기타,승용,남,44세,상해없음,보행자,남,47세,중상
2018110700100038,2018년 11월 7일 02시,수요일,경상남도 통영시 광도면,경상사고,0,0,1,0,차대사람 - 길가장자리구역통행중,안전운전불이행,건조,맑음,교차로 - 교차로안,승용,남,59세,상해없음,보행자,남,38세,경상
2018110700100039,2018년 11월 7일 02시,수요일,경상남도 양산시 중부동,경상사고,0,0,3,0,차대차 - 기타,중앙선침범,건조,맑음,교차로 - 교차로부근,승용,남,44세,상해없음,승용,여,27세,경상
2018110700100142,2018년 11월 7일 08시,수요일,경상남도 창원시 마산합포구 부림동,경상사고,0,0,1,0,차대사람 - 보도통행중,기타,건조,맑음,단일로 - 기타,자전거,남,81세,기타불명,보행자,남,8세,경상
2018110700100143,2018년 11월 7일 08시,수요일,경상남도 거창군 거창읍,중상사고,0,1,0,0,차대차 - 기타,안전운전불이행,건조,맑음,기타 - 기타,원동기,남,70세,상해없음,자전거,남,13세,중상
2018110700100181,2018년 11월 7일 09시,수요일,경상남도 거제시 옥포동,중상사고,0,1,0,0,차대차 - 추돌,안전거리미확보,건조,맑음,교차로 - 교차로부근,승용,남,32세,상해없음,이륜,남,50세,상해없음
2018110700100209,2018년 11월 7일 10시,수요일,경상남도 통영시 도남동,경상사고,0,0,1,0,차대차 - 측면충돌,안전운전불이행,건조,맑음,단일로 - 기타,승용,남,48세,상해없음,승용,남,52세,경상
2018110700100210,2018년 11월 7일 10시,수요일,경상남도 창원시 의창구 도계동,중상사고,0,1,0,0,차대사람 - 기타,안전운전불이행,건조,맑음,단일로 - 기타,승용,여,28세,상해없음,보행자,여,67세,중상
2018110700100236,2018년 11월 7일 11시,수요일,경상남도 창원시 의창구 동읍,경상사고,0,0,1,0,차대차 - 추돌,안전운전불이행,건조,맑음,단일로 - 기타,이륜,남,81세,경상,화물,남,28세,상해없음
2018110700100269,2018년 11월 7일 12시,수요일,경상남도 합천군 묘산면,중상사고,0,3,0,0,차대차 - 측면충돌,안전운전불이행,젖음/습기,비,단일로 - 기타,화물,남,57세,상해없음,승용,남,63세,중상
2018110700100270,2018년 11월 7일 12시,수요일,경상남도 남해군 남면,경상사고,0,0,1,0,차대사람 - 횡단중,안전운전불이행,건조,흐림,단일로 - 기타,승용,남,26세,상해없음,보행자,여,26세,경상
2018110700100326,2018년 11월 7일 14시,수요일,경상남도 김해시 봉황동,경상사고,0,0,1,0,차대차 - 측면충돌,안전거리미확보,건조,맑음,단일로 - 기타,승용,남,34세,상해없음,승용,여,39세,경상
2018110700100327,2018년 11월 7일 14시,수요일,경상남도 양산시 동면,경상사고,0,0,1,0,차대차 - 측면충돌,안전거리미확보,건조,맑음,단일로 - 기타,승용,여,56세,상해없음,승용,남,51세,경상
2018110700100328,2018년 11월 7일 14시,수요일,경상남도 고성군 거류면,중상사고,0,1,1,0,차대차 - 추돌,기타,건조,맑음,교차로 - 교차로안,특수,남,62세,상해없음,특수,남,45세,경상
2018110700100365,2018년 11월 7일 15시,수요일,경상남도 산청군 신안면,경상사고,0,0,2,0,차대차 - 측면충돌,중앙선침범,건조,맑음,단일로 - 기타,화물,남,61세,상해없음,승합,남,49세,경상
2018110700100401,2018년 11월 7일 16시,수요일,경상남도 김해시 진영읍,중상사고,0,1,0,0,차대차 - 측면충돌,안전운전불이행,건조,맑음,교차로 - 교차로안,이륜,남,81세,중상,화물,남,49세,상해없음
2018110700100454,2018년 11월 7일 17시,수요일,경상남도 진주시 유곡동,경상사고,0,0,2,0,차대차 - 추돌,안전운전불이행,젖음/습기,비,단일로 - 기타,화물,여,57세,경상,화물,남,70세,경상
2018110700100455,2018년 11월 7일 17시,수요일,경상남도 김해시 대동면,경상사고,0,0,2,0,차대차 - 추돌,안전거리미확보,젖음/습기,비,단일로 - 기타,화물,남,75세,상해없음,건설기계,남,35세,경상
2018110700100456,2018년 11월 7일 17시,수요일,경상남도 창녕군 영산면,중상사고,0,1,0,0,차대차 - 기타,신호위반,젖음/습기,흐림,교차로 - 교차로안,화물,여,56세,상해없음,화물,남,64세,중상
2018110700100457,2018년 11월 7일 17시,수요일,경상남도 창녕군 부곡면,경상사고,0,0,2,0,차대차 - 기타,신호위반,젖음/습기,흐림,교차로 - 교차로안,화물,남,46세,상해없음,승용,남,71세,경상
2018110700100458,2018년 11월 7일 17시,수요일,경상남도 고성군 상리면,사망사고,1,0,2,0,차대차 - 추돌,안전운전불이행,건조,맑음,단일로 - 기타,승합,남,63세,경상,농기계,남,57세,사망
2018110700100529,2018년 11월 7일 18시,수요일,경상남도 창원시 진해구 여좌동,중상사고,0,2,5,0,차대차 - 추돌,안전운전불이행,건조,맑음,단일로 - 기타,승용,남,24세,상해없음,승용,남,37세,중상
2018110700100530,2018년 11월 7일 18시,수요일,경상남도 통영시 항남동,경상사고,0,0,1,0,차대사람 - 횡단중,보행자보호의무위반,건조,맑음,교차로 - 교차로횡단보도내,승용,남,37세,상해없음,보행자,남,48세,경상
2018110700100531,2018년 11월 7일 18시,수요일,경상남도 사천시 곤양면,경상사고,0,0,1,0,차대차 - 측면충돌,직진우회전진행방해,건조,맑음,교차로 - 교차로안,승용,남,84세,상해없음,자전거,남,13세,경상
2018110700100532,2018년 11월 7일 18시,수요일,경상남도 김해시 봉황동,경상사고,0,0,1,0,차대사람 - 차도통행중,안전운전불이행,건조,맑음,교차로 - 교차로부근,승합,남,64세,상해없음,보행자,여,49세,경상
2018110700100533,2018년 11월 7일 18시,수요일,경상남도 합천군 합천읍,중상사고,0,1,0,0,차대사람 - 횡단중,보행자보호의무위반,건조,기타,교차로 - 교차로부근,승용,여,51세,상해없음,보행자,남,20세,중상
2018110700100594,2018년 11월 7일 19시,수요일,경상남도 창녕군 도천면,경상사고,0,0,2,0,차대차 - 기타,안전운전불이행,젖음/습기,비,교차로 - 교차로부근,승용,여,51세,경상,승용,남,43세,경상
2018110700100595,2018년 11월 7일 19시,수요일,경상남도 양산시 물금읍,경상사고,0,0,1,0,차대차 - 측면충돌,중앙선침범,건조,맑음,교차로 - 교차로부근,승용,남,50세,상해없음,이륜,남,34세,경상
2018110700100636,2018년 11월 7일 20시,수요일,경상남도 창원시 마산합포구 중성동,경상사고,0,0,1,0,차대차 - 측면충돌,안전운전불이행,건조,흐림,교차로 - 교차로안,승용,남,47세,상해없음,이륜,여,28세,경상
2018110700100671,2018년 11월 7일 21시,수요일,경상남도 김해시 생림면,중상사고,0,1,0,0,차대사람 - 차도통행중,안전운전불이행,건조,맑음,단일로 - 기타,승용,여,37세,상해없음,보행자,남,53세,중상
2018110700100672,2018년 11월 7일 21시,수요일,경상남도 창녕군 성산면,경상사고,0,0,1,0,차량단독 - 기타,안전운전불이행,젖음/습기,비,단일로 - 기타,승용,남,55세,경상,,,,
2018110700100688,2018년 11월 7일 22시,수요일,경상남도 김해시 내동,경상사고,0,0,2,0,차대차 - 측면충돌,안전거리미확보,건조,맑음,교차로 - 교차로안,승용,남,39세,경상,승용,남,27세,경상
2018110800100038,2018년 11월 8일 01시,목요일,경상남도 통영시 광도면,중상사고,0,1,0,0,차대사람 - 횡단중,안전운전불이행,젖음/습기,비,단일로 - 기타,화물,남,46세,상해없음,보행자,남,62세,중상
2018110800100046,2018년 11월 8일 02시,목요일,경상남도 진주시 인사동,중상사고,0,3,1,0,차대차 - 측면충돌,신호위반,건조,맑음,교차로 - 교차로안,승용,남,55세,중상,승용,남,25세,경상
2018110800100056,2018년 11월 8일 03시,목요일,경상남도 창원시 마산합포구 해운동,중상사고,0,1,0,0,차대사람 - 횡단중,안전운전불이행,젖음/습기,흐림,단일로 - 기타,승용,여,33세,상해없음,보행자,남,67세,중상
2018110800100057,2018년 11월 8일 03시,목요일,경상남도 창원시 의창구 팔용동,경상사고,0,0,1,0,차대차 - 측면충돌,안전운전불이행,건조,맑음,교차로 - 교차로횡단보도내,승합,남,19세,상해없음,승용,여,61세,경상
2018110800100104,2018년 11월 8일 06시,목요일,경상남도 통영시 북신동,경상사고,0,0,1,0,차대사람 - 횡단중,신호위반,젖음/습기,흐림,교차로 - 교차로횡단보도내,승용,남,68세,상해없음,보행자,여,68세,경상
2018110800100105,2018년 11월 8일 06시,목요일,경상남도 창원시 성산구 남산동,중상사고,0,1,0,0,차대사람 - 횡단중,안전운전불이행,젖음/습기,비,단일로 - 기타,승용,남,47세,상해없음,보행자,남,31세,중상
2018110800100137,2018년 11월 8일 07시,목요일,경상남도 창원시 마산회원구 내서읍,중상사고,0,1,0,0,차대사람 - 기타,신호위반,젖음/습기,흐림,교차로 - 교차로부근,승합,남,56세,상해없음,보행자,남,16세,중상
2018110800100138,2018년 11월 8일 07시,목요일,경상남도 김해시 관동동,경상사고,0,0,1,0,차대차 - 추돌,안전운전불이행,건조,맑음,교차로 - 교차로부근,승용,남,67세,상해없음,승용,남,38세,경상
2018110800100229,2018년 11월 8일 10시,목요일,경상남도 고성군 상리면,경상사고,0,0,2,0,차대차 - 추돌,안전거리미확보,젖음/습기,비,단일로 - 기타,화물,남,56세,상해없음,승용,남,70세,경상
2018110800100329,2018년 11월 8일 13시,목요일,경상남도 창원시 마산합포구 예곡동,중상사고,0,1,0,0,차량단독 - 공작물충돌,안전운전불이행,젖음/습기,비,단일로 - 교량,승용,남,31세,상해없음,,,,
2018110800100388,2018년 11월 8일 15시,목요일,경상남도 김해시 전하동,중상사고,0,1,2,0,차대차 - 측면충돌,신호위반,젖음/습기,비,교차로 - 교차로안,승용,여,56세,경상,승용,여,29세,중상
2018110800100415,2018년 11월 8일 16시,목요일,경상남도 진주시 가좌동,경상사고,0,0,2,0,차대차 - 측면충돌,안전거리미확보,젖음/습기,비,단일로 - 기타,승용,여,55세,상해없음,승용,남,32세,경상
2018110800100416,2018년 11월 8일 16시,목요일,경상남도 창녕군 창녕읍,중상사고,0,1,0,0,차대차 - 측면충돌,직진우회전진행방해,젖음/습기,비,교차로 - 교차로안,승용,남,64세,상해없음,승용,여,56세,중상
2018110800100471,2018년 11월 8일 17시,목요일,경상남도 창원시 성산구 상남동,중상사고,0,2,0,0,차대사람 - 횡단중,보행자보호의무위반,젖음/습기,비,단일로 - 기타,승용,남,46세,상해없음,보행자,여,53세,중상
2018110800100472,2018년 11월 8일 17시,목요일,경상남도 창원시 의창구 도계동,중상사고,0,1,0,0,차대사람 - 횡단중,보행자보호의무위반,젖음/습기,비,교차로 - 교차로안,승용,남,55세,상해없음,보행자,여,50세,중상
2018110800100473,2018년 11월 8일 17시,목요일,경상남도 김해시 진영읍,중상사고,0,2,0,0,차대차 - 측면충돌,안전운전불이행,젖음/습기,비,교차로 - 교차로부근,승용,남,45세,상해없음,승용,남,61세,중상
2018110800100558,2018년 11월 8일 18시,목요일,경상남도 사천시 동금동,경상사고,0,0,1,1,차대차 - 측면충돌,직진우회전진행방해,건조,맑음,교차로 - 교차로안,승용,여,46세,경상,승용,남,46세,부상신고
2018110800100559,2018년 11월 8일 18시,목요일,경상남도 밀양시 내이동,경상사고,0,0,2,0,차대차 - 측면충돌,중앙선침범,젖음/습기,비,교차로 - 교차로부근,승용,남,45세,상해없음,승용,여,50세,경상
2018110800100560,2018년 11월 8일 18시,목요일,경상남도 밀양시 삼문동,경상사고,0,0,4,0,차대차 - 추돌,안전운전불이행,건조,맑음,교차로 - 교차로부근,승용,남,55세,상해없음,승용,남,30세,경상
2018110800100561,2018년 11월 8일 18시,목요일,경상남도 거제시 장평동,중상사고,0,1,0,0,차대차 - 기타,안전운전불이행,젖음/습기,비,교차로 - 교차로안,기타불명,기타불명,미분류,기타불명,이륜,남,45세,중상
2018110800100652,2018년 11월 8일 19시,목요일,경상남도 김해시 삼계동,경상사고,0,0,1,0,차대사람 - 횡단중,보행자보호의무위반,젖음/습기,비,교차로 - 교차로횡단보도내,승용,남,48세,상해없음,보행자,남,62세,경상
2018110800100713,2018년 11월 8일 20시,목요일,경상남도 진주시 칠암동,중상사고,0,1,0,0,차대사람 - 횡단중,신호위반,젖음/습기,비,단일로 - 기타,화물,여,64세,상해없음,보행자,여,27세,중상
2018110800100714,2018년 11월 8일 20시,목요일,경상남도 양산시 동면,중상사고,0,1,1,0,차대차 - 측면충돌,중앙선침범,젖음/습기,비,교차로 - 교차로안,승용,남,43세,상해없음,승용,여,56세,중상
2018110800100763,2018년 11월 8일 21시,목요일,경상남도 진주시 진성면,경상사고,0,0,1,0,차대차 - 기타,안전운전불이행,젖음/습기,비,교차로 - 교차로안,화물,남,63세,상해없음,승용,여,54세,경상
2018110800100764,2018년 11월 8일 21시,목요일,경상남도 창원시 성산구 신촌동,중상사고,0,1,0,0,차대사람 - 보도통행중,보행자보호의무위반,젖음/습기,비,교차로 - 교차로횡단보도내,승용,남,40세,상해없음,보행자,남,18세,중상
2018110800100813,2018년 11월 8일 22시,목요일,경상남도 진주시 하대동,경상사고,0,0,1,0,차대사람 - 기타,안전운전불이행,젖음/습기,비,단일로 - 기타,승용,남,62세,상해없음,보행자,여,40세,경상
2018110800100814,2018년 11월 8일 22시,목요일,경상남도 창원시 마산합포구 산호동,중상사고,0,1,0,0,차대사람 - 횡단중,보행자보호의무위반,젖음/습기,비,단일로 - 기타,승용,남,61세,상해없음,보행자,남,56세,중상
2018110800100815,2018년 11월 8일 22시,목요일,경상남도 창원시 마산회원구 회성동,중상사고,0,1,0,0,차량단독 - 공작물충돌,안전운전불이행,젖음/습기,비,단일로 - 기타,승용,남,18세,상해없음,,,,
2018110800100816,2018년 11월 8일 22시,목요일,경상남도 창원시 의창구 명서동,경상사고,0,0,1,0,차대차 - 기타,안전운전불이행,젖음/습기,비,교차로 - 교차로부근,승용,남,63세,상해없음,원동기,남,26세,경상
2018110800100870,2018년 11월 8일 23시,목요일,경상남도 진주시 인사동,경상사고,0,0,1,0,차대사람 - 횡단중,안전운전불이행,젖음/습기,흐림,교차로 - 교차로부근,승용,남,57세,상해없음,보행자,남,51세,경상
2018110800100871,2018년 11월 8일 23시,목요일,경상남도 통영시 용남면,부상신고사고,0,0,0,1,차량단독 - 공작물충돌,안전운전불이행,젖음/습기,기타,단일로 - 기타,승용,여,46세,부상신고,,,,
2018110900100062,2018년 11월 9일 05시,금요일,경상남도 김해시 안동,사망사고,1,0,0,0,차대사람 - 기타,안전운전불이행,젖음/습기,흐림,단일로 - 기타,화물,남,63세,상해없음,보행자,남,77세,사망