사고번호,사고일시,요일,시군구,사고내용,사망자수,중상자수,경상자수,부상신고자수,사고유형,법규위반,노면상태,기상상태,도로형태,가해운전자 차종,가해운전자 성별,가해운전자 연령,가해운전자 상해정도,피해운전자 차종,피해운전자 성별,피해운전자 연령,피해운전자 상해정도
2018111200100186,2018년 11월 12일 10시,월요일,경상남도 함양군 휴천면,경상사고,0,0,1,0,차대사람 - 기타,안전운전불이행,건조,맑음,교차로 - 교차로부근,승합,남,52세,상해없음,보행자,여,84세,경상
2018111200100187,2018년 11월 12일 10시,월요일,경상남도 양산시 물금읍,중상사고,0,2,0,0,차대차 - 측면충돌,신호위반,건조,맑음,교차로 - 교차로안,화물,남,38세,상해없음,이륜,남,81세,중상
2018111200100217,2018년 11월 12일 11시,월요일,경상남도 남해군 남해읍,중상사고,0,1,0,0,차대사람 - 횡단중,안전운전불이행,건조,맑음,교차로 - 교차로부근,승용,여,59세,상해없음,보행자,여,76세,중상
2018111200100247,2018년 11월 12일 12시,월요일,경상남도 밀양시 내일동,경상사고,0,0,2,0,차대차 - 정면충돌,안전운전불이행,건조,맑음,단일로 - 기타,승용,여,51세,경상,승용,여,50세,경상
2018111200100248,2018년 11월 12일 12시,월요일,경상남도 김해시 상동면,경상사고,0,0,1,0,차대차 - 측면충돌,안전운전불이행,건조,맑음,교차로 - 교차로안,승용,남,43세,상해없음,승용,남,27세,경상
2018111200100277,2018년 11월 12일 13시,월요일,경상남도 거제시 연초면,중상사고,0,1,0,0,차대차 - 측면충돌,신호위반,건조,맑음,교차로 - 교차로안,화물,남,51세,상해없음,승용,여,45세,중상
2018111200100278,2018년 11월 12일 13시,월요일,경상남도 거제시 장평동,경상사고,0,0,2,0,차대차 - 측면충돌,안전운전불이행,건조,맑음,단일로 - 기타,승용,여,27세,경상,승용,여,49세,경상
2018111200100312,2018년 11월 12일 14시,월요일,경상남도 김해시 삼계동,경상사고,0,0,5,0,차대차 - 추돌,안전운전불이행,건조,맑음,단일로 - 기타,화물,남,73세,상해없음,승용,여,50세,경상
2018111200100313,2018년 11월 12일 14시,월요일,경상남도 고성군 하이면,중상사고,0,1,0,0,차대차 - 측면충돌,직진우회전진행방해,건조,맑음,교차로 - 교차로안,승용,여,38세,상해없음,이륜,남,61세,중상
2018111200100314,2018년 11월 12일 14시,월요일,경상남도 의령군 의령읍,중상사고,0,1,1,0,차대차 - 추돌,안전운전불이행,건조,맑음,단일로 - 지하차도(도로)내,승용,여,61세,경상,승용,남,51세,기타불명
2018111200100315,2018년 11월 12일 14시,월요일,경상남도 김해시 주촌면,중상사고,0,3,0,0,차대차 - 추돌,기타,건조,맑음,단일로 - 기타,승용,여,58세,상해없음,화물,남,61세,상해없음
2018111200100387,2018년 11월 12일 16시,월요일,경상남도 창원시 마산합포구 중앙동1가,중상사고,0,1,0,0,차대사람 - 횡단중,안전운전불이행,건조,맑음,교차로 - 교차로안,승용,여,40세,상해없음,보행자,남,74세,중상
2018111200100389,2018년 11월 12일 16시,월요일,경상남도 진주시 상대동,경상사고,0,0,1,0,차대사람 - 횡단중,안전운전불이행,건조,맑음,교차로 - 교차로안,화물,남,62세,상해없음,보행자,여,46세,경상
2018111200100390,2018년 11월 12일 16시,월요일,경상남도 김해시 삼정동,중상사고,0,1,0,0,차대사람 - 기타,안전운전불이행,건조,맑음,단일로 - 기타,승용,여,48세,상해없음,보행자,여,12세,중상
2018111200100391,2018년 11월 12일 16시,월요일,경상남도 산청군 생초면,중상사고,0,1,0,0,차대차 - 측면충돌,안전운전불이행,건조,맑음,단일로 - 기타,화물,남,75세,상해없음,자전거,여,71세,중상
2018111200100429,2018년 11월 12일 17시,월요일,경상남도 양산시 중부동,경상사고,0,0,1,0,차대차 - 측면충돌,직진우회전진행방해,건조,맑음,교차로 - 교차로안,승용,남,69세,상해없음,승용,여,28세,경상
2018111200100449,2018년 11월 12일 18시,월요일,경상남도 김해시 대동면,경상사고,0,0,1,0,차대차 - 측면충돌,안전거리미확보,건조,맑음,단일로 - 기타,화물,남,24세,상해없음,승용,여,33세,경상
2018111200100473,2018년 11월 12일 18시,월요일,경상남도 진주시 호탄동,중상사고,0,1,0,0,차대차 - 측면충돌,안전운전불이행,건조,맑음,단일로 - 기타,화물,남,76세,상해없음,승용,여,31세,중상
2018111200100474,2018년 11월 12일 18시,월요일,경상남도 김해시 구산동,중상사고,0,1,0,0,차대사람 - 횡단중,보행자보호의무위반,건조,맑음,단일로 - 기타,승용,남,49세,상해없음,보행자,남,8세,중상
2018111200100475,2018년 11월 12일 18시,월요일,경상남도 창원시 의창구 명서동,경상사고,0,0,1,0,차대차 - 측면충돌,기타,건조,맑음,교차로 - 교차로안,화물,남,36세,상해없음,승용,남,55세,경상
2018111200100476,2018년 11월 12일 18시,월요일,경상남도 김해시 진례면,경상사고,0,0,1,0,차대차 - 측면충돌,안전운전불이행,건조,맑음,교차로 - 교차로부근,승용,남,70세,상해없음,승용,여,27세,경상
2018111200100531,2018년 11월 12일 19시,월요일,경상남도 창원시 마산합포구 월영동,중상사고,0,1,0,0,차대차 - 측면충돌,안전운전불이행,건조,맑음,교차로 - 교차로안,승용,남,62세,상해없음,이륜,남,59세,중상
2018111200100532,2018년 11월 12일 19시,월요일,경상남도 창원시 마산회원구 양덕동,중상사고,0,1,0,0,차대차 - 기타,안전운전불이행,건조,맑음,단일로 - 기타,화물,남,39세,상해없음,자전거,남,52세,중상
2018111200100561,2018년 11월 12일 20시,월요일,경상남도 함안군 가야읍,경상사고,0,0,2,0,차대차 - 측면충돌,신호위반,건조,맑음,교차로 - 교차로안,화물,남,61세,경상,승용,남,58세,경상
2018111200100613,2018년 11월 12일 23시,월요일,경상남도 김해시 외동,경상사고,0,0,3,0,차대차 - 측면충돌,신호위반,건조,맑음,교차로 - 교차로안,이륜,남,20세,상해없음,승용,남,60세,경상
2018111300100094,2018년 11월 13일 07시,화요일,경상남도 창원시 의창구 소답동,경상사고,0,0,1,0,차대차 - 추돌,안전운전불이행,건조,맑음,단일로 - 기타,승용,여,51세,상해없음,화물,남,40세,경상
2018111300100132,2018년 11월 13일 08시,화요일,경상남도 하동군 금남면,경상사고,0,0,1,0,차대차 - 측면충돌,신호위반,건조,맑음,교차로 - 교차로안,특수,남,61세,상해없음,승용,남,36세,경상
2018111300100133,2018년 11월 13일 08시,화요일,경상남도 거제시 아주동,경상사고,0,0,1,0,차대차 - 기타,신호위반,건조,맑음,교차로 - 교차로안,승용,남,27세,상해없음,승용,남,44세,경상
2018111300100167,2018년 11월 13일 09시,화요일,경상남도 사천시 사남면,경상사고,0,0,1,0,차대차 - 추돌,안전운전불이행,건조,맑음,교차로 - 교차로부근,승용,남,61세,상해없음,승합,남,37세,경상
2018111300100168,2018년 11월 13일 09시,화요일,경상남도 밀양시 교동,중상사고,0,1,1,0,차대차 - 측면충돌,안전운전불이행,건조,맑음,교차로 - 교차로안,이륜,남,73세,경상,화물,남,72세,상해없음
2018111300100169,2018년 11월 13일 09시,화요일,경상남도 거제시 장승포동,경상사고,0,0,1,0,차대차 - 추돌,안전운전불이행,건조,맑음,교차로 - 교차로부근,승합,여,58세,상해없음,승용,여,48세,경상
2018111300100170,2018년 11월 13일 09시,화요일,경상남도 창원시 의창구 봉곡동,경상사고,0,0,1,0,차대차 - 측면충돌,안전운전불이행,건조,맑음,교차로 - 교차로횡단보도내,화물,남,33세,상해없음,자전거,여,18세,경상
2018111300100204,2018년 11월 13일 10시,화요일,경상남도 진주시 호탄동,경상사고,0,0,1,0,차대사람 - 차도통행중,안전운전불이행,건조,맑음,단일로 - 기타,승용,여,56세,상해없음,보행자,남,39세,경상
2018111300100242,2018년 11월 13일 11시,화요일,경상남도 합천군 초계면,경상사고,0,0,1,0,차량단독 - 전도전복 - 전도,안전운전불이행,건조,맑음,단일로 - 기타,농기계,남,79세,경상,미분류,미분류,미분류,미분류
2018111300100243,2018년 11월 13일 11시,화요일,경상남도 거제시 거제면,경상사고,0,0,1,0,차대사람 - 차도통행중,안전운전불이행,건조,맑음,교차로 - 교차로안,화물,남,69세,상해없음,보행자,여,19세,경상
2018111300100270,2018년 11월 13일 12시,화요일,경상남도 산청군 생비량면,경상사고,0,0,2,0,차대차 - 측면충돌,교차로운행방법위반,건조,맑음,교차로 - 교차로안,화물,남,56세,상해없음,승용,남,58세,경상
2018111300100300,2018년 11월 13일 13시,화요일,경상남도 진주시 진성면,경상사고,0,0,2,0,차대차 - 측면충돌,신호위반,건조,맑음,교차로 - 교차로안,이륜,남,42세,경상,화물,남,52세,경상
2018111300100301,2018년 11월 13일 13시,화요일,경상남도 양산시 물금읍,경상사고,0,0,4,0,차대차 - 측면충돌,신호위반,건조,맑음,교차로 - 교차로안,승용,여,24세,상해없음,승용,여,51세,경상
2018111300100326,2018년 11월 13일 14시,화요일,경상남도 창원시 마산합포구 창동,중상사고,0,1,2,0,차대차 - 기타,안전운전불이행,건조,맑음,단일로 - 기타,승용,남,53세,상해없음,승용,남,32세,경상
2018111300100327,2018년 11월 13일 14시,화요일,경상남도 창원시 진해구 경화동,경상사고,0,0,1,0,차대사람 - 차도통행중,안전운전불이행,건조,맑음,단일로 - 기타,승용,여,60세,상해없음,보행자,여,58세,경상
2018111300100402,2018년 11월 13일 16시,화요일,경상남도 사천시 사남면,중상사고,0,1,1,0,차대차 - 측면충돌,직진우회전진행방해,건조,맑음,교차로 - 교차로안,승용,남,63세,중상,승용,여,60세,경상
2018111300100439,2018년 11월 13일 17시,화요일,경상남도 진주시 하대동,경상사고,0,0,1,0,차대사람 - 횡단중,보행자보호의무위반,건조,맑음,단일로 - 기타,승용,여,52세,상해없음,보행자,여,7세,경상
2018111300100440,2018년 11월 13일 17시,화요일,경상남도 창원시 진해구 여좌동,중상사고,0,1,1,0,차대사람 - 기타,안전운전불이행,건조,맑음,단일로 - 기타,자전거,남,15세,경상,보행자,여,63세,중상
2018111300100441,2018년 11월 13일 17시,화요일,경상남도 김해시 삼계동,경상사고,0,0,1,0,차량단독 - 공작물충돌,안전거리미확보,건조,맑음,기타 - 기타,승용,남,42세,경상,,,,
2018111300100487,2018년 11월 13일 18시,화요일,경상남도 김해시 부원동,중상사고,0,1,0,0,차대차 - 측면충돌,직진우회전진행방해,건조,맑음,교차로 - 교차로안,원동기,남,25세,중상,승용,남,53세,상해없음
2018111300100564,2018년 11월 13일 20시,화요일,경상남도 통영시 광도면,경상사고,0,0,4,0,차대차 - 측면충돌,교차로운행방법위반,건조,맑음,교차로 - 교차로안,승용,남,62세,경상,승용,남,59세,경상
2018111300100592,2018년 11월 13일 21시,화요일,경상남도 창원시 성산구 반지동,경상사고,0,0,1,0,차대차 - 기타,안전운전불이행,건조,맑음,교차로 - 교차로부근,승용,남,55세,상해없음,이륜,남,31세,경상
2018111400100043,2018년 11월 14일 05시,수요일,경상남도 진주시 상봉동,경상사고,0,0,1,0,차대사람 - 차도통행중,안전운전불이행,건조,맑음,단일로 - 기타,화물,남,50세,상해없음,보행자,남,57세,경상
2018111400100117,2018년 11월 14일 08시,수요일,경상남도 함양군 서하면,부상신고사고,0,0,0,1,차대차 - 측면충돌,중앙선침범,건조,맑음,단일로 - 기타,승용,여,46세,부상신고,건설기계,남,56세,상해없음
2018111400100118,2018년 11월 14일 08시,수요일,경상남도 양산시 북정동,중상사고,0,1,0,0,차대차 - 기타,교차로운행방법위반,건조,맑음,교차로 - 교차로안,승용,남,32세,상해없음,승용,남,58세,중상
2018111400100119,2018년 11월 14일 08시,수요일,경상남도 창원시 의창구 소계동,경상사고,0,0,1,1,차대차 - 추돌,안전운전불이행,건조,맑음,단일로 - 기타,승용,남,28세,기타불명,승용,남,56세,경상
2018111400100141,2018년 11월 14일 09시,수요일,경상남도 양산시 동면,중상사고,0,1,0,0,차대차 - 기타,기타,건조,맑음,단일로 - 기타,화물,남,63세,상해없음,승용,남,44세,중상
2018111400100162,2018년 11월 14일 09시,수요일,경상남도 양산시 명동,중상사고,0,2,0,0,차대차 - 추돌,안전운전불이행,건조,맑음,단일로 - 기타,승용,남,55세,상해없음,승용,여,60세,중상
2018111400100163,2018년 11월 14일 09시,수요일,경상남도 고성군 고성읍,중상사고,0,1,0,0,차대차 - 기타,신호위반,건조,맑음,교차로 - 교차로안,이륜,남,77세,중상,화물,남,48세,상해없음
2018111400100164,2018년 11월 14일 09시,수요일,경상남도 거제시 문동동,경상사고,0,0,1,0,차대차 - 측면충돌,교차로운행방법위반,건조,맑음,교차로 - 교차로안,승용,여,39세,상해없음,승용,남,64세,경상
2018111400100205,2018년 11월 14일 10시,수요일,경상남도 진주시 호탄동,경상사고,0,0,2,0,차대차 - 측면충돌,중앙선침범,건조,맑음,단일로 - 기타,승용,남,41세,상해없음,승용,남,53세,경상
2018111400100206,2018년 11월 14일 10시,수요일,경상남도 사천시 용강동,중상사고,0,1,0,0,차대차 - 측면충돌,안전운전불이행,건조,맑음,교차로 - 교차로안,이륜,남,78세,중상,승용,여,58세,상해없음
2018111400100207,2018년 11월 14일 10시,수요일,경상남도 의령군 가례면,경상사고,0,0,1,0,차대차 - 측면충돌,신호위반,건조,맑음,교차로 - 교차로부근,화물,남,61세,상해없음,자전거,남,67세,경상
2018111400100235,2018년 11월 14일 11시,수요일,경상남도 창원시 진해구 석동,경상사고,0,0,1,0,차대차 - 추돌,안전운전불이행,건조,맑음,단일로 - 기타,화물,남,60세,상해없음,승용,여,35세,경상
2018111400100236,2018년 11월 14일 11시,수요일,경상남도 김해시 삼계동,중상사고,0,2,0,0,차대차 - 추돌,안전운전불이행,건조,맑음,교차로 - 교차로부근,건설기계,남,53세,상해없음,승용,남,69세,중상
2018111400100273,2018년 11월 14일 12시,수요일,경상남도 창원시 진해구 풍호동,경상사고,0,0,1,0,차대사람 - 횡단중,보행자보호의무위반,건조,맑음,교차로 - 교차로안,승용,여,37세,상해없음,보행자,여,61세,경상
2018111400100274,2018년 11월 14일 12시,수요일,경상남도 사천시 동림동,경상사고,0,0,1,0,차대차 - 측면충돌,교차로운행방법위반,건조,맑음,교차로 - 교차로안,승용,남,51세,상해없음,승용,남,41세,상해없음
2018111400100275,2018년 11월 14일 12시,수요일,경상남도 창원시 의창구 봉곡동,경상사고,0,0,1,0,차대차 - 측면충돌,안전운전불이행,건조,맑음,교차로 - 교차로횡단보도내,승용,여,45세,상해없음,자전거,남,82세,경상
2018111400100276,2018년 11월 14일 12시,수요일,경상남도 김해시 대청동,중상사고,0,1,0,0,차대차 - 추돌,안전거리미확보,건조,맑음,단일로 - 기타,승합,남,58세,상해없음,승용,여,47세,중상
2018111400100304,2018년 11월 14일 13시,수요일,경상남도 남해군 삼동면,중상사고,0,1,0,0,차대사람 - 횡단중,안전운전불이행,건조,맑음,단일로 - 기타,화물,남,77세,상해없음,보행자,여,78세,중상
2018111400100336,2018년 11월 14일 14시,수요일,경상남도 양산시 물금읍,경상사고,0,0,1,0,차대차 - 기타,안전운전불이행,건조,맑음,교차로 - 교차로부근,승용,남,37세,상해없음,승용,남,54세,경상
2018111400100337,2018년 11월 14일 14시,수요일,경상남도 의령군 의령읍,경상사고,0,0,2,0,차대차 - 추돌,교차로운행방법위반,건조,맑음,교차로 - 교차로안,화물,남,58세,상해없음,승용,남,59세,경상
2018111400100369,2018년 11월 14일 15시,수요일,경상남도 진주시 주약동,경상사고,0,0,1,0,차대사람 - 횡단중,안전운전불이행,건조,맑음,교차로 - 교차로부근,승용,남,50세,상해없음,보행자,남,67세,경상
2018111400100412,2018년 11월 14일 16시,수요일,경상남도 창원시 진해구 석동,경상사고,0,0,2,0,차대차 - 추돌,안전거리미확보,건조,맑음,교차로 - 교차로안,승용,남,54세,상해없음,승용,여,28세,경상
2018111400100460,2018년 11월 14일 17시,수요일,경상남도 통영시 무전동,중상사고,0,1,0,0,차대차 - 측면충돌,중앙선침범,건조,맑음,교차로 - 교차로부근,승용,남,61세,상해없음,이륜,남,49세,중상
2018111400100537,2018년 11월 14일 18시,수요일,경상남도 창원시 마산합포구 중앙동3가,경상사고,0,0,1,0,차대사람 - 횡단중,보행자보호의무위반,건조,맑음,교차로 - 교차로횡단보도내,승용,남,61세,상해없음,보행자,남,52세,경상
2018111400100538,2018년 11월 14일 18시,수요일,경상남도 사천시 죽림동,중상사고,0,2,1,0,차대차 - 추돌,안전운전불이행,건조,맑음,단일로 - 기타,승합,남,55세,상해없음,승용,여,52세,중상
2018111400100539,2018년 11월 14일 18시,수요일,경상남도 김해시 율하동,경상사고,0,0,2,0,차대차 - 측면충돌,안전운전불이행,건조,맑음,교차로 - 교차로안,승용,여,36세,경상,승용,여,46세,경상
2018111400100591,2018년 11월 14일 19시,수요일,경상남도 창원시 진해구 남양동,중상사고,0,1,0,0,차대차 - 측면충돌,신호위반,건조,맑음,교차로 - 교차로부근,이륜,남,15세,중상,승용,남,62세,상해없음
2018111400100592,2018년 11월 14일 19시,수요일,경상남도 창원시 의창구 팔용동,경상사고,0,0,1,0,차대사람 - 횡단중,보행자보호의무위반,건조,맑음,교차로 - 교차로안,승용,남,62세,상해없음,보행자,여,19세,경상
2018111400100593,2018년 11월 14일 19시,수요일,경상남도 창원시 의창구 도계동,중상사고,0,1,4,0,차대차 - 기타,차로위반,건조,맑음,단일로 - 기타,기타불명,기타불명,미분류,기타불명,승용,여,51세,경상
2018111400100632,2018년 11월 14일 20시,수요일,경상남도 사천시 사천읍,경상사고,0,0,1,0,차대차 - 측면충돌,중앙선침범,건조,맑음,단일로 - 기타,승용,남,32세,상해없음,승용,남,37세,경상
2018111400100633,2018년 11월 14일 20시,수요일,경상남도 김해시 대청동,중상사고,0,1,0,0,차대차 - 추돌,안전운전불이행,건조,맑음,교차로 - 교차로부근,승용,여,25세,상해없음,이륜,남,36세,중상
2018111400100667,2018년 11월 14일 21시,수요일,경상남도 김해시 구산동,경상사고,0,0,1,0,차대차 - 측면충돌,중앙선침범,건조,맑음,단일로 - 기타,승용,남,56세,상해없음,이륜,남,17세,경상
2018111400100685,2018년 11월 14일 22시,수요일,경상남도 김해시 외동,경상사고,0,0,1,0,차대차 - 측면충돌,안전운전불이행,건조,맑음,교차로 - 교차로부근,승용,여,53세,상해없음,승용,여,24세,경상
2018111500100040,2018년 11월 15일 04시,목요일,경상남도 함안군 가야읍,경상사고,0,0,3,0,차대차 - 측면충돌,안전운전불이행,건조,맑음,단일로 - 기타,승용,남,24세,상해없음,승용,남,20세,경상
2018111500100072,2018년 11월 15일 06시,목요일,경상남도 창원시 마산합포구 해운동,중상사고,0,1,0,0,차대사람 - 기타,안전운전불이행,건조,맑음,단일로 - 기타,승용,남,71세,상해없음,보행자,남,60세,중상
2018111500100093,2018년 11월 15일 07시,목요일,경상남도 거제시 아주동,경상사고,0,0,2,0,차대차 - 추돌,안전운전불이행,건조,맑음,단일로 - 터널,승합,남,66세,상해없음,승용,남,54세,경상
2018111500100127,2018년 11월 15일 08시,목요일,경상남도 진주시 가좌동,중상사고,0,1,0,0,차대사람 - 횡단중,신호위반,건조,맑음,교차로 - 교차로횡단보도내,화물,남,52세,상해없음,보행자,남,8세,중상
2018111500100162,2018년 11월 15일 09시,목요일,경상남도 창원시 마산회원구 양덕동,중상사고,0,1,2,0,차대차 - 측면충돌,안전운전불이행,건조,맑음,단일로 - 기타,승합,남,62세,상해없음,승용,남,61세,경상
2018111500100189,2018년 11월 15일 10시,목요일,경상남도 남해군 삼동면,중상사고,0,1,0,0,차대차 - 측면충돌,중앙선침범,건조,맑음,단일로 - 기타,승용,여,34세,상해없음,승용,여,25세,중상
2018111500100224,2018년 11월 15일 11시,목요일,경상남도 양산시 삼호동,중상사고,0,1,0,3,차대차 - 측면충돌,중앙선침범,건조,맑음,단일로 - 기타,승용,남,40세,부상신고,승용,여,39세,중상
2018111500100225,2018년 11월 15일 11시,목요일,경상남도 창원시 의창구 사림동,중상사고,0,1,0,0,차대차 - 측면충돌,안전운전불이행,건조,맑음,단일로 - 기타,승용,남,64세,상해없음,이륜,남,34세,중상
2018111500100250,2018년 11월 15일 12시,목요일,경상남도 창원시 마산합포구 남성동,중상사고,0,1,0,0,차대사람 - 횡단중,보행자보호의무위반,건조,맑음,교차로 - 교차로횡단보도내,승용,여,55세,상해없음,보행자,여,59세,중상
2018111500100284,2018년 11월 15일 13시,목요일,경상남도 창원시 마산합포구 가포동,중상사고,0,4,1,0,차량단독 - 공작물충돌,안전운전불이행,건조,맑음,단일로 - 기타,승용,여,59세,경상,,,,
2018111500100285,2018년 11월 15일 13시,목요일,경상남도 밀양시 산내면,중상사고,0,2,0,0,차대차 - 측면충돌,안전운전불이행,건조,맑음,단일로 - 기타,화물,남,27세,중상,화물,남,75세,기타불명
2018111500100311,2018년 11월 15일 14시,목요일,경상남도 진주시 내동면,중상사고,0,2,0,1,차대차 - 측면충돌,신호위반,건조,맑음,교차로 - 교차로안,승용,남,74세,부상신고,승용,남,61세,중상
2018111500100341,2018년 11월 15일 15시,목요일,경상남도 김해시 지내동,중상사고,0,1,0,0,차대사람 - 횡단중,안전운전불이행,건조,맑음,교차로 - 교차로안,승용,여,60세,상해없음,보행자,남,12세,중상
2018111500100342,2018년 11월 15일 15시,목요일,경상남도 양산시 북부동,경상사고,0,0,1,0,차대차 - 측면충돌,신호위반,건조,맑음,교차로 - 교차로안,승용,남,66세,상해없음,승용,여,60세,경상
2018111500100343,2018년 11월 15일 15시,목요일,경상남도 고성군 회화면,중상사고,0,1,0,0,차대차 - 추돌,안전운전불이행,건조,맑음,단일로 - 기타,승용,남,57세,상해없음,승용,여,56세,중상
2018111500100374,2018년 11월 15일 16시,목요일,경상남도 사천시 서포면,중상사고,0,2,1,0,차대차 - 측면충돌,안전운전불이행,건조,맑음,단일로 - 기타,승용,남,69세,경상,승용,여,46세,중상
2018111500100419,2018년 11월 15일 17시,목요일,경상남도 밀양시 삼문동,중상사고,0,1,0,0,차대사람 - 기타,안전운전불이행,건조,흐림,기타 - 기타,승용,남,68세,상해없음,보행자,여,36세,중상
2018111500100485,2018년 11월 15일 18시,목요일,경상남도 진주시 초전동,중상사고,0,1,0,0,차대차 - 추돌,안전운전불이행,건조,맑음,단일로 - 기타,승용,여,56세,상해없음,승용,남,37세,중상
2018111500100486,2018년 11월 15일 18시,목요일,경상남도 김해시 삼정동,경상사고,0,0,1,0,차대차 - 기타,교차로운행방법위반,건조,맑음,교차로 - 교차로부근,화물,남,50세,상해없음,원동기,남,68세,경상
2018111500100532,2018년 11월 15일 19시,목요일,경상남도 창원시 진해구 자은동,경상사고,0,0,1,0,차대차 - 측면충돌,안전운전불이행,건조,맑음,단일로 - 기타,승용,남,32세,상해없음,원동기,남,42세,경상
2018111500100533,2018년 11월 15일 19시,목요일,경상남도 창원시 진해구 자은동,경상사고,0,0,1,0,차대사람 - 차도통행중,안전운전불이행,건조,맑음,단일로 - 기타,승용,여,39세,상해없음,보행자,남,73세,경상
2018111500100534,2018년 11월 15일 19시,목요일,경상남도 사천시 사남면,경상사고,0,0,1,0,차대사람 - 횡단중,보행자보호의무위반,건조,맑음,교차로 - 교차로부근,승용,남,39세,상해없음,보행자,남,18세,경상
2018111500100535,2018년 11월 15일 19시,목요일,경상남도 창원시 의창구 팔용동,경상사고,0,0,1,0,차대차 - 측면충돌,교차로운행방법위반,건조,맑음,교차로 - 교차로안,승용,남,29세,상해없음,승용,남,64세,경상
2018111500100573,2018년 11월 15일 20시,목요일,경상남도 거제시 사등면,경상사고,0,0,3,0,차대차 - 측면충돌,중앙선침범,건조,맑음,단일로 - 교량,이륜,남,80세,경상,승용,남,37세,경상
2018111500100574,2018년 11월 15일 20시,목요일,경상남도 함안군 칠북면,사망사고,1,0,0,0,차대사람 - 차도통행중,안전운전불이행,건조,흐림,단일로 - 기타,승용,남,48세,상해없음,보행자,남,52세,사망
2018111500100594,2018년 11월 15일 21시,목요일,경상남도 하동군 하동읍,중상사고,0,1,0,0,차대사람 - 기타,안전운전불이행,건조,맑음,단일로 - 기타,승용,여,47세,상해없음,보행자,여,14세,중상
2018111500100595,2018년 11월 15일 21시,목요일,경상남도 거제시 덕포동,중상사고,0,1,0,0,차대차 - 정면충돌,불법유턴,건조,맑음,교차로 - 교차로안,승용,남,56세,상해없음,승용,남,24세,중상
2018111500100618,2018년 11월 15일 22시,목요일,경상남도 거제시 문동동,경상사고,0,0,1,0,차대차 - 기타,신호위반,건조,맑음,교차로 - 교차로안,승용,남,58세,상해없음,승용,남,39세,경상
2018111600100011,2018년 11월 16일 00시,금요일,경상남도 김해시 진례면,중상사고,0,1,0,0,차대차 - 측면충돌,안전운전불이행,건조,맑음,교차로 - 교차로안,이륜,남,33세,중상,승용,남,34세,상해없음
2018111600100057,2018년 11월 16일 05시,금요일,경상남도 사천시 용현면,중상사고,0,1,0,0,차대차 - 측면충돌,신호위반,건조,맑음,교차로 - 교차로안,화물,남,57세,상해없음,승용,여,45세,중상
2018111600100058,2018년 11월 16일 05시,금요일,경상남도 창원시 성산구 남양동,경상사고,0,0,1,0,차대차 - 추돌,안전운전불이행,건조,맑음,단일로 - 기타,승용,여,21세,상해없음,승용,남,49세,경상
2018111600100076,2018년 11월 16일 06시,금요일,경상남도 양산시 명동,중상사고,0,1,0,0,차대사람 - 횡단중,보행자보호의무위반,건조,맑음,교차로 - 교차로횡단보도내,승용,남,44세,상해없음,보행자,남,70세,중상
2018111600100097,2018년 11월 16일 07시,금요일,경상남도 거제시 고현동,중상사고,0,1,0,0,차대차 - 기타,안전운전불이행,건조,맑음,단일로 - 기타,승용,남,44세,상해없음,이륜,남,36세,중상
2018111600100136,2018년 11월 16일 08시,금요일,경상남도 진주시 가좌동,중상사고,0,1,0,0,차대차 - 측면충돌,신호위반,건조,맑음,교차로 - 교차로횡단보도내,화물,남,71세,상해없음,자전거,여,18세,중상
2018111600100137,2018년 11월 16일 08시,금요일,경상남도 하동군 금성면,중상사고,0,2,0,0,차대차 - 기타,교차로운행방법위반,젖음/습기,비,교차로 - 교차로안,승용,여,57세,상해없음,승용,남,46세,중상
2018111600100168,2018년 11월 16일 09시,금요일,경상남도 남해군 남해읍,중상사고,0,1,0,0,차대차 - 측면충돌,안전운전불이행,건조,맑음,교차로 - 교차로안,승용,여,60세,상해없음,승용,여,40세,중상
2018111600100190,2018년 11월 16일 10시,금요일,경상남도 통영시 무전동,경상사고,0,0,1,0,차대차 - 측면충돌,안전거리미확보,건조,맑음,교차로 - 교차로안,화물,남,58세,상해없음,승용,여,58세,경상
2018111600100191,2018년 11월 16일 10시,금요일,경상남도 사천시 선구동,중상사고,0,1,0,0,차대차 - 측면충돌,안전운전불이행,건조,맑음,단일로 - 기타,승용,여,54세,상해없음,자전거,남,77세,중상
2018111600100192,2018년 11월 16일 10시,금요일,경상남도 양산시 삼호동,경상사고,0,0,1,0,차대차 - 측면충돌,신호위반,건조,맑음,교차로 - 교차로안,승용,여,55세,상해없음,승용,남,57세,경상
2018111600100193,2018년 11월 16일 10시,금요일,경상남도 거제시 사등면,중상사고,0,1,0,0,차대차 - 정면충돌,중앙선침범,건조,맑음,단일로 - 기타,승용,남,21세,상해없음,승용,남,18세,중상
2018111600100194,2018년 11월 16일 10시,금요일,경상남도 거제시 연초면,경상사고,0,0,3,0,차대차 - 측면충돌,중앙선침범,건조,맑음,단일로 - 기타,화물,남,70세,경상,승용,여,32세,경상