사고번호,사고일시,요일,시군구,사고내용,사망자수,중상자수,경상자수,부상신고자수,사고유형,법규위반,노면상태,기상상태,도로형태,가해운전자 차종,가해운전자 성별,가해운전자 연령,가해운전자 상해정도,피해운전자 차종,피해운전자 성별,피해운전자 연령,피해운전자 상해정도
2018112000100243,2018년 11월 20일 12시,화요일,경상남도 창원시 마산합포구 신포동2가,중상사고,0,1,1,0,차대사람 - 횡단중,안전운전불이행,건조,맑음,교차로 - 교차로안,승용,여,44세,상해없음,보행자,여,57세,중상
2018112000100244,2018년 11월 20일 12시,화요일,경상남도 김해시 상동면,중상사고,0,1,0,0,차대사람 - 횡단중,안전운전불이행,건조,맑음,기타 - 기타,승용,여,41세,상해없음,보행자,남,58세,중상
2018112000100245,2018년 11월 20일 12시,화요일,경상남도 김해시 흥동,경상사고,0,0,1,0,차대차 - 추돌,안전운전불이행,건조,맑음,단일로 - 기타,승용,남,39세,상해없음,승용,남,53세,상해없음
2018112000100274,2018년 11월 20일 13시,화요일,경상남도 사천시 사남면,중상사고,0,1,0,0,차대차 - 후진중충돌,안전운전불이행,건조,맑음,단일로 - 기타,화물,남,69세,상해없음,자전거,여,66세,중상
2018112000100303,2018년 11월 20일 14시,화요일,경상남도 진주시 중안동,중상사고,0,1,0,0,차대사람 - 횡단중,안전운전불이행,건조,맑음,단일로 - 기타,이륜,남,23세,상해없음,보행자,여,18세,중상
2018112000100304,2018년 11월 20일 14시,화요일,경상남도 통영시 무전동,경상사고,0,0,1,0,차대차 - 기타,안전운전불이행,건조,맑음,단일로 - 기타,승용,여,47세,경상,화물,남,51세,상해없음
2018112000100338,2018년 11월 20일 15시,화요일,경상남도 진주시 대곡면,중상사고,0,2,0,0,차대차 - 추돌,안전운전불이행,건조,맑음,단일로 - 기타,승용,남,65세,상해없음,농기계,남,35세,중상
2018112000100448,2018년 11월 20일 17시,화요일,경상남도 거제시 고현동,중상사고,0,1,0,0,차대차 - 측면충돌,신호위반,건조,맑음,교차로 - 교차로안,승용,남,56세,상해없음,이륜,남,36세,중상
2018112000100449,2018년 11월 20일 17시,화요일,경상남도 창원시 의창구 중동,사망사고,1,0,0,0,차대사람 - 기타,안전운전불이행,건조,맑음,기타 - 기타,승용,남,36세,상해없음,보행자,남,64세,사망
2018112000100450,2018년 11월 20일 17시,화요일,경상남도 김해시 한림면,사망사고,1,0,0,0,차대사람 - 횡단중,안전운전불이행,건조,맑음,단일로 - 기타,화물,남,59세,상해없음,보행자,여,86세,사망
2018112000100504,2018년 11월 20일 18시,화요일,경상남도 진주시 내동면,경상사고,0,0,2,0,차대차 - 측면충돌,차로위반,건조,맑음,교차로 - 교차로부근,승용,남,76세,경상,승합,남,51세,경상
2018112000100505,2018년 11월 20일 18시,화요일,경상남도 양산시 덕계동,중상사고,0,1,0,0,차대사람 - 기타,안전운전불이행,건조,맑음,단일로 - 기타,승합,남,62세,상해없음,보행자,남,62세,중상
2018112000100506,2018년 11월 20일 18시,화요일,경상남도 거제시 상동동,중상사고,0,1,0,0,차대차 - 추돌,안전거리미확보,건조,맑음,교차로 - 교차로부근,승용,남,50세,상해없음,이륜,남,32세,중상
2018112000100507,2018년 11월 20일 18시,화요일,경상남도 창원시 의창구 봉곡동,경상사고,0,0,2,0,차대차 - 추돌,안전운전불이행,건조,맑음,교차로 - 교차로안,승용,여,52세,상해없음,승용,여,64세,경상
2018112000100508,2018년 11월 20일 18시,화요일,경상남도 창원시 의창구 북면,경상사고,0,0,1,0,차대차 - 측면충돌,안전운전불이행,건조,맑음,단일로 - 기타,승합,여,52세,상해없음,이륜,남,37세,경상
2018112000100565,2018년 11월 20일 19시,화요일,경상남도 창원시 의창구 서상동,중상사고,0,1,0,0,차대차 - 기타,안전운전불이행,건조,맑음,단일로 - 기타,승용,남,68세,상해없음,이륜,남,27세,중상
2018112000100620,2018년 11월 20일 21시,화요일,경상남도 창원시 성산구 상복동,중상사고,0,1,0,0,차대차 - 측면충돌,안전운전불이행,건조,맑음,기타 - 기타,승용,남,38세,상해없음,승용,여,52세,중상
2018112000100642,2018년 11월 20일 22시,화요일,경상남도 사천시 벌리동,중상사고,0,1,2,0,차대차 - 측면충돌,직진우회전진행방해,건조,맑음,교차로 - 교차로안,승용,남,55세,경상,승용,남,31세,경상
2018112000100663,2018년 11월 20일 23시,화요일,경상남도 양산시 물금읍,경상사고,0,0,3,0,차대차 - 기타,안전운전불이행,건조,맑음,단일로 - 기타,승용,남,30세,상해없음,승용,남,34세,상해없음
2018112000100664,2018년 11월 20일 23시,화요일,경상남도 창원시 의창구 용호동,경상사고,0,0,1,1,차대차 - 측면충돌,안전운전불이행,건조,맑음,교차로 - 교차로안,승용,여,56세,상해없음,승용,남,28세,경상
2018112100100015,2018년 11월 21일 00시,수요일,경상남도 진주시 상봉동,중상사고,0,1,1,0,차대차 - 측면충돌,교차로운행방법위반,건조,맑음,교차로 - 교차로안,승용,여,35세,상해없음,승용,남,60세,중상
2018112100100088,2018년 11월 21일 06시,수요일,경상남도 밀양시 상남면,경상사고,0,0,1,0,차대차 - 측면충돌,안전운전불이행,건조,흐림,단일로 - 기타,이륜,남,62세,경상,승용,남,46세,상해없음
2018112100100140,2018년 11월 21일 08시,수요일,경상남도 남해군 남해읍,중상사고,0,2,0,0,차대차 - 측면충돌,안전운전불이행,건조,맑음,교차로 - 교차로안,화물,남,41세,상해없음,승용,남,69세,중상
2018112100100198,2018년 11월 21일 10시,수요일,경상남도 거창군 거창읍,경상사고,0,0,1,0,차량단독 - 전도전복 - 전도,안전운전불이행,건조,흐림,단일로 - 기타,이륜,남,63세,경상,미분류,미분류,미분류,미분류
2018112100100199,2018년 11월 21일 10시,수요일,경상남도 거제시 장목면,사망사고,1,0,0,0,차대사람 - 차도통행중,신호위반,건조,맑음,교차로 - 교차로부근,화물,남,59세,상해없음,보행자,여,70세,사망
2018112100100224,2018년 11월 21일 11시,수요일,경상남도 통영시 광도면,경상사고,0,0,1,0,차대차 - 추돌,안전거리미확보,건조,맑음,단일로 - 기타,승용,남,41세,상해없음,승합,남,48세,경상
2018112100100225,2018년 11월 21일 11시,수요일,경상남도 밀양시 삼랑진읍,중상사고,0,1,0,0,차대차 - 측면충돌,안전운전불이행,건조,맑음,단일로 - 기타,화물,남,50세,상해없음,이륜,남,81세,중상
2018112100100226,2018년 11월 21일 11시,수요일,경상남도 창녕군 도천면,중상사고,0,1,0,0,차대사람 - 기타,보행자보호의무위반,건조,맑음,교차로 - 교차로안,화물,남,27세,상해없음,보행자,여,77세,중상
2018112100100227,2018년 11월 21일 11시,수요일,경상남도 창녕군 대지면,중상사고,0,1,0,0,차대차 - 기타,신호위반,건조,맑음,교차로 - 교차로안,화물,남,83세,상해없음,승용,여,55세,중상
2018112100100248,2018년 11월 21일 12시,수요일,경상남도 양산시 명동,부상신고사고,0,0,0,2,차대차 - 기타,교차로운행방법위반,건조,맑음,교차로 - 교차로부근,승용,남,41세,부상신고,승용,남,27세,부상신고
2018112100100249,2018년 11월 21일 12시,수요일,경상남도 고성군 동해면,중상사고,0,1,0,0,차대차 - 정면충돌,안전운전불이행,건조,맑음,단일로 - 기타,승용,여,53세,상해없음,이륜,남,70세,중상
2018112100100277,2018년 11월 21일 13시,수요일,경상남도 김해시 삼방동,경상사고,0,0,1,0,차대차 - 기타,안전운전불이행,건조,맑음,단일로 - 기타,승용,남,59세,상해없음,승용,남,56세,경상
2018112100100300,2018년 11월 21일 14시,수요일,경상남도 창원시 진해구 남양동,사망사고,1,0,0,0,차대사람 - 기타,안전운전불이행,건조,맑음,단일로 - 기타,화물,남,37세,상해없음,보행자,남,58세,사망
2018112100100301,2018년 11월 21일 14시,수요일,경상남도 사천시 서포면,경상사고,0,0,1,0,차대차 - 추돌,안전운전불이행,건조,맑음,단일로 - 기타,화물,남,66세,상해없음,화물,남,70세,경상
2018112100100302,2018년 11월 21일 14시,수요일,경상남도 김해시 진례면,경상사고,0,0,1,0,차대차 - 기타,교차로운행방법위반,건조,맑음,교차로 - 교차로부근,화물,남,49세,상해없음,승용,여,46세,경상
2018112100100303,2018년 11월 21일 14시,수요일,경상남도 김해시 대청동,중상사고,0,1,0,0,차대차 - 기타,안전운전불이행,건조,맑음,교차로 - 교차로안,승용,남,81세,상해없음,원동기,남,57세,중상
2018112100100325,2018년 11월 21일 15시,수요일,경상남도 고성군 하일면,중상사고,0,1,0,1,차대차 - 측면충돌,안전거리미확보,건조,맑음,교차로 - 교차로안,화물,남,62세,상해없음,승합,남,60세,부상신고
2018112100100326,2018년 11월 21일 15시,수요일,경상남도 거제시 문동동,경상사고,0,0,1,0,차대차 - 기타,안전거리미확보,건조,맑음,단일로 - 기타,승용,여,43세,상해없음,승용,남,35세,경상
2018112100100358,2018년 11월 21일 16시,수요일,경상남도 창원시 마산합포구 교방동,중상사고,0,2,0,0,차대차 - 측면충돌,안전운전불이행,건조,맑음,교차로 - 교차로부근,건설기계,남,58세,상해없음,승용,여,58세,중상
2018112100100359,2018년 11월 21일 16시,수요일,경상남도 창원시 진해구 남양동,중상사고,0,1,0,0,차대차 - 측면충돌,기타,건조,맑음,교차로 - 교차로안,승용,남,52세,상해없음,화물,남,60세,중상
2018112100100360,2018년 11월 21일 16시,수요일,경상남도 밀양시 내이동,경상사고,0,0,1,0,차대차 - 측면충돌,중앙선침범,건조,맑음,단일로 - 기타,승용,남,61세,상해없음,화물,여,48세,경상
2018112100100413,2018년 11월 21일 17시,수요일,경상남도 진주시 평거동,중상사고,0,1,0,0,차대사람 - 횡단중,신호위반,건조,맑음,단일로 - 기타,승용,여,21세,상해없음,보행자,남,12세,중상
2018112100100414,2018년 11월 21일 17시,수요일,경상남도 김해시 삼계동,경상사고,0,0,1,0,차대차 - 측면충돌,안전운전불이행,건조,맑음,교차로 - 교차로부근,승용,남,50세,상해없음,승용,여,45세,상해없음
2018112100100468,2018년 11월 21일 18시,수요일,경상남도 김해시 어방동,경상사고,0,0,2,0,차대차 - 기타,신호위반,건조,맑음,교차로 - 교차로안,승용,남,71세,상해없음,원동기,남,29세,경상
2018112100100469,2018년 11월 21일 18시,수요일,경상남도 거제시 장평동,중상사고,0,1,0,0,차대사람 - 기타,안전운전불이행,건조,맑음,교차로 - 교차로안,승용,남,57세,상해없음,보행자,여,77세,중상
2018112100100470,2018년 11월 21일 18시,수요일,경상남도 창원시 의창구 동정동,경상사고,0,0,1,0,차대차 - 측면충돌,안전운전불이행,건조,맑음,교차로 - 교차로안,승용,남,50세,상해없음,승용,여,56세,경상
2018112100100511,2018년 11월 21일 19시,수요일,경상남도 창원시 마산합포구 추산동,중상사고,0,1,0,0,차대차 - 기타,중앙선침범,건조,맑음,교차로 - 교차로부근,승용,남,73세,상해없음,자전거,남,15세,중상
2018112100100512,2018년 11월 21일 19시,수요일,경상남도 함안군 칠원읍,경상사고,0,0,1,0,차대차 - 추돌,안전운전불이행,건조,맑음,단일로 - 기타,승용,남,58세,상해없음,농기계,여,61세,경상
2018112100100545,2018년 11월 21일 20시,수요일,경상남도 창원시 진해구 대흥동,중상사고,0,1,3,0,차대차 - 측면충돌,안전운전불이행,건조,맑음,단일로 - 기타,승용,남,23세,경상,승용,남,56세,상해없음
2018112100100546,2018년 11월 21일 20시,수요일,경상남도 합천군 가야면,경상사고,0,0,1,0,차대사람 - 기타,안전운전불이행,건조,맑음,주차장 - 주차장,승용,남,62세,상해없음,보행자,남,31세,경상
2018112100100576,2018년 11월 21일 21시,수요일,경상남도 창원시 마산합포구 동성동,경상사고,0,0,1,0,차대차 - 측면충돌,직진우회전진행방해,건조,맑음,교차로 - 교차로안,이륜,남,58세,경상,승용,남,53세,상해없음
2018112100100577,2018년 11월 21일 21시,수요일,경상남도 창원시 진해구 자은동,중상사고,0,1,1,0,차대차 - 측면충돌,기타,건조,맑음,교차로 - 교차로안,승용,남,36세,상해없음,승용,여,63세,경상
2018112100100578,2018년 11월 21일 21시,수요일,경상남도 거제시 고현동,경상사고,0,0,1,0,차대차 - 기타,교차로운행방법위반,건조,맑음,교차로 - 교차로안,승용,여,41세,상해없음,자전거,남,38세,경상
2018112100100603,2018년 11월 21일 22시,수요일,경상남도 창원시 성산구 상남동,중상사고,0,1,0,0,차대사람 - 차도통행중,안전운전불이행,건조,맑음,교차로 - 교차로부근,승용,남,60세,상해없음,보행자,여,57세,중상
2018112100100604,2018년 11월 21일 22시,수요일,경상남도 창원시 마산회원구 내서읍,중상사고,0,1,0,0,차대사람 - 기타,안전운전불이행,건조,맑음,주차장 - 주차장,승용,남,35세,상해없음,보행자,여,60세,중상
2018112100100622,2018년 11월 21일 23시,수요일,경상남도 창원시 의창구 도계동,경상사고,0,0,1,0,차대차 - 측면충돌,안전운전불이행,건조,맑음,교차로 - 교차로부근,자전거,여,53세,상해없음,이륜,남,29세,경상
2018112200100029,2018년 11월 22일 03시,목요일,경상남도 창원시 마산합포구 우산동,경상사고,0,0,1,1,차대차 - 측면충돌,신호위반,건조,맑음,단일로 - 기타,특수,남,45세,상해없음,승용,남,63세,경상
2018112200100062,2018년 11월 22일 06시,목요일,경상남도 창원시 마산합포구 남성동,경상사고,0,0,1,0,차대차 - 측면충돌,안전운전불이행,건조,맑음,단일로 - 기타,기타불명,기타불명,미분류,기타불명,화물,남,57세,경상
2018112200100087,2018년 11월 22일 07시,목요일,경상남도 김해시 구산동,경상사고,0,0,1,0,차대차 - 기타,교차로운행방법위반,건조,맑음,교차로 - 교차로안,승용,여,32세,상해없음,승용,여,51세,경상
2018112200100089,2018년 11월 22일 07시,목요일,경상남도 산청군 금서면,경상사고,0,0,1,0,차량단독 - 전도전복 - 전도,안전운전불이행,건조,맑음,교차로 - 교차로부근,이륜,남,66세,경상,미분류,미분류,미분류,미분류
2018112200100090,2018년 11월 22일 07시,목요일,경상남도 창원시 의창구 두대동,중상사고,0,1,0,0,차대차 - 기타,신호위반,건조,맑음,교차로 - 교차로안,승용,남,53세,기타불명,승합,남,58세,상해없음
2018112200100139,2018년 11월 22일 08시,목요일,경상남도 진주시 수정동,경상사고,0,0,1,0,차대사람 - 횡단중,안전운전불이행,건조,맑음,교차로 - 교차로안,승용,남,79세,상해없음,보행자,여,66세,경상
2018112200100192,2018년 11월 22일 09시,목요일,경상남도 창원시 진해구 마천동,중상사고,0,1,0,0,차대차 - 기타,안전거리미확보,건조,맑음,단일로 - 기타,승용,남,29세,상해없음,승용,여,47세,중상
2018112200100193,2018년 11월 22일 09시,목요일,경상남도 사천시 곤양면,사망사고,1,0,0,0,차대차 - 기타,기타,건조,맑음,단일로 - 기타,승합,남,56세,상해없음,원동기,여,57세,사망
2018112200100194,2018년 11월 22일 09시,목요일,경상남도 양산시 물금읍,중상사고,0,1,1,0,차대차 - 기타,안전운전불이행,건조,맑음,단일로 - 지하차도(도로)내,승합,남,31세,기타불명,승합,여,56세,상해없음
2018112200100195,2018년 11월 22일 09시,목요일,경상남도 창원시 성산구 반림동,경상사고,0,0,2,0,차대차 - 측면충돌,안전운전불이행,건조,맑음,교차로 - 교차로부근,승용,여,35세,경상,특수,남,35세,경상
2018112200100196,2018년 11월 22일 09시,목요일,경상남도 창원시 의창구 팔용동,중상사고,0,2,0,0,차대차 - 추돌,안전운전불이행,건조,맑음,단일로 - 기타,승합,남,53세,상해없음,화물,남,28세,중상
2018112200100229,2018년 11월 22일 10시,목요일,경상남도 사천시 사남면,중상사고,0,1,0,0,차대사람 - 횡단중,안전운전불이행,건조,맑음,단일로 - 기타,승용,여,42세,상해없음,보행자,여,57세,중상
2018112200100260,2018년 11월 22일 11시,목요일,경상남도 의령군 의령읍,경상사고,0,0,1,0,차대차 - 추돌,안전운전불이행,건조,맑음,미분류 - 미분류,이륜,여,69세,경상,화물,남,58세,상해없음
2018112200100324,2018년 11월 22일 13시,목요일,경상남도 양산시 남부동,경상사고,0,0,1,0,차대차 - 기타,안전운전불이행,건조,맑음,단일로 - 기타,승용,남,59세,상해없음,자전거,남,71세,경상
2018112200100363,2018년 11월 22일 14시,목요일,경상남도 밀양시 삼랑진읍,경상사고,0,0,1,0,차대차 - 후진중충돌,신호위반,건조,맑음,교차로 - 교차로안,승용,남,82세,상해없음,승용,남,46세,경상
2018112200100400,2018년 11월 22일 15시,목요일,경상남도 진주시 상평동,경상사고,0,0,1,0,차대차 - 측면충돌,중앙선침범,건조,맑음,단일로 - 기타,이륜,남,24세,기타불명,승용,여,33세,경상
2018112200100428,2018년 11월 22일 16시,목요일,경상남도 김해시 구산동,중상사고,0,1,0,0,차대사람 - 횡단중,보행자보호의무위반,건조,맑음,교차로 - 교차로횡단보도내,자전거,남,13세,기타불명,보행자,여,79세,중상
2018112200100429,2018년 11월 22일 16시,목요일,경상남도 고성군 고성읍,경상사고,0,0,1,0,차대사람 - 횡단중,안전운전불이행,건조,맑음,단일로 - 기타,승용,남,45세,상해없음,보행자,남,13세,경상
2018112200100430,2018년 11월 22일 16시,목요일,경상남도 김해시 진영읍,중상사고,0,1,0,0,차대사람 - 횡단중,보행자보호의무위반,건조,맑음,교차로 - 교차로안,승용,남,72세,상해없음,보행자,여,54세,중상
2018112200100479,2018년 11월 22일 17시,목요일,경상남도 창원시 진해구 용원동,중상사고,0,1,0,0,차대차 - 기타,안전운전불이행,건조,맑음,단일로 - 기타,이륜,남,47세,중상,화물,남,56세,상해없음
2018112200100480,2018년 11월 22일 17시,목요일,경상남도 창원시 성산구 가음동,중상사고,0,1,0,0,차대사람 - 횡단중,보행자보호의무위반,건조,맑음,단일로 - 기타,이륜,남,21세,상해없음,보행자,여,52세,중상
2018112200100542,2018년 11월 22일 18시,목요일,경상남도 통영시 북신동,중상사고,0,1,0,0,차대사람 - 횡단중,보행자보호의무위반,건조,맑음,교차로 - 교차로횡단보도내,화물,남,64세,상해없음,보행자,여,54세,중상
2018112200100569,2018년 11월 22일 19시,목요일,경상남도 사천시 사천읍,경상사고,0,0,1,0,차대차 - 기타,안전운전불이행,건조,맑음,교차로 - 교차로부근,자전거,남,55세,상해없음,이륜,남,35세,경상
2018112200100570,2018년 11월 22일 19시,목요일,경상남도 거제시 능포동,중상사고,0,1,0,0,차대사람 - 기타,직진우회전진행방해,건조,맑음,교차로 - 교차로안,승용,남,43세,상해없음,보행자,여,59세,중상
2018112200100628,2018년 11월 22일 21시,목요일,경상남도 거창군 거창읍,경상사고,0,0,1,0,차대차 - 측면충돌,안전운전불이행,건조,맑음,교차로 - 교차로안,승용,남,26세,상해없음,승용,여,51세,경상
2018112200100629,2018년 11월 22일 21시,목요일,경상남도 창원시 의창구 중동,경상사고,0,0,1,0,차대차 - 기타,안전운전불이행,건조,맑음,단일로 - 기타,승용,남,61세,상해없음,승합,남,50세,상해없음
2018112200100676,2018년 11월 22일 23시,목요일,경상남도 창원시 마산합포구 신포동2가,중상사고,0,1,0,0,차대사람 - 횡단중,안전운전불이행,건조,맑음,단일로 - 기타,승용,여,48세,상해없음,보행자,남,65세,중상
2018112300100039,2018년 11월 23일 04시,금요일,경상남도 산청군 산청읍,중상사고,0,1,0,0,차대차 - 측면충돌,신호위반,건조,맑음,교차로 - 교차로안,이륜,남,72세,중상,화물,남,63세,상해없음
2018112300100071,2018년 11월 23일 06시,금요일,경상남도 창원시 진해구 석동,경상사고,0,0,1,0,차대차 - 측면충돌,교차로운행방법위반,건조,맑음,교차로 - 교차로안,승용,여,34세,상해없음,이륜,여,61세,경상
2018112300100143,2018년 11월 23일 08시,금요일,경상남도 거창군 거창읍,경상사고,0,0,1,0,차대차 - 측면충돌,안전운전불이행,건조,맑음,교차로 - 교차로안,승합,남,54세,상해없음,이륜,남,49세,경상
2018112300100144,2018년 11월 23일 08시,금요일,경상남도 거제시 아주동,경상사고,0,0,2,0,차대차 - 기타,신호위반,건조,맑음,교차로 - 교차로안,승용,남,39세,상해없음,승용,여,38세,경상
2018112300100145,2018년 11월 23일 08시,금요일,경상남도 창원시 의창구 서상동,경상사고,0,0,1,0,차대차 - 측면충돌,신호위반,건조,맑음,교차로 - 교차로안,승용,여,50세,기타불명,승용,남,75세,경상
2018112300100218,2018년 11월 23일 10시,금요일,경상남도 창녕군 대지면,경상사고,0,0,1,0,차대차 - 측면충돌,직진우회전진행방해,건조,맑음,교차로 - 교차로안,화물,남,65세,상해없음,화물,남,79세,경상
2018112300100247,2018년 11월 23일 11시,금요일,경상남도 창원시 진해구 석동,경상사고,0,0,2,0,차대차 - 기타,불법유턴,건조,맑음,단일로 - 기타,승용,남,39세,상해없음,이륜,남,41세,경상
2018112300100248,2018년 11월 23일 11시,금요일,경상남도 의령군 의령읍,경상사고,0,0,1,0,차대차 - 측면충돌,안전운전불이행,건조,맑음,미분류 - 미분류,승용,남,76세,상해없음,승용,여,51세,경상
2018112300100278,2018년 11월 23일 12시,금요일,경상남도 사천시 대방동,경상사고,0,0,4,0,차대차 - 측면충돌,신호위반,건조,맑음,교차로 - 교차로안,승용,남,37세,경상,화물,남,50세,경상
2018112300100279,2018년 11월 23일 12시,금요일,경상남도 거제시 고현동,경상사고,0,0,1,0,차대차 - 추돌,안전운전불이행,건조,맑음,단일로 - 기타,화물,남,56세,상해없음,승용,여,45세,경상
2018112300100280,2018년 11월 23일 12시,금요일,경상남도 김해시 진례면,경상사고,0,0,1,0,차대차 - 기타,교차로운행방법위반,건조,맑음,교차로 - 교차로안,승용,여,20세,상해없음,승용,남,47세,경상
2018112300100343,2018년 11월 23일 14시,금요일,경상남도 창원시 마산합포구 상남동,중상사고,0,1,0,0,차대차 - 측면충돌,안전운전불이행,건조,맑음,교차로 - 교차로안,승용,남,57세,상해없음,이륜,남,57세,중상
2018112300100344,2018년 11월 23일 14시,금요일,경상남도 사천시 대방동,경상사고,0,0,3,0,차대차 - 측면충돌,신호위반,건조,맑음,교차로 - 교차로안,승합,남,62세,경상,승용,여,50세,상해없음
2018112300100379,2018년 11월 23일 15시,금요일,경상남도 창녕군 영산면,경상사고,0,0,1,0,차대차 - 정면충돌,중앙선침범,건조,맑음,교차로 - 교차로부근,승용,남,60세,상해없음,화물,남,46세,경상
2018112300100380,2018년 11월 23일 15시,금요일,경상남도 김해시 관동동,중상사고,0,2,2,0,차대차 - 측면충돌,교차로운행방법위반,건조,맑음,교차로 - 교차로안,화물,여,61세,경상,승용,여,40세,중상
2018112300100424,2018년 11월 23일 16시,금요일,경상남도 밀양시 삼랑진읍,경상사고,0,0,1,0,차대차 - 측면충돌,중앙선침범,건조,맑음,단일로 - 기타,자전거,남,58세,경상,승용,남,50세,상해없음
2018112300100425,2018년 11월 23일 16시,금요일,경상남도 함안군 대산면,중상사고,0,1,0,0,차대사람 - 기타,안전운전불이행,건조,맑음,기타 - 기타,화물,남,64세,상해없음,보행자,남,39세,중상
2018112300100477,2018년 11월 23일 17시,금요일,경상남도 창원시 마산합포구 우산동,경상사고,0,0,1,0,차대차 - 측면충돌,안전거리미확보,건조,맑음,교차로 - 교차로부근,승용,남,69세,상해없음,화물,남,51세,경상
2018112300100478,2018년 11월 23일 17시,금요일,경상남도 통영시 당동,중상사고,0,1,0,0,차대사람 - 횡단중,보행자보호의무위반,건조,맑음,교차로 - 교차로부근,승합,남,58세,상해없음,보행자,여,61세,중상
2018112300100479,2018년 11월 23일 17시,금요일,경상남도 거제시 고현동,경상사고,0,0,1,0,차대차 - 측면충돌,직진우회전진행방해,건조,맑음,교차로 - 교차로안,승용,여,37세,상해없음,승용,남,26세,경상
2018112300100540,2018년 11월 23일 18시,금요일,경상남도 고성군 마암면,중상사고,0,1,0,0,차대차 - 추돌,안전거리미확보,건조,맑음,단일로 - 기타,승용,남,32세,상해없음,화물,여,59세,중상
2018112300100541,2018년 11월 23일 18시,금요일,경상남도 창원시 의창구 용호동,중상사고,0,1,0,0,차대사람 - 횡단중,안전운전불이행,건조,맑음,단일로 - 기타,화물,남,54세,상해없음,보행자,여,70세,중상
2018112300100542,2018년 11월 23일 18시,금요일,경상남도 창원시 성산구 중앙동,경상사고,0,0,1,0,차대차 - 측면충돌,안전운전불이행,건조,맑음,단일로 - 기타,승용,여,58세,상해없음,승용,남,33세,경상
2018112300100543,2018년 11월 23일 18시,금요일,경상남도 창원시 의창구 팔용동,경상사고,0,0,1,0,차대차 - 측면충돌,안전운전불이행,건조,맑음,단일로 - 기타,승용,남,26세,상해없음,승용,여,44세,경상
2018112300100544,2018년 11월 23일 18시,금요일,경상남도 창원시 의창구 동정동,경상사고,0,0,1,0,차대차 - 측면충돌,차로위반,건조,맑음,단일로 - 기타,승용,여,35세,상해없음,승용,남,36세,경상
2018112300100545,2018년 11월 23일 18시,금요일,경상남도 김해시 진영읍,중상사고,0,1,0,0,차대차 - 기타,안전운전불이행,건조,맑음,교차로 - 교차로부근,승용,남,48세,상해없음,승용,남,55세,중상
2018112300100601,2018년 11월 23일 19시,금요일,경상남도 창원시 마산합포구 월남동1가,중상사고,0,1,0,0,차대사람 - 횡단중,보행자보호의무위반,건조,맑음,교차로 - 교차로안,승용,남,56세,상해없음,보행자,남,51세,중상
2018112300100602,2018년 11월 23일 19시,금요일,경상남도 창원시 진해구 여좌동,중상사고,0,1,0,0,차대사람 - 횡단중,안전운전불이행,건조,맑음,단일로 - 기타,승합,남,52세,상해없음,보행자,여,53세,중상
2018112300100651,2018년 11월 23일 20시,금요일,경상남도 진주시 초전동,중상사고,0,1,0,0,차대차 - 추돌,안전운전불이행,건조,맑음,단일로 - 기타,승용,여,51세,상해없음,승용,여,49세,중상
2018112300100684,2018년 11월 23일 21시,금요일,경상남도 김해시 대동면,중상사고,0,1,0,0,차대차 - 기타,중앙선침범,건조,맑음,단일로 - 기타,기타불명,기타불명,미분류,기타불명,승합,남,57세,중상
2018112300100685,2018년 11월 23일 21시,금요일,경상남도 거제시 고현동,경상사고,0,0,1,0,차대차 - 측면충돌,신호위반,건조,맑음,교차로 - 교차로안,승용,남,55세,상해없음,승용,남,35세,경상
2018112300100686,2018년 11월 23일 21시,금요일,경상남도 거제시 장승포동,중상사고,0,1,0,0,차대사람 - 기타,보행자보호의무위반,건조,맑음,단일로 - 기타,승용,남,39세,상해없음,보행자,여,17세,중상
2018112300100712,2018년 11월 23일 22시,금요일,경상남도 김해시 대청동,경상사고,0,0,1,0,차대차 - 추돌,안전거리미확보,건조,맑음,단일로 - 기타,승용,남,32세,상해없음,승용,여,46세,경상
2018112300100733,2018년 11월 23일 23시,금요일,경상남도 김해시 서상동,경상사고,0,0,1,0,차대차 - 측면충돌,직진우회전진행방해,건조,맑음,교차로 - 교차로안,이륜,남,38세,경상,화물,남,43세,상해없음
2018112400100022,2018년 11월 24일 00시,토요일,경상남도 진주시 칠암동,경상사고,0,0,2,0,차대차 - 측면충돌,신호위반,건조,맑음,교차로 - 교차로안,승용,남,44세,상해없음,승용,남,61세,상해없음
2018112400100038,2018년 11월 24일 01시,토요일,경상남도 창원시 마산회원구 봉암동,중상사고,0,2,0,0,차대차 - 정면충돌,신호위반,건조,기타,교차로 - 교차로안,화물,남,50세,상해없음,승용,남,66세,중상
2018112400100052,2018년 11월 24일 02시,토요일,경상남도 창원시 마산합포구 교방동,사망사고,1,0,0,1,차대차 - 추돌,안전거리미확보,건조,맑음,단일로 - 기타,승용,남,65세,부상신고,건설기계,남,47세,상해없음
2018112400100053,2018년 11월 24일 02시,토요일,경상남도 함양군 수동면,사망사고,1,0,0,0,차대차 - 추돌,안전운전불이행,건조,맑음,단일로 - 기타,승용,남,31세,사망,화물,남,48세,상해없음