사고번호,사고일시,요일,시군구,사고내용,사망자수,중상자수,경상자수,부상신고자수,사고유형,법규위반,노면상태,기상상태,도로형태,가해운전자 차종,가해운전자 성별,가해운전자 연령,가해운전자 상해정도,피해운전자 차종,피해운전자 성별,피해운전자 연령,피해운전자 상해정도
2018112400100066,2018년 11월 24일 03시,토요일,경상남도 진주시 상대동,경상사고,0,0,1,0,차대사람 - 차도통행중,안전운전불이행,건조,맑음,단일로 - 기타,승용,남,48세,상해없음,보행자,남,57세,경상
2018112400100085,2018년 11월 24일 05시,토요일,경상남도 김해시 삼계동,중상사고,0,1,0,0,차대차 - 측면충돌,신호위반,건조,맑음,교차로 - 교차로안,승용,남,32세,상해없음,화물,남,29세,중상
2018112400100120,2018년 11월 24일 06시,토요일,경상남도 김해시 삼정동,중상사고,0,1,0,0,차량단독 - 공작물충돌,안전운전불이행,건조,맑음,단일로 - 기타,화물,남,59세,중상,,,,
2018112400100121,2018년 11월 24일 06시,토요일,경상남도 양산시 하북면,중상사고,0,1,0,0,차대차 - 기타,직진우회전진행방해,건조,맑음,교차로 - 교차로안,승용,여,61세,상해없음,화물,남,59세,중상
2018112400100122,2018년 11월 24일 06시,토요일,경상남도 창원시 마산회원구 양덕동,중상사고,0,1,0,0,차대차 - 측면충돌,안전운전불이행,건조,흐림,교차로 - 교차로안,승용,여,39세,상해없음,승용,남,54세,중상
2018112400100123,2018년 11월 24일 06시,토요일,경상남도 창원시 의창구 동읍,중상사고,0,1,0,0,차대사람 - 차도통행중,안전운전불이행,건조,맑음,교차로 - 교차로부근,승용,여,51세,상해없음,보행자,남,81세,중상
2018112400100184,2018년 11월 24일 08시,토요일,경상남도 사천시 사남면,경상사고,0,0,1,0,차대차 - 측면충돌,신호위반,건조,맑음,교차로 - 교차로안,승합,남,65세,상해없음,승용,남,29세,경상
2018112400100270,2018년 11월 24일 10시,토요일,경상남도 통영시 당동,경상사고,0,0,1,0,차대차 - 추돌,안전운전불이행,기타,기타,단일로 - 기타,화물,남,55세,상해없음,화물,여,57세,경상
2018112400100271,2018년 11월 24일 10시,토요일,경상남도 창원시 의창구 북면,경상사고,0,0,4,0,차대차 - 기타,안전운전불이행,건조,흐림,교차로 - 교차로안,승용,여,61세,상해없음,승용,남,37세,경상
2018112400100300,2018년 11월 24일 11시,토요일,경상남도 통영시 문화동,경상사고,0,0,2,0,차대차 - 측면충돌,중앙선침범,건조,맑음,단일로 - 기타,승합,남,56세,상해없음,승용,여,44세,경상
2018112400100301,2018년 11월 24일 11시,토요일,경상남도 함양군 함양읍,경상사고,0,0,1,0,차대사람 - 횡단중,안전운전불이행,건조,맑음,교차로 - 교차로안,승용,남,29세,상해없음,보행자,남,78세,경상
2018112400100302,2018년 11월 24일 11시,토요일,경상남도 양산시 삼호동,경상사고,0,0,1,0,차대차 - 정면충돌,기타,건조,맑음,교차로 - 교차로안,승용,여,55세,상해없음,농기계,남,60세,경상
2018112400100303,2018년 11월 24일 11시,토요일,경상남도 양산시 남부동,경상사고,0,0,2,0,차대차 - 측면충돌,안전운전불이행,건조,맑음,단일로 - 기타,승용,여,70세,상해없음,승용,남,32세,경상
2018112400100304,2018년 11월 24일 11시,토요일,경상남도 거제시 고현동,중상사고,0,1,0,0,차대사람 - 횡단중,보행자보호의무위반,젖음/습기,맑음,교차로 - 교차로횡단보도내,승합,남,61세,상해없음,보행자,남,21세,중상
2018112400100305,2018년 11월 24일 11시,토요일,경상남도 의령군 의령읍,경상사고,0,0,3,0,차대차 - 측면충돌,교차로운행방법위반,젖음/습기,비,교차로 - 교차로안,이륜,남,90세 이상,경상,승용,여,34세,경상
2018112400100367,2018년 11월 24일 13시,토요일,경상남도 통영시 항남동,경상사고,0,0,1,0,차대차 - 기타,안전운전불이행,젖음/습기,비,교차로 - 교차로안,승합,남,26세,상해없음,승용,남,45세,상해없음
2018112400100368,2018년 11월 24일 13시,토요일,경상남도 통영시 도천동,중상사고,0,1,3,0,차대차 - 정면충돌,중앙선침범,젖음/습기,비,단일로 - 기타,승용,남,72세,상해없음,승용,남,39세,중상
2018112400100369,2018년 11월 24일 13시,토요일,경상남도 양산시 물금읍,경상사고,0,0,2,0,차대차 - 측면충돌,교차로운행방법위반,건조,맑음,교차로 - 교차로안,승용,남,34세,경상,승용,남,55세,경상
2018112400100370,2018년 11월 24일 13시,토요일,경상남도 의령군 의령읍,경상사고,0,0,1,0,차대차 - 기타,신호위반,젖음/습기,비,교차로 - 교차로안,승용,남,56세,상해없음,승합,남,62세,상해없음
2018112400100371,2018년 11월 24일 13시,토요일,경상남도 김해시 부곡동,경상사고,0,0,1,0,차대차 - 측면충돌,안전운전불이행,젖음/습기,비,교차로 - 교차로부근,승용,남,43세,상해없음,승용,여,22세,경상
2018112400100396,2018년 11월 24일 14시,토요일,경상남도 진주시 대안동,중상사고,0,1,0,0,차대차 - 측면충돌,안전거리미확보,건조,맑음,단일로 - 기타,승용,여,48세,상해없음,이륜,남,33세,중상
2018112400100397,2018년 11월 24일 14시,토요일,경상남도 남해군 삼동면,경상사고,0,0,1,0,차량단독 - 공작물충돌,안전운전불이행,건조,맑음,단일로 - 기타,승용,여,46세,경상,,,,
2018112400100455,2018년 11월 24일 16시,토요일,경상남도 창원시 의창구 팔용동,경상사고,0,0,1,0,차대사람 - 횡단중,보행자보호의무위반,건조,흐림,교차로 - 교차로안,승용,남,43세,상해없음,보행자,여,78세,경상
2018112400100491,2018년 11월 24일 17시,토요일,경상남도 진주시 이현동,경상사고,0,0,2,0,차대차 - 측면충돌,신호위반,건조,맑음,교차로 - 교차로안,승용,남,83세,상해없음,승용,남,59세,경상
2018112400100492,2018년 11월 24일 17시,토요일,경상남도 창원시 진해구 청안동,중상사고,0,1,0,0,차대사람 - 보도통행중,보행자보호의무위반,젖음/습기,비,교차로 - 교차로횡단보도내,승합,남,58세,상해없음,보행자,남,18세,중상
2018112400100534,2018년 11월 24일 18시,토요일,경상남도 창원시 진해구 제황산동,중상사고,0,1,0,0,차대차 - 측면충돌,안전운전불이행,건조,맑음,교차로 - 교차로안,승합,남,38세,상해없음,자전거,남,73세,중상
2018112400100535,2018년 11월 24일 18시,토요일,경상남도 사천시 벌리동,중상사고,0,1,0,0,차대사람 - 횡단중,안전운전불이행,건조,맑음,교차로 - 교차로횡단보도내,승용,남,60세,상해없음,보행자,여,70세,중상
2018112400100536,2018년 11월 24일 18시,토요일,경상남도 거제시 능포동,경상사고,0,0,1,0,차대사람 - 기타,보행자보호의무위반,젖음/습기,흐림,교차로 - 교차로횡단보도내,이륜,남,63세,상해없음,보행자,남,58세,경상
2018112400100537,2018년 11월 24일 18시,토요일,경상남도 산청군 단성면,경상사고,0,0,3,0,차대차 - 정면충돌,중앙선침범,젖음/습기,안개,단일로 - 기타,화물,남,65세,경상,승용,남,67세,경상
2018112400100538,2018년 11월 24일 18시,토요일,경상남도 산청군 시천면,중상사고,0,1,0,0,차대차 - 측면충돌,신호위반,건조,맑음,교차로 - 교차로안,승용,남,35세,상해없음,농기계,남,63세,중상
2018112400100539,2018년 11월 24일 18시,토요일,경상남도 창원시 의창구 도계동,중상사고,0,1,2,0,차대차 - 추돌,안전운전불이행,젖음/습기,흐림,단일로 - 기타,승용,남,38세,상해없음,승용,남,61세,중상
2018112400100574,2018년 11월 24일 19시,토요일,경상남도 통영시 무전동,부상신고사고,0,0,0,1,차대차 - 측면충돌,안전운전불이행,건조,맑음,교차로 - 교차로안,이륜,남,20세,상해없음,이륜,남,37세,부상신고
2018112400100614,2018년 11월 24일 20시,토요일,경상남도 진주시 이현동,중상사고,0,1,0,0,차대차 - 측면충돌,신호위반,건조,맑음,교차로 - 교차로안,승용,여,54세,상해없음,이륜,남,36세,중상
2018112400100615,2018년 11월 24일 20시,토요일,경상남도 남해군 창선면,부상신고사고,0,0,0,1,차대사람 - 차도통행중,안전운전불이행,건조,흐림,단일로 - 기타,승용,남,52세,상해없음,보행자,남,49세,부상신고
2018112400100616,2018년 11월 24일 20시,토요일,경상남도 창원시 마산회원구 회성동,경상사고,0,0,3,0,차대차 - 추돌,안전운전불이행,건조,맑음,단일로 - 기타,승용,남,49세,상해없음,승용,여,41세,경상
2018112400100617,2018년 11월 24일 20시,토요일,경상남도 김해시 관동동,중상사고,0,1,0,0,차대차 - 측면충돌,안전운전불이행,건조,맑음,단일로 - 기타,승용,여,44세,상해없음,이륜,남,29세,중상
2018112400100700,2018년 11월 24일 23시,토요일,경상남도 통영시 정량동,경상사고,0,0,1,0,차대사람 - 기타,안전운전불이행,기타,안개,단일로 - 기타,승용,남,67세,상해없음,보행자,남,56세,경상
2018112500100011,2018년 11월 25일 00시,일요일,경상남도 창원시 마산합포구 두월동2가,경상사고,0,0,1,0,차대차 - 측면충돌,신호위반,건조,맑음,교차로 - 교차로안,승용,여,62세,상해없음,승용,여,59세,경상
2018112500100068,2018년 11월 25일 06시,일요일,경상남도 밀양시 교동,부상신고사고,0,0,0,1,차대차 - 추돌,안전운전불이행,젖음/습기,안개,교차로 - 교차로안,화물,남,65세,상해없음,승용,남,66세,상해없음
2018112500100081,2018년 11월 25일 07시,일요일,경상남도 창원시 성산구 외동,중상사고,0,1,1,0,차대차 - 정면충돌,신호위반,건조,맑음,교차로 - 교차로안,승용,남,76세,상해없음,승용,남,69세,경상
2018112500100091,2018년 11월 25일 08시,일요일,경상남도 양산시 북부동,경상사고,0,0,1,0,차대사람 - 기타,기타,건조,맑음,단일로 - 기타,승합,남,41세,상해없음,보행자,여,72세,경상
2018112500100105,2018년 11월 25일 09시,일요일,경상남도 합천군 야로면,중상사고,0,1,0,0,차대사람 - 횡단중,안전운전불이행,건조,맑음,교차로 - 교차로부근,화물,남,52세,상해없음,보행자,여,87세,중상
2018112500100160,2018년 11월 25일 12시,일요일,경상남도 함안군 산인면,중상사고,0,1,0,0,차대차 - 추돌,안전운전불이행,건조,맑음,교차로 - 교차로부근,이륜,남,59세,상해없음,이륜,남,38세,중상
2018112500100161,2018년 11월 25일 12시,일요일,경상남도 창원시 의창구 소계동,경상사고,0,0,2,0,차대차 - 추돌,안전거리미확보,건조,맑음,교차로 - 교차로부근,승합,남,64세,상해없음,승용,남,32세,경상
2018112500100186,2018년 11월 25일 13시,일요일,경상남도 사천시 정동면,중상사고,0,2,0,0,차대차 - 측면충돌,신호위반,건조,맑음,교차로 - 교차로안,승용,남,42세,상해없음,승용,남,36세,중상
2018112500100240,2018년 11월 25일 15시,일요일,경상남도 창원시 마산합포구 홍문동,경상사고,0,0,1,0,차대차 - 측면충돌,안전운전불이행,건조,맑음,교차로 - 교차로안,이륜,남,27세,경상,승용,남,66세,상해없음
2018112500100241,2018년 11월 25일 15시,일요일,경상남도 창원시 마산합포구 동성동,경상사고,0,0,2,0,차대차 - 추돌,안전운전불이행,건조,맑음,기타 - 기타,승용,남,63세,상해없음,승용,남,34세,경상
2018112500100242,2018년 11월 25일 15시,일요일,경상남도 사천시 벌리동,경상사고,0,0,1,0,차대차 - 기타,안전운전불이행,건조,맑음,교차로 - 교차로안,자전거,남,76세,경상,승용,남,57세,상해없음
2018112500100270,2018년 11월 25일 16시,일요일,경상남도 고성군 상리면,중상사고,0,1,0,0,차대차 - 정면충돌,안전운전불이행,건조,맑음,단일로 - 기타,승용,여,53세,상해없음,화물,남,36세,기타불명
2018112500100300,2018년 11월 25일 17시,일요일,경상남도 거제시 동부면,경상사고,0,0,2,0,차대차 - 측면충돌,안전운전불이행,건조,맑음,교차로 - 교차로안,승용,여,27세,경상,화물,남,60세,경상
2018112500100301,2018년 11월 25일 17시,일요일,경상남도 거제시 사등면,경상사고,0,0,1,0,차대차 - 측면충돌,안전운전불이행,건조,맑음,단일로 - 기타,승용,남,59세,상해없음,승용,남,46세,경상
2018112500100302,2018년 11월 25일 17시,일요일,경상남도 창원시 의창구 동읍,중상사고,0,1,0,1,차대차 - 추돌,안전거리미확보,건조,맑음,단일로 - 기타,승용,여,38세,상해없음,승용,여,41세,중상
2018112500100328,2018년 11월 25일 18시,일요일,경상남도 진주시 칠암동,중상사고,0,1,0,0,차대사람 - 횡단중,안전운전불이행,건조,맑음,단일로 - 기타,승용,남,67세,상해없음,보행자,남,42세,중상
2018112500100329,2018년 11월 25일 18시,일요일,경상남도 김해시 어방동,경상사고,0,0,1,0,차대차 - 측면충돌,안전운전불이행,건조,맑음,교차로 - 교차로부근,승용,남,33세,상해없음,승용,남,37세,경상
2018112500100330,2018년 11월 25일 18시,일요일,경상남도 창녕군 남지읍,중상사고,0,1,0,0,차대사람 - 횡단중,안전운전불이행,젖음/습기,비,단일로 - 기타,승용,남,26세,상해없음,보행자,남,55세,중상
2018112500100331,2018년 11월 25일 18시,일요일,경상남도 거제시 장목면,경상사고,0,0,1,0,차대차 - 기타,기타,건조,맑음,단일로 - 기타,승용,남,23세,상해없음,승용,남,46세,상해없음
2018112500100332,2018년 11월 25일 18시,일요일,경상남도 김해시 율하동,경상사고,0,0,1,0,차대차 - 측면충돌,중앙선침범,건조,맑음,단일로 - 기타,승용,남,41세,상해없음,이륜,남,17세,경상
2018112500100427,2018년 11월 25일 22시,일요일,경상남도 거제시 장승포동,경상사고,0,0,1,0,차대사람 - 차도통행중,안전운전불이행,건조,맑음,교차로 - 교차로안,승용,남,55세,상해없음,보행자,남,57세,경상
2018112500100428,2018년 11월 25일 22시,일요일,경상남도 거제시 고현동,경상사고,0,0,1,0,차대차 - 기타,신호위반,건조,맑음,교차로 - 교차로안,승용,남,47세,상해없음,승용,남,37세,경상
2018112500100429,2018년 11월 25일 22시,일요일,경상남도 창원시 성산구 상남동,경상사고,0,0,1,0,차대차 - 측면충돌,중앙선침범,건조,맑음,교차로 - 교차로안,승용,남,29세,상해없음,이륜,남,25세,경상
2018112500100430,2018년 11월 25일 22시,일요일,경상남도 김해시 한림면,중상사고,0,1,1,0,차대차 - 측면충돌,중앙선침범,건조,맑음,단일로 - 기타,승용,남,35세,경상,화물,여,36세,중상
2018112600100027,2018년 11월 26일 02시,월요일,경상남도 거창군 거창읍,중상사고,0,1,0,0,차대사람 - 기타,안전운전불이행,젖음/습기,안개,교차로 - 교차로안,승용,남,44세,상해없음,보행자,남,54세,중상
2018112600100028,2018년 11월 26일 02시,월요일,경상남도 창원시 마산회원구 양덕동,중상사고,0,1,0,0,차량단독 - 공작물충돌,안전운전불이행,건조,맑음,단일로 - 기타,이륜,남,35세,중상,,,,
2018112600100039,2018년 11월 26일 04시,월요일,경상남도 창원시 진해구 충무동,중상사고,0,2,0,0,차대차 - 추돌,안전운전불이행,건조,맑음,단일로 - 기타,승용,남,54세,상해없음,화물,남,62세,중상
2018112600100051,2018년 11월 26일 05시,월요일,경상남도 사천시 송포동,사망사고,1,0,0,0,차량단독 - 기타,안전운전불이행,건조,맑음,단일로 - 기타,승용,남,24세,사망,,,,
2018112600100071,2018년 11월 26일 06시,월요일,경상남도 남해군 남해읍,경상사고,0,0,1,0,차대차 - 측면충돌,안전운전불이행,건조,맑음,교차로 - 교차로안,이륜,남,72세,경상,승용,남,49세,상해없음
2018112600100091,2018년 11월 26일 07시,월요일,경상남도 양산시 동면,부상신고사고,0,0,0,1,차대차 - 측면충돌,교차로운행방법위반,건조,맑음,교차로 - 교차로안,자전거,남,14세,부상신고,승용,여,64세,상해없음
2018112600100092,2018년 11월 26일 07시,월요일,경상남도 남해군 삼동면,중상사고,0,1,0,0,차대차 - 측면충돌,안전운전불이행,젖음/습기,맑음,교차로 - 교차로부근,화물,남,57세,상해없음,승합,남,68세,상해없음
2018112600100133,2018년 11월 26일 08시,월요일,경상남도 창원시 마산합포구 문화동,중상사고,0,2,2,0,차대차 - 후진중충돌,안전운전불이행,건조,맑음,교차로 - 교차로안,승용,여,45세,상해없음,승용,여,47세,경상
2018112600100134,2018년 11월 26일 08시,월요일,경상남도 진주시 상평동,경상사고,0,0,1,0,차대차 - 측면충돌,안전운전불이행,건조,맑음,단일로 - 기타,자전거,남,56세,경상,승합,남,35세,상해없음
2018112600100135,2018년 11월 26일 08시,월요일,경상남도 김해시 불암동,중상사고,0,1,1,0,차대차 - 추돌,안전거리미확보,건조,맑음,교차로 - 교차로부근,화물,남,54세,상해없음,승용,여,56세,경상
2018112600100136,2018년 11월 26일 08시,월요일,경상남도 창원시 의창구 사림동,중상사고,0,1,0,0,차대사람 - 횡단중,보행자보호의무위반,건조,맑음,교차로 - 교차로횡단보도내,승용,여,35세,상해없음,보행자,남,62세,중상
2018112600100204,2018년 11월 26일 10시,월요일,경상남도 양산시 동면,경상사고,0,0,1,0,차대사람 - 기타,안전운전불이행,건조,맑음,단일로 - 기타,승용,남,53세,상해없음,보행자,남,37세,경상
2018112600100231,2018년 11월 26일 11시,월요일,경상남도 양산시 평산동,경상사고,0,0,1,0,차대차 - 기타,안전운전불이행,건조,맑음,교차로 - 교차로부근,승합,남,58세,상해없음,승용,남,39세,경상
2018112600100232,2018년 11월 26일 11시,월요일,경상남도 양산시 하북면,경상사고,0,0,1,1,차대차 - 측면충돌,안전운전불이행,건조,맑음,교차로 - 교차로안,승용,여,53세,경상,화물,남,57세,부상신고
2018112600100233,2018년 11월 26일 11시,월요일,경상남도 고성군 상리면,경상사고,0,0,1,0,차대차 - 추돌,신호위반,건조,맑음,교차로 - 교차로안,승용,남,68세,상해없음,승용,여,57세,상해없음
2018112600100268,2018년 11월 26일 12시,월요일,경상남도 창원시 마산합포구 진동면,경상사고,0,0,1,0,차대사람 - 기타,안전운전불이행,건조,맑음,기타 - 기타,승용,여,65세,상해없음,보행자,여,77세,경상
2018112600100269,2018년 11월 26일 12시,월요일,경상남도 창원시 마산회원구 내서읍,경상사고,0,0,6,0,차대차 - 측면충돌,신호위반,건조,맑음,교차로 - 교차로안,화물,남,61세,상해없음,승용,남,19세,경상
2018112600100306,2018년 11월 26일 13시,월요일,경상남도 거제시 하청면,경상사고,0,0,2,0,차대차 - 정면충돌,중앙선침범,건조,맑음,단일로 - 기타,승용,남,18세,상해없음,승용,남,31세,경상
2018112600100307,2018년 11월 26일 13시,월요일,경상남도 창원시 마산회원구 합성동,중상사고,0,1,0,0,차대차 - 추돌,안전운전불이행,건조,맑음,단일로 - 기타,승용,남,44세,상해없음,승용,남,45세,중상
2018112600100341,2018년 11월 26일 14시,월요일,경상남도 거창군 거창읍,경상사고,0,0,1,0,차대차 - 기타,안전거리미확보,건조,맑음,교차로 - 교차로안,농기계,남,65세,상해없음,승용,여,58세,상해없음
2018112600100342,2018년 11월 26일 14시,월요일,경상남도 김해시 진영읍,경상사고,0,0,1,0,차대차 - 측면충돌,안전운전불이행,건조,맑음,단일로 - 기타,승용,남,55세,상해없음,화물,남,41세,기타불명
2018112600100379,2018년 11월 26일 15시,월요일,경상남도 창원시 마산합포구 수성동,중상사고,0,1,0,0,차대사람 - 차도통행중,안전운전불이행,건조,맑음,단일로 - 기타,화물,남,71세,상해없음,보행자,여,61세,중상
2018112600100380,2018년 11월 26일 15시,월요일,경상남도 통영시 용남면,중상사고,0,2,0,0,차대차 - 측면충돌,중앙선침범,건조,맑음,단일로 - 기타,승용,남,51세,상해없음,승용,남,42세,중상
2018112600100381,2018년 11월 26일 15시,월요일,경상남도 사천시 벌리동,경상사고,0,0,3,0,차대차 - 측면충돌,직진우회전진행방해,건조,맑음,교차로 - 교차로안,승용,여,56세,경상,승용,남,76세,경상
2018112600100383,2018년 11월 26일 15시,월요일,경상남도 창원시 의창구 북면,경상사고,0,0,1,0,차대사람 - 기타,보행자보호의무위반,건조,맑음,단일로 - 기타,기타불명,기타불명,미분류,기타불명,보행자,여,12세,경상
2018112600100419,2018년 11월 26일 16시,월요일,경상남도 창원시 진해구 이동,중상사고,0,1,0,0,차대차 - 측면충돌,불법유턴,건조,맑음,교차로 - 교차로부근,승용,여,40세,상해없음,승용,여,43세,중상
2018112600100420,2018년 11월 26일 16시,월요일,경상남도 밀양시 하남읍,중상사고,0,1,0,0,차대사람 - 기타,안전운전불이행,건조,맑음,교차로 - 교차로안,승용,남,74세,상해없음,보행자,여,82세,중상
2018112600100421,2018년 11월 26일 16시,월요일,경상남도 거창군 가조면,중상사고,0,1,0,0,차대차 - 기타,안전운전불이행,건조,맑음,단일로 - 기타,승용,여,49세,상해없음,이륜,남,61세,중상
2018112600100422,2018년 11월 26일 16시,월요일,경상남도 창원시 마산회원구 구암동,경상사고,0,0,1,0,차대차 - 정면충돌,신호위반,건조,맑음,교차로 - 교차로안,승용,여,32세,상해없음,이륜,남,76세,경상
2018112600100423,2018년 11월 26일 16시,월요일,경상남도 김해시 진례면,경상사고,0,0,2,0,차대차 - 측면충돌,차로위반,건조,맑음,단일로 - 기타,이륜,남,77세,상해없음,승용,여,41세,경상
2018112600100445,2018년 11월 26일 17시,월요일,경상남도 김해시 대동면,경상사고,0,0,1,0,차대차 - 측면충돌,안전운전불이행,건조,맑음,단일로 - 기타,승용,남,64세,상해없음,승용,남,50세,경상
2018112600100520,2018년 11월 26일 18시,월요일,경상남도 김해시 동상동,경상사고,0,0,2,0,차대차 - 측면충돌,안전운전불이행,건조,맑음,교차로 - 교차로안,승용,남,33세,경상,승용,여,52세,경상
2018112600100521,2018년 11월 26일 18시,월요일,경상남도 합천군 야로면,중상사고,0,1,0,0,차대차 - 추돌,안전운전불이행,건조,맑음,단일로 - 기타,승용,남,32세,상해없음,농기계,남,72세,중상
2018112600100640,2018년 11월 26일 22시,월요일,경상남도 창원시 마산합포구 자산동,사망사고,1,0,0,0,차대사람 - 횡단중,신호위반,건조,맑음,교차로 - 교차로안,승합,남,47세,상해없음,보행자,여,72세,사망
2018112600100651,2018년 11월 26일 23시,월요일,경상남도 창원시 성산구 사파동,경상사고,0,0,1,0,차대차 - 정면충돌,신호위반,건조,흐림,교차로 - 교차로안,승용,여,30세,상해없음,승용,남,56세,경상
2018112700100018,2018년 11월 27일 01시,화요일,경상남도 창원시 마산회원구 석전동,사망사고,1,0,0,0,차대사람 - 기타,안전운전불이행,건조,맑음,교차로 - 교차로부근,승용,남,67세,상해없음,보행자,남,66세,사망
2018112700100025,2018년 11월 27일 02시,화요일,경상남도 양산시 동면,중상사고,0,1,3,0,차대차 - 측면충돌,신호위반,건조,맑음,교차로 - 교차로안,승용,남,63세,상해없음,승용,남,51세,경상
2018112700100034,2018년 11월 27일 04시,화요일,경상남도 통영시 정량동,중상사고,0,1,0,0,차대사람 - 횡단중,보행자보호의무위반,건조,맑음,단일로 - 기타,승용,남,50세,상해없음,보행자,여,60세,중상
2018112700100042,2018년 11월 27일 05시,화요일,경상남도 산청군 신안면,경상사고,0,0,1,0,차량단독 - 도로외이탈 - 기타,안전운전불이행,건조,맑음,단일로 - 기타,농기계,남,53세,경상,,,,
2018112700100058,2018년 11월 27일 06시,화요일,경상남도 김해시 내동,중상사고,0,1,0,0,차대차 - 기타,신호위반,건조,맑음,교차로 - 교차로안,화물,남,41세,상해없음,자전거,남,47세,중상
2018112700100059,2018년 11월 27일 06시,화요일,경상남도 창원시 의창구 중동,중상사고,0,1,0,0,차대사람 - 기타,보행자보호의무위반,건조,맑음,교차로 - 교차로안,승용,남,52세,상해없음,보행자,여,71세,중상
2018112700100089,2018년 11월 27일 07시,화요일,경상남도 김해시 삼정동,경상사고,0,0,1,0,차대차 - 기타,안전운전불이행,건조,맑음,단일로 - 기타,화물,남,59세,상해없음,승용,남,35세,경상
2018112700100090,2018년 11월 27일 07시,화요일,경상남도 거제시 고현동,부상신고사고,0,0,0,2,차대사람 - 기타,안전운전불이행,건조,맑음,단일로 - 기타,이륜,남,29세,부상신고,보행자,여,29세,부상신고
2018112700100124,2018년 11월 27일 08시,화요일,경상남도 창원시 마산합포구 진북면,경상사고,0,0,1,0,차대차 - 측면충돌,안전거리미확보,건조,맑음,단일로 - 기타,화물,남,57세,상해없음,승용,여,52세,경상
2018112700100125,2018년 11월 27일 08시,화요일,경상남도 통영시 도천동,경상사고,0,0,1,0,차대차 - 측면충돌,안전운전불이행,건조,맑음,교차로 - 교차로안,승용,남,72세,상해없음,승용,남,70세,경상
2018112700100126,2018년 11월 27일 08시,화요일,경상남도 사천시 동금동,경상사고,0,0,1,0,차대차 - 측면충돌,신호위반,건조,맑음,교차로 - 교차로안,승용,남,62세,상해없음,화물,남,66세,경상
2018112700100166,2018년 11월 27일 09시,화요일,경상남도 창원시 진해구 남문동,경상사고,0,0,1,0,차대차 - 측면충돌,안전운전불이행,건조,맑음,단일로 - 기타,건설기계,남,64세,상해없음,승용,여,60세,경상
2018112700100188,2018년 11월 27일 10시,화요일,경상남도 창원시 마산합포구 진동면,경상사고,0,0,1,0,차대사람 - 차도통행중,안전운전불이행,건조,맑음,단일로 - 기타,화물,남,64세,기타불명,보행자,여,43세,경상
2018112700100189,2018년 11월 27일 10시,화요일,경상남도 사천시 벌리동,중상사고,0,1,1,0,차량단독 - 전도전복 - 전도,안전운전불이행,건조,맑음,단일로 - 기타,이륜,남,64세,경상,미분류,미분류,미분류,미분류
2018112700100190,2018년 11월 27일 10시,화요일,경상남도 밀양시 내이동,중상사고,0,1,1,0,차대차 - 측면충돌,교차로운행방법위반,건조,맑음,교차로 - 교차로안,승용,남,42세,상해없음,승용,남,31세,경상
2018112700100191,2018년 11월 27일 10시,화요일,경상남도 합천군 적중면,경상사고,0,0,1,0,차대차 - 정면충돌,중앙선침범,젖음/습기,안개,교차로 - 교차로부근,건설기계,남,55세,상해없음,승용,여,49세,경상
2018112700100215,2018년 11월 27일 11시,화요일,경상남도 밀양시 내일동,경상사고,0,0,1,0,차대차 - 측면충돌,안전운전불이행,건조,맑음,단일로 - 기타,승용,여,60세,상해없음,승용,남,76세,경상
2018112700100217,2018년 11월 27일 11시,화요일,경상남도 창원시 의창구 소답동,경상사고,0,0,1,0,차대사람 - 기타,기타,건조,맑음,단일로 - 기타,승합,남,56세,상해없음,보행자,여,86세,경상
2018112700100218,2018년 11월 27일 11시,화요일,경상남도 김해시 전하동,중상사고,0,1,0,0,차대차 - 정면충돌,교차로운행방법위반,건조,맑음,교차로 - 교차로안,자전거,남,66세,중상,승용,남,75세,상해없음
2018112700100243,2018년 11월 27일 12시,화요일,경상남도 사천시 축동면,중상사고,0,1,0,0,차대차 - 측면충돌,안전운전불이행,건조,맑음,단일로 - 기타,승용,남,63세,상해없음,이륜,남,80세,중상
2018112700100270,2018년 11월 27일 13시,화요일,경상남도 함양군 함양읍,경상사고,0,0,1,0,차대차 - 측면충돌,교차로운행방법위반,건조,맑음,교차로 - 교차로안,승용,남,56세,상해없음,승용,남,38세,경상
2018112700100325,2018년 11월 27일 15시,화요일,경상남도 창원시 진해구 석동,경상사고,0,0,1,0,차대사람 - 기타,안전운전불이행,건조,맑음,기타 - 기타,승용,남,66세,상해없음,보행자,여,56세,경상
2018112700100326,2018년 11월 27일 15시,화요일,경상남도 거제시 고현동,중상사고,0,1,0,0,차대사람 - 기타,안전운전불이행,건조,맑음,단일로 - 기타,승용,남,41세,상해없음,보행자,남,57세,중상
2018112700100352,2018년 11월 27일 16시,화요일,경상남도 김해시 어방동,경상사고,0,0,2,0,차대차 - 측면충돌,교차로운행방법위반,건조,맑음,교차로 - 교차로안,승용,남,20세,경상,승용,여,57세,경상
2018112700100353,2018년 11월 27일 16시,화요일,경상남도 김해시 풍유동,중상사고,0,1,0,0,차대차 - 추돌,안전운전불이행,건조,맑음,단일로 - 기타,이륜,남,38세,중상,승용,여,40세,상해없음