사고번호,사고일시,요일,시군구,사고내용,사망자수,중상자수,경상자수,부상신고자수,사고유형,법규위반,노면상태,기상상태,도로형태,가해운전자 차종,가해운전자 성별,가해운전자 연령,가해운전자 상해정도,피해운전자 차종,피해운전자 성별,피해운전자 연령,피해운전자 상해정도
2018112700100409,2018년 11월 27일 17시,화요일,경상남도 사천시 정동면,중상사고,0,1,0,0,차대차 - 측면충돌,신호위반,건조,맑음,교차로 - 교차로안,승용,남,58세,상해없음,이륜,남,79세,중상
2018112700100506,2018년 11월 27일 19시,화요일,경상남도 거제시 고현동,경상사고,0,0,1,0,차대차 - 측면충돌,교차로운행방법위반,건조,맑음,교차로 - 교차로부근,승용,남,63세,상해없음,자전거,남,47세,경상
2018112700100507,2018년 11월 27일 19시,화요일,경상남도 함안군 군북면,경상사고,0,0,1,0,차대차 - 추돌,안전운전불이행,건조,맑음,단일로 - 기타,승용,남,27세,상해없음,승용,남,44세,경상
2018112700100534,2018년 11월 27일 20시,화요일,경상남도 양산시 평산동,경상사고,0,0,1,0,차대사람 - 횡단중,신호위반,건조,맑음,교차로 - 교차로횡단보도내,화물,남,62세,상해없음,보행자,남,44세,경상
2018112700100535,2018년 11월 27일 20시,화요일,경상남도 양산시 중부동,경상사고,0,0,1,0,차대차 - 후진중충돌,안전운전불이행,건조,맑음,단일로 - 기타,승용,남,55세,상해없음,이륜,남,17세,경상
2018112700100536,2018년 11월 27일 20시,화요일,경상남도 창원시 마산회원구 석전동,경상사고,0,0,1,0,차대차 - 정면충돌,중앙선침범,건조,맑음,단일로 - 기타,승용,남,45세,상해없음,이륜,남,26세,경상
2018112700100558,2018년 11월 27일 21시,화요일,경상남도 창원시 의창구 도계동,경상사고,0,0,1,0,차대차 - 측면충돌,안전거리미확보,건조,맑음,교차로 - 교차로안,승용,남,27세,상해없음,승합,남,40세,상해없음
2018112700100559,2018년 11월 27일 21시,화요일,경상남도 김해시 진영읍,중상사고,0,1,0,0,차대사람 - 횡단중,안전운전불이행,건조,맑음,교차로 - 교차로부근,이륜,남,22세,상해없음,보행자,여,39세,중상
2018112700100581,2018년 11월 27일 22시,화요일,경상남도 창원시 마산합포구 신포동1가,중상사고,0,1,0,0,차대사람 - 기타,안전운전불이행,건조,맑음,단일로 - 기타,승용,남,51세,상해없음,보행자,남,61세,중상
2018112700100582,2018년 11월 27일 22시,화요일,경상남도 거제시 옥포동,중상사고,0,1,0,0,차대사람 - 기타,안전운전불이행,건조,맑음,교차로 - 교차로안,승용,남,45세,상해없음,보행자,여,60세,중상
2018112800100012,2018년 11월 28일 00시,수요일,경상남도 진주시 평거동,중상사고,0,1,0,0,차대사람 - 횡단중,보행자보호의무위반,건조,맑음,단일로 - 기타,승용,남,23세,상해없음,보행자,남,61세,중상
2018112800100013,2018년 11월 28일 00시,수요일,경상남도 김해시 구산동,중상사고,0,1,0,0,차대사람 - 횡단중,안전운전불이행,건조,맑음,단일로 - 기타,승용,여,52세,상해없음,보행자,남,57세,중상
2018112800100014,2018년 11월 28일 00시,수요일,경상남도 양산시 중부동,경상사고,0,0,1,0,차대차 - 측면충돌,직진우회전진행방해,건조,맑음,교차로 - 교차로안,승용,여,43세,경상,승용,남,57세,상해없음
2018112800100062,2018년 11월 28일 06시,수요일,경상남도 사천시 선구동,경상사고,0,0,1,0,차대차 - 추돌,안전운전불이행,건조,맑음,단일로 - 기타,승용,남,54세,상해없음,승용,여,52세,경상
2018112800100063,2018년 11월 28일 06시,수요일,경상남도 김해시 생림면,경상사고,0,0,1,0,차대차 - 추돌,안전거리미확보,건조,맑음,단일로 - 기타,승용,남,59세,상해없음,승용,남,51세,경상
2018112800100064,2018년 11월 28일 06시,수요일,경상남도 양산시 북정동,경상사고,0,0,1,0,차대차 - 측면충돌,직진우회전진행방해,건조,맑음,교차로 - 교차로안,승용,남,70세,상해없음,자전거,남,49세,경상
2018112800100065,2018년 11월 28일 06시,수요일,경상남도 김해시 한림면,중상사고,0,1,0,0,차대차 - 측면충돌,교차로운행방법위반,건조,맑음,교차로 - 교차로안,승용,여,54세,상해없음,승용,남,39세,중상
2018112800100080,2018년 11월 28일 07시,수요일,경상남도 김해시 생림면,중상사고,0,1,0,0,차대차 - 측면충돌,중앙선침범,건조,맑음,단일로 - 기타,승용,여,51세,상해없음,승용,여,45세,중상
2018112800100081,2018년 11월 28일 07시,수요일,경상남도 산청군 금서면,경상사고,0,0,1,0,차대차 - 추돌,안전운전불이행,젖음/습기,안개,단일로 - 기타,이륜,여,35세,경상,승합,여,46세,상해없음
2018112800100118,2018년 11월 28일 08시,수요일,경상남도 사천시 사천읍,경상사고,0,0,1,0,차대차 - 정면충돌,안전운전불이행,건조,맑음,교차로 - 교차로부근,화물,남,48세,상해없음,자전거,여,66세,경상
2018112800100119,2018년 11월 28일 08시,수요일,경상남도 산청군 산청읍,중상사고,0,1,0,0,차량단독 - 공작물충돌,안전운전불이행,건조,맑음,단일로 - 기타,승용,여,49세,중상,,,,
2018112800100193,2018년 11월 28일 10시,수요일,경상남도 창원시 성산구 남양동,중상사고,0,2,1,0,차대차 - 측면충돌,신호위반,건조,맑음,교차로 - 교차로안,승용,남,57세,상해없음,승용,남,70세,중상
2018112800100232,2018년 11월 28일 11시,수요일,경상남도 진주시 초전동,중상사고,0,1,0,0,차대차 - 기타,안전운전불이행,건조,맑음,교차로 - 교차로안,승용,여,58세,상해없음,원동기,남,19세,중상
2018112800100233,2018년 11월 28일 11시,수요일,경상남도 하동군 적량면,경상사고,0,0,3,0,차대차 - 정면충돌,중앙선침범,건조,맑음,단일로 - 기타,화물,남,61세,상해없음,승용,남,71세,경상
2018112800100327,2018년 11월 28일 14시,수요일,경상남도 사천시 사천읍,경상사고,0,0,1,0,차대차 - 측면충돌,안전운전불이행,건조,맑음,교차로 - 교차로안,이륜,남,59세,경상,승용,남,47세,상해없음
2018112800100360,2018년 11월 28일 15시,수요일,경상남도 고성군 하이면,중상사고,0,1,0,0,차대차 - 정면충돌,중앙선침범,건조,맑음,단일로 - 기타,승용,여,63세,상해없음,화물,남,48세,중상
2018112800100433,2018년 11월 28일 17시,수요일,경상남도 김해시 삼계동,경상사고,0,0,1,0,차대사람 - 횡단중,보행자보호의무위반,건조,맑음,교차로 - 교차로횡단보도내,승용,여,59세,상해없음,보행자,여,23세,경상
2018112800100481,2018년 11월 28일 18시,수요일,경상남도 창원시 진해구 충무동,경상사고,0,0,1,0,차량단독 - 기타,기타,건조,맑음,교차로 - 교차로부근,승합,남,48세,상해없음,,,,
2018112800100482,2018년 11월 28일 18시,수요일,경상남도 고성군 고성읍,경상사고,0,0,1,0,차대차 - 추돌,안전거리미확보,건조,맑음,단일로 - 기타,이륜,남,75세,상해없음,승용,여,36세,경상
2018112800100483,2018년 11월 28일 18시,수요일,경상남도 김해시 한림면,경상사고,0,0,1,0,차대차 - 측면충돌,안전운전불이행,건조,맑음,교차로 - 교차로부근,승용,남,53세,상해없음,승용,여,41세,경상
2018112800100528,2018년 11월 28일 19시,수요일,경상남도 양산시 북부동,경상사고,0,0,1,0,차대사람 - 횡단중,보행자보호의무위반,건조,맑음,단일로 - 기타,화물,남,64세,상해없음,보행자,남,13세,경상
2018112800100556,2018년 11월 28일 20시,수요일,경상남도 김해시 외동,중상사고,0,1,0,0,차대차 - 측면충돌,신호위반,건조,맑음,교차로 - 교차로안,승용,남,34세,상해없음,승용,남,47세,중상
2018112800100557,2018년 11월 28일 20시,수요일,경상남도 김해시 구산동,중상사고,0,1,1,0,차대차 - 추돌,안전운전불이행,건조,맑음,단일로 - 기타,이륜,남,41세,경상,승용,여,54세,중상
2018112800100589,2018년 11월 28일 21시,수요일,경상남도 창원시 마산합포구 교원동,경상사고,0,0,1,0,차대차 - 후진중충돌,안전운전불이행,건조,맑음,단일로 - 기타,승용,남,31세,상해없음,승용,남,26세,경상
2018112800100590,2018년 11월 28일 21시,수요일,경상남도 양산시 중부동,경상사고,0,0,1,0,차대차 - 추돌,안전운전불이행,건조,맑음,단일로 - 기타,승용,남,43세,상해없음,승용,여,41세,경상
2018112800100591,2018년 11월 28일 21시,수요일,경상남도 양산시 교동,중상사고,0,1,0,0,차대차 - 기타,안전거리미확보,건조,맑음,단일로 - 기타,승용,남,61세,상해없음,승용,남,42세,중상
2018112800100592,2018년 11월 28일 21시,수요일,경상남도 거제시 장평동,경상사고,0,0,1,0,차대차 - 기타,교차로운행방법위반,건조,맑음,교차로 - 교차로부근,승합,남,27세,상해없음,이륜,남,39세,경상
2018112800100593,2018년 11월 28일 21시,수요일,경상남도 창원시 성산구 상남동,경상사고,0,0,1,0,차대차 - 측면충돌,안전운전불이행,건조,맑음,교차로 - 교차로안,승용,남,26세,상해없음,승용,여,61세,경상
2018112800100620,2018년 11월 28일 22시,수요일,경상남도 진주시 상대동,중상사고,0,2,0,0,차대차 - 기타,교차로운행방법위반,건조,맑음,교차로 - 교차로안,승용,여,29세,상해없음,승용,남,30세,중상
2018112800100643,2018년 11월 28일 23시,수요일,경상남도 창원시 진해구 용원동,중상사고,0,1,0,0,차대사람 - 기타,기타,건조,맑음,교차로 - 교차로안,승용,남,51세,상해없음,보행자,여,40세,중상
2018112900100023,2018년 11월 29일 01시,목요일,경상남도 창원시 마산합포구 동성동,경상사고,0,0,1,0,차대차 - 추돌,안전운전불이행,건조,맑음,교차로 - 교차로부근,승용,남,53세,상해없음,승용,남,58세,경상
2018112900100024,2018년 11월 29일 01시,목요일,경상남도 창원시 성산구 가음정동,중상사고,0,1,2,0,차대차 - 추돌,안전운전불이행,건조,맑음,교차로 - 교차로부근,승용,남,38세,상해없음,승용,여,39세,중상
2018112900100061,2018년 11월 29일 06시,목요일,경상남도 김해시 무계동,경상사고,0,0,1,0,차대차 - 측면충돌,안전거리미확보,건조,맑음,단일로 - 기타,승용,여,53세,경상,화물,남,46세,상해없음
2018112900100066,2018년 11월 29일 06시,목요일,경상남도 김해시 어방동,경상사고,0,0,2,0,차대차 - 추돌,안전운전불이행,건조,맑음,교차로 - 교차로안,승용,여,47세,경상,승합,남,60세,경상
2018112900100084,2018년 11월 29일 07시,목요일,경상남도 밀양시 삼문동,경상사고,0,0,2,0,차대차 - 측면충돌,신호위반,건조,흐림,교차로 - 교차로안,화물,남,55세,경상,승용,여,46세,경상
2018112900100113,2018년 11월 29일 08시,목요일,경상남도 밀양시 무안면,경상사고,0,0,2,0,차대차 - 측면충돌,중앙선침범,젖음/습기,흐림,단일로 - 기타,승합,여,59세,상해없음,건설기계,남,51세,경상
2018112900100147,2018년 11월 29일 09시,목요일,경상남도 창원시 마산합포구 신포동1가,경상사고,0,0,2,0,차대차 - 측면충돌,안전운전불이행,건조,맑음,교차로 - 교차로부근,건설기계,남,40세,상해없음,승용,남,61세,경상
2018112900100148,2018년 11월 29일 09시,목요일,경상남도 양산시 물금읍,중상사고,0,1,0,0,차대차 - 측면충돌,교차로운행방법위반,건조,맑음,교차로 - 교차로안,승용,여,30세,상해없음,이륜,여,66세,중상
2018112900100168,2018년 11월 29일 10시,목요일,경상남도 창원시 마산합포구 월영동,경상사고,0,0,2,0,차대차 - 추돌,안전운전불이행,건조,맑음,단일로 - 기타,승용,남,40세,상해없음,승용,여,32세,경상
2018112900100169,2018년 11월 29일 10시,목요일,경상남도 합천군 율곡면,중상사고,0,1,0,0,차대차 - 정면충돌,안전운전불이행,건조,맑음,단일로 - 기타,화물,남,57세,상해없음,승합,남,30세,중상
2018112900100197,2018년 11월 29일 11시,목요일,경상남도 남해군 남해읍,중상사고,0,1,0,0,차대사람 - 차도통행중,안전운전불이행,건조,맑음,교차로 - 교차로안,화물,남,52세,상해없음,보행자,남,86세,중상
2018112900100221,2018년 11월 29일 12시,목요일,경상남도 창원시 마산합포구 교방동,경상사고,0,0,4,0,차대차 - 기타,직진우회전진행방해,건조,맑음,교차로 - 교차로안,승용,여,57세,경상,승용,여,38세,경상
2018112900100243,2018년 11월 29일 13시,목요일,경상남도 창원시 마산합포구 자산동,경상사고,0,0,1,0,차대차 - 추돌,안전운전불이행,건조,맑음,단일로 - 기타,승용,남,57세,상해없음,승용,여,59세,경상
2018112900100244,2018년 11월 29일 13시,목요일,경상남도 거제시 아주동,경상사고,0,0,1,0,차대차 - 기타,기타,건조,맑음,단일로 - 기타,화물,남,36세,상해없음,승용,남,37세,경상
2018112900100245,2018년 11월 29일 13시,목요일,경상남도 창원시 성산구 상남동,경상사고,0,0,2,0,차대차 - 측면충돌,안전운전불이행,건조,맑음,교차로 - 교차로부근,승용,남,54세,상해없음,승용,남,30세,경상
2018112900100268,2018년 11월 29일 14시,목요일,경상남도 통영시 광도면,중상사고,0,1,0,0,차대차 - 기타,신호위반,건조,맑음,교차로 - 교차로안,승용,여,53세,상해없음,이륜,남,39세,중상
2018112900100269,2018년 11월 29일 14시,목요일,경상남도 의령군 의령읍,경상사고,0,0,1,0,차량단독 - 전도전복 - 전도,안전운전불이행,건조,맑음,단일로 - 지하차도(도로)내,이륜,남,70세,경상,미분류,미분류,미분류,미분류
2018112900100270,2018년 11월 29일 14시,목요일,경상남도 창원시 의창구 소답동,중상사고,0,1,0,0,차대차 - 정면충돌,중앙선침범,건조,맑음,단일로 - 기타,승용,여,61세,상해없음,화물,남,45세,중상
2018112900100301,2018년 11월 29일 15시,목요일,경상남도 창원시 마산합포구 가포동,중상사고,0,1,0,0,차량단독 - 기타,안전운전불이행,건조,맑음,단일로 - 기타,승용,남,67세,상해없음,,,,
2018112900100302,2018년 11월 29일 15시,목요일,경상남도 진주시 장대동,중상사고,0,1,0,0,차대사람 - 기타,안전운전불이행,건조,맑음,교차로 - 교차로부근,기타불명,기타불명,미분류,기타불명,보행자,남,72세,중상
2018112900100303,2018년 11월 29일 15시,목요일,경상남도 거제시 옥포동,경상사고,0,0,2,0,차대차 - 측면충돌,안전운전불이행,건조,맑음,교차로 - 교차로안,승용,여,47세,경상,승용,남,43세,경상
2018112900100337,2018년 11월 29일 16시,목요일,경상남도 창원시 진해구 이동,경상사고,0,0,2,0,차대차 - 기타,안전운전불이행,건조,맑음,단일로 - 기타,이륜,남,28세,경상,이륜,남,74세,경상
2018112900100382,2018년 11월 29일 17시,목요일,경상남도 하동군 북천면,경상사고,0,0,1,0,차대차 - 측면충돌,중앙선침범,건조,맑음,단일로 - 기타,승용,여,63세,상해없음,화물,여,68세,경상
2018112900100383,2018년 11월 29일 17시,목요일,경상남도 김해시 진영읍,경상사고,0,0,1,0,차대차 - 측면충돌,안전운전불이행,건조,맑음,단일로 - 기타,원동기,남,20세,경상,승합,남,29세,상해없음
2018112900100432,2018년 11월 29일 18시,목요일,경상남도 사천시 벌리동,경상사고,0,0,1,0,차대차 - 측면충돌,직진우회전진행방해,건조,맑음,교차로 - 교차로안,승용,남,38세,상해없음,자전거,남,35세,경상
2018112900100433,2018년 11월 29일 18시,목요일,경상남도 거제시 상동동,중상사고,0,1,0,0,차대차 - 측면충돌,직진우회전진행방해,건조,맑음,교차로 - 교차로안,승용,남,62세,상해없음,이륜,남,18세,중상
2018112900100434,2018년 11월 29일 18시,목요일,경상남도 남해군 남해읍,중상사고,0,1,0,0,차대사람 - 횡단중,보행자보호의무위반,건조,맑음,단일로 - 기타,승용,남,53세,상해없음,보행자,여,83세,중상
2018112900100471,2018년 11월 29일 19시,목요일,경상남도 창원시 마산합포구 월영동,경상사고,0,0,1,1,차대차 - 추돌,안전운전불이행,건조,맑음,교차로 - 교차로부근,승용,남,43세,상해없음,승용,남,26세,경상
2018112900100472,2018년 11월 29일 19시,목요일,경상남도 진주시 대곡면,중상사고,0,1,0,0,차대사람 - 횡단중,안전운전불이행,건조,맑음,교차로 - 교차로안,승용,남,29세,상해없음,보행자,여,68세,중상
2018112900100473,2018년 11월 29일 19시,목요일,경상남도 거창군 거창읍,중상사고,0,1,0,0,차대사람 - 횡단중,안전운전불이행,건조,흐림,교차로 - 교차로안,승용,남,66세,상해없음,보행자,여,82세,중상
2018112900100474,2018년 11월 29일 19시,목요일,경상남도 창원시 성산구 상남동,경상사고,0,0,1,0,차대사람 - 횡단중,신호위반,건조,맑음,교차로 - 교차로안,승용,여,22세,상해없음,보행자,여,5세,경상
2018112900100501,2018년 11월 29일 20시,목요일,경상남도 창원시 마산합포구 장군동4가,경상사고,0,0,1,0,차대사람 - 기타,보행자보호의무위반,건조,맑음,교차로 - 교차로횡단보도내,승용,여,54세,상해없음,보행자,남,67세,경상
2018112900100502,2018년 11월 29일 20시,목요일,경상남도 창원시 진해구 자은동,경상사고,0,0,2,0,차대차 - 추돌,안전운전불이행,건조,맑음,교차로 - 교차로부근,승용,여,34세,상해없음,승용,여,49세,경상
2018112900100503,2018년 11월 29일 20시,목요일,경상남도 거제시 문동동,중상사고,0,1,0,0,차대차 - 기타,안전거리미확보,건조,기타,단일로 - 기타,승용,남,23세,상해없음,화물,남,62세,중상
2018112900100525,2018년 11월 29일 21시,목요일,경상남도 창원시 진해구 청안동,중상사고,0,1,0,0,차대사람 - 횡단중,안전운전불이행,건조,맑음,단일로 - 기타,이륜,남,19세,상해없음,보행자,남,12세,중상
2018112900100526,2018년 11월 29일 21시,목요일,경상남도 거제시 고현동,중상사고,0,3,2,0,차대차 - 측면충돌,교차로운행방법위반,건조,맑음,교차로 - 교차로안,승용,남,18세,상해없음,승용,남,47세,중상
2018112900100527,2018년 11월 29일 21시,목요일,경상남도 김해시 진영읍,중상사고,0,1,0,0,차대차 - 측면충돌,신호위반,건조,맑음,교차로 - 교차로안,승용,남,26세,상해없음,이륜,남,64세,중상
2018112900100550,2018년 11월 29일 22시,목요일,경상남도 밀양시 하남읍,중상사고,0,1,0,0,차대차 - 추돌,안전운전불이행,건조,맑음,단일로 - 기타,승용,남,26세,중상,화물,남,70세,상해없음
2018112900100551,2018년 11월 29일 22시,목요일,경상남도 창원시 성산구 안민동,경상사고,0,0,1,0,차대차 - 측면충돌,안전운전불이행,건조,맑음,단일로 - 기타,화물,남,52세,상해없음,승용,여,42세,경상
2018113000100031,2018년 11월 30일 01시,금요일,경상남도 창원시 의창구 북면,경상사고,0,0,2,0,차대차 - 측면충돌,신호위반,건조,맑음,교차로 - 교차로안,승용,남,23세,상해없음,승용,남,56세,경상
2018113000100045,2018년 11월 30일 03시,금요일,경상남도 김해시 삼정동,경상사고,0,0,2,0,차대차 - 측면충돌,안전운전불이행,건조,맑음,단일로 - 기타,승용,여,52세,상해없음,승용,남,21세,경상
2018113000100067,2018년 11월 30일 06시,금요일,경상남도 김해시 부곡동,경상사고,0,0,1,0,차대차 - 측면충돌,안전운전불이행,건조,맑음,단일로 - 기타,기타불명,기타불명,미분류,기타불명,승용,여,63세,경상
2018113000100078,2018년 11월 30일 06시,금요일,경상남도 김해시 외동,중상사고,0,1,0,0,차대차 - 측면충돌,신호위반,건조,맑음,교차로 - 교차로안,승용,남,56세,상해없음,이륜,남,62세,중상
2018113000100079,2018년 11월 30일 06시,금요일,경상남도 창원시 마산회원구 구암동,중상사고,0,2,1,0,차대차 - 기타,안전운전불이행,건조,맑음,단일로 - 고가도로위,건설기계,남,62세,상해없음,승용,남,60세,중상
2018113000100101,2018년 11월 30일 07시,금요일,경상남도 김해시 외동,경상사고,0,0,1,0,차대차 - 측면충돌,직진우회전진행방해,건조,맑음,교차로 - 교차로안,승용,여,56세,상해없음,이륜,남,63세,경상
2018113000100140,2018년 11월 30일 08시,금요일,경상남도 밀양시 상동면,중상사고,0,1,0,0,차대사람 - 기타,안전운전불이행,건조,맑음,단일로 - 기타,화물,남,58세,상해없음,보행자,남,79세,중상
2018113000100200,2018년 11월 30일 10시,금요일,경상남도 산청군 신등면,중상사고,0,1,1,0,차대차 - 측면충돌,안전운전불이행,건조,맑음,단일로 - 기타,건설기계,남,52세,상해없음,승합,남,47세,상해없음
2018113000100229,2018년 11월 30일 11시,금요일,경상남도 양산시 덕계동,경상사고,0,0,1,0,차대사람 - 횡단중,보행자보호의무위반,건조,맑음,교차로 - 교차로안,승용,여,29세,상해없음,보행자,여,26세,경상
2018113000100230,2018년 11월 30일 11시,금요일,경상남도 창원시 의창구 용호동,경상사고,0,0,1,0,차대차 - 기타,안전운전불이행,건조,맑음,교차로 - 교차로부근,승용,남,55세,상해없음,승용,여,46세,경상
2018113000100231,2018년 11월 30일 11시,금요일,경상남도 김해시 주촌면,중상사고,0,1,1,0,차대차 - 추돌,안전운전불이행,건조,맑음,단일로 - 기타,건설기계,남,59세,중상,건설기계,남,44세,경상
2018113000100266,2018년 11월 30일 12시,금요일,경상남도 통영시 광도면,중상사고,0,1,0,0,차대차 - 측면충돌,안전운전불이행,건조,맑음,단일로 - 기타,승합,남,56세,상해없음,승용,남,44세,중상
2018113000100297,2018년 11월 30일 13시,금요일,경상남도 함안군 칠원읍,중상사고,0,1,0,0,차대차 - 측면충돌,직진우회전진행방해,건조,맑음,교차로 - 교차로안,승용,여,46세,상해없음,이륜,남,75세,중상
2018113000100298,2018년 11월 30일 13시,금요일,경상남도 창원시 의창구 북면,중상사고,0,1,0,0,차대사람 - 차도통행중,기타,건조,맑음,기타 - 기타,화물,남,44세,기타불명,보행자,여,41세,중상
2018113000100330,2018년 11월 30일 14시,금요일,경상남도 창원시 진해구 이동,경상사고,0,0,1,0,차대차 - 측면충돌,교차로운행방법위반,건조,맑음,교차로 - 교차로안,승용,남,58세,상해없음,승용,남,76세,경상
2018113000100331,2018년 11월 30일 14시,금요일,경상남도 사천시 선구동,중상사고,0,1,4,0,차대차 - 측면충돌,안전운전불이행,건조,맑음,교차로 - 교차로안,승용,여,39세,상해없음,승용,남,71세,경상
2018113000100332,2018년 11월 30일 14시,금요일,경상남도 김해시 서상동,경상사고,0,0,1,0,차대사람 - 기타,안전운전불이행,건조,맑음,단일로 - 기타,승용,여,45세,상해없음,보행자,남,62세,경상
2018113000100333,2018년 11월 30일 14시,금요일,경상남도 김해시 이동,중상사고,0,1,0,0,차대사람 - 보도통행중,기타,건조,맑음,단일로 - 기타,특수,남,37세,상해없음,보행자,남,64세,중상
2018113000100406,2018년 11월 30일 16시,금요일,경상남도 창녕군 남지읍,경상사고,0,0,1,1,차대사람 - 횡단중,안전운전불이행,건조,맑음,교차로 - 교차로부근,이륜,남,74세,부상신고,보행자,남,5세,경상
2018113000100407,2018년 11월 30일 16시,금요일,경상남도 김해시 관동동,경상사고,0,0,1,0,차대사람 - 횡단중,보행자보호의무위반,건조,맑음,단일로 - 기타,승용,여,45세,상해없음,보행자,여,9세,경상
2018113000100461,2018년 11월 30일 17시,금요일,경상남도 통영시 무전동,경상사고,0,0,1,0,차대사람 - 횡단중,안전운전불이행,건조,맑음,교차로 - 교차로안,승용,남,60세,상해없음,보행자,남,11세,경상
2018113000100462,2018년 11월 30일 17시,금요일,경상남도 김해시 어방동,경상사고,0,0,1,0,차대차 - 기타,안전운전불이행,건조,맑음,단일로 - 기타,승용,여,47세,상해없음,승용,여,45세,경상
2018113000100463,2018년 11월 30일 17시,금요일,경상남도 양산시 물금읍,경상사고,0,0,1,0,차대사람 - 기타,안전운전불이행,건조,맑음,단일로 - 기타,이륜,남,32세,상해없음,보행자,여,32세,경상
2018113000100464,2018년 11월 30일 17시,금요일,경상남도 양산시 상북면,경상사고,0,0,1,0,차대차 - 측면충돌,안전운전불이행,건조,맑음,단일로 - 기타,승용,여,50세,상해없음,승용,남,60세,경상
2018113000100465,2018년 11월 30일 17시,금요일,경상남도 의령군 칠곡면,중상사고,0,2,0,0,차대차 - 추돌,안전운전불이행,건조,맑음,단일로 - 지하차도(도로)내,승용,남,59세,상해없음,화물,남,65세,중상
2018113000100532,2018년 11월 30일 18시,금요일,경상남도 진주시 평거동,중상사고,0,1,0,0,차대사람 - 횡단중,신호위반,건조,맑음,교차로 - 교차로횡단보도내,승용,남,53세,상해없음,보행자,남,13세,중상
2018113000100533,2018년 11월 30일 18시,금요일,경상남도 양산시 유산동,경상사고,0,0,1,0,차대차 - 추돌,안전거리미확보,건조,맑음,단일로 - 기타,승용,남,50세,상해없음,승용,남,25세,경상
2018113000100534,2018년 11월 30일 18시,금요일,경상남도 거제시 장평동,경상사고,0,0,1,0,차대차 - 측면충돌,신호위반,건조,맑음,교차로 - 교차로안,이륜,남,47세,상해없음,이륜,남,48세,경상
2018113000100535,2018년 11월 30일 18시,금요일,경상남도 창원시 마산회원구 석전동,사망사고,1,0,0,0,차대사람 - 횡단중,안전운전불이행,건조,맑음,단일로 - 기타,승용,남,31세,상해없음,보행자,남,82세,사망
2018113000100589,2018년 11월 30일 19시,금요일,경상남도 양산시 물금읍,경상사고,0,0,2,0,차대차 - 추돌,안전운전불이행,건조,맑음,단일로 - 기타,승용,남,32세,상해없음,승용,여,32세,경상
2018113000100590,2018년 11월 30일 19시,금요일,경상남도 양산시 신기동,중상사고,0,1,0,0,차대차 - 기타,신호위반,건조,맑음,교차로 - 교차로안,승용,남,49세,상해없음,승합,남,29세,중상
2018113000100616,2018년 11월 30일 20시,금요일,경상남도 창원시 성산구 상남동,경상사고,0,0,1,0,차대차 - 후진중충돌,안전운전불이행,건조,맑음,교차로 - 교차로안,승용,남,64세,상해없음,승용,여,28세,경상
2018113000100657,2018년 11월 30일 21시,금요일,경상남도 진주시 문산읍,경상사고,0,0,2,0,차대차 - 측면충돌,신호위반,건조,맑음,교차로 - 교차로안,승용,여,39세,경상,승용,남,28세,경상
2018113000100658,2018년 11월 30일 21시,금요일,경상남도 김해시 삼계동,중상사고,0,2,0,0,차대차 - 기타,안전운전불이행,건조,맑음,교차로 - 교차로안,승합,남,23세,상해없음,화물,남,65세,중상
2018113000100659,2018년 11월 30일 21시,금요일,경상남도 함양군 함양읍,경상사고,0,0,1,0,차대차 - 기타,교차로운행방법위반,건조,맑음,교차로 - 교차로안,승합,남,48세,상해없음,자전거,남,55세,경상
2018113000100696,2018년 11월 30일 22시,금요일,경상남도 사천시 선구동,경상사고,0,0,1,0,차대사람 - 차도통행중,안전운전불이행,건조,맑음,단일로 - 기타,기타불명,기타불명,미분류,기타불명,보행자,여,63세,경상
2018113000100697,2018년 11월 30일 22시,금요일,경상남도 남해군 남해읍,부상신고사고,0,0,0,1,차대차 - 측면충돌,안전운전불이행,건조,맑음,교차로 - 교차로안,이륜,남,19세,부상신고,이륜,남,18세,상해없음
2018113000100698,2018년 11월 30일 22시,금요일,경상남도 창원시 의창구 소답동,부상신고사고,0,0,0,1,차대사람 - 기타,안전운전불이행,건조,맑음,단일로 - 기타,기타불명,기타불명,미분류,기타불명,보행자,남,44세,부상신고
2018113000100728,2018년 11월 30일 23시,금요일,경상남도 창원시 의창구 봉곡동,경상사고,0,0,1,0,차대사람 - 기타,안전운전불이행,건조,맑음,교차로 - 교차로안,승합,남,41세,상해없음,보행자,남,54세,경상
2018120100100054,2018년 12월 1일 02시,토요일,경상남도 김해시 동상동,부상신고사고,0,0,0,1,차대사람 - 기타,안전운전불이행,건조,맑음,교차로 - 교차로안,승용,남,58세,상해없음,보행자,남,21세,부상신고
2018120100100073,2018년 12월 1일 04시,토요일,경상남도 창원시 마산회원구 구암동,중상사고,0,1,1,0,차대차 - 추돌,안전운전불이행,건조,맑음,교차로 - 교차로부근,승용,남,53세,상해없음,승용,남,48세,경상
2018120100100122,2018년 12월 1일 07시,토요일,경상남도 함양군 안의면,사망사고,1,0,0,0,차량단독 - 도로외이탈 - 추락,안전운전불이행,건조,맑음,단일로 - 기타,이륜,남,73세,사망,,,,
2018120100100123,2018년 12월 1일 07시,토요일,경상남도 김해시 대청동,중상사고,0,1,1,0,차대차 - 추돌,안전운전불이행,건조,맑음,단일로 - 기타,화물,남,51세,경상,승용,여,31세,중상