사고번호,사고일시,요일,시군구,사고내용,사망자수,중상자수,경상자수,부상신고자수,사고유형,법규위반,노면상태,기상상태,도로형태,가해운전자 차종,가해운전자 성별,가해운전자 연령,가해운전자 상해정도,피해운전자 차종,피해운전자 성별,피해운전자 연령,피해운전자 상해정도
2018121600100249,2018년 12월 16일 16시,일요일,경상남도 통영시 미수동,경상사고,0,0,1,0,차대차 - 추돌,안전운전불이행,건조,맑음,단일로 - 기타,화물,남,45세,상해없음,승합,남,46세,경상
2018121600100250,2018년 12월 16일 16시,일요일,경상남도 거제시 사등면,경상사고,0,0,2,0,차량단독 - 도로외이탈 - 추락,안전운전불이행,건조,맑음,기타 - 기타,승용,남,51세,상해없음,,,,
2018121600100281,2018년 12월 16일 17시,일요일,경상남도 진주시 상봉동,경상사고,0,0,1,0,차대사람 - 차도통행중,안전운전불이행,건조,맑음,교차로 - 교차로안,승용,남,23세,상해없음,보행자,남,67세,경상
2018121600100282,2018년 12월 16일 17시,일요일,경상남도 사천시 좌룡동,중상사고,0,1,0,0,차대사람 - 기타,보행자보호의무위반,젖음/습기,흐림,교차로 - 교차로횡단보도내,승용,남,28세,상해없음,보행자,남,31세,중상
2018121600100283,2018년 12월 16일 17시,일요일,경상남도 김해시 부원동,중상사고,0,1,0,0,차대사람 - 기타,신호위반,건조,맑음,단일로 - 기타,원동기,남,19세,상해없음,보행자,남,60세,중상
2018121600100284,2018년 12월 16일 17시,일요일,경상남도 창원시 성산구 사파동,중상사고,0,1,0,0,차대차 - 추돌,안전운전불이행,젖음/습기,비,교차로 - 교차로부근,승용,남,32세,기타불명,승용,남,35세,중상
2018121600100310,2018년 12월 16일 18시,일요일,경상남도 양산시 중부동,경상사고,0,0,2,0,차대차 - 측면충돌,안전운전불이행,건조,맑음,단일로 - 기타,승용,남,45세,상해없음,승용,남,29세,경상
2018121600100311,2018년 12월 16일 18시,일요일,경상남도 거제시 아주동,경상사고,0,0,1,0,차대차 - 기타,불법유턴,젖음/습기,흐림,교차로 - 교차로안,승용,남,51세,상해없음,원동기,남,22세,경상
2018121700100026,2018년 12월 17일 02시,월요일,경상남도 양산시 물금읍,경상사고,0,0,1,0,차대차 - 기타,안전운전불이행,건조,맑음,교차로 - 교차로부근,승용,남,31세,상해없음,승합,남,57세,경상
2018121700100031,2018년 12월 17일 03시,월요일,경상남도 창녕군 장마면,부상신고사고,0,0,0,1,차량단독 - 도로외이탈 - 추락,안전운전불이행,서리/결빙,안개,단일로 - 기타,화물,남,68세,부상신고,,,,
2018121700100032,2018년 12월 17일 03시,월요일,경상남도 산청군 시천면,사망사고,1,0,0,0,차량단독 - 도로외이탈 - 추락,안전운전불이행,젖음/습기,안개,단일로 - 기타,승용,여,43세,사망,,,,
2018121700100038,2018년 12월 17일 04시,월요일,경상남도 창원시 진해구 남문동,사망사고,1,1,0,0,차대차 - 기타,안전운전불이행,서리/결빙,기타,단일로 - 기타,화물,남,66세,중상,승용,남,41세,상해없음
2018121700100039,2018년 12월 17일 04시,월요일,경상남도 통영시 광도면,중상사고,0,1,2,1,차량단독 - 공작물충돌,안전운전불이행,서리/결빙,흐림,단일로 - 기타,승용,남,64세,상해없음,,,,
2018121700100052,2018년 12월 17일 05시,월요일,경상남도 창원시 마산합포구 진전면,경상사고,0,0,1,0,차량단독 - 공작물충돌,과속,서리/결빙,흐림,단일로 - 기타,승용,남,52세,상해없음,,,,
2018121700100053,2018년 12월 17일 05시,월요일,경상남도 창원시 의창구 동읍,경상사고,0,0,1,0,차대차 - 추돌,안전운전불이행,서리/결빙,안개,단일로 - 기타,승용,여,44세,상해없음,승용,여,54세,상해없음
2018121700100054,2018년 12월 17일 05시,월요일,경상남도 창원시 의창구 북면,경상사고,0,0,3,0,차대차 - 추돌,안전운전불이행,서리/결빙,안개,단일로 - 기타,승합,남,56세,상해없음,승용,남,38세,상해없음
2018121700100055,2018년 12월 17일 05시,월요일,경상남도 창원시 의창구 북면,경상사고,0,0,2,0,차대차 - 추돌,안전운전불이행,서리/결빙,안개,단일로 - 기타,승합,남,60세,상해없음,승용,남,69세,경상
2018121700100056,2018년 12월 17일 05시,월요일,경상남도 창원시 의창구 북면,경상사고,0,0,3,0,차대차 - 추돌,안전운전불이행,서리/결빙,안개,단일로 - 기타,승합,남,59세,상해없음,승용,남,34세,경상
2018121700100067,2018년 12월 17일 06시,월요일,경상남도 김해시 대청동,중상사고,0,1,0,0,차대사람 - 기타,안전운전불이행,서리/결빙,안개,단일로 - 교량,화물,남,35세,상해없음,보행자,남,36세,중상
2018121700100090,2018년 12월 17일 06시,월요일,경상남도 김해시 서상동,중상사고,0,1,3,1,차대차 - 기타,신호위반,건조,맑음,교차로 - 교차로안,승합,남,40세,경상,승합,남,52세,경상
2018121700100091,2018년 12월 17일 06시,월요일,경상남도 창녕군 도천면,부상신고사고,0,0,0,1,차대차 - 기타,안전운전불이행,서리/결빙,안개,단일로 - 기타,특수,남,70세,부상신고,승용,남,51세,상해없음
2018121700100092,2018년 12월 17일 06시,월요일,경상남도 양산시 물금읍,중상사고,0,1,2,0,차대차 - 추돌,안전운전불이행,서리/결빙,맑음,단일로 - 기타,승합,남,48세,상해없음,승용,남,62세,경상
2018121700100093,2018년 12월 17일 06시,월요일,경상남도 고성군 회화면,경상사고,0,0,3,0,차대차 - 기타,안전거리미확보,젖음/습기,맑음,단일로 - 기타,승용,남,43세,상해없음,화물,남,53세,경상
2018121700100094,2018년 12월 17일 06시,월요일,경상남도 거제시 하청면,중상사고,0,1,0,0,차대차 - 정면충돌,안전운전불이행,서리/결빙,흐림,단일로 - 기타,화물,남,67세,상해없음,승용,남,30세,중상
2018121700100095,2018년 12월 17일 06시,월요일,경상남도 창원시 의창구 북면,사망사고,1,0,0,0,차대차 - 기타,안전운전불이행,젖음/습기,안개,단일로 - 기타,화물,남,51세,상해없음,화물,남,39세,상해없음
2018121700100096,2018년 12월 17일 06시,월요일,경상남도 김해시 흥동,중상사고,0,1,1,0,차대차 - 측면충돌,안전운전불이행,건조,맑음,단일로 - 기타,승용,남,37세,경상,승합,남,59세,중상
2018121700100133,2018년 12월 17일 07시,월요일,경상남도 통영시 광도면,경상사고,0,0,1,0,차대차 - 측면충돌,안전운전불이행,서리/결빙,흐림,교차로 - 교차로부근,승용,여,25세,상해없음,승용,여,47세,경상
2018121700100134,2018년 12월 17일 07시,월요일,경상남도 사천시 축동면,중상사고,0,1,0,0,차대차 - 측면충돌,중앙선침범,서리/결빙,흐림,단일로 - 기타,승용,여,33세,상해없음,승용,남,40세,중상
2018121700100135,2018년 12월 17일 07시,월요일,경상남도 밀양시 삼문동,경상사고,0,0,1,0,차대차 - 측면충돌,교차로운행방법위반,건조,맑음,교차로 - 교차로안,승용,남,38세,상해없음,승용,남,39세,경상
2018121700100136,2018년 12월 17일 07시,월요일,경상남도 김해시 삼방동,경상사고,0,0,2,0,차대차 - 기타,안전운전불이행,서리/결빙,맑음,단일로 - 기타,승용,여,41세,경상,승합,여,56세,경상
2018121700100137,2018년 12월 17일 07시,월요일,경상남도 거창군 위천면,중상사고,0,1,0,0,차대차 - 정면충돌,중앙선침범,서리/결빙,맑음,단일로 - 기타,승용,남,31세,상해없음,승용,남,71세,중상
2018121700100138,2018년 12월 17일 07시,월요일,경상남도 창녕군 부곡면,경상사고,0,0,2,1,차대차 - 추돌,안전운전불이행,서리/결빙,안개,단일로 - 기타,승용,남,63세,부상신고,승용,남,49세,경상
2018121700100139,2018년 12월 17일 07시,월요일,경상남도 남해군 창선면,중상사고,0,1,0,1,차량단독 - 공작물충돌,안전운전불이행,서리/결빙,맑음,단일로 - 기타,화물,남,52세,부상신고,,,,
2018121700100140,2018년 12월 17일 07시,월요일,경상남도 함안군 칠서면,중상사고,0,1,0,0,차대사람 - 기타,안전운전불이행,서리/결빙,안개,단일로 - 교량,승용,남,60세,상해없음,보행자,남,37세,중상
2018121700100141,2018년 12월 17일 07시,월요일,경상남도 창원시 성산구 성주동,사망사고,1,0,1,0,차대차 - 정면충돌,안전운전불이행,젖음/습기,기타,단일로 - 교량,화물,남,73세,사망,화물,남,40세,상해없음
2018121700100142,2018년 12월 17일 07시,월요일,경상남도 창원시 마산회원구 구암동,경상사고,0,0,1,0,차대차 - 측면충돌,안전운전불이행,건조,맑음,교차로 - 교차로부근,승용,남,42세,상해없음,자전거,남,78세,경상
2018121700100143,2018년 12월 17일 07시,월요일,경상남도 김해시 무계동,중상사고,0,1,0,0,차대사람 - 횡단중,보행자보호의무위반,건조,맑음,교차로 - 교차로횡단보도내,승용,여,53세,상해없음,보행자,여,50세,중상
2018121700100144,2018년 12월 17일 07시,월요일,경상남도 김해시 이동,중상사고,0,2,0,0,차대차 - 추돌,안전거리미확보,건조,맑음,단일로 - 기타,화물,남,63세,상해없음,승용,여,51세,중상
2018121700100145,2018년 12월 17일 07시,월요일,경상남도 김해시 진영읍,중상사고,0,1,0,0,차대차 - 측면충돌,안전운전불이행,건조,맑음,단일로 - 기타,승용,남,36세,상해없음,자전거,여,14세,중상
2018121700100208,2018년 12월 17일 08시,월요일,경상남도 함안군 대산면,중상사고,0,1,2,0,차대차 - 기타,안전운전불이행,서리/결빙,맑음,단일로 - 교량,승용,남,55세,상해없음,승용,남,64세,경상
2018121700100209,2018년 12월 17일 08시,월요일,경상남도 창원시 의창구 봉곡동,중상사고,0,1,0,0,차대차 - 측면충돌,안전거리미확보,건조,맑음,단일로 - 기타,승용,여,54세,상해없음,이륜,남,52세,중상
2018121700100210,2018년 12월 17일 08시,월요일,경상남도 김해시 한림면,중상사고,0,3,1,0,차대차 - 기타,중앙선침범,서리/결빙,맑음,단일로 - 교량,승용,남,26세,중상,승용,남,57세,경상
2018121700100259,2018년 12월 17일 09시,월요일,경상남도 사천시 동금동,중상사고,0,1,0,0,차대차 - 측면충돌,안전운전불이행,건조,맑음,교차로 - 교차로안,승용,여,38세,상해없음,자전거,남,63세,중상
2018121700100260,2018년 12월 17일 09시,월요일,경상남도 합천군 청덕면,경상사고,0,0,1,0,차대차 - 기타,안전운전불이행,서리/결빙,기타,단일로 - 기타,화물,남,57세,상해없음,화물,남,61세,경상
2018121700100261,2018년 12월 17일 09시,월요일,경상남도 양산시 하북면,경상사고,0,0,1,0,차대차 - 추돌,안전거리미확보,건조,맑음,교차로 - 교차로부근,승합,남,41세,상해없음,승용,여,50세,경상
2018121700100309,2018년 12월 17일 11시,월요일,경상남도 진주시 중안동,중상사고,0,1,0,0,차대사람 - 보도통행중,기타,건조,맑음,단일로 - 기타,승용,남,78세,상해없음,보행자,남,61세,중상
2018121700100365,2018년 12월 17일 13시,월요일,경상남도 창원시 마산합포구 중앙동2가,경상사고,0,0,1,0,차대차 - 기타,안전운전불이행,건조,맑음,교차로 - 교차로안,승용,남,25세,상해없음,이륜,남,26세,경상
2018121700100366,2018년 12월 17일 13시,월요일,경상남도 통영시 미수동,경상사고,0,0,1,0,차대사람 - 횡단중,보행자보호의무위반,건조,맑음,교차로 - 교차로안,승용,여,51세,상해없음,보행자,여,67세,경상
2018121700100367,2018년 12월 17일 13시,월요일,경상남도 양산시 북정동,중상사고,0,1,0,0,차대차 - 측면충돌,안전운전불이행,건조,맑음,단일로 - 기타,이륜,남,35세,중상,승용,여,38세,상해없음
2018121700100403,2018년 12월 17일 14시,월요일,경상남도 창원시 의창구 소답동,경상사고,0,0,1,0,차대차 - 측면충돌,안전거리미확보,건조,맑음,단일로 - 기타,승용,남,53세,상해없음,승용,여,36세,경상
2018121700100439,2018년 12월 17일 15시,월요일,경상남도 창원시 진해구 충무동,중상사고,0,1,0,0,차대차 - 기타,안전운전불이행,건조,맑음,단일로 - 기타,승합,남,55세,상해없음,화물,남,57세,상해없음
2018121700100440,2018년 12월 17일 15시,월요일,경상남도 통영시 무전동,중상사고,0,1,0,0,차대차 - 측면충돌,신호위반,건조,맑음,교차로 - 교차로안,승용,남,67세,상해없음,이륜,남,51세,중상
2018121700100441,2018년 12월 17일 15시,월요일,경상남도 거제시 고현동,중상사고,0,1,0,0,차대사람 - 횡단중,보행자보호의무위반,건조,맑음,교차로 - 교차로횡단보도내,승용,남,79세,상해없음,보행자,여,68세,중상
2018121700100474,2018년 12월 17일 16시,월요일,경상남도 사천시 곤명면,경상사고,0,0,1,0,차대차 - 기타,중앙선침범,건조,맑음,단일로 - 기타,승용,남,69세,상해없음,승용,여,53세,경상
2018121700100475,2018년 12월 17일 16시,월요일,경상남도 남해군 이동면,부상신고사고,0,0,0,1,차대차 - 측면충돌,안전운전불이행,건조,흐림,교차로 - 교차로안,승용,여,60세,부상신고,승용,여,47세,상해없음
2018121700100522,2018년 12월 17일 17시,월요일,경상남도 통영시 광도면,경상사고,0,0,1,0,차대사람 - 횡단중,보행자보호의무위반,건조,맑음,교차로 - 교차로횡단보도내,이륜,남,58세,상해없음,보행자,여,51세,경상
2018121700100523,2018년 12월 17일 17시,월요일,경상남도 밀양시 부북면,중상사고,0,1,0,0,차대차 - 측면충돌,신호위반,건조,맑음,교차로 - 교차로안,승용,여,42세,상해없음,원동기,남,66세,중상
2018121700100524,2018년 12월 17일 17시,월요일,경상남도 양산시 주남동,중상사고,0,1,0,0,차대사람 - 기타,안전운전불이행,건조,맑음,단일로 - 기타,승용,남,55세,상해없음,보행자,여,59세,중상
2018121700100584,2018년 12월 17일 18시,월요일,경상남도 진주시 가좌동,경상사고,0,0,1,0,차대사람 - 차도통행중,안전운전불이행,건조,맑음,단일로 - 기타,승용,남,34세,상해없음,보행자,여,20세,경상
2018121700100585,2018년 12월 17일 18시,월요일,경상남도 통영시 봉평동,경상사고,0,0,1,0,차대사람 - 기타,안전운전불이행,건조,맑음,단일로 - 기타,승용,남,42세,상해없음,보행자,남,73세,경상
2018121700100586,2018년 12월 17일 18시,월요일,경상남도 김해시 어방동,중상사고,0,2,0,0,차대차 - 측면충돌,중앙선침범,건조,맑음,단일로 - 기타,화물,남,54세,상해없음,이륜,남,57세,중상
2018121700100587,2018년 12월 17일 18시,월요일,경상남도 창원시 의창구 북면,부상신고사고,0,0,0,1,차량단독 - 공작물충돌,안전운전불이행,건조,맑음,단일로 - 기타,화물,남,30세,부상신고,,,,
2018121700100637,2018년 12월 17일 19시,월요일,경상남도 창원시 진해구 장천동,경상사고,0,0,1,0,차대사람 - 횡단중,신호위반,건조,맑음,교차로 - 교차로횡단보도내,이륜,남,29세,상해없음,보행자,남,38세,경상
2018121700100638,2018년 12월 17일 19시,월요일,경상남도 창원시 진해구 석동,경상사고,0,0,1,0,차대차 - 측면충돌,불법유턴,건조,맑음,교차로 - 교차로안,승용,남,57세,상해없음,승용,남,22세,경상
2018121700100662,2018년 12월 17일 20시,월요일,경상남도 사천시 대방동,중상사고,0,1,2,0,차대차 - 측면충돌,직진우회전진행방해,건조,맑음,교차로 - 교차로안,화물,남,73세,경상,화물,남,59세,중상
2018121700100696,2018년 12월 17일 21시,월요일,경상남도 진주시 장대동,경상사고,0,0,1,0,차대차 - 측면충돌,안전운전불이행,건조,맑음,단일로 - 기타,승용,남,53세,상해없음,승용,남,36세,경상
2018121700100720,2018년 12월 17일 22시,월요일,경상남도 밀양시 내이동,중상사고,0,1,0,0,차대차 - 측면충돌,안전운전불이행,건조,맑음,교차로 - 교차로안,승용,남,18세,상해없음,승용,남,32세,중상
2018121700100721,2018년 12월 17일 22시,월요일,경상남도 거제시 고현동,중상사고,0,1,0,0,차대사람 - 기타,안전운전불이행,건조,맑음,교차로 - 교차로안,승용,남,33세,상해없음,보행자,남,66세,중상
2018121700100739,2018년 12월 17일 23시,월요일,경상남도 남해군 남해읍,경상사고,0,0,1,0,차량단독 - 전도전복 - 전도,안전운전불이행,건조,맑음,단일로 - 기타,원동기,남,73세,경상,미분류,미분류,미분류,미분류
2018121800100012,2018년 12월 18일 00시,화요일,경상남도 양산시 덕계동,경상사고,0,0,1,0,차대사람 - 차도통행중,안전운전불이행,건조,맑음,단일로 - 기타,승용,여,48세,상해없음,보행자,남,41세,경상
2018121800100028,2018년 12월 18일 01시,화요일,경상남도 거제시 아주동,경상사고,0,0,1,0,차대차 - 추돌,안전운전불이행,건조,맑음,교차로 - 교차로부근,승용,남,43세,상해없음,승용,남,29세,경상
2018121800100037,2018년 12월 18일 02시,화요일,경상남도 통영시 무전동,경상사고,0,0,1,0,차대사람 - 길가장자리구역통행중,안전운전불이행,건조,맑음,단일로 - 지하차도(도로)내,승용,남,47세,기타불명,보행자,남,51세,경상
2018121800100042,2018년 12월 18일 03시,화요일,경상남도 밀양시 삼랑진읍,중상사고,0,2,1,0,차대차 - 측면충돌,안전운전불이행,건조,맑음,단일로 - 기타,승용,남,58세,상해없음,화물,남,52세,경상
2018121800100079,2018년 12월 18일 06시,화요일,경상남도 양산시 주진동,경상사고,0,0,1,0,차대차 - 추돌,안전운전불이행,건조,맑음,단일로 - 기타,승용,남,32세,경상,특수,남,60세,상해없음
2018121800100163,2018년 12월 18일 08시,화요일,경상남도 창원시 마산회원구 구암동,중상사고,0,1,0,0,차대차 - 측면충돌,안전운전불이행,건조,맑음,교차로 - 교차로안,승용,남,56세,상해없음,원동기,남,62세,중상
2018121800100201,2018년 12월 18일 09시,화요일,경상남도 창원시 마산합포구 구산면,경상사고,0,0,2,0,차대차 - 기타,안전운전불이행,건조,맑음,교차로 - 교차로안,승용,남,33세,상해없음,승용,여,52세,경상
2018121800100202,2018년 12월 18일 09시,화요일,경상남도 김해시 외동,경상사고,0,0,1,0,차대차 - 측면충돌,직진우회전진행방해,건조,맑음,교차로 - 교차로횡단보도내,승용,여,53세,상해없음,자전거,남,75세,경상
2018121800100203,2018년 12월 18일 09시,화요일,경상남도 합천군 합천읍,경상사고,0,0,2,0,차대차 - 측면충돌,직진우회전진행방해,건조,맑음,교차로 - 교차로안,승용,여,45세,경상,승용,여,66세,경상
2018121800100204,2018년 12월 18일 09시,화요일,경상남도 고성군 마암면,경상사고,0,0,2,0,차대차 - 추돌,안전거리미확보,건조,맑음,단일로 - 기타,건설기계,남,36세,상해없음,승용,여,61세,경상
2018121800100235,2018년 12월 18일 10시,화요일,경상남도 통영시 북신동,경상사고,0,0,1,0,차대차 - 측면충돌,안전거리미확보,건조,맑음,단일로 - 기타,승용,남,59세,상해없음,승합,남,36세,경상
2018121800100236,2018년 12월 18일 10시,화요일,경상남도 밀양시 교동,경상사고,0,0,1,0,차대차 - 기타,안전운전불이행,건조,맑음,단일로 - 기타,기타불명,기타불명,미분류,기타불명,화물,남,61세,경상
2018121800100266,2018년 12월 18일 11시,화요일,경상남도 하동군 청암면,경상사고,0,0,3,0,차대차 - 측면충돌,중앙선침범,건조,맑음,단일로 - 기타,승용,남,50세,상해없음,화물,남,66세,경상
2018121800100294,2018년 12월 18일 12시,화요일,경상남도 창원시 의창구 북면,경상사고,0,0,2,0,차대차 - 기타,안전운전불이행,건조,맑음,단일로 - 기타,화물,남,64세,상해없음,승용,여,41세,경상
2018121800100318,2018년 12월 18일 13시,화요일,경상남도 양산시 동면,중상사고,0,1,0,0,차대차 - 측면충돌,안전운전불이행,건조,맑음,단일로 - 기타,이륜,남,24세,중상,화물,남,38세,상해없음
2018121800100348,2018년 12월 18일 14시,화요일,경상남도 거제시 연초면,경상사고,0,0,1,0,차대차 - 기타,안전거리미확보,건조,맑음,교차로 - 교차로안,승용,남,70세,상해없음,승용,여,45세,경상
2018121800100349,2018년 12월 18일 14시,화요일,경상남도 김해시 흥동,경상사고,0,0,1,0,차대차 - 추돌,안전운전불이행,건조,맑음,단일로 - 기타,승용,여,31세,상해없음,승용,여,33세,경상
2018121800100374,2018년 12월 18일 15시,화요일,경상남도 진주시 수정동,중상사고,0,2,3,0,차대차 - 기타,중앙선침범,건조,맑음,단일로 - 기타,승용,남,74세,중상,승용,여,36세,중상
2018121800100375,2018년 12월 18일 15시,화요일,경상남도 밀양시 무안면,경상사고,0,0,1,0,차대차 - 측면충돌,안전운전불이행,건조,맑음,단일로 - 기타,화물,남,75세,기타불명,승용,여,47세,경상
2018121800100376,2018년 12월 18일 15시,화요일,경상남도 창원시 의창구 도계동,경상사고,0,0,1,0,차대사람 - 보도통행중,안전운전불이행,건조,맑음,단일로 - 기타,승용,여,66세,상해없음,보행자,남,38세,경상
2018121800100414,2018년 12월 18일 16시,화요일,경상남도 김해시 생림면,중상사고,0,1,1,0,차대차 - 측면충돌,신호위반,건조,맑음,교차로 - 교차로안,승용,남,76세,상해없음,승용,남,64세,경상
2018121800100415,2018년 12월 18일 16시,화요일,경상남도 거제시 옥포동,중상사고,0,1,0,0,차대차 - 기타,교차로운행방법위반,건조,맑음,교차로 - 교차로안,화물,남,70세,상해없음,승합,남,36세,중상
2018121800100416,2018년 12월 18일 16시,화요일,경상남도 창원시 마산회원구 양덕동,중상사고,0,1,0,0,차대차 - 측면충돌,신호위반,건조,맑음,단일로 - 기타,화물,남,42세,상해없음,원동기,남,81세,중상
2018121800100417,2018년 12월 18일 16시,화요일,경상남도 창원시 마산회원구 합성동,경상사고,0,0,1,0,차대사람 - 길가장자리구역통행중,안전운전불이행,건조,맑음,단일로 - 기타,승용,남,43세,상해없음,보행자,여,59세,경상
2018121800100460,2018년 12월 18일 17시,화요일,경상남도 함양군 함양읍,중상사고,0,1,0,0,차대차 - 정면충돌,교차로운행방법위반,건조,맑음,교차로 - 교차로안,승용,남,51세,상해없음,이륜,남,66세,중상
2018121800100514,2018년 12월 18일 18시,화요일,경상남도 창원시 마산합포구 남성동,경상사고,0,0,1,1,차대차 - 기타,안전운전불이행,건조,맑음,단일로 - 기타,승용,여,59세,상해없음,승용,남,28세,경상
2018121800100515,2018년 12월 18일 18시,화요일,경상남도 창원시 진해구 장천동,경상사고,0,0,1,0,차대차 - 측면충돌,안전운전불이행,건조,맑음,교차로 - 교차로안,승용,남,66세,상해없음,승용,남,37세,경상
2018121800100516,2018년 12월 18일 18시,화요일,경상남도 사천시 사천읍,중상사고,0,1,0,0,차대차 - 측면충돌,직진우회전진행방해,건조,맑음,교차로 - 교차로안,승용,남,57세,상해없음,이륜,남,56세,중상
2018121800100517,2018년 12월 18일 18시,화요일,경상남도 김해시 삼방동,경상사고,0,0,4,0,차대차 - 추돌,안전운전불이행,건조,맑음,단일로 - 기타,화물,남,43세,상해없음,특수,남,35세,경상
2018121800100518,2018년 12월 18일 18시,화요일,경상남도 창원시 의창구 팔용동,경상사고,0,0,1,0,차대차 - 기타,안전운전불이행,건조,맑음,교차로 - 교차로부근,승용,여,62세,상해없음,승용,여,35세,경상
2018121800100596,2018년 12월 18일 20시,화요일,경상남도 김해시 삼계동,경상사고,0,0,1,0,차대차 - 추돌,안전운전불이행,건조,맑음,단일로 - 기타,승용,여,49세,경상,특수,남,39세,상해없음
2018121800100623,2018년 12월 18일 21시,화요일,경상남도 창원시 성산구 웅남동,경상사고,0,0,1,0,차대차 - 정면충돌,신호위반,건조,흐림,교차로 - 교차로안,승합,여,56세,상해없음,승용,남,50세,경상
2018121800100650,2018년 12월 18일 22시,화요일,경상남도 김해시 전하동,경상사고,0,0,2,0,차대차 - 측면충돌,안전운전불이행,건조,맑음,교차로 - 교차로안,승용,여,21세,경상,승용,여,25세,경상
2018121900100026,2018년 12월 19일 01시,수요일,경상남도 통영시 광도면,부상신고사고,0,0,0,1,차량단독 - 공작물충돌,안전운전불이행,건조,맑음,단일로 - 기타,승용,여,31세,부상신고,,,,
2018121900100035,2018년 12월 19일 03시,수요일,경상남도 양산시 상북면,사망사고,1,0,0,0,차량단독 - 공작물충돌,안전운전불이행,건조,맑음,단일로 - 기타,승용,남,45세,사망,,,,
2018121900100036,2018년 12월 19일 03시,수요일,경상남도 김해시 진영읍,중상사고,0,1,0,0,차대차 - 측면충돌,신호위반,건조,맑음,교차로 - 교차로안,승용,여,52세,중상,승합,남,51세,상해없음
2018121900100077,2018년 12월 19일 06시,수요일,경상남도 진주시 평거동,사망사고,1,0,0,0,차량단독 - 전도전복 - 전도,안전운전불이행,건조,맑음,교차로 - 교차로부근,이륜,남,24세,사망,미분류,미분류,미분류,미분류
2018121900100078,2018년 12월 19일 06시,수요일,경상남도 창원시 의창구 도계동,중상사고,0,1,0,0,차대사람 - 횡단중,안전운전불이행,건조,맑음,교차로 - 교차로횡단보도내,승용,남,59세,상해없음,보행자,여,51세,중상
2018121900100112,2018년 12월 19일 07시,수요일,경상남도 창원시 성산구 외동,경상사고,0,0,1,0,차대차 - 측면충돌,안전운전불이행,건조,맑음,단일로 - 기타,승용,여,57세,상해없음,승용,남,49세,경상
2018121900100150,2018년 12월 19일 08시,수요일,경상남도 양산시 상북면,경상사고,0,0,1,0,차대차 - 기타,안전운전불이행,건조,맑음,단일로 - 기타,화물,남,30세,상해없음,화물,남,43세,경상
2018121900100151,2018년 12월 19일 08시,수요일,경상남도 창원시 성산구 상남동,경상사고,0,0,2,0,차대차 - 추돌,안전운전불이행,건조,맑음,단일로 - 기타,승용,여,36세,상해없음,승용,남,53세,경상
2018121900100182,2018년 12월 19일 09시,수요일,경상남도 거제시 장승포동,경상사고,0,0,1,0,차대차 - 기타,교차로운행방법위반,건조,맑음,교차로 - 교차로부근,승용,여,45세,상해없음,승용,여,33세,경상
2018121900100206,2018년 12월 19일 10시,수요일,경상남도 창원시 마산합포구 월포동,경상사고,0,0,3,0,차대차 - 기타,안전운전불이행,건조,맑음,교차로 - 교차로부근,화물,남,38세,상해없음,화물,남,45세,경상
2018121900100232,2018년 12월 19일 11시,수요일,경상남도 거제시 아주동,경상사고,0,0,2,0,차대차 - 측면충돌,신호위반,건조,맑음,교차로 - 교차로부근,이륜,남,50세,경상,승용,여,61세,경상
2018121900100233,2018년 12월 19일 11시,수요일,경상남도 창원시 마산회원구 양덕동,경상사고,0,0,1,0,차대차 - 측면충돌,안전운전불이행,건조,맑음,단일로 - 기타,승용,남,79세,상해없음,화물,남,49세,경상
2018121900100261,2018년 12월 19일 12시,수요일,경상남도 양산시 덕계동,경상사고,0,0,1,0,차대차 - 기타,안전운전불이행,건조,맑음,교차로 - 교차로부근,승용,남,54세,상해없음,승용,여,41세,경상
2018121900100303,2018년 12월 19일 13시,수요일,경상남도 통영시 무전동,경상사고,0,0,1,0,차대차 - 추돌,안전운전불이행,건조,맑음,단일로 - 기타,화물,남,53세,상해없음,승용,여,34세,경상
2018121900100304,2018년 12월 19일 13시,수요일,경상남도 김해시 불암동,중상사고,0,1,0,0,차대차 - 측면충돌,신호위반,건조,맑음,교차로 - 교차로안,승용,남,67세,기타불명,승용,여,50세,중상
2018121900100333,2018년 12월 19일 14시,수요일,경상남도 창원시 의창구 소답동,경상사고,0,0,2,0,차대차 - 후진중충돌,안전운전불이행,건조,맑음,단일로 - 기타,승용,여,34세,상해없음,화물,남,58세,경상
2018121900100357,2018년 12월 19일 15시,수요일,경상남도 김해시 외동,중상사고,0,1,0,0,차대사람 - 기타,안전운전불이행,건조,맑음,단일로 - 기타,승용,여,54세,상해없음,보행자,여,45세,중상
2018121900100359,2018년 12월 19일 15시,수요일,경상남도 창원시 성산구 반림동,경상사고,0,0,2,0,차대차 - 측면충돌,안전운전불이행,건조,맑음,단일로 - 기타,승용,여,31세,경상,승용,여,33세,경상
2018121900100360,2018년 12월 19일 15시,수요일,경상남도 창원시 의창구 팔용동,경상사고,0,0,1,0,차대차 - 측면충돌,안전운전불이행,건조,맑음,기타 - 기타,승합,남,45세,상해없음,자전거,여,20세,경상
2018121900100393,2018년 12월 19일 16시,수요일,경상남도 양산시 물금읍,경상사고,0,0,1,0,차대차 - 기타,교차로운행방법위반,건조,맑음,교차로 - 교차로부근,승용,남,65세,상해없음,승용,남,30세,경상