사고번호,사고일시,요일,시군구,사고내용,사망자수,중상자수,경상자수,부상신고자수,사고유형,법규위반,노면상태,기상상태,도로형태,가해운전자 차종,가해운전자 성별,가해운전자 연령,가해운전자 상해정도,피해운전자 차종,피해운전자 성별,피해운전자 연령,피해운전자 상해정도
2018122300100262,2018년 12월 23일 15시,일요일,경상남도 밀양시 하남읍,중상사고,0,1,0,0,차대차 - 정면충돌,안전운전불이행,건조,맑음,단일로 - 기타,화물,남,75세,상해없음,자전거,여,76세,중상
2018122300100263,2018년 12월 23일 15시,일요일,경상남도 김해시 율하동,경상사고,0,0,1,0,차대차 - 측면충돌,교차로운행방법위반,건조,맑음,교차로 - 교차로횡단보도내,승용,남,38세,상해없음,이륜,남,45세,경상
2018122300100276,2018년 12월 23일 16시,일요일,경상남도 양산시 하북면,경상사고,0,0,1,0,차대사람 - 기타,안전운전불이행,건조,맑음,기타 - 기타,승용,남,63세,상해없음,보행자,남,31세,경상
2018122300100282,2018년 12월 23일 16시,일요일,경상남도 창원시 진해구 명동,중상사고,0,1,0,0,차량단독 - 기타,안전운전불이행,건조,맑음,단일로 - 기타,원동기,남,35세,중상,,,,
2018122300100283,2018년 12월 23일 16시,일요일,경상남도 통영시 당동,중상사고,0,2,3,0,차대차 - 추돌,안전거리미확보,건조,맑음,단일로 - 기타,승용,남,21세,상해없음,승용,남,54세,경상
2018122300100284,2018년 12월 23일 16시,일요일,경상남도 산청군 단성면,경상사고,0,0,1,0,차대차 - 측면충돌,교차로운행방법위반,건조,맑음,교차로 - 교차로안,이륜,남,71세,경상,승용,여,54세,상해없음
2018122300100312,2018년 12월 23일 17시,일요일,경상남도 김해시 동상동,경상사고,0,0,1,0,차대사람 - 길가장자리구역통행중,안전운전불이행,건조,맑음,단일로 - 기타,승용,남,47세,상해없음,보행자,여,48세,경상
2018122300100313,2018년 12월 23일 17시,일요일,경상남도 김해시 전하동,경상사고,0,0,1,0,차대차 - 측면충돌,신호위반,건조,맑음,교차로 - 교차로안,승용,남,31세,상해없음,화물,남,66세,경상
2018122300100314,2018년 12월 23일 17시,일요일,경상남도 창원시 의창구 명서동,경상사고,0,0,3,0,차대차 - 측면충돌,안전운전불이행,건조,맑음,단일로 - 기타,승용,남,65세,상해없음,원동기,남,60세,경상
2018122300100315,2018년 12월 23일 17시,일요일,경상남도 김해시 한림면,중상사고,0,1,0,0,차량단독 - 공작물충돌,안전운전불이행,건조,맑음,단일로 - 기타,원동기,남,21세,중상,,,,
2018122300100337,2018년 12월 23일 18시,일요일,경상남도 통영시 동호동,경상사고,0,0,1,0,차대차 - 측면충돌,교차로운행방법위반,건조,맑음,교차로 - 교차로안,승용,남,62세,상해없음,이륜,남,41세,경상
2018122300100370,2018년 12월 23일 19시,일요일,경상남도 양산시 어곡동,경상사고,0,0,1,0,차대차 - 기타,교차로운행방법위반,건조,맑음,교차로 - 교차로안,승용,여,58세,상해없음,승용,여,57세,경상
2018122300100371,2018년 12월 23일 19시,일요일,경상남도 거제시 고현동,중상사고,0,1,0,0,차대차 - 기타,중앙선침범,건조,맑음,단일로 - 기타,승용,남,42세,상해없음,이륜,남,35세,중상
2018122300100387,2018년 12월 23일 20시,일요일,경상남도 창원시 진해구 태백동,경상사고,0,0,2,0,차대차 - 정면충돌,중앙선침범,건조,맑음,단일로 - 기타,승용,남,37세,상해없음,승용,남,28세,경상
2018122300100409,2018년 12월 23일 21시,일요일,경상남도 양산시 명동,경상사고,0,0,1,0,차대차 - 기타,안전거리미확보,건조,맑음,단일로 - 기타,승용,남,54세,상해없음,승용,남,26세,경상
2018122300100424,2018년 12월 23일 22시,일요일,경상남도 통영시 정량동,경상사고,0,0,1,0,차대사람 - 기타,안전운전불이행,건조,맑음,교차로 - 교차로횡단보도내,승용,남,49세,상해없음,보행자,남,53세,경상
2018122300100425,2018년 12월 23일 22시,일요일,경상남도 김해시 어방동,중상사고,0,1,0,0,차대차 - 추돌,안전운전불이행,건조,맑음,교차로 - 교차로부근,승용,여,43세,상해없음,승용,여,54세,중상
2018122300100426,2018년 12월 23일 22시,일요일,경상남도 양산시 동면,경상사고,0,0,1,0,차대차 - 측면충돌,신호위반,건조,맑음,교차로 - 교차로안,승용,남,38세,상해없음,이륜,남,18세,경상
2018122400100019,2018년 12월 24일 02시,월요일,경상남도 창원시 마산회원구 구암동,중상사고,0,1,0,0,차대사람 - 차도통행중,안전운전불이행,건조,맑음,교차로 - 교차로부근,승용,남,35세,상해없음,보행자,남,33세,중상
2018122400100020,2018년 12월 24일 02시,월요일,경상남도 김해시 대청동,중상사고,0,1,0,0,차량단독 - 전도전복 - 전도,안전운전불이행,건조,맑음,단일로 - 기타,이륜,남,18세,중상,미분류,미분류,미분류,미분류
2018122400100060,2018년 12월 24일 06시,월요일,경상남도 창원시 진해구 장천동,중상사고,0,1,0,0,차대차 - 측면충돌,신호위반,건조,맑음,교차로 - 교차로안,승합,남,57세,상해없음,승용,남,31세,중상
2018122400100075,2018년 12월 24일 07시,월요일,경상남도 김해시 대동면,경상사고,0,0,1,0,차대차 - 측면충돌,차로위반,건조,맑음,단일로 - 기타,화물,남,57세,상해없음,승용,남,43세,경상
2018122400100082,2018년 12월 24일 07시,월요일,경상남도 김해시 진영읍,중상사고,0,1,0,0,차대사람 - 횡단중,안전운전불이행,건조,맑음,교차로 - 교차로부근,승용,여,42세,상해없음,보행자,남,63세,중상
2018122400100114,2018년 12월 24일 08시,월요일,경상남도 밀양시 교동,중상사고,0,1,0,0,차량단독 - 공작물충돌,안전운전불이행,건조,맑음,단일로 - 기타,사륜오토바이(ATV),남,58세,중상,,,,
2018122400100115,2018년 12월 24일 08시,월요일,경상남도 양산시 용당동,사망사고,1,0,0,0,차대차 - 측면충돌,안전운전불이행,건조,맑음,교차로 - 교차로안,승용,남,33세,상해없음,자전거,남,57세,사망
2018122400100117,2018년 12월 24일 08시,월요일,경상남도 거제시 동부면,경상사고,0,0,1,0,차대사람 - 횡단중,안전운전불이행,건조,맑음,교차로 - 교차로안,승용,남,58세,상해없음,보행자,남,66세,경상
2018122400100147,2018년 12월 24일 09시,월요일,경상남도 합천군 삼가면,경상사고,0,0,1,0,차대차 - 측면충돌,신호위반,건조,맑음,단일로 - 터널,특수,남,61세,상해없음,승용,남,56세,경상
2018122400100182,2018년 12월 24일 10시,월요일,경상남도 창원시 마산합포구 창포동3가,경상사고,0,0,1,0,차대차 - 측면충돌,안전운전불이행,건조,맑음,교차로 - 교차로부근,승용,여,55세,상해없음,승용,여,44세,경상
2018122400100183,2018년 12월 24일 10시,월요일,경상남도 함안군 가야읍,중상사고,0,1,0,0,차대사람 - 횡단중,안전운전불이행,건조,맑음,교차로 - 교차로안,승용,여,46세,상해없음,보행자,남,58세,중상
2018122400100245,2018년 12월 24일 12시,월요일,경상남도 양산시 상북면,중상사고,0,1,0,0,차대차 - 기타,교차로운행방법위반,건조,맑음,교차로 - 교차로안,승용,남,47세,상해없음,이륜,남,70세,중상
2018122400100246,2018년 12월 24일 12시,월요일,경상남도 창원시 성산구 성산동,경상사고,0,0,1,0,차대차 - 측면충돌,신호위반,건조,맑음,교차로 - 교차로안,승용,남,48세,상해없음,승용,남,42세,경상
2018122400100247,2018년 12월 24일 12시,월요일,경상남도 김해시 한림면,중상사고,0,1,0,0,차대사람 - 길가장자리구역통행중,안전운전불이행,건조,맑음,단일로 - 기타,화물,남,51세,상해없음,보행자,여,87세,중상
2018122400100305,2018년 12월 24일 14시,월요일,경상남도 김해시 대동면,경상사고,0,0,3,2,차대차 - 추돌,안전운전불이행,건조,맑음,단일로 - 기타,승용,남,48세,상해없음,승용,여,38세,경상
2018122400100315,2018년 12월 24일 14시,월요일,경상남도 김해시 구산동,경상사고,0,0,2,0,차대차 - 추돌,안전운전불이행,건조,맑음,교차로 - 교차로부근,화물,남,75세,상해없음,승용,남,31세,경상
2018122400100359,2018년 12월 24일 15시,월요일,경상남도 진주시 칠암동,중상사고,0,1,0,0,차대사람 - 보도통행중,신호위반,건조,맑음,교차로 - 교차로안,승용,남,65세,상해없음,보행자,여,45세,중상
2018122400100360,2018년 12월 24일 15시,월요일,경상남도 통영시 도산면,경상사고,0,0,1,0,차량단독 - 공작물충돌,안전운전불이행,건조,맑음,단일로 - 기타,승용,여,67세,상해없음,,,,
2018122400100394,2018년 12월 24일 16시,월요일,경상남도 김해시 외동,중상사고,0,1,0,0,차대차 - 기타,안전운전불이행,건조,맑음,기타 - 기타,승용,여,52세,상해없음,자전거,여,66세,중상
2018122400100426,2018년 12월 24일 17시,월요일,경상남도 진주시 상대동,중상사고,0,1,0,0,차대차 - 측면충돌,신호위반,건조,맑음,교차로 - 교차로안,승용,남,64세,상해없음,승용,남,40세,중상
2018122400100427,2018년 12월 24일 17시,월요일,경상남도 김해시 삼방동,경상사고,0,0,1,0,차대사람 - 횡단중,안전운전불이행,건조,맑음,교차로 - 교차로횡단보도내,승용,남,36세,상해없음,보행자,여,52세,경상
2018122400100428,2018년 12월 24일 17시,월요일,경상남도 거제시 능포동,경상사고,0,0,1,0,차대사람 - 횡단중,신호위반,건조,맑음,교차로 - 교차로횡단보도내,승용,여,55세,상해없음,보행자,남,13세,경상
2018122400100492,2018년 12월 24일 18시,월요일,경상남도 김해시 삼정동,경상사고,0,0,1,0,차대차 - 측면충돌,안전운전불이행,건조,맑음,교차로 - 교차로안,승용,여,50세,상해없음,승용,여,28세,경상
2018122400100547,2018년 12월 24일 19시,월요일,경상남도 창원시 성산구 상남동,중상사고,0,1,0,0,차대사람 - 횡단중,안전운전불이행,건조,맑음,교차로 - 교차로안,승용,남,33세,상해없음,보행자,여,72세,중상
2018122400100581,2018년 12월 24일 20시,월요일,경상남도 창원시 마산합포구 상남동,중상사고,0,1,0,0,차대차 - 측면충돌,신호위반,건조,맑음,교차로 - 교차로안,이륜,남,46세,중상,승용,여,32세,상해없음
2018122400100582,2018년 12월 24일 20시,월요일,경상남도 통영시 항남동,경상사고,0,0,1,0,차대차 - 측면충돌,안전거리미확보,건조,맑음,단일로 - 기타,승용,남,58세,상해없음,이륜,남,34세,경상
2018122400100583,2018년 12월 24일 20시,월요일,경상남도 양산시 중부동,경상사고,0,0,1,0,차대차 - 기타,안전운전불이행,건조,맑음,교차로 - 교차로안,승용,남,59세,상해없음,이륜,남,40세,경상
2018122400100584,2018년 12월 24일 20시,월요일,경상남도 창원시 마산회원구 내서읍,사망사고,1,0,0,0,차대사람 - 차도통행중,안전운전불이행,건조,맑음,단일로 - 기타,승용,남,31세,상해없음,보행자,남,79세,사망
2018122400100607,2018년 12월 24일 21시,월요일,경상남도 창원시 진해구 용원동,부상신고사고,0,0,0,1,차대차 - 측면충돌,안전운전불이행,건조,맑음,단일로 - 기타,이륜,남,38세,부상신고,이륜,남,23세,상해없음
2018122400100608,2018년 12월 24일 21시,월요일,경상남도 거제시 옥포동,중상사고,0,1,0,0,차대사람 - 횡단중,안전운전불이행,건조,맑음,교차로 - 교차로부근,승용,남,36세,상해없음,보행자,남,55세,중상
2018122400100647,2018년 12월 24일 23시,월요일,경상남도 김해시 어방동,경상사고,0,0,1,0,차대사람 - 기타,안전운전불이행,건조,맑음,단일로 - 기타,승용,여,42세,기타불명,보행자,남,19세,경상
2018122400100648,2018년 12월 24일 23시,월요일,경상남도 창원시 의창구 팔용동,경상사고,0,0,1,0,차대사람 - 횡단중,안전운전불이행,건조,맑음,교차로 - 교차로안,승용,남,60세,상해없음,보행자,남,35세,경상
2018122500100041,2018년 12월 25일 02시,화요일,경상남도 거제시 고현동,중상사고,0,1,1,0,차대사람 - 차도통행중,안전운전불이행,건조,맑음,교차로 - 교차로부근,이륜,남,35세,경상,보행자,여,56세,중상
2018122500100042,2018년 12월 25일 02시,화요일,경상남도 함안군 가야읍,중상사고,0,1,0,0,차대차 - 측면충돌,신호위반,건조,맑음,교차로 - 교차로안,승용,남,24세,상해없음,승용,남,37세,중상
2018122500100053,2018년 12월 25일 03시,화요일,경상남도 김해시 구산동,중상사고,0,1,0,0,차대차 - 기타,안전운전불이행,건조,맑음,교차로 - 교차로부근,승용,남,61세,상해없음,이륜,남,59세,중상
2018122500100064,2018년 12월 25일 04시,화요일,경상남도 밀양시 상남면,경상사고,0,0,2,0,차대차 - 추돌,안전운전불이행,건조,흐림,단일로 - 기타,승용,남,30세,상해없음,화물,남,61세,경상
2018122500100083,2018년 12월 25일 06시,화요일,경상남도 진주시 신안동,중상사고,0,1,0,0,차대사람 - 보도통행중,신호위반,건조,맑음,교차로 - 교차로횡단보도내,승용,남,51세,상해없음,보행자,남,55세,중상
2018122500100147,2018년 12월 25일 12시,화요일,경상남도 통영시 서호동,경상사고,0,0,1,0,차대차 - 측면충돌,직진우회전진행방해,건조,맑음,교차로 - 교차로안,이륜,남,50세,경상,승용,남,49세,상해없음
2018122500100164,2018년 12월 25일 13시,화요일,경상남도 김해시 어방동,중상사고,0,1,0,0,차대차 - 기타,교차로운행방법위반,건조,맑음,교차로 - 교차로안,승용,남,45세,상해없음,승용,남,63세,상해없음
2018122500100184,2018년 12월 25일 14시,화요일,경상남도 진주시 하대동,중상사고,0,2,0,0,차대차 - 측면충돌,안전운전불이행,건조,맑음,교차로 - 교차로안,승용,남,47세,중상,승용,남,45세,중상
2018122500100185,2018년 12월 25일 14시,화요일,경상남도 사천시 정동면,경상사고,0,0,2,1,차대차 - 추돌,안전운전불이행,건조,맑음,교차로 - 교차로부근,승용,여,38세,상해없음,승용,남,32세,경상
2018122500100214,2018년 12월 25일 15시,화요일,경상남도 거제시 고현동,경상사고,0,0,1,0,차대차 - 후진중충돌,안전운전불이행,건조,맑음,교차로 - 교차로부근,승용,남,69세,상해없음,승용,여,47세,경상
2018122500100232,2018년 12월 25일 16시,화요일,경상남도 김해시 부원동,경상사고,0,0,1,0,차대차 - 기타,교차로운행방법위반,건조,맑음,교차로 - 교차로안,승용,여,59세,상해없음,이륜,남,21세,경상
2018122500100261,2018년 12월 25일 17시,화요일,경상남도 창원시 진해구 대흥동,중상사고,0,1,0,0,차대사람 - 횡단중,안전운전불이행,건조,맑음,교차로 - 교차로부근,화물,남,51세,상해없음,보행자,여,15세,중상
2018122500100262,2018년 12월 25일 17시,화요일,경상남도 거창군 거창읍,중상사고,0,1,0,0,차대차 - 측면충돌,중앙선침범,건조,맑음,교차로 - 교차로안,승용,여,55세,상해없음,이륜,남,33세,중상
2018122500100263,2018년 12월 25일 17시,화요일,경상남도 창녕군 남지읍,경상사고,0,0,2,0,차대차 - 기타,안전운전불이행,건조,맑음,교차로 - 교차로안,승용,여,60세,경상,화물,남,36세,경상
2018122500100300,2018년 12월 25일 18시,화요일,경상남도 창원시 마산합포구 해운동,경상사고,0,0,1,0,차대사람 - 길가장자리구역통행중,안전운전불이행,건조,맑음,교차로 - 교차로안,승용,남,26세,상해없음,보행자,남,26세,경상
2018122500100301,2018년 12월 25일 18시,화요일,경상남도 김해시 외동,중상사고,0,1,0,0,차대차 - 기타,안전운전불이행,건조,맑음,단일로 - 기타,승용,남,29세,상해없음,원동기,남,30세,중상
2018122500100302,2018년 12월 25일 18시,화요일,경상남도 창원시 의창구 소답동,경상사고,0,0,1,0,차대차 - 측면충돌,교차로운행방법위반,건조,맑음,교차로 - 교차로안,화물,남,61세,상해없음,승용,남,46세,경상
2018122500100329,2018년 12월 25일 19시,화요일,경상남도 양산시 물금읍,중상사고,0,1,0,0,차대차 - 측면충돌,중앙선침범,건조,맑음,단일로 - 기타,승용,남,24세,상해없음,원동기,남,33세,중상
2018122500100330,2018년 12월 25일 19시,화요일,경상남도 창원시 의창구 동읍,사망사고,1,0,0,0,차량단독 - 도로외이탈 - 추락,안전운전불이행,건조,맑음,기타 - 기타,사륜오토바이(ATV),남,64세,사망,,,,
2018122500100356,2018년 12월 25일 20시,화요일,경상남도 양산시 북부동,경상사고,0,0,2,0,차대차 - 측면충돌,중앙선침범,건조,맑음,단일로 - 기타,승용,남,65세,상해없음,승용,남,40세,경상
2018122500100382,2018년 12월 25일 21시,화요일,경상남도 창녕군 도천면,경상사고,0,0,1,0,차대차 - 기타,안전운전불이행,건조,맑음,단일로 - 기타,승용,여,22세,상해없음,승용,남,40세,경상
2018122500100383,2018년 12월 25일 21시,화요일,경상남도 산청군 생초면,중상사고,0,1,0,0,차대차 - 측면충돌,직진우회전진행방해,건조,맑음,교차로 - 교차로안,승용,남,39세,상해없음,사륜오토바이(ATV),여,76세,중상
2018122600100033,2018년 12월 26일 02시,수요일,경상남도 창녕군 남지읍,중상사고,0,1,0,0,차대사람 - 횡단중,안전운전불이행,건조,맑음,교차로 - 교차로횡단보도내,승용,남,35세,상해없음,보행자,여,74세,중상
2018122600100045,2018년 12월 26일 05시,수요일,경상남도 양산시 하북면,경상사고,0,0,1,0,차량단독 - 공작물충돌,안전운전불이행,건조,맑음,기타 - 기타,승용,남,22세,경상,,,,
2018122600100080,2018년 12월 26일 07시,수요일,경상남도 진주시 하대동,경상사고,0,0,1,0,차대차 - 측면충돌,직진우회전진행방해,건조,맑음,교차로 - 교차로안,승용,남,68세,상해없음,승용,남,49세,경상
2018122600100081,2018년 12월 26일 07시,수요일,경상남도 창원시 진해구 충무동,경상사고,0,0,1,0,차량단독 - 전도전복 - 전복,안전운전불이행,건조,맑음,단일로 - 기타,이륜,남,60세,경상,미분류,미분류,미분류,미분류
2018122600100136,2018년 12월 26일 09시,수요일,경상남도 사천시 선구동,부상신고사고,0,0,0,1,차대사람 - 기타,안전운전불이행,건조,맑음,교차로 - 교차로안,화물,여,56세,상해없음,보행자,여,90세 이상,부상신고
2018122600100159,2018년 12월 26일 10시,수요일,경상남도 통영시 북신동,경상사고,0,0,3,0,차대차 - 측면충돌,신호위반,건조,맑음,교차로 - 교차로안,승용,여,47세,기타불명,승용,남,32세,경상
2018122600100160,2018년 12월 26일 10시,수요일,경상남도 양산시 물금읍,경상사고,0,0,2,0,차대차 - 측면충돌,신호위반,건조,맑음,교차로 - 교차로안,승용,여,50세,상해없음,승용,여,37세,경상
2018122600100161,2018년 12월 26일 10시,수요일,경상남도 거제시 일운면,경상사고,0,0,1,0,차대차 - 측면충돌,기타,건조,맑음,교차로 - 교차로안,화물,여,65세,상해없음,승용,여,32세,경상
2018122600100188,2018년 12월 26일 11시,수요일,경상남도 진주시 내동면,중상사고,0,1,0,0,차대차 - 기타,안전운전불이행,건조,맑음,교차로 - 교차로횡단보도내,사륜오토바이(ATV),남,85세,중상,승용,여,49세,상해없음
2018122600100231,2018년 12월 26일 12시,수요일,경상남도 통영시 항남동,중상사고,0,1,0,0,차대사람 - 기타,안전운전불이행,건조,맑음,단일로 - 기타,승용,남,45세,상해없음,보행자,여,80세,중상
2018122600100255,2018년 12월 26일 13시,수요일,경상남도 통영시 무전동,부상신고사고,0,0,0,1,차대차 - 측면충돌,안전운전불이행,건조,맑음,교차로 - 교차로안,이륜,남,44세,부상신고,승합,남,55세,상해없음
2018122600100256,2018년 12월 26일 13시,수요일,경상남도 김해시 동상동,경상사고,0,0,1,0,차대차 - 추돌,안전거리미확보,건조,맑음,단일로 - 기타,화물,남,44세,상해없음,화물,남,36세,경상
2018122600100283,2018년 12월 26일 14시,수요일,경상남도 김해시 진례면,경상사고,0,0,1,0,차대차 - 기타,안전거리미확보,건조,맑음,단일로 - 기타,승용,남,69세,상해없음,특수,남,41세,경상
2018122600100303,2018년 12월 26일 14시,수요일,경상남도 양산시 물금읍,경상사고,0,0,1,0,차대차 - 측면충돌,안전운전불이행,건조,맑음,교차로 - 교차로부근,승용,여,75세,상해없음,이륜,남,38세,경상
2018122600100333,2018년 12월 26일 15시,수요일,경상남도 진주시 인사동,경상사고,0,0,1,0,차대사람 - 기타,안전운전불이행,건조,맑음,교차로 - 교차로안,화물,남,50세,상해없음,보행자,여,80세,경상
2018122600100334,2018년 12월 26일 15시,수요일,경상남도 김해시 외동,중상사고,0,1,0,0,차대차 - 측면충돌,안전운전불이행,건조,맑음,교차로 - 교차로부근,자전거,남,10세,중상,승용,여,52세,상해없음
2018122600100365,2018년 12월 26일 16시,수요일,경상남도 거창군 거창읍,경상사고,0,0,1,0,차대차 - 측면충돌,안전운전불이행,건조,맑음,단일로 - 기타,승용,남,68세,상해없음,이륜,여,69세,경상
2018122600100366,2018년 12월 26일 16시,수요일,경상남도 창녕군 이방면,부상신고사고,0,0,0,1,차대차 - 기타,안전운전불이행,건조,맑음,단일로 - 기타,승용,남,66세,상해없음,자전거,여,70세,부상신고
2018122600100367,2018년 12월 26일 16시,수요일,경상남도 창원시 의창구 도계동,경상사고,0,0,1,0,차대차 - 기타,안전운전불이행,건조,맑음,단일로 - 기타,승합,남,55세,상해없음,이륜,남,54세,경상
2018122600100368,2018년 12월 26일 16시,수요일,경상남도 김해시 유하동,사망사고,1,0,0,0,차대사람 - 보도통행중,보행자보호의무위반,건조,맑음,교차로 - 교차로횡단보도내,화물,남,66세,상해없음,보행자,남,87세,사망
2018122600100402,2018년 12월 26일 17시,수요일,경상남도 창원시 마산합포구 오동동,경상사고,0,0,1,0,차대차 - 측면충돌,교차로운행방법위반,건조,맑음,교차로 - 교차로안,승용,남,38세,상해없음,이륜,남,36세,경상
2018122600100403,2018년 12월 26일 17시,수요일,경상남도 통영시 정량동,중상사고,0,1,0,0,차대사람 - 기타,안전운전불이행,건조,맑음,교차로 - 교차로부근,화물,남,48세,상해없음,보행자,남,58세,중상
2018122600100404,2018년 12월 26일 17시,수요일,경상남도 창원시 의창구 팔용동,경상사고,0,0,2,0,차대차 - 기타,안전운전불이행,건조,맑음,교차로 - 교차로안,승용,여,61세,상해없음,승용,남,28세,경상
2018122600100444,2018년 12월 26일 18시,수요일,경상남도 진주시 장대동,경상사고,0,0,1,0,차대사람 - 횡단중,안전운전불이행,건조,맑음,단일로 - 기타,승용,남,55세,상해없음,보행자,남,58세,경상
2018122600100445,2018년 12월 26일 18시,수요일,경상남도 통영시 무전동,중상사고,0,1,0,0,차대사람 - 기타,안전운전불이행,건조,맑음,단일로 - 기타,승용,남,54세,상해없음,보행자,여,19세,중상
2018122600100446,2018년 12월 26일 18시,수요일,경상남도 창녕군 창녕읍,중상사고,0,1,0,0,차대차 - 측면충돌,안전운전불이행,건조,맑음,단일로 - 기타,승용,남,45세,상해없음,원동기,여,81세,중상
2018122600100447,2018년 12월 26일 18시,수요일,경상남도 양산시 덕계동,경상사고,0,0,1,0,차대사람 - 기타,안전운전불이행,건조,맑음,교차로 - 교차로안,화물,남,39세,상해없음,보행자,여,64세,경상
2018122600100448,2018년 12월 26일 18시,수요일,경상남도 거제시 사등면,경상사고,0,0,7,0,차대차 - 추돌,안전거리미확보,건조,맑음,단일로 - 기타,이륜,남,49세,경상,승용,여,39세,경상
2018122600100488,2018년 12월 26일 19시,수요일,경상남도 거창군 거창읍,중상사고,0,2,0,0,차대차 - 측면충돌,안전운전불이행,건조,맑음,교차로 - 교차로안,승용,여,23세,상해없음,이륜,남,17세,중상
2018122600100489,2018년 12월 26일 19시,수요일,경상남도 김해시 풍유동,경상사고,0,0,1,0,차대차 - 추돌,안전운전불이행,건조,맑음,단일로 - 기타,승용,남,54세,상해없음,승용,여,48세,경상
2018122600100490,2018년 12월 26일 19시,수요일,경상남도 김해시 율하동,중상사고,0,1,0,0,차대차 - 추돌,안전운전불이행,건조,맑음,교차로 - 교차로부근,승용,남,53세,상해없음,승용,여,54세,중상
2018122600100513,2018년 12월 26일 20시,수요일,경상남도 창원시 진해구 용원동,중상사고,0,1,0,0,차대사람 - 기타,안전운전불이행,건조,맑음,교차로 - 교차로부근,승용,여,49세,상해없음,보행자,남,43세,중상
2018122600100514,2018년 12월 26일 20시,수요일,경상남도 김해시 삼문동,경상사고,0,0,1,0,차대차 - 후진중충돌,안전운전불이행,건조,맑음,교차로 - 교차로부근,승합,남,64세,상해없음,승용,남,36세,경상
2018122600100548,2018년 12월 26일 21시,수요일,경상남도 창원시 진해구 이동,경상사고,0,0,1,0,차대차 - 기타,교차로운행방법위반,건조,맑음,교차로 - 교차로안,승용,남,28세,상해없음,승용,남,63세,상해없음
2018122600100550,2018년 12월 26일 21시,수요일,경상남도 창원시 마산회원구 봉암동,경상사고,0,0,1,0,차대차 - 측면충돌,신호위반,건조,맑음,교차로 - 교차로안,승용,여,26세,상해없음,승용,남,25세,경상
2018122600100551,2018년 12월 26일 21시,수요일,경상남도 창원시 마산회원구 합성동,경상사고,0,0,1,0,차대사람 - 차도통행중,안전운전불이행,건조,맑음,단일로 - 기타,승합,남,56세,상해없음,보행자,여,51세,경상
2018122700100007,2018년 12월 27일 00시,목요일,경상남도 김해시 관동동,중상사고,0,1,0,0,차량단독 - 기타,안전운전불이행,건조,맑음,단일로 - 터널,승용,여,60세,중상,,,,
2018122700100034,2018년 12월 27일 01시,목요일,경상남도 창원시 성산구 상남동,중상사고,0,1,0,0,차대사람 - 기타,안전운전불이행,건조,맑음,단일로 - 기타,승용,남,23세,상해없음,보행자,남,47세,중상
2018122700100035,2018년 12월 27일 01시,목요일,경상남도 창원시 의창구 소답동,경상사고,0,0,1,0,차대차 - 기타,안전운전불이행,건조,맑음,교차로 - 교차로안,승용,남,52세,상해없음,승용,남,58세,경상
2018122700100051,2018년 12월 27일 02시,목요일,경상남도 창원시 마산합포구 완월동,중상사고,0,1,0,0,차대사람 - 차도통행중,안전운전불이행,건조,맑음,교차로 - 교차로횡단보도내,화물,남,75세,상해없음,보행자,남,44세,중상
2018122700100089,2018년 12월 27일 06시,목요일,경상남도 양산시 남부동,중상사고,0,1,1,0,차대차 - 측면충돌,신호위반,건조,맑음,교차로 - 교차로안,승용,남,43세,상해없음,승용,남,48세,중상
2018122700100090,2018년 12월 27일 06시,목요일,경상남도 거제시 능포동,경상사고,0,0,1,0,차대사람 - 기타,보행자보호의무위반,건조,맑음,교차로 - 교차로안,승합,남,53세,상해없음,보행자,여,58세,경상
2018122700100106,2018년 12월 27일 07시,목요일,경상남도 사천시 정동면,경상사고,0,0,1,0,차대차 - 측면충돌,직진우회전진행방해,건조,맑음,교차로 - 교차로안,승용,남,52세,상해없음,승용,남,28세,경상
2018122700100131,2018년 12월 27일 08시,목요일,경상남도 창원시 성산구 상남동,경상사고,0,0,1,0,차대차 - 측면충돌,신호위반,건조,맑음,교차로 - 교차로횡단보도내,승용,남,59세,상해없음,자전거,남,30세,경상
2018122700100162,2018년 12월 27일 09시,목요일,경상남도 창원시 진해구 석동,중상사고,0,1,1,0,차대차 - 측면충돌,신호위반,건조,맑음,교차로 - 교차로안,승용,남,61세,상해없음,승용,남,59세,중상
2018122700100163,2018년 12월 27일 09시,목요일,경상남도 김해시 상동면,중상사고,0,1,0,0,차대차 - 측면충돌,중앙선침범,건조,맑음,단일로 - 기타,승용,남,37세,상해없음,승용,남,53세,중상
2018122700100212,2018년 12월 27일 11시,목요일,경상남도 창원시 마산합포구 월영동,경상사고,0,0,1,0,차대차 - 기타,안전운전불이행,건조,맑음,기타 - 기타,승합,남,60세,상해없음,승용,여,44세,경상
2018122700100214,2018년 12월 27일 11시,목요일,경상남도 창원시 성산구 상남동,경상사고,0,0,1,0,차대사람 - 횡단중,안전운전불이행,건조,맑음,교차로 - 교차로횡단보도내,기타불명,기타불명,미분류,기타불명,보행자,남,23세,경상
2018122700100241,2018년 12월 27일 12시,목요일,경상남도 김해시 내동,중상사고,0,1,0,0,차대차 - 측면충돌,교차로운행방법위반,건조,맑음,교차로 - 교차로안,승용,여,65세,상해없음,이륜,남,37세,중상