사고번호,사고일시,요일,시군구,사고내용,사망자수,중상자수,경상자수,부상신고자수,사고유형,법규위반,노면상태,기상상태,도로형태,가해운전자 차종,가해운전자 성별,가해운전자 연령,가해운전자 상해정도,피해운전자 차종,피해운전자 성별,피해운전자 연령,피해운전자 상해정도
2018122700100242,2018년 12월 27일 12시,목요일,경상남도 거창군 거창읍,경상사고,0,0,1,0,차대차 - 측면충돌,안전운전불이행,건조,맑음,교차로 - 교차로안,승용,남,41세,상해없음,승용,남,60세,경상
2018122700100328,2018년 12월 27일 15시,목요일,경상남도 통영시 북신동,경상사고,0,0,1,0,차대사람 - 기타,안전운전불이행,건조,맑음,교차로 - 교차로안,승용,남,56세,상해없음,보행자,여,66세,경상
2018122700100405,2018년 12월 27일 17시,목요일,경상남도 사천시 벌리동,중상사고,0,1,0,0,차대사람 - 횡단중,보행자보호의무위반,건조,맑음,교차로 - 교차로안,승용,남,56세,상해없음,보행자,남,63세,중상
2018122700100454,2018년 12월 27일 18시,목요일,경상남도 김해시 삼계동,경상사고,0,0,1,0,차대차 - 측면충돌,신호위반,건조,맑음,교차로 - 교차로안,이륜,남,21세,경상,승합,남,53세,상해없음
2018122700100455,2018년 12월 27일 18시,목요일,경상남도 김해시 대동면,경상사고,0,0,2,0,차대차 - 측면충돌,중앙선침범,건조,맑음,단일로 - 기타,승용,여,62세,상해없음,승용,남,37세,경상
2018122700100456,2018년 12월 27일 18시,목요일,경상남도 김해시 내동,중상사고,0,1,0,0,차대사람 - 횡단중,보행자보호의무위반,건조,맑음,단일로 - 기타,승용,여,58세,상해없음,보행자,여,17세,중상
2018122700100457,2018년 12월 27일 18시,목요일,경상남도 양산시 중부동,경상사고,0,0,1,0,차대차 - 후진중충돌,안전운전불이행,건조,맑음,단일로 - 기타,승용,남,46세,상해없음,이륜,남,17세,경상
2018122700100458,2018년 12월 27일 18시,목요일,경상남도 거제시 양정동,경상사고,0,0,1,0,차대차 - 기타,안전거리미확보,건조,맑음,단일로 - 기타,승용,여,50세,상해없음,승용,남,53세,경상
2018122700100459,2018년 12월 27일 18시,목요일,경상남도 김해시 무계동,중상사고,0,1,0,0,차대사람 - 횡단중,신호위반,건조,맑음,교차로 - 교차로안,이륜,남,24세,상해없음,보행자,여,61세,중상
2018122700100509,2018년 12월 27일 19시,목요일,경상남도 진주시 인사동,중상사고,0,1,0,0,차대차 - 추돌,안전운전불이행,건조,맑음,교차로 - 교차로부근,이륜,남,46세,중상,건설기계,남,71세,기타불명
2018122700100510,2018년 12월 27일 19시,목요일,경상남도 창원시 의창구 동읍,중상사고,0,1,0,0,차대차 - 추돌,안전운전불이행,건조,맑음,단일로 - 기타,화물,남,58세,상해없음,승용,여,43세,중상
2018122700100549,2018년 12월 27일 20시,목요일,경상남도 하동군 진교면,중상사고,0,1,0,1,차대차 - 측면충돌,신호위반,건조,맑음,교차로 - 교차로안,승용,여,51세,부상신고,승용,남,40세,중상
2018122700100576,2018년 12월 27일 21시,목요일,경상남도 창원시 성산구 남산동,경상사고,0,0,1,0,차대차 - 추돌,안전운전불이행,건조,맑음,교차로 - 교차로부근,승용,남,32세,상해없음,승용,남,63세,경상
2018122700100577,2018년 12월 27일 21시,목요일,경상남도 창원시 의창구 북면,경상사고,0,0,1,0,차대차 - 측면충돌,신호위반,건조,맑음,교차로 - 교차로안,승용,여,40세,상해없음,승용,여,32세,경상
2018122800100032,2018년 12월 28일 02시,금요일,경상남도 창원시 성산구 가음동,중상사고,0,1,0,0,차대차 - 측면충돌,안전운전불이행,건조,맑음,교차로 - 교차로안,이륜,남,47세,중상,승용,남,64세,상해없음
2018122800100043,2018년 12월 28일 03시,금요일,경상남도 창원시 성산구 상남동,경상사고,0,0,4,0,차대차 - 측면충돌,안전운전불이행,건조,맑음,교차로 - 교차로안,승용,남,24세,상해없음,승용,남,47세,경상
2018122800100115,2018년 12월 28일 08시,금요일,경상남도 양산시 동면,중상사고,0,1,0,0,차대사람 - 횡단중,기타,건조,맑음,교차로 - 교차로안,승용,남,50세,상해없음,보행자,여,7세,중상
2018122800100116,2018년 12월 28일 08시,금요일,경상남도 고성군 고성읍,중상사고,0,1,0,0,차대사람 - 횡단중,보행자보호의무위반,건조,맑음,교차로 - 교차로부근,승용,남,71세,상해없음,보행자,여,13세,중상
2018122800100117,2018년 12월 28일 08시,금요일,경상남도 창원시 의창구 대원동,경상사고,0,0,1,0,차대차 - 추돌,안전운전불이행,건조,맑음,단일로 - 지하차도(도로)내,승합,남,26세,상해없음,화물,여,56세,경상
2018122800100118,2018년 12월 28일 08시,금요일,경상남도 창원시 성산구 웅남동,경상사고,0,0,1,0,차대차 - 측면충돌,신호위반,건조,맑음,교차로 - 교차로안,승용,남,49세,상해없음,승용,남,26세,경상
2018122800100144,2018년 12월 28일 09시,금요일,경상남도 거제시 하청면,경상사고,0,0,1,0,차대차 - 기타,직진우회전진행방해,건조,맑음,교차로 - 교차로안,화물,남,80세,상해없음,승용,남,55세,경상
2018122800100198,2018년 12월 28일 11시,금요일,경상남도 창원시 마산합포구 남성동,중상사고,0,1,0,0,차대사람 - 기타,안전운전불이행,건조,맑음,기타 - 기타,승용,남,85세,상해없음,보행자,남,83세,중상
2018122800100199,2018년 12월 28일 11시,금요일,경상남도 창원시 진해구 덕산동,중상사고,0,1,0,0,차대차 - 측면충돌,안전운전불이행,건조,맑음,단일로 - 기타,이륜,남,40세,상해없음,자전거,남,9세,중상
2018122800100200,2018년 12월 28일 11시,금요일,경상남도 김해시 진례면,중상사고,0,1,0,0,차대차 - 정면충돌,중앙선침범,건조,맑음,단일로 - 기타,이륜,남,75세,중상,화물,남,42세,상해없음
2018122800100228,2018년 12월 28일 12시,금요일,경상남도 진주시 평거동,중상사고,0,1,0,0,차대사람 - 횡단중,보행자보호의무위반,건조,맑음,교차로 - 교차로안,승용,여,41세,상해없음,보행자,여,32세,중상
2018122800100229,2018년 12월 28일 12시,금요일,경상남도 산청군 단성면,경상사고,0,0,2,2,차대차 - 측면충돌,교차로운행방법위반,건조,맑음,교차로 - 교차로안,화물,남,71세,상해없음,승용,남,38세,부상신고
2018122800100265,2018년 12월 28일 13시,금요일,경상남도 김해시 전하동,경상사고,0,0,2,0,차대차 - 측면충돌,교차로운행방법위반,건조,맑음,교차로 - 교차로안,화물,남,44세,경상,화물,남,50세,경상
2018122800100347,2018년 12월 28일 15시,금요일,경상남도 거창군 거창읍,중상사고,0,1,0,0,차대차 - 기타,안전운전불이행,건조,맑음,교차로 - 교차로안,이륜,여,56세,중상,화물,남,57세,상해없음
2018122800100348,2018년 12월 28일 15시,금요일,경상남도 합천군 삼가면,경상사고,0,0,1,0,차대차 - 측면충돌,교차로운행방법위반,건조,맑음,교차로 - 교차로안,승용,여,55세,상해없음,승용,남,29세,경상
2018122800100349,2018년 12월 28일 15시,금요일,경상남도 양산시 명동,중상사고,0,1,0,0,차대차 - 기타,중앙선침범,건조,맑음,단일로 - 기타,승용,남,59세,상해없음,승용,여,49세,중상
2018122800100350,2018년 12월 28일 15시,금요일,경상남도 의령군 정곡면,중상사고,0,1,0,0,차대차 - 측면충돌,직진우회전진행방해,건조,맑음,교차로 - 교차로안,자전거,남,86세,중상,화물,남,61세,상해없음
2018122800100393,2018년 12월 28일 16시,금요일,경상남도 창원시 진해구 경화동,중상사고,0,1,0,0,차대차 - 측면충돌,안전운전불이행,건조,맑음,교차로 - 교차로안,승용,여,63세,상해없음,승용,여,55세,상해없음
2018122800100394,2018년 12월 28일 16시,금요일,경상남도 김해시 지내동,중상사고,0,1,0,0,차대차 - 측면충돌,안전운전불이행,건조,맑음,교차로 - 교차로안,건설기계,남,50세,상해없음,승용,여,30세,중상
2018122800100395,2018년 12월 28일 16시,금요일,경상남도 합천군 삼가면,경상사고,0,0,1,0,차대차 - 측면충돌,교차로운행방법위반,건조,맑음,교차로 - 교차로안,승용,남,73세,상해없음,승용,여,54세,경상
2018122800100396,2018년 12월 28일 16시,금요일,경상남도 양산시 북부동,경상사고,0,0,1,0,차대차 - 측면충돌,안전거리미확보,건조,맑음,교차로 - 교차로부근,승용,남,62세,상해없음,승용,남,30세,경상
2018122800100429,2018년 12월 28일 17시,금요일,경상남도 함양군 안의면,경상사고,0,0,1,0,차대차 - 측면충돌,교차로운행방법위반,건조,맑음,교차로 - 교차로안,화물,남,61세,상해없음,승용,여,64세,경상
2018122800100430,2018년 12월 28일 17시,금요일,경상남도 김해시 진영읍,중상사고,0,2,6,0,차대차 - 측면충돌,신호위반,건조,맑음,교차로 - 교차로안,승합,남,60세,상해없음,승용,남,35세,상해없음
2018122800100523,2018년 12월 28일 19시,금요일,경상남도 통영시 항남동,경상사고,0,0,1,0,차대사람 - 길가장자리구역통행중,안전운전불이행,건조,맑음,단일로 - 기타,승용,여,68세,상해없음,보행자,남,72세,경상
2018122800100524,2018년 12월 28일 19시,금요일,경상남도 창원시 마산회원구 봉암동,중상사고,0,1,0,0,차대차 - 측면충돌,중앙선침범,건조,맑음,교차로 - 교차로부근,승용,남,58세,상해없음,승용,남,27세,중상
2018122800100563,2018년 12월 28일 20시,금요일,경상남도 양산시 물금읍,중상사고,0,1,2,0,차대차 - 측면충돌,신호위반,건조,맑음,교차로 - 교차로안,이륜,남,18세,중상,승용,남,43세,경상
2018122800100564,2018년 12월 28일 20시,금요일,경상남도 창원시 성산구 삼정자동,중상사고,0,1,0,0,차대차 - 추돌,안전운전불이행,건조,맑음,교차로 - 교차로부근,승용,남,50세,상해없음,승용,남,40세,중상
2018122800100598,2018년 12월 28일 21시,금요일,경상남도 창원시 마산회원구 내서읍,경상사고,0,0,1,0,차대차 - 측면충돌,안전운전불이행,건조,맑음,단일로 - 기타,승용,남,65세,상해없음,이륜,남,25세,경상
2018122800100626,2018년 12월 28일 22시,금요일,경상남도 진주시 이현동,경상사고,0,0,1,0,차대사람 - 횡단중,보행자보호의무위반,건조,맑음,단일로 - 기타,승용,여,30세,상해없음,보행자,여,41세,경상
2018122800100627,2018년 12월 28일 22시,금요일,경상남도 김해시 관동동,경상사고,0,0,2,0,차대차 - 후진중충돌,불법유턴,건조,맑음,단일로 - 기타,승용,남,18세,상해없음,승용,남,25세,경상
2018122800100628,2018년 12월 28일 22시,금요일,경상남도 진주시 정촌면,중상사고,0,1,0,0,차대차 - 기타,안전운전불이행,건조,맑음,단일로 - 기타,승용,남,39세,상해없음,승용,남,26세,중상
2018122800100661,2018년 12월 28일 23시,금요일,경상남도 진주시 평거동,경상사고,0,0,1,0,차량단독 - 전도전복 - 전도,안전운전불이행,건조,맑음,단일로 - 기타,승용,남,62세,상해없음,미분류,미분류,미분류,미분류
2018122800100662,2018년 12월 28일 23시,금요일,경상남도 거제시 거제면,사망사고,1,0,0,0,차량단독 - 공작물충돌,안전운전불이행,건조,맑음,단일로 - 기타,승용,남,47세,사망,,,,
2018122800100663,2018년 12월 28일 23시,금요일,경상남도 창원시 의창구 도계동,경상사고,0,0,2,0,차대차 - 기타,안전운전불이행,건조,맑음,교차로 - 교차로안,승용,남,27세,상해없음,승용,남,27세,경상
2018122900100020,2018년 12월 29일 00시,토요일,경상남도 진주시 신안동,경상사고,0,0,3,0,차대차 - 추돌,안전운전불이행,건조,맑음,교차로 - 교차로부근,승용,여,33세,상해없음,승용,남,37세,경상
2018122900100047,2018년 12월 29일 02시,토요일,경상남도 거제시 고현동,중상사고,0,1,2,0,차대차 - 기타,신호위반,건조,맑음,교차로 - 교차로안,승용,남,57세,상해없음,승용,남,61세,경상
2018122900100077,2018년 12월 29일 06시,토요일,경상남도 창원시 마산합포구 신포동2가,중상사고,0,1,0,0,차대사람 - 기타,안전운전불이행,건조,맑음,단일로 - 기타,승용,남,73세,상해없음,보행자,여,83세,중상
2018122900100084,2018년 12월 29일 07시,토요일,경상남도 진주시 평거동,경상사고,0,0,1,0,차대차 - 기타,안전운전불이행,건조,맑음,기타 - 기타,승용,남,34세,경상,승용,남,35세,기타불명
2018122900100095,2018년 12월 29일 08시,토요일,경상남도 사천시 사천읍,중상사고,0,1,0,0,차대차 - 측면충돌,안전운전불이행,건조,맑음,교차로 - 교차로안,승용,남,39세,중상,화물,남,39세,상해없음
2018122900100108,2018년 12월 29일 09시,토요일,경상남도 통영시 미수동,경상사고,0,0,1,0,차대사람 - 기타,안전운전불이행,건조,맑음,단일로 - 기타,기타불명,기타불명,미분류,기타불명,보행자,여,66세,경상
2018122900100129,2018년 12월 29일 10시,토요일,경상남도 김해시 서상동,중상사고,0,1,0,0,차대사람 - 기타,안전운전불이행,건조,맑음,교차로 - 교차로부근,승용,남,63세,상해없음,보행자,남,44세,중상
2018122900100158,2018년 12월 29일 11시,토요일,경상남도 밀양시 부북면,경상사고,0,0,2,0,차대차 - 측면충돌,안전운전불이행,건조,맑음,단일로 - 기타,승용,남,67세,상해없음,승용,여,45세,경상
2018122900100159,2018년 12월 29일 11시,토요일,경상남도 김해시 삼정동,중상사고,0,1,0,0,차대차 - 측면충돌,안전운전불이행,건조,맑음,교차로 - 교차로안,승용,남,44세,상해없음,원동기,남,60세,중상
2018122900100160,2018년 12월 29일 11시,토요일,경상남도 김해시 삼방동,경상사고,0,0,1,0,차대차 - 기타,안전운전불이행,건조,맑음,단일로 - 기타,승용,남,62세,상해없음,승용,남,55세,경상
2018122900100161,2018년 12월 29일 11시,토요일,경상남도 양산시 다방동,경상사고,0,0,1,0,차대차 - 측면충돌,신호위반,건조,맑음,교차로 - 교차로안,승용,남,73세,상해없음,승용,여,59세,경상
2018122900100192,2018년 12월 29일 12시,토요일,경상남도 김해시 안동,중상사고,0,3,1,0,차대차 - 측면충돌,중앙선침범,건조,맑음,교차로 - 교차로부근,승용,남,60세,경상,승용,남,52세,중상
2018122900100194,2018년 12월 29일 12시,토요일,경상남도 함안군 군북면,경상사고,0,0,2,0,차대차 - 측면충돌,안전운전불이행,건조,맑음,교차로 - 교차로안,화물,남,60세,상해없음,승용,여,33세,경상
2018122900100222,2018년 12월 29일 13시,토요일,경상남도 고성군 구만면,중상사고,0,1,0,0,차대차 - 측면충돌,신호위반,건조,맑음,교차로 - 교차로안,화물,남,68세,상해없음,승용,여,32세,중상
2018122900100223,2018년 12월 29일 13시,토요일,경상남도 하동군 하동읍,경상사고,0,0,1,0,차대차 - 측면충돌,교차로운행방법위반,건조,맑음,교차로 - 교차로안,승용,남,77세,상해없음,화물,남,45세,경상
2018122900100253,2018년 12월 29일 14시,토요일,경상남도 통영시 태평동,중상사고,0,1,0,0,차대사람 - 횡단중,안전운전불이행,건조,맑음,단일로 - 기타,화물,남,56세,상해없음,보행자,여,60세,중상
2018122900100306,2018년 12월 29일 16시,토요일,경상남도 진주시 이현동,중상사고,0,1,0,0,차대차 - 측면충돌,신호위반,건조,맑음,교차로 - 교차로부근,승용,남,53세,상해없음,이륜,남,17세,중상
2018122900100332,2018년 12월 29일 17시,토요일,경상남도 김해시 삼정동,중상사고,0,1,0,0,차대사람 - 횡단중,안전운전불이행,건조,맑음,단일로 - 기타,원동기,남,34세,상해없음,보행자,남,23세,중상
2018122900100333,2018년 12월 29일 17시,토요일,경상남도 거제시 동부면,경상사고,0,0,1,0,차대사람 - 차도통행중,안전운전불이행,건조,맑음,단일로 - 기타,승용,남,71세,상해없음,보행자,남,10세,경상
2018122900100365,2018년 12월 29일 18시,토요일,경상남도 김해시 삼계동,중상사고,0,1,0,0,차대차 - 기타,안전운전불이행,건조,맑음,교차로 - 교차로안,승용,남,54세,상해없음,승용,남,28세,중상
2018122900100396,2018년 12월 29일 19시,토요일,경상남도 양산시 북정동,경상사고,0,0,1,0,차대차 - 추돌,안전운전불이행,건조,맑음,단일로 - 기타,이륜,남,18세,경상,화물,남,30세,상해없음
2018122900100425,2018년 12월 29일 20시,토요일,경상남도 진주시 옥봉동,중상사고,0,1,0,0,차대사람 - 보도통행중,보행자보호의무위반,건조,맑음,교차로 - 교차로횡단보도내,승용,여,65세,상해없음,보행자,여,66세,중상
2018122900100426,2018년 12월 29일 20시,토요일,경상남도 양산시 물금읍,경상사고,0,0,1,0,차대차 - 측면충돌,직진우회전진행방해,건조,맑음,교차로 - 교차로안,이륜,남,29세,경상,승용,남,60세,상해없음
2018123000100058,2018년 12월 30일 03시,일요일,경상남도 창원시 성산구 상남동,중상사고,0,3,0,0,차대차 - 측면충돌,안전운전불이행,건조,맑음,교차로 - 교차로안,승용,남,24세,상해없음,화물,남,32세,기타불명
2018123000100070,2018년 12월 30일 05시,일요일,경상남도 진주시 이현동,경상사고,0,0,1,0,차대사람 - 기타,안전운전불이행,건조,맑음,기타 - 기타,승용,남,55세,상해없음,보행자,남,28세,경상
2018123000100071,2018년 12월 30일 05시,일요일,경상남도 김해시 삼계동,중상사고,0,1,0,0,차량단독 - 전도전복 - 전도,안전운전불이행,건조,맑음,단일로 - 기타,이륜,남,57세,중상,미분류,미분류,미분류,미분류
2018123000100099,2018년 12월 30일 08시,일요일,경상남도 창원시 마산합포구 해운동,중상사고,0,1,0,0,차대차 - 측면충돌,신호위반,건조,맑음,교차로 - 교차로안,승합,남,67세,상해없음,승용,여,63세,중상
2018123000100100,2018년 12월 30일 08시,일요일,경상남도 창녕군 남지읍,경상사고,0,0,1,0,차대차 - 측면충돌,직진우회전진행방해,건조,맑음,교차로 - 교차로안,화물,남,65세,상해없음,승용,여,54세,경상
2018123000100135,2018년 12월 30일 11시,일요일,경상남도 통영시 광도면,경상사고,0,0,1,0,차대차 - 측면충돌,안전운전불이행,건조,맑음,교차로 - 교차로안,승용,남,49세,상해없음,승용,남,65세,경상
2018123000100157,2018년 12월 30일 12시,일요일,경상남도 밀양시 삼문동,경상사고,0,0,1,0,차대사람 - 기타,보행자보호의무위반,건조,맑음,교차로 - 교차로횡단보도내,이륜,여,43세,상해없음,보행자,남,76세,경상
2018123000100174,2018년 12월 30일 13시,일요일,경상남도 진주시 신안동,경상사고,0,0,1,0,차대차 - 측면충돌,신호위반,건조,맑음,교차로 - 교차로안,이륜,남,40세,경상,승용,남,32세,상해없음
2018123000100175,2018년 12월 30일 13시,일요일,경상남도 통영시 광도면,경상사고,0,0,1,0,차대차 - 추돌,안전운전불이행,건조,맑음,단일로 - 기타,승용,여,38세,상해없음,승합,남,50세,경상
2018123000100196,2018년 12월 30일 14시,일요일,경상남도 창원시 진해구 이동,중상사고,0,2,0,0,차대차 - 측면충돌,교차로운행방법위반,건조,맑음,교차로 - 교차로안,승용,여,33세,상해없음,승용,남,30세,중상
2018123000100242,2018년 12월 30일 16시,일요일,경상남도 창원시 진해구 경화동,중상사고,0,1,0,0,차대차 - 기타,기타,건조,맑음,단일로 - 기타,승용,남,47세,상해없음,이륜,남,73세,중상
2018123000100268,2018년 12월 30일 17시,일요일,경상남도 양산시 중부동,부상신고사고,0,0,0,1,차대차 - 측면충돌,안전운전불이행,건조,맑음,단일로 - 기타,기타불명,기타불명,미분류,기타불명,자전거,여,69세,부상신고
2018123000100294,2018년 12월 30일 18시,일요일,경상남도 거제시 장승포동,중상사고,0,1,0,0,차대차 - 기타,안전운전불이행,건조,맑음,교차로 - 교차로안,승용,남,34세,상해없음,자전거,남,74세,중상
2018123000100344,2018년 12월 30일 20시,일요일,경상남도 밀양시 가곡동,중상사고,0,1,0,0,차대사람 - 횡단중,보행자보호의무위반,건조,흐림,교차로 - 교차로부근,승용,남,55세,상해없음,보행자,남,59세,중상
2018123000100345,2018년 12월 30일 20시,일요일,경상남도 밀양시 상남면,중상사고,0,1,1,0,차대차 - 측면충돌,신호위반,건조,맑음,교차로 - 교차로안,승용,남,40세,상해없음,승용,남,43세,경상
2018123000100366,2018년 12월 30일 21시,일요일,경상남도 사천시 사천읍,중상사고,0,1,0,0,차대차 - 측면충돌,직진우회전진행방해,건조,맑음,교차로 - 교차로안,승용,남,63세,상해없음,이륜,남,35세,중상
2018123000100367,2018년 12월 30일 21시,일요일,경상남도 김해시 지내동,중상사고,0,1,0,0,차대사람 - 기타,신호위반,건조,맑음,교차로 - 교차로횡단보도내,이륜,남,16세,상해없음,보행자,여,20세,중상
2018123000100369,2018년 12월 30일 21시,일요일,경상남도 창원시 의창구 명서동,경상사고,0,0,2,0,차대차 - 측면충돌,신호위반,건조,맑음,교차로 - 교차로안,승용,여,59세,상해없음,승용,여,49세,경상
2018123100100023,2018년 12월 31일 02시,월요일,경상남도 창원시 성산구 남양동,경상사고,0,0,1,0,차대차 - 측면충돌,신호위반,건조,맑음,교차로 - 교차로안,승용,남,61세,상해없음,승용,남,62세,경상
2018123100100059,2018년 12월 31일 06시,월요일,경상남도 통영시 산양읍,중상사고,0,1,0,0,차대사람 - 기타,안전운전불이행,건조,맑음,단일로 - 기타,승용,남,38세,상해없음,보행자,여,78세,중상
2018123100100060,2018년 12월 31일 06시,월요일,경상남도 거창군 거창읍,중상사고,0,1,0,0,차대차 - 측면충돌,안전운전불이행,건조,맑음,교차로 - 교차로안,화물,남,59세,상해없음,승용,여,62세,중상
2018123100100094,2018년 12월 31일 08시,월요일,경상남도 창원시 진해구 자은동,중상사고,0,1,2,0,차대차 - 측면충돌,안전거리미확보,건조,맑음,교차로 - 교차로부근,화물,남,39세,상해없음,승용,여,30세,경상
2018123100100095,2018년 12월 31일 08시,월요일,경상남도 통영시 북신동,중상사고,0,1,0,0,차대차 - 측면충돌,안전운전불이행,건조,맑음,교차로 - 교차로안,승용,여,54세,상해없음,이륜,남,75세,중상
2018123100100096,2018년 12월 31일 08시,월요일,경상남도 거창군 거창읍,중상사고,0,1,0,0,차대차 - 측면충돌,안전운전불이행,건조,맑음,교차로 - 교차로안,승용,남,28세,상해없음,승용,여,54세,중상
2018123100100097,2018년 12월 31일 08시,월요일,경상남도 창원시 의창구 대원동,중상사고,0,1,0,0,차대차 - 추돌,안전운전불이행,건조,맑음,교차로 - 교차로부근,화물,남,57세,상해없음,승용,여,29세,중상
2018123100100177,2018년 12월 31일 11시,월요일,경상남도 남해군 남해읍,중상사고,0,1,0,0,차대사람 - 기타,안전운전불이행,건조,맑음,단일로 - 기타,승용,여,54세,상해없음,보행자,남,52세,중상
2018123100100178,2018년 12월 31일 11시,월요일,경상남도 의령군 용덕면,경상사고,0,0,1,0,차대차 - 측면충돌,안전운전불이행,건조,맑음,미분류 - 미분류,승용,남,60세,상해없음,이륜,남,90세 이상,경상
2018123100100213,2018년 12월 31일 12시,월요일,경상남도 밀양시 삼문동,경상사고,0,0,2,0,차대사람 - 보도통행중,보행자보호의무위반,건조,맑음,단일로 - 기타,승용,남,62세,상해없음,보행자,남,18세,경상
2018123100100275,2018년 12월 31일 14시,월요일,경상남도 김해시 대동면,경상사고,0,0,2,0,차대차 - 측면충돌,안전운전불이행,건조,맑음,교차로 - 교차로안,승용,남,61세,상해없음,화물,남,60세,경상
2018123100100276,2018년 12월 31일 14시,월요일,경상남도 거제시 장평동,중상사고,0,1,0,0,차대차 - 기타,안전거리미확보,건조,맑음,단일로 - 기타,승용,여,49세,상해없음,승용,남,55세,중상
2018123100100327,2018년 12월 31일 15시,월요일,경상남도 창원시 마산합포구 진전면,경상사고,0,0,1,0,차대차 - 정면충돌,중앙선침범,건조,맑음,단일로 - 기타,화물,남,43세,상해없음,화물,남,59세,경상
2018123100100328,2018년 12월 31일 15시,월요일,경상남도 창원시 진해구 경화동,경상사고,0,0,1,0,차대차 - 측면충돌,안전운전불이행,건조,맑음,교차로 - 교차로안,화물,남,48세,기타불명,승용,남,71세,경상
2018123100100330,2018년 12월 31일 15시,월요일,경상남도 남해군 남해읍,경상사고,0,0,1,0,차대차 - 측면충돌,중앙선침범,건조,맑음,단일로 - 기타,이륜,남,78세,경상,승용,남,65세,상해없음
2018123100100331,2018년 12월 31일 15시,월요일,경상남도 창원시 의창구 동읍,경상사고,0,0,3,0,차대차 - 측면충돌,직진우회전진행방해,건조,맑음,교차로 - 교차로안,승용,남,66세,상해없음,승용,남,54세,경상
2018123100100401,2018년 12월 31일 17시,월요일,경상남도 사천시 대방동,경상사고,0,0,5,0,차대차 - 정면충돌,중앙선침범,건조,맑음,단일로 - 기타,승용,남,70세,경상,승용,남,38세,경상
2018123100100402,2018년 12월 31일 17시,월요일,경상남도 거제시 장평동,중상사고,0,1,0,0,차대차 - 기타,교차로운행방법위반,건조,맑음,교차로 - 교차로안,승용,여,41세,상해없음,이륜,남,35세,중상
2018123100100403,2018년 12월 31일 17시,월요일,경상남도 김해시 부곡동,중상사고,0,3,0,0,차대차 - 측면충돌,안전운전불이행,건조,맑음,교차로 - 교차로부근,승용,남,36세,상해없음,승용,남,20세,중상
2018123100100456,2018년 12월 31일 18시,월요일,경상남도 김해시 동상동,중상사고,0,1,0,0,차대차 - 기타,안전운전불이행,건조,맑음,교차로 - 교차로안,승용,남,50세,상해없음,원동기,남,38세,중상
2018123100100457,2018년 12월 31일 18시,월요일,경상남도 김해시 삼계동,경상사고,0,0,1,0,차대차 - 기타,중앙선침범,건조,맑음,단일로 - 기타,승용,남,54세,상해없음,원동기,남,23세,경상
2018123100100458,2018년 12월 31일 18시,월요일,경상남도 양산시 물금읍,사망사고,1,1,0,0,차량단독 - 공작물충돌,안전운전불이행,건조,맑음,교차로 - 교차로안,승용,여,68세,사망,,,,
2018123100100515,2018년 12월 31일 19시,월요일,경상남도 거제시 장평동,경상사고,0,0,1,0,차대차 - 측면충돌,안전운전불이행,건조,맑음,단일로 - 기타,화물,남,41세,상해없음,자전거,남,48세,경상
2018123100100516,2018년 12월 31일 19시,월요일,경상남도 김해시 진례면,중상사고,0,1,0,0,차대사람 - 길가장자리구역통행중,안전운전불이행,건조,맑음,단일로 - 기타,이륜,남,59세,상해없음,보행자,남,59세,중상
2018123100100517,2018년 12월 31일 19시,월요일,경상남도 김해시 부곡동,경상사고,0,0,1,0,차대차 - 측면충돌,안전운전불이행,건조,맑음,교차로 - 교차로부근,승용,여,43세,상해없음,승용,여,51세,경상
2018123100100546,2018년 12월 31일 20시,월요일,경상남도 진주시 초전동,중상사고,0,1,0,0,차대사람 - 기타,안전운전불이행,건조,맑음,주차장 - 주차장,승합,남,66세,상해없음,보행자,남,57세,중상
2018123100100547,2018년 12월 31일 20시,월요일,경상남도 거제시 아양동,경상사고,0,0,5,0,차대차 - 추돌,안전거리미확보,건조,맑음,단일로 - 기타,승용,여,26세,상해없음,승용,여,59세,경상
2018123100100548,2018년 12월 31일 20시,월요일,경상남도 창원시 성산구 남산동,중상사고,0,1,2,0,차대차 - 측면충돌,신호위반,건조,맑음,교차로 - 교차로안,승용,남,30세,상해없음,승용,여,52세,경상
2018123100100579,2018년 12월 31일 21시,월요일,경상남도 김해시 외동,경상사고,0,0,4,0,차대차 - 추돌,안전운전불이행,건조,맑음,교차로 - 교차로안,승용,기타불명,미분류,기타불명,승용,남,41세,경상
2018123100100604,2018년 12월 31일 22시,월요일,경상남도 창원시 마산회원구 석전동,경상사고,0,0,4,0,차대차 - 정면충돌,신호위반,건조,맑음,교차로 - 교차로안,승합,남,45세,상해없음,승용,남,48세,경상
2018123100100632,2018년 12월 31일 23시,월요일,경상남도 창원시 마산합포구 추산동,중상사고,0,1,0,0,차대차 - 기타,안전운전불이행,건조,맑음,교차로 - 교차로안,이륜,남,37세,중상,승용,남,56세,상해없음
2018123100100633,2018년 12월 31일 23시,월요일,경상남도 양산시 평산동,중상사고,0,1,0,0,차대사람 - 기타,안전운전불이행,건조,맑음,교차로 - 교차로부근,승합,남,73세,상해없음,보행자,남,18세,중상